ISO-10303-21;
HEADER;
FILE_DESCRIPTION (( 'STEP AP214' ),
    '1' );
FILE_NAME ('930224100.STEP',
    '2023-10-10T08:08:24',
    ( '' ),
    ( '' ),
    'SwSTEP 2.0',
    'SolidWorks 2023',
    '' );
FILE_SCHEMA (( 'AUTOMOTIVE_DESIGN' ));
ENDSEC;

DATA;
#1 = VECTOR ( 'NONE', #15, 1000.000000000000000 ) ;
#2 = EDGE_LOOP ( 'NONE', ( #2229, #398, #1335, #628 ) ) ;
#3 = CARTESIAN_POINT ( 'NONE',  ( 0.000000000000000000, 9.824999999999999289, 3.500000000000001332 ) ) ;
#4 = CARTESIAN_POINT ( 'NONE',  ( -2.000000000000000000, -0.1250000000000000000, 5.099999999999999645 ) ) ;
#5 = COLOUR_RGB ( '',0.8509803921568627194, 0.8509803921568627194, 0.8509803921568627194 ) ;
#6 = ORIENTED_EDGE ( 'NONE', *, *, #1164, .F. ) ;
#7 = PLANE ( 'NONE',  #2571 ) ;
#8 = CARTESIAN_POINT ( 'NONE',  ( -0.3745964195050000001, 0.3750000000000000000, 2.265503032419000196 ) ) ;
#9 = FILL_AREA_STYLE_COLOUR ( '', #2867 ) ;
#10 = AXIS2_PLACEMENT_3D ( 'NONE', #375, #2696, #405 ) ;
#11 = ORIENTED_EDGE ( 'NONE', *, *, #1013, .T. ) ;
#12 = DIRECTION ( 'NONE',  ( 0.000000000000000000, -1.000000000000000000, 2.220446049250000002E-16 ) ) ;
#13 = ADVANCED_FACE ( 'NONE', ( #989 ), #1919, .T. ) ;
#14 = STYLED_ITEM ( 'NONE', ( #2883 ), #2188 ) ;
#15 = DIRECTION ( 'NONE',  ( -1.000000000000000000, -0.000000000000000000, 0.000000000000000000 ) ) ;
#16 = DIRECTION ( 'NONE',  ( 0.000000000000000000, 0.000000000000000000, 1.000000000000000000 ) ) ;
#17 = FILL_AREA_STYLE ('',( #2482 ) ) ;
#18 = EDGE_CURVE ( 'NONE', #2841, #2776, #1762, .T. ) ;
#19 = ORIENTED_EDGE ( 'NONE', *, *, #18, .F. ) ;
#20 = DIRECTION ( 'NONE',  ( -0.000000000000000000, -1.000000000000000000, 2.220446049250000002E-16 ) ) ;
#21 = CYLINDRICAL_SURFACE ( 'NONE', #2955, 0.7000000000000000666 ) ;
#22 = ORIENTED_EDGE ( 'NONE', *, *, #1655, .F. ) ;
#23 = DIRECTION ( 'NONE',  ( -0.000000000000000000, 1.000000000000000000, 0.000000000000000000 ) ) ;
#24 = FACE_OUTER_BOUND ( 'NONE', #2572, .T. ) ;
#25 = CARTESIAN_POINT ( 'NONE',  ( 0.8000000000000000444, 0.1749999999999998779, 5.799999999999999822 ) ) ;
#26 = VERTEX_POINT ( 'NONE', #2221 ) ;
#27 = CARTESIAN_POINT ( 'NONE',  ( -0.7999999999999990452, 9.493325174182722037, 2.353987346023198590 ) ) ;
#28 = DIRECTION ( 'NONE',  ( 0.000000000000000000, 0.000000000000000000, 1.000000000000000000 ) ) ;
#29 = DIRECTION ( 'NONE',  ( -0.000000000000000000, -1.000000000000000000, 0.000000000000000000 ) ) ;
#30 = EDGE_CURVE ( 'NONE', #1305, #1302, #1518, .T. ) ;
#31 = SURFACE_STYLE_USAGE ( .BOTH. , #1414 ) ;
#32 = DIRECTION ( 'NONE',  ( 2.057993888112999983E-33, 1.000000000000000000, -2.198480045797000147E-16 ) ) ;
#33 = CARTESIAN_POINT ( 'NONE',  ( -0.8000000000000000444, 10.02500000000000036, 5.799999999999999822 ) ) ;
#34 = EDGE_CURVE ( 'NONE', #467, #2022, #1009, .T. ) ;
#35 = UNCERTAINTY_MEASURE_WITH_UNIT (LENGTH_MEASURE( 1.000000000000000082E-05 ), #97, 'distance_accuracy_value', 'NONE');
#36 = EDGE_LOOP ( 'NONE', ( #1802, #2095, #2892, #834 ) ) ;
#37 = DIRECTION ( 'NONE',  ( -1.000000000000000000, -0.000000000000000000, 0.000000000000000000 ) ) ;
#38 = CARTESIAN_POINT ( 'NONE',  ( 0.8000000000000000444, 0.1749999999999999889, 0.000000000000000000 ) ) ;
#39 = EDGE_LOOP ( 'NONE', ( #2630, #956, #1480, #1751, #2239, #1664 ) ) ;
#40 = MECHANICAL_DESIGN_GEOMETRIC_PRESENTATION_REPRESENTATION (  '', ( #937 ), #551 ) ;
#41 = CARTESIAN_POINT ( 'NONE',  ( 3.081498775692000181E-18, 0.1250000000000000000, -1.601916297467000039 ) ) ;
#42 = FACE_OUTER_BOUND ( 'NONE', #2017, .T. ) ;
#43 = MECHANICAL_DESIGN_GEOMETRIC_PRESENTATION_REPRESENTATION (  '', ( #2739 ), #2004 ) ;
#44 = SURFACE_STYLE_USAGE ( .BOTH. , #900 ) ;
#45 = CARTESIAN_POINT ( 'NONE',  ( -2.000000000000001332, -0.02500000000000000486, 5.510050506338832754 ) ) ;
#46 = EDGE_LOOP ( 'NONE', ( #1849, #411, #538, #1950 ) ) ;
#47 = DIRECTION ( 'NONE',  ( -0.000000000000000000, -0.000000000000000000, 1.000000000000000000 ) ) ;
#48 = DIRECTION ( 'NONE',  ( 0.000000000000000000, 0.000000000000000000, -1.000000000000000000 ) ) ;
#49 = EDGE_CURVE ( 'NONE', #1510, #1401, #556, .T. ) ;
#50 =( GEOMETRIC_REPRESENTATION_CONTEXT ( 3 ) GLOBAL_UNCERTAINTY_ASSIGNED_CONTEXT ( ( #803 ) ) GLOBAL_UNIT_ASSIGNED_CONTEXT ( ( #2055, #861, #2075 ) ) REPRESENTATION_CONTEXT ( 'NONE', 'WORKASPACE' ) );
#51 = ORIENTED_EDGE ( 'NONE', *, *, #1643, .F. ) ;
#52 = CARTESIAN_POINT ( 'NONE',  ( -0.7999999999999906075, 10.12500000000000000, 4.524695076595968146 ) ) ;
#53 = LINE ( 'NONE', #1650, #415 ) ;
#54 = ADVANCED_FACE ( 'NONE', ( #1025 ), #2201, .T. ) ;
#55 = FACE_OUTER_BOUND ( 'NONE', #2046, .T. ) ;
#56 = ORIENTED_EDGE ( 'NONE', *, *, #575, .F. ) ;
#57 = AXIS2_PLACEMENT_3D ( 'NONE', #333, #1443, #740 ) ;
#58 = SURFACE_STYLE_USAGE ( .BOTH. , #245 ) ;
#59 = COLOUR_RGB ( '',0.8509803921568627194, 0.8509803921568627194, 0.8509803921568627194 ) ;
#60 = CARTESIAN_POINT ( 'NONE',  ( -1.900000000000000355, -0.1250000000000000000, 5.451471862576139138 ) ) ;
#61 = AXIS2_PLACEMENT_3D ( 'NONE', #1181, #67, #745 ) ;
#62 = ORIENTED_EDGE ( 'NONE', *, *, #2320, .T. ) ;
#63 = STYLED_ITEM ( 'NONE', ( #2144 ), #2650 ) ;
#64 = FACE_OUTER_BOUND ( 'NONE', #1284, .T. ) ;
#65 = CARTESIAN_POINT ( 'NONE',  ( -1.899999999999999911, 10.12500000000000000, 0.000000000000000000 ) ) ;
#66 = ORIENTED_EDGE ( 'NONE', *, *, #1072, .F. ) ;
#67 = DIRECTION ( 'NONE',  ( -1.000000000000000000, -0.000000000000000000, -0.000000000000000000 ) ) ;
#68 = CARTESIAN_POINT ( 'NONE',  ( 0.000000000000000000, 9.625000000000000000, 2.499999999999997780 ) ) ;
#69 = VERTEX_POINT ( 'NONE', #2684 ) ;
#70 = EDGE_CURVE ( 'NONE', #1272, #2542, #1236, .T. ) ;
#71 = CARTESIAN_POINT ( 'NONE',  ( 0.6300000000000000044, 0.3750000000000000000, 2.723404867385999850 ) ) ;
#72 = CARTESIAN_POINT ( 'NONE',  ( 0.1275948120979999989, 9.625000000000000000, 2.207538153025999872 ) ) ;
#73 = LINE ( 'NONE', #2608, #288 ) ;
#74 = DIRECTION ( 'NONE',  ( 0.000000000000000000, -0.000000000000000000, 1.000000000000000000 ) ) ;
#75 = EDGE_LOOP ( 'NONE', ( #1523, #438, #2274, #2030, #760, #180, #598, #2097, #2040 ) ) ;
#76 = CARTESIAN_POINT ( 'NONE',  ( 0.3070756115028229760, 0.8750000000000001110, 2.090468966049847221 ) ) ;
#77 = VERTEX_POINT ( 'NONE', #131 ) ;
#78 = CARTESIAN_POINT ( 'NONE',  ( -0.4844008542910230308, 9.825000000000001066, 1.331144872769877807 ) ) ;
#79 = CARTESIAN_POINT ( 'NONE',  ( 0.000000000000000000, 0.1749999999999998224, 3.500000000000003553 ) ) ;
#80 = DIRECTION ( 'NONE',  ( -1.000000000000000000, -0.000000000000000000, -0.000000000000000000 ) ) ;
#81 = ORIENTED_EDGE ( 'NONE', *, *, #2726, .T. ) ;
#82 = EDGE_LOOP ( 'NONE', ( #356, #2725, #2032, #2451, #62 ) ) ;
#83 = EDGE_CURVE ( 'NONE', #305, #77, #591, .T. ) ;
#84 = CARTESIAN_POINT ( 'NONE',  ( -2.000000000000000888, -0.02500000000000000139, 5.099999999999998757 ) ) ;
#85 = ADVANCED_FACE ( 'NONE', ( #2447 ), #1995, .F. ) ;
#86 = ORIENTED_EDGE ( 'NONE', *, *, #170, .T. ) ;
#87 =( LENGTH_UNIT ( ) NAMED_UNIT ( * ) SI_UNIT ( .MILLI., .METRE. ) );
#88 = ORIENTED_EDGE ( 'NONE', *, *, #988, .T. ) ;
#89 = CARTESIAN_POINT ( 'NONE',  ( 1.300000000000000266, -0.02500000000000010200, 5.799999999999999822 ) ) ;
#90 = CARTESIAN_POINT ( 'NONE',  ( -0.7874999999999999778, 9.625000000000000000, 2.529256084232000212 ) ) ;
#91 = COLOUR_RGB ( '',0.8509803921568627194, 0.8509803921568627194, 0.8509803921568627194 ) ;
#92 = VERTEX_POINT ( 'NONE', #2171 ) ;
#93 = DIRECTION ( 'NONE',  ( 2.409338161078894743E-16, 1.000000000000000000, 5.782411586589347778E-15 ) ) ;
#94 = FACE_OUTER_BOUND ( 'NONE', #1159, .T. ) ;
#95 =( NAMED_UNIT ( * ) PLANE_ANGLE_UNIT ( ) SI_UNIT ( $, .RADIAN. ) );
#96 = VECTOR ( 'NONE', #2793, 1000.000000000000227 ) ;
#97 =( LENGTH_UNIT ( ) NAMED_UNIT ( * ) SI_UNIT ( .MILLI., .METRE. ) );
#98 = EDGE_CURVE ( 'NONE', #2542, #492, #1546, .T. ) ;
#99 = AXIS2_PLACEMENT_3D ( 'NONE', #1205, #303, #2186 ) ;
#100 = CARTESIAN_POINT ( 'NONE',  ( -1.881569429028888241, 10.12500000000000000, 5.248956466956417266 ) ) ;
#101 = VECTOR ( 'NONE', #2975, 1000.000000000000000 ) ;
#102 = ADVANCED_FACE ( 'NONE', ( #187 ), #173, .F. ) ;
#103 = DIRECTION ( 'NONE',  ( -1.000000000000000000, 0.000000000000000000, 0.000000000000000000 ) ) ;
#104 = CARTESIAN_POINT ( 'NONE',  ( -0.8081255271607358237, 0.4649494936613091656, 2.481700863031307769 ) ) ;
#105 = CARTESIAN_POINT ( 'NONE',  ( 0.000000000000000000, 10.12500000000000000, 3.500000000000000888 ) ) ;
#106 = VECTOR ( 'NONE', #426, 1000.000000000000000 ) ;
#107 = ORIENTED_EDGE ( 'NONE', *, *, #2856, .F. ) ;
#108 = AXIS2_PLACEMENT_3D ( 'NONE', #1532, #1334, #2039 ) ;
#109 = CARTESIAN_POINT ( 'NONE',  ( -1.243270041785555557, 9.824999999999999289, 1.933385943125329520 ) ) ;
#110 = DIRECTION ( 'NONE',  ( 1.000000000000000000, -2.057993888112999983E-33, 4.524458497388614551E-49 ) ) ;
#111 = DIRECTION ( 'NONE',  ( 0.000000000000000000, 0.000000000000000000, -1.000000000000000000 ) ) ;
#112 =( GEOMETRIC_REPRESENTATION_CONTEXT ( 3 ) GLOBAL_UNCERTAINTY_ASSIGNED_CONTEXT ( ( #2083 ) ) GLOBAL_UNIT_ASSIGNED_CONTEXT ( ( #981, #329, #1724 ) ) REPRESENTATION_CONTEXT ( 'NONE', 'WORKASPACE' ) );
#113 = ORIENTED_EDGE ( 'NONE', *, *, #630, .F. ) ;
#114 =( NAMED_UNIT ( * ) PLANE_ANGLE_UNIT ( ) SI_UNIT ( $, .RADIAN. ) );
#115 = DIRECTION ( 'NONE',  ( 1.000000000000000000, 0.000000000000000000, -0.000000000000000000 ) ) ;
#116 = CARTESIAN_POINT ( 'NONE',  ( 2.000000000000000000, 10.02500000000000036, 5.099999999999998757 ) ) ;
#117 = CARTESIAN_POINT ( 'NONE',  ( 0.8000000000000000444, 10.12500000000000000, 5.700000000000000178 ) ) ;
#118 = LINE ( 'NONE', #604, #2371 ) ;
#119 = EDGE_CURVE ( 'NONE', #718, #1265, #1985, .T. ) ;
#120 = ORIENTED_EDGE ( 'NONE', *, *, #2671, .T. ) ;
#121 = ORIENTED_EDGE ( 'NONE', *, *, #847, .F. ) ;
#122 = CARTESIAN_POINT ( 'NONE',  ( 1.000000000000000000, -0.1250000000000000278, 0.5000000000000000000 ) ) ;
#123 = CARTESIAN_POINT ( 'NONE',  ( 0.8000000000000013767, 9.824999999999915801, 1.865211338898892457 ) ) ;
#124 = UNCERTAINTY_MEASURE_WITH_UNIT (LENGTH_MEASURE( 1.000000000000000082E-05 ), #2296, 'distance_accuracy_value', 'NONE');
#125 = ORIENTED_EDGE ( 'NONE', *, *, #98, .T. ) ;
#126 = DIRECTION ( 'NONE',  ( 0.000000000000000000, 0.000000000000000000, -1.000000000000000000 ) ) ;
#127 = SURFACE_STYLE_FILL_AREA ( #2198 ) ;
#128 = CARTESIAN_POINT ( 'NONE',  ( 5.096581107012000862E-34, 0.1250000000000000000, -4.900000000000000355 ) ) ;
#129 = DIRECTION ( 'NONE',  ( 0.000000000000000000, 0.000000000000000000, 1.000000000000000000 ) ) ;
#130 = DIRECTION ( 'NONE',  ( 0.000000000000000000, -2.168404344971008868E-16, -1.000000000000000000 ) ) ;
#131 = CARTESIAN_POINT ( 'NONE',  ( -0.5999999999999999778, 10.12500000000000000, -4.900000000000000355 ) ) ;
#132 = FILL_AREA_STYLE ('',( #2202 ) ) ;
#133 = LINE ( 'NONE', #621, #1675 ) ;
#134 = ORIENTED_EDGE ( 'NONE', *, *, #1342, .T. ) ;
#135 = ORIENTED_EDGE ( 'NONE', *, *, #461, .T. ) ;
#136 = EDGE_CURVE ( 'NONE', #1265, #2509, #435, .T. ) ;
#137 =( NAMED_UNIT ( * ) PLANE_ANGLE_UNIT ( ) SI_UNIT ( $, .RADIAN. ) );
#138 = ORIENTED_EDGE ( 'NONE', *, *, #298, .F. ) ;
#139 = LINE ( 'NONE', #2257, #2478 ) ;
#140 = EDGE_CURVE ( 'NONE', #345, #2528, #1248, .T. ) ;
#141 = CARTESIAN_POINT ( 'NONE',  ( 0.7874999999999999778, 9.625000000000000000, 2.529256084232000212 ) ) ;
#142 = VECTOR ( 'NONE', #905, 1000.000000000000000 ) ;
#143 = FILL_AREA_STYLE_COLOUR ( '', #2024 ) ;
#144 = CARTESIAN_POINT ( 'NONE',  ( 1.651471862576142868, 10.12500000000000000, 5.700000000000000178 ) ) ;
#145 = VECTOR ( 'NONE', #1943, 1000.000000000000000 ) ;
#146 = CIRCLE ( 'NONE', #99, 0.4499999999999999001 ) ;
#147 = DIRECTION ( 'NONE',  ( 1.000000000000000000, 0.000000000000000000, 0.000000000000000000 ) ) ;
#148 =( NAMED_UNIT ( * ) SI_UNIT ( $, .STERADIAN. ) SOLID_ANGLE_UNIT ( ) );
#149 = VECTOR ( 'NONE', #971, 1000.000000000000000 ) ;
#150 = VERTEX_POINT ( 'NONE', #1794 ) ;
#151 = ORIENTED_EDGE ( 'NONE', *, *, #2401, .T. ) ;
#152 = AXIS2_PLACEMENT_3D ( 'NONE', #1246, #2398, #314 ) ;
#153 =( LENGTH_UNIT ( ) NAMED_UNIT ( * ) SI_UNIT ( .MILLI., .METRE. ) );
#154 = CIRCLE ( 'NONE', #1828, 0.5999999999999998668 ) ;
#155 = ORIENTED_EDGE ( 'NONE', *, *, #788, .F. ) ;
#156 = FACE_OUTER_BOUND ( 'NONE', #2643, .T. ) ;
#157 = CARTESIAN_POINT ( 'NONE',  ( -0.5999999999999999778, 9.954211545173999198, 2.211202860767000011 ) ) ;
#158 = ADVANCED_FACE ( 'NONE', ( #2074 ), #2006, .F. ) ;
#159 = CARTESIAN_POINT ( 'NONE',  ( -1.300000000000000266, -0.02499999999999999792, 5.099999999999999645 ) ) ;
#160 = DIRECTION ( 'NONE',  ( 0.000000000000000000, -1.000000000000000000, -0.000000000000000000 ) ) ;
#161 = FACE_OUTER_BOUND ( 'NONE', #2599, .T. ) ;
#162 = FACE_OUTER_BOUND ( 'NONE', #2180, .T. ) ;
#163 = ORIENTED_EDGE ( 'NONE', *, *, #739, .F. ) ;
#164 = ORIENTED_EDGE ( 'NONE', *, *, #2835, .T. ) ;
#165 = LINE ( 'NONE', #1030, #559 ) ;
#166 = ORIENTED_EDGE ( 'NONE', *, *, #2877, .F. ) ;
#167 = CARTESIAN_POINT ( 'NONE',  ( -0.5999999999999999778, -0.1249999999999999445, -4.900000000000000355 ) ) ;
#168 = CARTESIAN_POINT ( 'NONE',  ( 0.8000000000000000444, 0.8750000000000003331, 2.475304923404021640 ) ) ;
#169 = LINE ( 'NONE', #183, #341 ) ;
#170 = EDGE_CURVE ( 'NONE', #1421, #345, #665, .T. ) ;
#171 = DIRECTION ( 'NONE',  ( 0.000000000000000000, 0.000000000000000000, -1.000000000000000000 ) ) ;
#172 = MANIFOLD_SOLID_BREP ( 'Imported1', #919 ) ;
#173 = CYLINDRICAL_SURFACE ( 'NONE', #1163, 0.2000000000000000944 ) ;
#174 = EDGE_CURVE ( 'NONE', #2586, #908, #2404, .T. ) ;
#175 = DIRECTION ( 'NONE',  ( 0.000000000000000000, 0.000000000000000000, -1.000000000000000000 ) ) ;
#176 = SURFACE_STYLE_FILL_AREA ( #1763 ) ;
#177 = ORIENTED_EDGE ( 'NONE', *, *, #317, .F. ) ;
#178 = DIRECTION ( 'NONE',  ( 0.000000000000000000, -0.000000000000000000, 1.000000000000000000 ) ) ;
#179 = COLOUR_RGB ( '',0.8509803921568627194, 0.8509803921568627194, 0.8509803921568627194 ) ;
#180 = ORIENTED_EDGE ( 'NONE', *, *, #2782, .T. ) ;
#181 = CARTESIAN_POINT ( 'NONE',  ( -0.8000000000000000444, 0.1749999999999999889, 0.000000000000000000 ) ) ;
#182 =( NAMED_UNIT ( * ) PLANE_ANGLE_UNIT ( ) SI_UNIT ( $, .RADIAN. ) );
#183 = CARTESIAN_POINT ( 'NONE',  ( 2.000000000000000000, 10.12500000000000000, 0.000000000000000000 ) ) ;
#184 = CARTESIAN_POINT ( 'NONE',  ( 0.5999999999999999778, 9.900000000000000355, 2.439711431702999977 ) ) ;
#185 = AXIS2_PLACEMENT_3D ( 'NONE', #2927, #845, #1735 ) ;
#186 = CARTESIAN_POINT ( 'NONE',  ( 1.899999999999999689, 10.12500000000000000, 5.176475444790588298 ) ) ;
#187 = FACE_OUTER_BOUND ( 'NONE', #532, .T. ) ;
#188 = MECHANICAL_DESIGN_GEOMETRIC_PRESENTATION_REPRESENTATION (  '', ( #1967 ), #2808 ) ;
#189 = EDGE_CURVE ( 'NONE', #2956, #424, #1909, .T. ) ;
#190 = COLOUR_RGB ( '',0.8509803921568627194, 0.8509803921568627194, 0.8509803921568627194 ) ;
#191 = ORIENTED_EDGE ( 'NONE', *, *, #742, .T. ) ;
#192 = SURFACE_SIDE_STYLE ('',( #877 ) ) ;
#193 =( NAMED_UNIT ( * ) SI_UNIT ( $, .STERADIAN. ) SOLID_ANGLE_UNIT ( ) );
#194 = ORIENTED_EDGE ( 'NONE', *, *, #1132, .T. ) ;
#195 = STYLED_ITEM ( 'NONE', ( #2262 ), #1980 ) ;
#196 = DIRECTION ( 'NONE',  ( -1.000000000000000000, -0.000000000000000000, -0.000000000000000000 ) ) ;
#197 =( NAMED_UNIT ( * ) SI_UNIT ( $, .STERADIAN. ) SOLID_ANGLE_UNIT ( ) );
#198 = SURFACE_STYLE_FILL_AREA ( #2984 ) ;
#199 = ORIENTED_EDGE ( 'NONE', *, *, #312, .F. ) ;
#200 = CARTESIAN_POINT ( 'NONE',  ( 1.899999999999999911, 10.02500000000000036, 5.099999999999999645 ) ) ;
#201 = CARTESIAN_POINT ( 'NONE',  ( 1.665881519114335241, 10.12500000000000355, 5.582541919949067122 ) ) ;
#202 = CIRCLE ( 'NONE', #1116, 0.7000000000000000666 ) ;
#203 = CARTESIAN_POINT ( 'NONE',  ( -0.5999999999999999778, 0.2250000000000000333, 2.223205080756999852 ) ) ;
#204 = MECHANICAL_DESIGN_GEOMETRIC_PRESENTATION_REPRESENTATION (  '', ( #962 ), #1885 ) ;
#205 = PRODUCT ( '930224100', '930224100', '', ( #851 ) ) ;
#206 =( NAMED_UNIT ( * ) SI_UNIT ( $, .STERADIAN. ) SOLID_ANGLE_UNIT ( ) );
#207 = ORIENTED_EDGE ( 'NONE', *, *, #1746, .F. ) ;
#208 = CARTESIAN_POINT ( 'NONE',  ( -0.8000000000000000444, 9.824999999999999289, 0.000000000000000000 ) ) ;
#209 = EDGE_CURVE ( 'NONE', #1599, #2949, #2624, .T. ) ;
#210 = ORIENTED_EDGE ( 'NONE', *, *, #831, .F. ) ;
#211 = CARTESIAN_POINT ( 'NONE',  ( -0.8000000000000000444, 9.824999999999999289, 0.000000000000000000 ) ) ;
#212 = ADVANCED_FACE ( 'NONE', ( #247 ), #481, .T. ) ;
#213 = CARTESIAN_POINT ( 'NONE',  ( 0.000000000000000000, 9.625000000000000000, 3.499999999999997780 ) ) ;
#214 = ORIENTED_EDGE ( 'NONE', *, *, #552, .T. ) ;
#215 = CARTESIAN_POINT ( 'NONE',  ( 1.885957660212485898, 10.12500000000000000, 5.250094386702962801 ) ) ;
#216 = CARTESIAN_POINT ( 'NONE',  ( -0.2823831450787636643, 9.825000000000002842, 1.441063205954954629 ) ) ;
#217 = PRESENTATION_STYLE_ASSIGNMENT (( #2992 ) ) ;
#218 = ORIENTED_EDGE ( 'NONE', *, *, #2381, .F. ) ;
#219 = LINE ( 'NONE', #2313, #142 ) ;
#220 = DIRECTION ( 'NONE',  ( -0.000000000000000000, -1.000000000000000000, 2.220446049250000002E-16 ) ) ;
#221 = ORIENTED_EDGE ( 'NONE', *, *, #418, .T. ) ;
#222 = CARTESIAN_POINT ( 'NONE',  ( 2.000000000000000000, 10.12500000000000000, 5.099999999999999645 ) ) ;
#223 = PRESENTATION_LAYER_ASSIGNMENT (  '', '', ( #937 ) ) ;
#224 = FILL_AREA_STYLE_COLOUR ( '', #1182 ) ;
#225 = DIRECTION ( 'NONE',  ( -0.000000000000000000, 1.000000000000000000, 0.000000000000000000 ) ) ;
#226 = VERTEX_POINT ( 'NONE', #2850 ) ;
#227 = EDGE_CURVE ( 'NONE', #2260, #1969, #2342, .T. ) ;
#228 =( NAMED_UNIT ( * ) PLANE_ANGLE_UNIT ( ) SI_UNIT ( $, .RADIAN. ) );
#229 = CARTESIAN_POINT ( 'NONE',  ( 0.000000000000000000, 9.824999999999999289, 4.800000000000001599 ) ) ;
#230 = CARTESIAN_POINT ( 'NONE',  ( 0.5999999999999999778, 9.900000000000000355, 2.439711431702999977 ) ) ;
#231 = CIRCLE ( 'NONE', #2165, 0.1000000000000002554 ) ;
#232 = SURFACE_SIDE_STYLE ('',( #1369 ) ) ;
#233 = DIRECTION ( 'NONE',  ( -0.000000000000000000, -1.000000000000000000, 2.220446049250000002E-16 ) ) ;
#234 = ORIENTED_EDGE ( 'NONE', *, *, #2130, .F. ) ;
#235 = CARTESIAN_POINT ( 'NONE',  ( -2.000000000000000000, 10.02500000000000213, 5.510050506338832754 ) ) ;
#236 = UNCERTAINTY_MEASURE_WITH_UNIT (LENGTH_MEASURE( 1.000000000000000082E-05 ), #2118, 'distance_accuracy_value', 'NONE');
#237 = EDGE_LOOP ( 'NONE', ( #2005, #1463, #2300, #367, #113, #1049 ) ) ;
#238 = SURFACE_STYLE_FILL_AREA ( #2971 ) ;
#239 = VECTOR ( 'NONE', #2686, 1000.000000000000000 ) ;
#240 = FILL_AREA_STYLE ('',( #224 ) ) ;
#241 = DIRECTION ( 'NONE',  ( -8.881784197001254296E-16, 0.000000000000000000, 1.000000000000000000 ) ) ;
#242 = COLOUR_RGB ( '',0.8509803921568627194, 0.8509803921568627194, 0.8509803921568627194 ) ;
#243 = ORIENTED_EDGE ( 'NONE', *, *, #1253, .F. ) ;
#244 = AXIS2_PLACEMENT_3D ( 'NONE', #1468, #2848, #533 ) ;
#245 = SURFACE_SIDE_STYLE ('',( #519 ) ) ;
#246 = ADVANCED_FACE ( 'NONE', ( #94 ), #2429, .T. ) ;
#247 = FACE_OUTER_BOUND ( 'NONE', #1900, .T. ) ;
#248 = CARTESIAN_POINT ( 'NONE',  ( 0.4787740266520000287, 0.3750000000000000000, 2.600725289304000043 ) ) ;
#249 = EDGE_CURVE ( 'NONE', #92, #817, #1973, .T. ) ;
#250 = VERTEX_POINT ( 'NONE', #1514 ) ;
#251 = FACE_OUTER_BOUND ( 'NONE', #1613, .T. ) ;
#252 = COLOUR_RGB ( '',0.8509803921568627194, 0.8509803921568627194, 0.8509803921568627194 ) ;
#253 = ORIENTED_EDGE ( 'NONE', *, *, #259, .T. ) ;
#254 = DIRECTION ( 'NONE',  ( -1.000000000000000000, -0.000000000000000000, -0.000000000000000000 ) ) ;
#255 = CARTESIAN_POINT ( 'NONE',  ( -0.8000000000000000444, 5.000000000000000000, 5.799999999999999822 ) ) ;
#256 = ORIENTED_EDGE ( 'NONE', *, *, #136, .F. ) ;
#257 = CARTESIAN_POINT ( 'NONE',  ( -0.7874999999999999778, 9.625000000000000000, 2.529256084232000212 ) ) ;
#258 = CARTESIAN_POINT ( 'NONE',  ( 0.4285714285710000016, 9.900000000000000355, 2.439711431702999977 ) ) ;
#259 = EDGE_CURVE ( 'NONE', #467, #1376, #1278, .T. ) ;
#260 = CARTESIAN_POINT ( 'NONE',  ( -0.5999999999999999778, -0.1250000000000000000, -4.900000000000000355 ) ) ;
#261 = CARTESIAN_POINT ( 'NONE',  ( -1.300000000000000044, -0.1250000000000005274, 5.758578643762691129 ) ) ;
#262 = EDGE_CURVE ( 'NONE', #1891, #1509, #1139, .T. ) ;
#263 = ORIENTED_EDGE ( 'NONE', *, *, #1488, .T. ) ;
#264 = DIRECTION ( 'NONE',  ( 0.000000000000000000, 0.000000000000000000, -1.000000000000000000 ) ) ;
#265 = CARTESIAN_POINT ( 'NONE',  ( 0.8000000000000000444, 10.12500000000000000, 5.700000000000000178 ) ) ;
#266 = UNCERTAINTY_MEASURE_WITH_UNIT (LENGTH_MEASURE( 1.000000000000000082E-05 ), #1941, 'distance_accuracy_value', 'NONE');
#267 = ORIENTED_EDGE ( 'NONE', *, *, #1598, .T. ) ;
#268 = CARTESIAN_POINT ( 'NONE',  ( 0.3148605552892135839, 9.124999999999998224, 2.090244167300203681 ) ) ;
#269 = CARTESIAN_POINT ( 'NONE',  ( 0.8000000000000000444, 10.12500000000000000, 2.475304923404020307 ) ) ;
#270 = LINE ( 'NONE', #1184, #1065 ) ;
#271 = ORIENTED_EDGE ( 'NONE', *, *, #2108, .F. ) ;
#272 = PRESENTATION_STYLE_ASSIGNMENT (( #58 ) ) ;
#273 = CARTESIAN_POINT ( 'NONE',  ( -0.1020758496790000053, 9.625000000000000000, 2.466030522420000093 ) ) ;
#274 = CARTESIAN_POINT ( 'NONE',  ( 1.685786437626905165, -0.1249999999999999167, 5.758578643762690241 ) ) ;
#275 = ORIENTED_EDGE ( 'NONE', *, *, #920, .F. ) ;
#276 = CIRCLE ( 'NONE', #1962, 0.09999999999999982514 ) ;
#277 = LINE ( 'NONE', #507, #1624 ) ;
#278 = CYLINDRICAL_SURFACE ( 'NONE', #1384, 0.1000000000000000472 ) ;
#279 = ADVANCED_FACE ( 'NONE', ( #600 ), #2459, .F. ) ;
#280 =( GEOMETRIC_REPRESENTATION_CONTEXT ( 3 ) GLOBAL_UNCERTAINTY_ASSIGNED_CONTEXT ( ( #124 ) ) GLOBAL_UNIT_ASSIGNED_CONTEXT ( ( #2296, #2733, #206 ) ) REPRESENTATION_CONTEXT ( 'NONE', 'WORKASPACE' ) );
#281 = ORIENTED_EDGE ( 'NONE', *, *, #2824, .F. ) ;
#282 = CARTESIAN_POINT ( 'NONE',  ( 0.7999999999999906075, 10.12500000000000000, 4.524695076595968146 ) ) ;
#283 = LINE ( 'NONE', #2620, #658 ) ;
#284 = VECTOR ( 'NONE', #469, 1000.000000000000227 ) ;
#285 = DIRECTION ( 'NONE',  ( -0.000000000000000000, -1.000000000000000000, 2.220446049250000002E-16 ) ) ;
#286 = EDGE_CURVE ( 'NONE', #1303, #580, #1755, .T. ) ;
#287 = ORIENTED_EDGE ( 'NONE', *, *, #1993, .T. ) ;
#288 = VECTOR ( 'NONE', #974, 1000.000000000000000 ) ;
#289 = CARTESIAN_POINT ( 'NONE',  ( -0.8000000000000000444, 9.125000000000000000, 2.475304923404020752 ) ) ;
#290 = CIRCLE ( 'NONE', #1679, 0.1000000000000002554 ) ;
#291 = AXIS2_PLACEMENT_3D ( 'NONE', #791, #765, #93 ) ;
#292 = CARTESIAN_POINT ( 'NONE',  ( -1.958578643762690863, -0.1250000000000005274, 5.099999999999997868 ) ) ;
#293 = EDGE_LOOP ( 'NONE', ( #125, #326, #1353, #1817, #1831 ) ) ;
#294 = DIRECTION ( 'NONE',  ( -0.000000000000000000, -0.000000000000000000, -1.000000000000000000 ) ) ;
#295 = SURFACE_STYLE_FILL_AREA ( #2174 ) ;
#296 = ORIENTED_EDGE ( 'NONE', *, *, #2903, .F. ) ;
#297 = LINE ( 'NONE', #2349, #1490 ) ;
#298 = EDGE_CURVE ( 'NONE', #1376, #2659, #434, .T. ) ;
#299 = DIRECTION ( 'NONE',  ( 0.000000000000000000, 0.000000000000000000, -1.000000000000000000 ) ) ;
#300 = CARTESIAN_POINT ( 'NONE',  ( -1.000000000000000000, -0.1250000000000001110, 0.5000000000000000000 ) ) ;
#301 = ORIENTED_EDGE ( 'NONE', *, *, #98, .F. ) ;
#302 = EDGE_CURVE ( 'NONE', #2509, #1209, #750, .T. ) ;
#303 = DIRECTION ( 'NONE',  ( 1.000000000000000000, 0.000000000000000000, 0.000000000000000000 ) ) ;
#304 = CARTESIAN_POINT ( 'NONE',  ( -2.000000000000000888, -0.08357864376269093232, 5.099999999999997868 ) ) ;
#305 = VERTEX_POINT ( 'NONE', #2500 ) ;
#306 = LINE ( 'NONE', #2406, #613 ) ;
#307 =( NAMED_UNIT ( * ) PLANE_ANGLE_UNIT ( ) SI_UNIT ( $, .RADIAN. ) );
#308 = ORIENTED_EDGE ( 'NONE', *, *, #1996, .F. ) ;
#309 = CARTESIAN_POINT ( 'NONE',  ( 0.000000000000000000, 0.3749999999999997780, 2.500000000000000000 ) ) ;
#310 = DIRECTION ( 'NONE',  ( 0.000000000000000000, -0.000000000000000000, 1.000000000000000000 ) ) ;
#311 = SURFACE_STYLE_FILL_AREA ( #1212 ) ;
#312 = EDGE_CURVE ( 'NONE', #2659, #2710, #413, .T. ) ;
#313 = VERTEX_POINT ( 'NONE', #2665 ) ;
#314 = DIRECTION ( 'NONE',  ( 0.000000000000000000, 0.000000000000000000, -1.000000000000000000 ) ) ;
#315 = SURFACE_STYLE_FILL_AREA ( #1930 ) ;
#316 = DIRECTION ( 'NONE',  ( 0.000000000000000000, -1.000000000000000000, 2.220446049250000002E-16 ) ) ;
#317 = EDGE_CURVE ( 'NONE', #1265, #2816, #586, .T. ) ;
#318 = COLOUR_RGB ( '',0.8509803921568627194, 0.8509803921568627194, 0.8509803921568627194 ) ;
#319 = LINE ( 'NONE', #2139, #572 ) ;
#320 = AXIS2_PLACEMENT_3D ( 'NONE', #389, #839, #868 ) ;
#321 = CARTESIAN_POINT ( 'NONE',  ( 0.8000000000000000444, 9.824999999999999289, 0.5000000000000000000 ) ) ;
#322 =( GEOMETRIC_REPRESENTATION_CONTEXT ( 3 ) GLOBAL_UNCERTAINTY_ASSIGNED_CONTEXT ( ( #2692 ) ) GLOBAL_UNIT_ASSIGNED_CONTEXT ( ( #1170, #544, #996 ) ) REPRESENTATION_CONTEXT ( 'NONE', 'WORKASPACE' ) );
#323 = DIRECTION ( 'NONE',  ( 0.000000000000000000, 0.000000000000000000, 1.000000000000000000 ) ) ;
#324 = CARTESIAN_POINT ( 'NONE',  ( 0.000000000000000000, 0.1749999999999998224, 3.500000000000003553 ) ) ;
#325 = CARTESIAN_POINT ( 'NONE',  ( -0.5999999999999998668, 0.2250000000000242917, 2.223205080756957219 ) ) ;
#326 = ORIENTED_EDGE ( 'NONE', *, *, #1471, .T. ) ;
#327 = LINE ( 'NONE', #1241, #2666 ) ;
#328 = CARTESIAN_POINT ( 'NONE',  ( -0.7874999999999258149, 0.3749999999999999445, 2.529256084232091695 ) ) ;
#329 =( NAMED_UNIT ( * ) PLANE_ANGLE_UNIT ( ) SI_UNIT ( $, .RADIAN. ) );
#330 = STYLED_ITEM ( 'NONE', ( #364 ), #917 ) ;
#331 = ORIENTED_EDGE ( 'NONE', *, *, #2881, .F. ) ;
#332 =( NAMED_UNIT ( * ) PLANE_ANGLE_UNIT ( ) SI_UNIT ( $, .RADIAN. ) );
#333 = CARTESIAN_POINT ( 'NONE',  ( 0.000000000000000000, 0.3750000000000001665, 3.500000000000000000 ) ) ;
#334 = EDGE_CURVE ( 'NONE', #2930, #685, #2973, .T. ) ;
#335 = AXIS2_PLACEMENT_3D ( 'NONE', #2101, #2777, #2988 ) ;
#336 =( NAMED_UNIT ( * ) SI_UNIT ( $, .STERADIAN. ) SOLID_ANGLE_UNIT ( ) );
#337 = ADVANCED_FACE ( 'NONE', ( #1352 ), #1787, .F. ) ;
#338 = CARTESIAN_POINT ( 'NONE',  ( -0.5999999999999999778, 0.3250000000000000666, 2.049999999999999822 ) ) ;
#339 = DIRECTION ( 'NONE',  ( -0.000000000000000000, -0.000000000000000000, -1.000000000000000000 ) ) ;
#340 = ORIENTED_EDGE ( 'NONE', *, *, #742, .F. ) ;
#341 = VECTOR ( 'NONE', #225, 1000.000000000000000 ) ;
#342 = EDGE_LOOP ( 'NONE', ( #679, #1998, #2238, #408 ) ) ;
#343 = CARTESIAN_POINT ( 'NONE',  ( -0.5999999999999999778, 9.775000000000000355, 2.223205080756999852 ) ) ;
#344 = DIRECTION ( 'NONE',  ( 0.000000000000000000, 0.000000000000000000, 1.000000000000000000 ) ) ;
#345 = VERTEX_POINT ( 'NONE', #892 ) ;
#346 = CARTESIAN_POINT ( 'NONE',  ( 0.5999999999999999778, 0.1000000000000005468, 2.439711431702998645 ) ) ;
#347 = B_SPLINE_CURVE_WITH_KNOTS ( 'NONE', 3,
 ( #2292, #881, #1086, #444, #2948, #633, #2491, #1574 ),
 .UNSPECIFIED., .F., .F.,
 ( 4, 2, 2, 4 ),
 ( 0.000000000000000000, 0.0005860504608958139877, 0.0008790756913437209816, 0.001172100921791627975 ),
 .UNSPECIFIED. ) ;
#348 = ORIENTED_EDGE ( 'NONE', *, *, #2765, .T. ) ;
#349 = DIRECTION ( 'NONE',  ( 0.000000000000000000, 0.000000000000000000, -1.000000000000000000 ) ) ;
#350 = DIRECTION ( 'NONE',  ( 0.000000000000000000, -1.000000000000000000, 2.220446049250000002E-16 ) ) ;
#351 = EDGE_CURVE ( 'NONE', #2438, #2528, #1374, .T. ) ;
#352 = SURFACE_STYLE_USAGE ( .BOTH. , #378 ) ;
#353 = FACE_OUTER_BOUND ( 'NONE', #2392, .T. ) ;
#354 = ADVANCED_FACE ( 'NONE', ( #1363 ), #1591, .T. ) ;
#355 = ORIENTED_EDGE ( 'NONE', *, *, #418, .F. ) ;
#356 = ORIENTED_EDGE ( 'NONE', *, *, #1400, .F. ) ;
#357 = CARTESIAN_POINT ( 'NONE',  ( 0.5999999999999999778, 9.875000000000000000, -1.601916297467000039 ) ) ;
#358 = UNCERTAINTY_MEASURE_WITH_UNIT (LENGTH_MEASURE( 1.000000000000000082E-05 ), #1743, 'distance_accuracy_value', 'NONE');
#359 = ORIENTED_EDGE ( 'NONE', *, *, #1432, .T. ) ;
#360 = CARTESIAN_POINT ( 'NONE',  ( -1.000000000000000000, 10.12500000000000000, 0.000000000000000000 ) ) ;
#361 = SURFACE_STYLE_USAGE ( .BOTH. , #648 ) ;
#362 = CARTESIAN_POINT ( 'NONE',  ( 2.000000000000000888, 10.08357864376269220, 5.510050506338830978 ) ) ;
#363 = CARTESIAN_POINT ( 'NONE',  ( -7.476249324075000202E-18, -0.1250000000000001110, 0.000000000000000000 ) ) ;
#364 = PRESENTATION_STYLE_ASSIGNMENT (( #1983 ) ) ;
#365 = CARTESIAN_POINT ( 'NONE',  ( -2.476625537860461105E-30, 10.12500000000000000, -5.500000000000000888 ) ) ;
#366 = VERTEX_POINT ( 'NONE', #269 ) ;
#367 = ORIENTED_EDGE ( 'NONE', *, *, #1771, .T. ) ;
#368 = DIRECTION ( 'NONE',  ( -0.000000000000000000, -1.000000000000000000, 0.000000000000000000 ) ) ;
#369 = EDGE_CURVE ( 'NONE', #1882, #305, #427, .T. ) ;
#370 = ORIENTED_EDGE ( 'NONE', *, *, #2747, .F. ) ;
#371 = CARTESIAN_POINT ( 'NONE',  ( -7.476249324075000202E-18, 5.000000000000000000, 0.000000000000000000 ) ) ;
#372 = SURFACE_STYLE_USAGE ( .BOTH. , #2934 ) ;
#373 = AXIS2_PLACEMENT_3D ( 'NONE', #934, #468, #670 ) ;
#374 = VECTOR ( 'NONE', #2595, 1000.000000000000000 ) ;
#375 = CARTESIAN_POINT ( 'NONE',  ( 1.300000000000000266, 10.02500000000000036, 5.700000000000000178 ) ) ;
#376 = VECTOR ( 'NONE', #1309, 1000.000000000000000 ) ;
#377 = CIRCLE ( 'NONE', #1055, 0.1000000000000002554 ) ;
#378 = SURFACE_SIDE_STYLE ('',( #1946 ) ) ;
#379 = PRESENTATION_STYLE_ASSIGNMENT (( #1965 ) ) ;
#380 = CARTESIAN_POINT ( 'NONE',  ( 0.000000000000000000, 0.3749999999999999445, 2.250000000000000444 ) ) ;
#381 = VECTOR ( 'NONE', #1312, 1000.000000000000000 ) ;
#382 = ORIENTED_EDGE ( 'NONE', *, *, #2167, .T. ) ;
#383 = VERTEX_POINT ( 'NONE', #473 ) ;
#384 = AXIS2_PLACEMENT_3D ( 'NONE', #1513, #2458, #1083 ) ;
#385 = DIRECTION ( 'NONE',  ( 0.000000000000000000, -1.000000000000000000, -0.000000000000000000 ) ) ;
#386 = ORIENTED_EDGE ( 'NONE', *, *, #1471, .F. ) ;
#387 = ADVANCED_FACE ( 'NONE', ( #24 ), #1090, .F. ) ;
#388 = PLANE ( 'NONE',  #1341 ) ;
#389 = CARTESIAN_POINT ( 'NONE',  ( -1.899999999999999911, 10.02500000000000036, 0.000000000000000000 ) ) ;
#390 = CARTESIAN_POINT ( 'NONE',  ( 0.8000000000000000444, 9.824999999999999289, 0.5000000000000000000 ) ) ;
#391 = CARTESIAN_POINT ( 'NONE',  ( 0.8000000000000000444, -0.1250000000000000000, 5.700000000000000178 ) ) ;
#392 = EDGE_CURVE ( 'NONE', #2377, #1891, #2303, .T. ) ;
#393 = LINE ( 'NONE', #616, #381 ) ;
#394 = CARTESIAN_POINT ( 'NONE',  ( 1.710050506338833598, 10.08357864376269220, 5.799999999999999822 ) ) ;
#395 = CARTESIAN_POINT ( 'NONE',  ( 0.6937499999999998668, 9.700000000000001066, 2.376230582494500254 ) ) ;
#396 = CARTESIAN_POINT ( 'NONE',  ( 1.169014004901999964E-16, 0.3750000000000000000, 3.527178024838999892 ) ) ;
#397 = CARTESIAN_POINT ( 'NONE',  ( 0.6149999999999999911, 9.762500000000001066, 2.581558149544499692 ) ) ;
#398 = ORIENTED_EDGE ( 'NONE', *, *, #2544, .F. ) ;
#399 = VERTEX_POINT ( 'NONE', #2177 ) ;
#400 = DIRECTION ( 'NONE',  ( -0.000000000000000000, 1.000000000000000000, -2.220446049250000002E-16 ) ) ;
#401 = DIRECTION ( 'NONE',  ( -1.000000000000000000, 1.224646799146999945E-16, -0.000000000000000000 ) ) ;
#402 = DIRECTION ( 'NONE',  ( 0.000000000000000000, 0.000000000000000000, 1.000000000000000000 ) ) ;
#403 = EDGE_CURVE ( 'NONE', #1969, #1589, #53, .T. ) ;
#404 = EDGE_LOOP ( 'NONE', ( #2196, #756, #924, #1630, #1990 ) ) ;
#405 = DIRECTION ( 'NONE',  ( 0.000000000000000000, 0.000000000000000000, -1.000000000000000000 ) ) ;
#406 = CARTESIAN_POINT ( 'NONE',  ( 1.000000000000000000, 15.00000000000000000, -0.5000000000000000000 ) ) ;
#407 = EDGE_CURVE ( 'NONE', #1788, #2509, #563, .T. ) ;
#408 = ORIENTED_EDGE ( 'NONE', *, *, #30, .F. ) ;
#409 = CYLINDRICAL_SURFACE ( 'NONE', #373, 1.300000000000000266 ) ;
#410 = AXIS2_PLACEMENT_3D ( 'NONE', #1053, #2917, #1500 ) ;
#411 = ORIENTED_EDGE ( 'NONE', *, *, #2616, .F. ) ;
#412 = CARTESIAN_POINT ( 'NONE',  ( 0.5999999999999998668, 9.774999999999977263, 2.223205080756957663 ) ) ;
#413 = LINE ( 'NONE', #1728, #606 ) ;
#414 = DIRECTION ( 'NONE',  ( 0.000000000000000000, 0.000000000000000000, -1.000000000000000000 ) ) ;
#415 = VECTOR ( 'NONE', #110, 1000.000000000000000 ) ;
#416 = ORIENTED_EDGE ( 'NONE', *, *, #1126, .F. ) ;
#417 = CARTESIAN_POINT ( 'NONE',  ( -0.7999999999999999334, -0.1250000000000000000, 0.000000000000000000 ) ) ;
#418 = EDGE_CURVE ( 'NONE', #1221, #546, #1016, .T. ) ;
#419 = CARTESIAN_POINT ( 'NONE',  ( -0.5999999999999999778, 0.1000000000000000056, 2.439711431702999977 ) ) ;
#420 = STYLED_ITEM ( 'NONE', ( #272 ), #1270 ) ;
#421 = AXIS2_PLACEMENT_3D ( 'NONE', #947, #2840, #1874 ) ;
#422 = ORIENTED_EDGE ( 'NONE', *, *, #2419, .T. ) ;
#423 = DIRECTION ( 'NONE',  ( 0.000000000000000000, 0.000000000000000000, 1.000000000000000000 ) ) ;
#424 = VERTEX_POINT ( 'NONE', #980 ) ;
#425 = AXIS2_PLACEMENT_3D ( 'NONE', #181, #1098, #2197 ) ;
#426 = DIRECTION ( 'NONE',  ( -0.000000000000000000, 0.000000000000000000, -1.000000000000000000 ) ) ;
#427 = LINE ( 'NONE', #2317, #2641 ) ;
#428 = DIRECTION ( 'NONE',  ( -1.224646799146999945E-16, -1.000000000000000000, -2.200000000000000003E-16 ) ) ;
#429 = STYLED_ITEM ( 'NONE', ( #463 ), #2687 ) ;
#430 = EDGE_LOOP ( 'NONE', ( #2000, #1033, #275, #422, #1407, #2538, #654, #2305, #1079, #2633, #2366, #2532 ) ) ;
#431 = CARTESIAN_POINT ( 'NONE',  ( 0.000000000000000000, 0.3750000000000000000, 3.500000000000000000 ) ) ;
#432 = VECTOR ( 'NONE', #2545, 1000.000000000000000 ) ;
#433 = LINE ( 'NONE', #417, #1669 ) ;
#434 =( BOUNDED_CURVE ( )  B_SPLINE_CURVE ( 3, ( #1556, #2245, #854, #631 ),
 .UNSPECIFIED., .F., .F. ) 
 B_SPLINE_CURVE_WITH_KNOTS ( ( 4, 4 ),
 ( 0.000000000000000000, 1.000000000000000000 ),
 .UNSPECIFIED. ) 
 CURVE ( )  GEOMETRIC_REPRESENTATION_ITEM ( )  RATIONAL_B_SPLINE_CURVE ( ( 1.000000000000000000, 0.8047378541243649375, 0.8047378541243649375, 1.000000000000000000 ) ) 
 REPRESENTATION_ITEM ( '' )  );
#435 = LINE ( 'NONE', #395, #2872 ) ;
#436 =( GEOMETRIC_REPRESENTATION_CONTEXT ( 3 ) GLOBAL_UNCERTAINTY_ASSIGNED_CONTEXT ( ( #1290 ) ) GLOBAL_UNIT_ASSIGNED_CONTEXT ( ( #1715, #1702, #2938 ) ) REPRESENTATION_CONTEXT ( 'NONE', 'WORKASPACE' ) );
#437 = CARTESIAN_POINT ( 'NONE',  ( -0.6300000000000000044, 0.3750000000000000000, 2.723404867385999850 ) ) ;
#438 = ORIENTED_EDGE ( 'NONE', *, *, #2668, .F. ) ;
#439 = LINE ( 'NONE', #1012, #514 ) ;
#440 = EDGE_CURVE ( 'NONE', #1696, #1798, #2112, .T. ) ;
#441 = ORIENTED_EDGE ( 'NONE', *, *, #1111, .T. ) ;
#442 = LINE ( 'NONE', #2774, #1251 ) ;
#443 = CARTESIAN_POINT ( 'NONE',  ( 0.08571428571429000332, 0.2250000000000000333, 2.223205080756999852 ) ) ;
#444 = CARTESIAN_POINT ( 'NONE',  ( 0.8000000000000001554, 0.4308943340549287737, 2.288259652514347042 ) ) ;
#445 = VERTEX_POINT ( 'NONE', #1879 ) ;
#446 = CARTESIAN_POINT ( 'NONE',  ( -0.5999999999999999778, 0.1625000000000000333, 2.331458256229999471 ) ) ;
#447 = CARTESIAN_POINT ( 'NONE',  ( 1.841662561109677521, 10.12500000000000178, 5.358925029250500849 ) ) ;
#448 = CARTESIAN_POINT ( 'NONE',  ( 0.1020758496790000053, 9.625000000000000000, 2.466030522420000093 ) ) ;
#449 = FILL_AREA_STYLE_COLOUR ( '', #2651 ) ;
#450 = ORIENTED_EDGE ( 'NONE', *, *, #189, .F. ) ;
#451 = SURFACE_STYLE_USAGE ( .BOTH. , #192 ) ;
#452 = DIRECTION ( 'NONE',  ( -0.000000000000000000, 1.000000000000000000, 0.000000000000000000 ) ) ;
#453 = MECHANICAL_DESIGN_GEOMETRIC_PRESENTATION_REPRESENTATION (  '', ( #1853 ), #2054 ) ;
#454 = ORIENTED_EDGE ( 'NONE', *, *, #1214, .T. ) ;
#455 = LINE ( 'NONE', #910, #1060 ) ;
#456 = EDGE_CURVE ( 'NONE', #949, #2827, #754, .T. ) ;
#457 = PRESENTATION_LAYER_ASSIGNMENT (  '', '', ( #1853 ) ) ;
#458 = CARTESIAN_POINT ( 'NONE',  ( 0.5999999999999999778, 0.2250000000000000333, 2.223205080756999852 ) ) ;
#459 = ORIENTED_EDGE ( 'NONE', *, *, #351, .T. ) ;
#460 = DIRECTION ( 'NONE',  ( 2.057993888112999983E-33, 1.000000000000000000, -2.198480045797000147E-16 ) ) ;
#461 = EDGE_CURVE ( 'NONE', #1544, #1646, #283, .T. ) ;
#462 = CARTESIAN_POINT ( 'NONE',  ( -0.5999999999999999778, 9.775000000000000355, 2.223205080756999852 ) ) ;
#463 = PRESENTATION_STYLE_ASSIGNMENT (( #44 ) ) ;
#464 = VECTOR ( 'NONE', #385, 1000.000000000000000 ) ;
#465 = CARTESIAN_POINT ( 'NONE',  ( -0.08715574274764884000, 9.625000000000000000, 4.496194698091872333 ) ) ;
#466 = STYLED_ITEM ( 'NONE', ( #2526 ), #688 ) ;
#467 = VERTEX_POINT ( 'NONE', #2631 ) ;
#468 = DIRECTION ( 'NONE',  ( 0.000000000000000000, 1.000000000000000000, -2.220446049250000002E-16 ) ) ;
#469 = DIRECTION ( 'NONE',  ( -0.6299999999990992805, -2.168404344967908891E-16, -0.7765951326148876621 ) ) ;
#470 = CIRCLE ( 'NONE', #1243, 1.300000000000000266 ) ;
#471 = ORIENTED_EDGE ( 'NONE', *, *, #739, .T. ) ;
#472 = DIRECTION ( 'NONE',  ( 0.000000000000000000, -0.000000000000000000, 1.000000000000000000 ) ) ;
#473 = CARTESIAN_POINT ( 'NONE',  ( -0.7999999999999999334, 10.12500000000000000, 5.700000000000000178 ) ) ;
#474 = SURFACE_STYLE_USAGE ( .BOTH. , #2560 ) ;
#475 = VERTEX_POINT ( 'NONE', #2818 ) ;
#476 = CARTESIAN_POINT ( 'NONE',  ( 2.000000000000000000, 10.02500000000000036, 0.000000000000000000 ) ) ;
#477 = LINE ( 'NONE', #1424, #2170 ) ;
#478 = ADVANCED_FACE ( 'NONE', ( #762 ), #2590, .T. ) ;
#479 = CARTESIAN_POINT ( 'NONE',  ( -0.5999999999999999778, 9.900000000000000355, 2.439711431702999977 ) ) ;
#480 = MECHANICAL_DESIGN_GEOMETRIC_PRESENTATION_REPRESENTATION (  '', ( #816 ), #2863 ) ;
#481 = PLANE ( 'NONE',  #2158 ) ;
#482 = CARTESIAN_POINT ( 'NONE',  ( 1.300000000000000044, -0.08357864376269040496, 5.799999999999999822 ) ) ;
#483 = VERTEX_POINT ( 'NONE', #68 ) ;
#484 = SURFACE_STYLE_FILL_AREA ( #1446 ) ;
#485 = CARTESIAN_POINT ( 'NONE',  ( -1.685786437626905609, 10.12500000000000000, 5.758578643762691129 ) ) ;
#486 = ORIENTED_EDGE ( 'NONE', *, *, #70, .F. ) ;
#487 = PLANE ( 'NONE',  #1254 ) ;
#488 = ORIENTED_EDGE ( 'NONE', *, *, #18, .T. ) ;
#489 = DIRECTION ( 'NONE',  ( 0.000000000000000000, -2.168404344971009361E-16, -1.000000000000000000 ) ) ;
#490 = FILL_AREA_STYLE ('',( #1867 ) ) ;
#491 = EDGE_CURVE ( 'NONE', #1509, #1808, #2161, .T. ) ;
#492 = VERTEX_POINT ( 'NONE', #2380 ) ;
#493 = CARTESIAN_POINT ( 'NONE',  ( -0.8000000000000000444, -0.1250000000000000000, 0.000000000000000000 ) ) ;
#494 = VERTEX_POINT ( 'NONE', #2844 ) ;
#495 = CARTESIAN_POINT ( 'NONE',  ( -0.3850864465045437113, 9.824999999999818101, 1.775814944317934740 ) ) ;
#496 = CARTESIAN_POINT ( 'NONE',  ( 0.8000000000000000444, 10.12500000000000000, 0.000000000000000000 ) ) ;
#497 = CARTESIAN_POINT ( 'NONE',  ( -0.1089446784349689390, 0.3750000000000002776, 4.745243372614647015 ) ) ;
#498 = ORIENTED_EDGE ( 'NONE', *, *, #1956, .F. ) ;
#499 = FACE_OUTER_BOUND ( 'NONE', #1987, .T. ) ;
#500 = CARTESIAN_POINT ( 'NONE',  ( -0.8000000000000003775, 9.224368365832106065, 2.475304923404040736 ) ) ;
#501 = DIRECTION ( 'NONE',  ( 0.000000000000000000, 2.285779357681999831E-16, 1.000000000000000000 ) ) ;
#502 = CARTESIAN_POINT ( 'NONE',  ( 0.8000000000000000444, 10.12500000000000000, 0.000000000000000000 ) ) ;
#503 = VECTOR ( 'NONE', #368, 1000.000000000000000 ) ;
#504 = ADVANCED_FACE ( 'NONE', ( #2832 ), #2865, .T. ) ;
#505 = VERTEX_POINT ( 'NONE', #746 ) ;
#506 =( GEOMETRIC_REPRESENTATION_CONTEXT ( 3 ) GLOBAL_UNCERTAINTY_ASSIGNED_CONTEXT ( ( #1621 ) ) GLOBAL_UNIT_ASSIGNED_CONTEXT ( ( #795, #2701, #2190 ) ) REPRESENTATION_CONTEXT ( 'NONE', 'WORKASPACE' ) );
#507 = CARTESIAN_POINT ( 'NONE',  ( -2.000000000000000000, -0.02499999999999998751, 0.000000000000000000 ) ) ;
#508 = DIRECTION ( 'NONE',  ( 0.000000000000000000, 0.000000000000000000, 1.000000000000000000 ) ) ;
#509 = EDGE_CURVE ( 'NONE', #2155, #2659, #231, .T. ) ;
#510 = PRESENTATION_LAYER_ASSIGNMENT (  '', '', ( #2605 ) ) ;
#511 = VERTEX_POINT ( 'NONE', #328 ) ;
#512 = DIRECTION ( 'NONE',  ( -1.000000000000000000, -0.000000000000000000, 0.000000000000000000 ) ) ;
#513 = DIRECTION ( 'NONE',  ( 1.000000000000000000, 0.000000000000000000, 0.000000000000000000 ) ) ;
#514 = VECTOR ( 'NONE', #2629, 1000.000000000000000 ) ;
#515 = FILL_AREA_STYLE ('',( #9 ) ) ;
#516 = ORIENTED_EDGE ( 'NONE', *, *, #700, .T. ) ;
#517 = COLOUR_RGB ( '',0.8509803921568627194, 0.8509803921568627194, 0.8509803921568627194 ) ;
#518 = FILL_AREA_STYLE_COLOUR ( '', #2233 ) ;
#519 = SURFACE_STYLE_FILL_AREA ( #2120 ) ;
#520 = CIRCLE ( 'NONE', #2909, 1.250000000000000222 ) ;
#521 = LINE ( 'NONE', #1944, #1338 ) ;
#522 = DIRECTION ( 'NONE',  ( -8.881784197001254296E-16, -2.168404344971009361E-16, -1.000000000000000000 ) ) ;
#523 = EDGE_LOOP ( 'NONE', ( #659, #2704, #1604, #2690 ) ) ;
#524 = CIRCLE ( 'NONE', #680, 0.09999999999999982514 ) ;
#525 = LINE ( 'NONE', #1648, #1152 ) ;
#526 = EDGE_CURVE ( 'NONE', #92, #445, #1235, .T. ) ;
#527 = ORIENTED_EDGE ( 'NONE', *, *, #140, .F. ) ;
#528 = SURFACE_SIDE_STYLE ('',( #1634 ) ) ;
#529 = DIRECTION ( 'NONE',  ( 0.000000000000000000, 2.293504595642412581E-16, 1.000000000000000000 ) ) ;
#530 = ADVANCED_FACE ( 'NONE', ( #1451 ), #2441, .F. ) ;
#531 = CARTESIAN_POINT ( 'NONE',  ( 0.8000000000000003775, 9.756084403360747004, 2.057619388578312947 ) ) ;
#532 = EDGE_LOOP ( 'NONE', ( #1019, #1240, #281, #1971 ) ) ;
#533 = DIRECTION ( 'NONE',  ( 0.000000000000000000, 2.285779357681999831E-16, 1.000000000000000000 ) ) ;
#534 = FILL_AREA_STYLE_COLOUR ( '', #318 ) ;
#535 = DIRECTION ( 'NONE',  ( 0.000000000000000000, -1.000000000000000000, 2.220446049250000002E-16 ) ) ;
#536 = SURFACE_STYLE_USAGE ( .BOTH. , #1654 ) ;
#537 = CARTESIAN_POINT ( 'NONE',  ( -2.000000000000001332, -0.08357864376269090456, 5.510050506338831866 ) ) ;
#538 = ORIENTED_EDGE ( 'NONE', *, *, #2269, .T. ) ;
#539 = CARTESIAN_POINT ( 'NONE',  ( -0.8081255271607359347, 0.8750000000000002220, 2.481700863031307769 ) ) ;
#540 = DIRECTION ( 'NONE',  ( -0.000000000000000000, -1.000000000000000000, 2.220446049250000002E-16 ) ) ;
#541 = ORIENTED_EDGE ( 'NONE', *, *, #2556, .F. ) ;
#542 = B_SPLINE_CURVE_WITH_KNOTS ( 'NONE', 3,
 ( #2977, #2053, #635, #2732, #649, #2042, #2548, #201, #1313, #2263, #1120, #447, #897, #215, #186, #885 ),
 .UNSPECIFIED., .F., .F.,
 ( 4, 1, 2, 2, 2, 1, 2, 2, 4 ),
 ( 0.000000000000000000, 0.1249999999999974742, 0.1874999999999964750, 0.2499999999999955036, 0.4999999999999933387, 0.6249999999999922284, 0.6874999999999926725, 0.7499999999999930056, 1.000000000000000000 ),
 .UNSPECIFIED. ) ;
#543 = FACE_OUTER_BOUND ( 'NONE', #293, .T. ) ;
#544 =( NAMED_UNIT ( * ) PLANE_ANGLE_UNIT ( ) SI_UNIT ( $, .RADIAN. ) );
#545 = CARTESIAN_POINT ( 'NONE',  ( -0.7999999999999999334, 10.12500000000000000, 0.000000000000000000 ) ) ;
#546 = VERTEX_POINT ( 'NONE', #122 ) ;
#547 = EDGE_CURVE ( 'NONE', #1416, #994, #165, .T. ) ;
#548 = SURFACE_STYLE_USAGE ( .BOTH. , #1908 ) ;
#549 = SURFACE_SIDE_STYLE ('',( #315 ) ) ;
#550 = CARTESIAN_POINT ( 'NONE',  ( 0.000000000000000000, 15.00000000000000000, 4.800000000000000711 ) ) ;
#551 =( GEOMETRIC_REPRESENTATION_CONTEXT ( 3 ) GLOBAL_UNCERTAINTY_ASSIGNED_CONTEXT ( ( #2116 ) ) GLOBAL_UNIT_ASSIGNED_CONTEXT ( ( #2214, #182, #197 ) ) REPRESENTATION_CONTEXT ( 'NONE', 'WORKASPACE' ) );
#552 = EDGE_CURVE ( 'NONE', #399, #1209, #641, .T. ) ;
#553 = CARTESIAN_POINT ( 'NONE',  ( 5.096581107012000862E-34, -0.1249999999999998890, -4.900000000000000355 ) ) ;
#554 = PRESENTATION_LAYER_ASSIGNMENT (  '', '', ( #1418 ) ) ;
#555 =( NAMED_UNIT ( * ) SI_UNIT ( $, .STERADIAN. ) SOLID_ANGLE_UNIT ( ) );
#556 = LINE ( 'NONE', #117, #1934 ) ;
#557 = DIRECTION ( 'NONE',  ( 0.000000000000000000, 2.502005013428087080E-16, 1.000000000000000000 ) ) ;
#558 = CARTESIAN_POINT ( 'NONE',  ( 2.000000000000000000, -0.02500000000000035527, 0.000000000000000000 ) ) ;
#559 = VECTOR ( 'NONE', #2706, 1000.000000000000000 ) ;
#560 = ORIENTED_EDGE ( 'NONE', *, *, #2769, .T. ) ;
#561 = STYLED_ITEM ( 'NONE', ( #379 ), #969 ) ;
#562 = ORIENTED_EDGE ( 'NONE', *, *, #951, .F. ) ;
#563 = LINE ( 'NONE', #2880, #2058 ) ;
#564 = VECTOR ( 'NONE', #694, 1000.000000000000000 ) ;
#565 = UNCERTAINTY_MEASURE_WITH_UNIT (LENGTH_MEASURE( 1.000000000000000082E-05 ), #87, 'distance_accuracy_value', 'NONE');
#566 = ORIENTED_EDGE ( 'NONE', *, *, #2937, .F. ) ;
#567 = DIRECTION ( 'NONE',  ( 1.000000000000000000, 0.000000000000000000, 0.000000000000000000 ) ) ;
#568 = CIRCLE ( 'NONE', #2370, 0.2000000000000005107 ) ;
#569 =( NAMED_UNIT ( * ) SI_UNIT ( $, .STERADIAN. ) SOLID_ANGLE_UNIT ( ) );
#570 = LINE ( 'NONE', #1811, #284 ) ;
#571 = ADVANCED_FACE ( 'NONE', ( #1951 ), #1273, .T. ) ;
#572 = VECTOR ( 'NONE', #793, 1000.000000000000000 ) ;
#573 = VECTOR ( 'NONE', #2533, 1000.000000000000000 ) ;
#574 = FILL_AREA_STYLE ('',( #1059 ) ) ;
#575 = EDGE_CURVE ( 'NONE', #1124, #1305, #2110, .T. ) ;
#576 = STYLED_ITEM ( 'NONE', ( #707 ), #2051 ) ;
#577 = LINE ( 'NONE', #1299, #2012 ) ;
#578 = VECTOR ( 'NONE', #2001, 1000.000000000000000 ) ;
#579 = EDGE_LOOP ( 'NONE', ( #2896, #2488, #982, #2773 ) ) ;
#580 = VERTEX_POINT ( 'NONE', #2894 ) ;
#581 = DIRECTION ( 'NONE',  ( 0.000000000000000000, -2.168404344971009361E-16, -1.000000000000000000 ) ) ;
#582 = CARTESIAN_POINT ( 'NONE',  ( 0.7999999999999994893, 9.824999999999999289, 1.666969722017999533 ) ) ;
#583 =( GEOMETRIC_REPRESENTATION_CONTEXT ( 3 ) GLOBAL_UNCERTAINTY_ASSIGNED_CONTEXT ( ( #266 ) ) GLOBAL_UNIT_ASSIGNED_CONTEXT ( ( #1941, #2209, #193 ) ) REPRESENTATION_CONTEXT ( 'NONE', 'WORKASPACE' ) );
#584 = ORIENTED_EDGE ( 'NONE', *, *, #1643, .T. ) ;
#585 = DIRECTION ( 'NONE',  ( -0.000000000000000000, -0.000000000000000000, 1.000000000000000000 ) ) ;
#586 = LINE ( 'NONE', #141, #2309 ) ;
#587 = SURFACE_SIDE_STYLE ('',( #782 ) ) ;
#588 =( NAMED_UNIT ( * ) PLANE_ANGLE_UNIT ( ) SI_UNIT ( $, .RADIAN. ) );
#589 = CARTESIAN_POINT ( 'NONE',  ( -1.595207377184944431, 10.12500000000000000, 5.622855970527678160 ) ) ;
#590 = EDGE_CURVE ( 'NONE', #1370, #2553, #2505, .T. ) ;
#591 = LINE ( 'NONE', #813, #2924 ) ;
#592 = DIRECTION ( 'NONE',  ( -1.000000000000000000, -0.000000000000000000, -0.000000000000000000 ) ) ;
#593 = PRESENTATION_STYLE_ASSIGNMENT (( #2891 ) ) ;
#594 = ORIENTED_EDGE ( 'NONE', *, *, #1432, .F. ) ;
#595 = EDGE_CURVE ( 'NONE', #685, #2050, #1769, .T. ) ;
#596 = ORIENTED_EDGE ( 'NONE', *, *, #2439, .F. ) ;
#597 = PRESENTATION_STYLE_ASSIGNMENT (( #1095 ) ) ;
#598 = ORIENTED_EDGE ( 'NONE', *, *, #1579, .T. ) ;
#599 = DIRECTION ( 'NONE',  ( -1.000000000000000000, 0.000000000000000000, 0.000000000000000000 ) ) ;
#600 = FACE_OUTER_BOUND ( 'NONE', #1495, .T. ) ;
#601 = DIRECTION ( 'NONE',  ( 0.000000000000000000, 2.258754526011468228E-16, 1.000000000000000000 ) ) ;
#602 = FACE_OUTER_BOUND ( 'NONE', #2068, .T. ) ;
#603 = CARTESIAN_POINT ( 'NONE',  ( -1.530808498934000149E-17, 9.875000000000000000, -4.900000000000000355 ) ) ;
#604 = CARTESIAN_POINT ( 'NONE',  ( 0.1089446784349999975, 0.3750000000000000000, 4.745243372614999622 ) ) ;
#605 = EDGE_CURVE ( 'NONE', #747, #2555, #836, .T. ) ;
#606 = VECTOR ( 'NONE', #2277, 1000.000000000000000 ) ;
#607 = ORIENTED_EDGE ( 'NONE', *, *, #491, .F. ) ;
#608 = ORIENTED_EDGE ( 'NONE', *, *, #34, .F. ) ;
#609 = EDGE_CURVE ( 'NONE', #2512, #2586, #626, .T. ) ;
#610 = ORIENTED_EDGE ( 'NONE', *, *, #2622, .T. ) ;
#611 = CARTESIAN_POINT ( 'NONE',  ( 0.000000000000000000, 0.3750000000000002220, 3.500000000000000000 ) ) ;
#612 = DIRECTION ( 'NONE',  ( -0.4820012127825327175, -0.3856009702260281835, 0.7867570925240605639 ) ) ;
#613 = VECTOR ( 'NONE', #1658, 1000.000000000000000 ) ;
#614 = CARTESIAN_POINT ( 'NONE',  ( -1.710050506338833376, 10.08357864376269220, 5.799999999999999822 ) ) ;
#615 = AXIS2_PLACEMENT_3D ( 'NONE', #1582, #233, #1206 ) ;
#616 = CARTESIAN_POINT ( 'NONE',  ( 0.8000000000000000444, 0.1749999999999999889, 2.475304923403999879 ) ) ;
#617 = SURFACE_SIDE_STYLE ('',( #1979 ) ) ;
#618 = VECTOR ( 'NONE', #115, 1000.000000000000000 ) ;
#619 = DIRECTION ( 'NONE',  ( 5.473822126268816683E-48, -6.703498746035131718E-64, -1.000000000000000000 ) ) ;
#620 = DIRECTION ( 'NONE',  ( 1.000000000000000000, 0.000000000000000000, 0.000000000000000000 ) ) ;
#621 = CARTESIAN_POINT ( 'NONE',  ( 0.7999999999999822808, 15.00000000000000000, 4.524695076595974363 ) ) ;
#622 = AXIS2_PLACEMENT_3D ( 'NONE', #2741, #941, #660 ) ;
#623 = ORIENTED_EDGE ( 'NONE', *, *, #2151, .T. ) ;
#624 = EDGE_LOOP ( 'NONE', ( #1453, #2675, #787, #256, #1526 ) ) ;
#625 = EDGE_CURVE ( 'NONE', #1688, #804, #2264, .T. ) ;
#626 = LINE ( 'NONE', #1319, #1473 ) ;
#627 = VECTOR ( 'NONE', #28, 1000.000000000000000 ) ;
#628 = ORIENTED_EDGE ( 'NONE', *, *, #988, .F. ) ;
#629 = CARTESIAN_POINT ( 'NONE',  ( -0.5999999999999999778, 9.875000000000000000, -4.900000000000000355 ) ) ;
#630 = EDGE_CURVE ( 'NONE', #2134, #799, #800, .T. ) ;
#631 = CARTESIAN_POINT ( 'NONE',  ( -1.300000000000000044, -0.1250000000000000000, 5.700000000000000178 ) ) ;
#632 = PRESENTATION_LAYER_ASSIGNMENT (  '', '', ( #2383 ) ) ;
#633 = CARTESIAN_POINT ( 'NONE',  ( 0.8000000000000000444, 0.6785734016492798171, 2.447900906633927676 ) ) ;
#634 = PRODUCT_DEFINITION_SHAPE ( 'NONE', 'NONE',  #1504 ) ;
#635 = CARTESIAN_POINT ( 'NONE',  ( 1.394210965012507408, 10.12500000000000000, 5.694734122579682811 ) ) ;
#636 = STYLED_ITEM ( 'NONE', ( #901 ), #158 ) ;
#637 = ADVANCED_BREP_SHAPE_REPRESENTATION ( '930224100', ( #172, #1128, #1160 ), #583 ) ;
#638 = CARTESIAN_POINT ( 'NONE',  ( 0.2823831450787626651, 9.825000000000002842, 1.441063205954954407 ) ) ;
#639 = CARTESIAN_POINT ( 'NONE',  ( 0.6300000000000000044, 0.3750000000000000000, 2.723404867385999850 ) ) ;
#640 = EDGE_LOOP ( 'NONE', ( #1068, #1639, #2561, #2297 ) ) ;
#641 = LINE ( 'NONE', #357, #2412 ) ;
#642 = ORIENTED_EDGE ( 'NONE', *, *, #2976, .T. ) ;
#643 = CARTESIAN_POINT ( 'NONE',  ( 1.900000000000001910, -0.1250000000000000000, 5.451471862576143579 ) ) ;
#644 = CARTESIAN_POINT ( 'NONE',  ( -0.6937499999999998668, 9.700000000000001066, 2.376230582494500254 ) ) ;
#645 = CARTESIAN_POINT ( 'NONE',  ( -0.8000000000000000444, 0.1749999999999999889, 0.000000000000000000 ) ) ;
#646 = EDGE_CURVE ( 'NONE', #908, #69, #1288, .T. ) ;
#647 = ORIENTED_EDGE ( 'NONE', *, *, #2524, .T. ) ;
#648 = SURFACE_SIDE_STYLE ('',( #2731 ) ) ;
#649 = CARTESIAN_POINT ( 'NONE',  ( 1.485140998591956807, 10.12500000000000355, 5.671037674188255551 ) ) ;
#650 =( BOUNDED_CURVE ( )  B_SPLINE_CURVE ( 3, ( #1385, #2552, #1121, #1328 ),
 .UNSPECIFIED., .F., .F. ) 
 B_SPLINE_CURVE_WITH_KNOTS ( ( 4, 4 ),
 ( 0.000000000000000000, 1.000000000000000000 ),
 .UNSPECIFIED. ) 
 CURVE ( )  GEOMETRIC_REPRESENTATION_ITEM ( )  RATIONAL_B_SPLINE_CURVE ( ( 1.000000000000000000, 0.9443434259940941544, 0.9443434259940941544, 1.000000000000000000 ) ) 
 REPRESENTATION_ITEM ( '' )  );
#651 = ORIENTED_EDGE ( 'NONE', *, *, #847, .T. ) ;
#652 = LINE ( 'NONE', #208, #2649 ) ;
#653 = SHAPE_DEFINITION_REPRESENTATION ( #634, #637 ) ;
#654 = ORIENTED_EDGE ( 'NONE', *, *, #2544, .T. ) ;
#655 = CARTESIAN_POINT ( 'NONE',  ( 0.000000000000000000, 9.900000000000000355, 2.439711431702999977 ) ) ;
#656 = CARTESIAN_POINT ( 'NONE',  ( -0.4285714285710000016, 0.2250000000000000333, 2.223205080756999852 ) ) ;
#657 = DIRECTION ( 'NONE',  ( 1.000000000000000000, 0.000000000000000000, 0.000000000000000000 ) ) ;
#658 = VECTOR ( 'NONE', #2394, 1000.000000000000000 ) ;
#659 = ORIENTED_EDGE ( 'NONE', *, *, #1670, .T. ) ;
#660 = DIRECTION ( 'NONE',  ( 0.000000000000000000, 0.000000000000000000, -1.000000000000000000 ) ) ;
#661 = AXIS2_PLACEMENT_3D ( 'NONE', #324, #2598, #773 ) ;
#662 = ADVANCED_FACE ( 'NONE', ( #1752 ), #2691, .T. ) ;
#663 = PLANE ( 'NONE',  #1815 ) ;
#664 = AXIS2_PLACEMENT_3D ( 'NONE', #2025, #1820, #2282 ) ;
#665 = LINE ( 'NONE', #1563, #2355 ) ;
#666 = ADVANCED_FACE ( 'NONE', ( #2735 ), #409, .F. ) ;
#667 = DIRECTION ( 'NONE',  ( -1.224646799146999945E-16, -1.000000000000000000, -2.200000000000000003E-16 ) ) ;
#668 = VECTOR ( 'NONE', #129, 1000.000000000000000 ) ;
#669 = EDGE_LOOP ( 'NONE', ( #1064, #2333, #450, #2879, #1262 ) ) ;
#670 = DIRECTION ( 'NONE',  ( 0.000000000000000000, 0.000000000000000000, 1.000000000000000000 ) ) ;
#671 = DIRECTION ( 'NONE',  ( 0.000000000000000000, -0.5000000000001897371, 0.8660254037843291286 ) ) ;
#672 = PRESENTATION_LAYER_ASSIGNMENT (  '', '', ( #1486 ) ) ;
#673 = ORIENTED_EDGE ( 'NONE', *, *, #1996, .T. ) ;
#674 = AXIS2_PLACEMENT_3D ( 'NONE', #1306, #1789, #126 ) ;
#675 = DIRECTION ( 'NONE',  ( 0.08715574274763787654, 0.000000000000000000, 0.9961946980917473216 ) ) ;
#676 = SURFACE_STYLE_FILL_AREA ( #703 ) ;
#677 = DIRECTION ( 'NONE',  ( 0.000000000000000000, 0.000000000000000000, -1.000000000000000000 ) ) ;
#678 = VECTOR ( 'NONE', #1776, 1000.000000000000000 ) ;
#679 = ORIENTED_EDGE ( 'NONE', *, *, #1411, .T. ) ;
#680 = AXIS2_PLACEMENT_3D ( 'NONE', #926, #2591, #939 ) ;
#681 =( LENGTH_UNIT ( ) NAMED_UNIT ( * ) SI_UNIT ( .MILLI., .METRE. ) );
#682 = COLOUR_RGB ( '',0.8509803921568627194, 0.8509803921568627194, 0.8509803921568627194 ) ;
#683 = EDGE_CURVE ( 'NONE', #1193, #747, #1190, .T. ) ;
#684 = ORIENTED_EDGE ( 'NONE', *, *, #630, .T. ) ;
#685 = VERTEX_POINT ( 'NONE', #2510 ) ;
#686 = CARTESIAN_POINT ( 'NONE',  ( 0.3755651638650431834, 0.1750000000001799838, 1.776089881747297872 ) ) ;
#687 = CARTESIAN_POINT ( 'NONE',  ( -1.300000000000000266, 10.12500000000000000, 5.758578643762692018 ) ) ;
#688 = ADVANCED_FACE ( 'NONE', ( #1110 ), #715, .F. ) ;
#689 = EDGE_LOOP ( 'NONE', ( #2578, #890, #1949, #1706 ) ) ;
#690 = DIRECTION ( 'NONE',  ( 0.000000000000000000, 0.000000000000000000, -1.000000000000000000 ) ) ;
#691 = CARTESIAN_POINT ( 'NONE',  ( 0.1275948120979999989, 0.3750000000000000000, 2.207538153024999783 ) ) ;
#692 = DIRECTION ( 'NONE',  ( 1.000000000000000000, 0.000000000000000000, 0.000000000000000000 ) ) ;
#693 = ORIENTED_EDGE ( 'NONE', *, *, #2325, .F. ) ;
#694 = DIRECTION ( 'NONE',  ( 1.000000000000000000, -0.000000000000000000, 0.000000000000000000 ) ) ;
#695 = CARTESIAN_POINT ( 'NONE',  ( -0.08571428571429000332, 9.900000000000000355, 2.439711431702999977 ) ) ;
#696 = CARTESIAN_POINT ( 'NONE',  ( 0.7999999999999994893, 9.824999999999999289, 1.666969722017999533 ) ) ;
#697 = FACE_OUTER_BOUND ( 'NONE', #1784, .T. ) ;
#698 = EDGE_LOOP ( 'NONE', ( #498, #1813, #308, #2035 ) ) ;
#699 = CARTESIAN_POINT ( 'NONE',  ( -0.8000000000000000444, 9.824999999999999289, 0.000000000000000000 ) ) ;
#700 = EDGE_CURVE ( 'NONE', #1350, #1768, #2969, .T. ) ;
#701 = ORIENTED_EDGE ( 'NONE', *, *, #49, .F. ) ;
#702 = CARTESIAN_POINT ( 'NONE',  ( -2.000000000000000000, -0.1250000000000000000, 0.000000000000000000 ) ) ;
#703 = FILL_AREA_STYLE ('',( #1572 ) ) ;
#704 = EDGE_CURVE ( 'NONE', #1720, #747, #652, .T. ) ;
#705 = PLANE ( 'NONE',  #1112 ) ;
#706 = EDGE_LOOP ( 'NONE', ( #2148, #1705, #301, #486, #2440, #1483, #2084, #2285, #2212, #2105, #2982, #2384 ) ) ;
#707 = PRESENTATION_STYLE_ASSIGNMENT (( #2583 ) ) ;
#708 = COLOUR_RGB ( '',0.8509803921568627194, 0.8509803921568627194, 0.8509803921568627194 ) ;
#709 = FACE_OUTER_BOUND ( 'NONE', #1894, .T. ) ;
#710 = FILL_AREA_STYLE ('',( #2549 ) ) ;
#711 = VECTOR ( 'NONE', #2448, 1000.000000000000000 ) ;
#712 = CARTESIAN_POINT ( 'NONE',  ( -1.958578643762691085, -0.1250000000000005551, 5.485786437626903655 ) ) ;
#713 = AXIS2_PLACEMENT_3D ( 'NONE', #1748, #1315, #2656 ) ;
#714 = EDGE_LOOP ( 'NONE', ( #138, #728, #1929, #2688, #1438, #1207, #1056, #120, #199 ) ) ;
#715 = PLANE ( 'NONE',  #1379 ) ;
#716 = CARTESIAN_POINT ( 'NONE',  ( -1.710050506338833376, 10.02500000000000213, 5.799999999999998934 ) ) ;
#717 = MECHANICAL_DESIGN_GEOMETRIC_PRESENTATION_REPRESENTATION (  '', ( #420 ), #2907 ) ;
#718 = VERTEX_POINT ( 'NONE', #1345 ) ;
#719 = CARTESIAN_POINT ( 'NONE',  ( 1.000000000000000000, 15.00000000000000000, 0.5000000000000000000 ) ) ;
#720 = DIRECTION ( 'NONE',  ( 0.000000000000000000, -0.000000000000000000, 1.000000000000000000 ) ) ;
#721 = MECHANICAL_DESIGN_GEOMETRIC_PRESENTATION_REPRESENTATION (  '', ( #195 ), #2473 ) ;
#722 = UNCERTAINTY_MEASURE_WITH_UNIT (LENGTH_MEASURE( 1.000000000000000082E-05 ), #1431, 'distance_accuracy_value', 'NONE');
#723 = EDGE_LOOP ( 'NONE', ( #2408, #191, #2760, #927 ) ) ;
#724 = EDGE_CURVE ( 'NONE', #2509, #1303, #1359, .T. ) ;
#725 = FILL_AREA_STYLE_COLOUR ( '', #1875 ) ;
#726 = CIRCLE ( 'NONE', #2812, 0.1000000000000002554 ) ;
#727 =( NAMED_UNIT ( * ) SI_UNIT ( $, .STERADIAN. ) SOLID_ANGLE_UNIT ( ) );
#728 = ORIENTED_EDGE ( 'NONE', *, *, #259, .F. ) ;
#729 = FILL_AREA_STYLE_COLOUR ( '', #91 ) ;
#730 = CARTESIAN_POINT ( 'NONE',  ( 0.5999999999999999778, 9.675000000000000711, 2.049999999999999822 ) ) ;
#731 = AXIS2_PLACEMENT_3D ( 'NONE', #1537, #103, #323 ) ;
#732 = VERTEX_POINT ( 'NONE', #922 ) ;
#733 = CARTESIAN_POINT ( 'NONE',  ( 0.4844008542910233084, 9.825000000000001066, 1.331144872769877807 ) ) ;
#734 = CARTESIAN_POINT ( 'NONE',  ( -7.476249324075000202E-18, 10.12500000000000000, 0.000000000000000000 ) ) ;
#735 = FILL_AREA_STYLE_COLOUR ( '', #818 ) ;
#736 = ORIENTED_EDGE ( 'NONE', *, *, #646, .F. ) ;
#737 = CARTESIAN_POINT ( 'NONE',  ( 0.7874999999999999778, 0.3750000000000000000, 2.529256084232000212 ) ) ;
#738 = CARTESIAN_POINT ( 'NONE',  ( -0.2571428571430000032, 9.775000000000000355, 2.223205080756999852 ) ) ;
#739 = EDGE_CURVE ( 'NONE', #2377, #2256, #2081, .T. ) ;
#740 = DIRECTION ( 'NONE',  ( -1.776356839400250465E-15, -2.168404344971008868E-16, -1.000000000000000000 ) ) ;
#741 = CARTESIAN_POINT ( 'NONE',  ( 1.710050506338834042, -0.08357864376269040496, 5.799999999999998934 ) ) ;
#742 = EDGE_CURVE ( 'NONE', #150, #1376, #276, .T. ) ;
#743 = EDGE_LOOP ( 'NONE', ( #1387, #88, #348, #2693, #2716 ) ) ;
#744 = ORIENTED_EDGE ( 'NONE', *, *, #302, .F. ) ;
#745 = DIRECTION ( 'NONE',  ( 0.000000000000000000, 0.000000000000000000, -1.000000000000000000 ) ) ;
#746 = CARTESIAN_POINT ( 'NONE',  ( -1.300000000000000044, 10.12500000000000000, 5.700000000000000178 ) ) ;
#747 = VERTEX_POINT ( 'NONE', #1166 ) ;
#748 =( NAMED_UNIT ( * ) SI_UNIT ( $, .STERADIAN. ) SOLID_ANGLE_UNIT ( ) );
#749 = CARTESIAN_POINT ( 'NONE',  ( 0.5984675333150000220, 9.625000000000000000, 2.375906611631000143 ) ) ;
#750 = CIRCLE ( 'NONE', #2502, 0.2000000000000005107 ) ;
#751 = FILL_AREA_STYLE ('',( #1686 ) ) ;
#752 = VECTOR ( 'NONE', #1242, 1000.000000000000000 ) ;
#753 = CARTESIAN_POINT ( 'NONE',  ( -0.8000000000000000444, 0.1749999999999999889, 0.000000000000000000 ) ) ;
#754 = CIRCLE ( 'NONE', #2646, 1.300000000000000266 ) ;
#755 = EDGE_CURVE ( 'NONE', #2968, #492, #219, .T. ) ;
#756 = ORIENTED_EDGE ( 'NONE', *, *, #2147, .T. ) ;
#757 = AXIS2_PLACEMENT_3D ( 'NONE', #814, #1947, #175 ) ;
#758 = LINE ( 'NONE', #1673, #1767 ) ;
#759 = DIRECTION ( 'NONE',  ( 0.000000000000000000, 0.000000000000000000, 1.000000000000000000 ) ) ;
#760 = ORIENTED_EDGE ( 'NONE', *, *, #920, .T. ) ;
#761 = CARTESIAN_POINT ( 'NONE',  ( -0.8000000000000000444, 9.125000000000000000, 2.475304923404020752 ) ) ;
#762 = FACE_OUTER_BOUND ( 'NONE', #75, .T. ) ;
#763 = PRESENTATION_LAYER_ASSIGNMENT (  '', '', ( #420 ) ) ;
#764 = CARTESIAN_POINT ( 'NONE',  ( 0.000000000000000000, 0.8750000000000007772, 3.500000000000003109 ) ) ;
#765 = DIRECTION ( 'NONE',  ( -1.000000000000000000, 1.224646799146999945E-16, -0.000000000000000000 ) ) ;
#766 = CARTESIAN_POINT ( 'NONE',  ( -0.7999999999999992673, 9.321123211925106844, 2.447823969926911314 ) ) ;
#767 = AXIS2_PLACEMENT_3D ( 'NONE', #2249, #2023, #1534 ) ;
#768 = FACE_OUTER_BOUND ( 'NONE', #1226, .T. ) ;
#769 = CARTESIAN_POINT ( 'NONE',  ( 2.000000000000000000, -0.08357864376269040496, 5.510050506338832754 ) ) ;
#770 =( GEOMETRIC_REPRESENTATION_CONTEXT ( 3 ) GLOBAL_UNCERTAINTY_ASSIGNED_CONTEXT ( ( #1349 ) ) GLOBAL_UNIT_ASSIGNED_CONTEXT ( ( #2121, #916, #1382 ) ) REPRESENTATION_CONTEXT ( 'NONE', 'WORKASPACE' ) );
#771 = VERTEX_POINT ( 'NONE', #1829 ) ;
#772 = VECTOR ( 'NONE', #2319, 1000.000000000000000 ) ;
#773 = DIRECTION ( 'NONE',  ( 0.000000000000000000, 2.293504595642412581E-16, 1.000000000000000000 ) ) ;
#774 =( NAMED_UNIT ( * ) SI_UNIT ( $, .STERADIAN. ) SOLID_ANGLE_UNIT ( ) );
#775 = ADVANCED_FACE ( 'NONE', ( #1614 ), #826, .T. ) ;
#776 = ORIENTED_EDGE ( 'NONE', *, *, #1598, .F. ) ;
#777 = DIRECTION ( 'NONE',  ( -1.000000000000000000, 0.000000000000000000, -0.000000000000000000 ) ) ;
#778 = CARTESIAN_POINT ( 'NONE',  ( -1.300000000000000266, -0.02500000000000000139, 5.700000000000000178 ) ) ;
#779 = CARTESIAN_POINT ( 'NONE',  ( 0.8000000000000005995, 9.224561350559355333, 2.475304923404040736 ) ) ;
#780 = ORIENTED_EDGE ( 'NONE', *, *, #2439, .T. ) ;
#781 = LINE ( 'NONE', #1186, #149 ) ;
#782 = SURFACE_STYLE_FILL_AREA ( #2430 ) ;
#783 =( NAMED_UNIT ( * ) PLANE_ANGLE_UNIT ( ) SI_UNIT ( $, .RADIAN. ) );
#784 = CARTESIAN_POINT ( 'NONE',  ( -0.8000000000000000444, 10.12500000000000000, 2.475304923403999879 ) ) ;
#785 = DIRECTION ( 'NONE',  ( 1.000000000000000000, -1.319757871428999972E-31, 4.381966971052000390E-31 ) ) ;
#786 = ORIENTED_EDGE ( 'NONE', *, *, #2009, .F. ) ;
#787 = ORIENTED_EDGE ( 'NONE', *, *, #724, .F. ) ;
#788 = EDGE_CURVE ( 'NONE', #994, #1740, #2464, .T. ) ;
#789 = DIRECTION ( 'NONE',  ( 0.000000000000000000, -1.000000000000000000, 2.220446049250000002E-16 ) ) ;
#790 = ORIENTED_EDGE ( 'NONE', *, *, #590, .F. ) ;
#791 = CARTESIAN_POINT ( 'NONE',  ( -0.5999999999999997558, 9.675000000000000711, 2.049999999999999822 ) ) ;
#792 = ADVANCED_FACE ( 'NONE', ( #1935 ), #2613, .T. ) ;
#793 = DIRECTION ( 'NONE',  ( -1.000000000000000000, -0.000000000000000000, -0.000000000000000000 ) ) ;
#794 = CARTESIAN_POINT ( 'NONE',  ( -1.827574571410139459, 10.12500000000000000, 5.397581865596485784 ) ) ;
#795 =( LENGTH_UNIT ( ) NAMED_UNIT ( * ) SI_UNIT ( .MILLI., .METRE. ) );
#796 = DIRECTION ( 'NONE',  ( 0.000000000000000000, 0.000000000000000000, -1.000000000000000000 ) ) ;
#797 = ORIENTED_EDGE ( 'NONE', *, *, #227, .F. ) ;
#798 = AXIS2_PLACEMENT_3D ( 'NONE', #1689, #1178, #977 ) ;
#799 = VERTEX_POINT ( 'NONE', #1901 ) ;
#800 = LINE ( 'NONE', #2240, #503 ) ;
#801 = DIRECTION ( 'NONE',  ( 0.000000000000000000, -2.168404344971009361E-16, -1.000000000000000000 ) ) ;
#802 =( GEOMETRIC_REPRESENTATION_CONTEXT ( 3 ) GLOBAL_UNCERTAINTY_ASSIGNED_CONTEXT ( ( #1863 ) ) GLOBAL_UNIT_ASSIGNED_CONTEXT ( ( #1645, #1412, #1517 ) ) REPRESENTATION_CONTEXT ( 'NONE', 'WORKASPACE' ) );
#803 = UNCERTAINTY_MEASURE_WITH_UNIT (LENGTH_MEASURE( 1.000000000000000082E-05 ), #2055, 'distance_accuracy_value', 'NONE');
#804 = VERTEX_POINT ( 'NONE', #1194 ) ;
#805 = CARTESIAN_POINT ( 'NONE',  ( 0.8000000000000000444, 0.1749999999999999334, 0.5000000000000000000 ) ) ;
#806 = CIRCLE ( 'NONE', #1775, 0.1000000000000000472 ) ;
#807 = DIRECTION ( 'NONE',  ( 0.000000000000000000, 0.000000000000000000, -1.000000000000000000 ) ) ;
#808 = ADVANCED_FACE ( 'NONE', ( #64 ), #1888, .T. ) ;
#809 = COLOUR_RGB ( '',0.8509803921568627194, 0.8509803921568627194, 0.8509803921568627194 ) ;
#810 = STYLED_ITEM ( 'NONE', ( #1232 ), #1917 ) ;
#811 = EDGE_CURVE ( 'NONE', #2902, #2022, #1461, .T. ) ;
#812 = AXIS2_PLACEMENT_3D ( 'NONE', #1051, #2961, #1955 ) ;
#813 = CARTESIAN_POINT ( 'NONE',  ( -0.5999999999999999778, 10.12500000000000000, 2.049999999999999822 ) ) ;
#814 = CARTESIAN_POINT ( 'NONE',  ( 0.8000000000000000444, 0.1749999999999999889, 0.000000000000000000 ) ) ;
#815 =( NAMED_UNIT ( * ) PLANE_ANGLE_UNIT ( ) SI_UNIT ( $, .RADIAN. ) );
#816 = STYLED_ITEM ( 'NONE', ( #2278 ), #2707 ) ;
#817 = VERTEX_POINT ( 'NONE', #2106 ) ;
#818 = COLOUR_RGB ( '',0.8509803921568627194, 0.8509803921568627194, 0.8509803921568627194 ) ;
#819 = ORIENTED_EDGE ( 'NONE', *, *, #755, .F. ) ;
#820 = DIRECTION ( 'NONE',  ( 0.000000000000000000, 1.000000000000000000, -2.220446049250000002E-16 ) ) ;
#821 = ORIENTED_EDGE ( 'NONE', *, *, #2524, .F. ) ;
#822 = CARTESIAN_POINT ( 'NONE',  ( 0.5999999999999999778, 9.875000000000000000, -4.900000000000000355 ) ) ;
#823 = AXIS2_PLACEMENT_3D ( 'NONE', #1734, #2638, #2435 ) ;
#824 = CARTESIAN_POINT ( 'NONE',  ( -0.8000000000000000444, -0.1250000000000000000, 2.475304923403999879 ) ) ;
#825 = DIRECTION ( 'NONE',  ( 0.000000000000000000, 0.000000000000000000, 1.000000000000000000 ) ) ;
#826 =( BOUNDED_SURFACE ( )  B_SPLINE_SURFACE ( 3, 3, ( 
 ( #1137, #887, #1388, #2059 ),
 ( #1810, #686, #2539, #2751 ),
 ( #2374, #2839, #946, #104 ),
 ( #1011, #76, #2390, #539 ) ),
 .UNSPECIFIED., .F., .F., .F. ) 
 B_SPLINE_SURFACE_WITH_KNOTS ( ( 4, 4 ),
 ( 4, 4 ),
 ( 0.000000000000000000, 1.000000000000000000 ),
 ( 0.000000000000000000, 1.000000000000000000 ),
 .UNSPECIFIED. ) 
 GEOMETRIC_REPRESENTATION_ITEM ( )  RATIONAL_B_SPLINE_SURFACE ( (
 ( 1.000000000000000000, 0.8571821467137272776, 0.8571821467137272776, 1.000000000000000000),
 ( 0.8047378541244682992, 0.6898069213402100441, 0.6898069213402100441, 0.8047378541244682992),
 ( 0.8047378541244682992, 0.6898069213402100441, 0.6898069213402100441, 0.8047378541244682992),
 ( 1.000000000000000000, 0.8571821467137272776, 0.8571821467137272776, 1.000000000000000000) ) ) 
 REPRESENTATION_ITEM ( '' )  SURFACE ( )  );
#827 = CARTESIAN_POINT ( 'NONE',  ( 0.7874999999999999778, 9.625000000000000000, 2.529256084232000212 ) ) ;
#828 = EDGE_CURVE ( 'NONE', #2279, #1362, #758, .T. ) ;
#829 = CARTESIAN_POINT ( 'NONE',  ( -1.871037674188252398, 10.12499999999999822, 5.285140998591996819 ) ) ;
#830 = DIRECTION ( 'NONE',  ( 0.07571149028238335910, -0.6940219942551790755, -0.7159617599629779505 ) ) ;
#831 = EDGE_CURVE ( 'NONE', #2581, #226, #306, .T. ) ;
#832 = LINE ( 'NONE', #1717, #2699 ) ;
#833 = CARTESIAN_POINT ( 'NONE',  ( -0.6300000000000389733, 9.625000000000000000, 2.723404867385951889 ) ) ;
#834 = ORIENTED_EDGE ( 'NONE', *, *, #312, .T. ) ;
#835 = VERTEX_POINT ( 'NONE', #2858 ) ;
#836 = LINE ( 'NONE', #2676, #1423 ) ;
#837 = EDGE_LOOP ( 'NONE', ( #1045, #11, #243, #1113 ) ) ;
#838 = CARTESIAN_POINT ( 'NONE',  ( 0.1089446784349999975, 9.625000000000000000, 4.745243372614999622 ) ) ;
#839 = DIRECTION ( 'NONE',  ( 0.000000000000000000, 0.000000000000000000, 1.000000000000000000 ) ) ;
#840 = LINE ( 'NONE', #1247, #618 ) ;
#841 = DIRECTION ( 'NONE',  ( -0.000000000000000000, -0.000000000000000000, -1.000000000000000000 ) ) ;
#842 = CARTESIAN_POINT ( 'NONE',  ( 0.000000000000000000, 0.3750000000000000000, 3.500000000000000000 ) ) ;
#843 = EDGE_CURVE ( 'NONE', #2827, #2413, #2061, .T. ) ;
#844 = VECTOR ( 'NONE', #720, 1000.000000000000000 ) ;
#845 = DIRECTION ( 'NONE',  ( 1.000000000000000000, 0.000000000000000000, 0.000000000000000000 ) ) ;
#846 = FILL_AREA_STYLE_COLOUR ( '', #190 ) ;
#847 = EDGE_CURVE ( 'NONE', #150, #1808, #277, .T. ) ;
#848 = ORIENTED_EDGE ( 'NONE', *, *, #2108, .T. ) ;
#849 = EDGE_LOOP ( 'NONE', ( #1080, #2193, #271, #194 ) ) ;
#850 = CARTESIAN_POINT ( 'NONE',  ( 5.096581107012000862E-34, 0.1250000000000000000, -4.900000000000000355 ) ) ;
#851 = PRODUCT_CONTEXT ( 'NONE', #1256, 'mechanical' ) ;
#852 = ORIENTED_EDGE ( 'NONE', *, *, #2265, .T. ) ;
#853 = CARTESIAN_POINT ( 'NONE',  ( 1.651471862576144201, -0.1250000000000000000, 5.700000000000001066 ) ) ;
#854 = CARTESIAN_POINT ( 'NONE',  ( -1.651471862576142424, -0.1250000000000000000, 5.699999999999998401 ) ) ;
#855 = SURFACE_STYLE_USAGE ( .BOTH. , #2477 ) ;
#856 = LINE ( 'NONE', #1280, #1580 ) ;
#857 = CARTESIAN_POINT ( 'NONE',  ( 0.5999999999999999778, 9.775000000000000355, 2.223205080756999852 ) ) ;
#858 = PRESENTATION_LAYER_ASSIGNMENT (  '', '', ( #1967 ) ) ;
#859 = AXIS2_PLACEMENT_3D ( 'NONE', #730, #2587, #2876 ) ;
#860 =( NAMED_UNIT ( * ) SI_UNIT ( $, .STERADIAN. ) SOLID_ANGLE_UNIT ( ) );
#861 =( NAMED_UNIT ( * ) PLANE_ANGLE_UNIT ( ) SI_UNIT ( $, .RADIAN. ) );
#862 = ORIENTED_EDGE ( 'NONE', *, *, #2903, .T. ) ;
#863 =( GEOMETRIC_REPRESENTATION_CONTEXT ( 3 ) GLOBAL_UNCERTAINTY_ASSIGNED_CONTEXT ( ( #2273 ) ) GLOBAL_UNIT_ASSIGNED_CONTEXT ( ( #1846, #2557, #2334 ) ) REPRESENTATION_CONTEXT ( 'NONE', 'WORKASPACE' ) );
#864 = EDGE_CURVE ( 'NONE', #817, #2546, #1772, .T. ) ;
#865 = VECTOR ( 'NONE', #1417, 1000.000000000000000 ) ;
#866 = ORIENTED_EDGE ( 'NONE', *, *, #2456, .F. ) ;
#867 = DIRECTION ( 'NONE',  ( 0.000000000000000000, 0.000000000000000000, 1.000000000000000000 ) ) ;
#868 = DIRECTION ( 'NONE',  ( 1.000000000000000000, 0.000000000000000000, 0.000000000000000000 ) ) ;
#869 = EDGE_CURVE ( 'NONE', #1302, #1969, #2798, .T. ) ;
#870 = CARTESIAN_POINT ( 'NONE',  ( -0.5999999999999999778, 9.875000000000000000, -4.900000000000000355 ) ) ;
#871 =( LENGTH_UNIT ( ) NAMED_UNIT ( * ) SI_UNIT ( .MILLI., .METRE. ) );
#872 = CARTESIAN_POINT ( 'NONE',  ( 0.000000000000000000, 15.00000000000000000, 3.500000000000000000 ) ) ;
#873 = STYLED_ITEM ( 'NONE', ( #2888 ), #54 ) ;
#874 = DIRECTION ( 'NONE',  ( 0.000000000000000000, -1.000000000000000000, 2.220446049250000002E-16 ) ) ;
#875 = CARTESIAN_POINT ( 'NONE',  ( -0.2571428571430000032, 0.1000000000000000056, 2.439711431702999977 ) ) ;
#876 = ORIENTED_EDGE ( 'NONE', *, *, #2562, .F. ) ;
#877 = SURFACE_STYLE_FILL_AREA ( #1601 ) ;
#878 = DIRECTION ( 'NONE',  ( 1.000000000000000000, 0.000000000000000000, 0.000000000000000000 ) ) ;
#879 = ORIENTED_EDGE ( 'NONE', *, *, #2713, .T. ) ;
#880 = CARTESIAN_POINT ( 'NONE',  ( 2.000000000000000000, 10.02500000000000036, 5.099999999999999645 ) ) ;
#881 = CARTESIAN_POINT ( 'NONE',  ( 0.8000000000000003775, 0.1750000000000799250, 1.865211338898893123 ) ) ;
#882 = ORIENTED_EDGE ( 'NONE', *, *, #407, .F. ) ;
#883 = ADVANCED_FACE ( 'NONE', ( #2890 ), #1477, .F. ) ;
#884 =( LENGTH_UNIT ( ) NAMED_UNIT ( * ) SI_UNIT ( .MILLI., .METRE. ) );
#885 = CARTESIAN_POINT ( 'NONE',  ( 1.899999999999999689, 10.12500000000000000, 5.099999999999999645 ) ) ;
#886 = ORIENTED_EDGE ( 'NONE', *, *, #1562, .T. ) ;
#887 = CARTESIAN_POINT ( 'NONE',  ( 0.4724240176965782689, 0.1750000000000000444, 1.331490717000098467 ) ) ;
#888 = CARTESIAN_POINT ( 'NONE',  ( 2.000000000000000000, -0.02500000000000053221, 5.099999999999999645 ) ) ;
#889 = UNCERTAINTY_MEASURE_WITH_UNIT (LENGTH_MEASURE( 1.000000000000000082E-05 ), #871, 'distance_accuracy_value', 'NONE');
#890 = ORIENTED_EDGE ( 'NONE', *, *, #1733, .T. ) ;
#891 = DIRECTION ( 'NONE',  ( -0.000000000000000000, -1.000000000000000000, -0.000000000000000000 ) ) ;
#892 = CARTESIAN_POINT ( 'NONE',  ( 0.7999999999999994893, 9.824999999999999289, 1.666969722017999533 ) ) ;
#893 = DIRECTION ( 'NONE',  ( 0.000000000000000000, -1.000000000000000000, 2.220446049250000002E-16 ) ) ;
#894 = ORIENTED_EDGE ( 'NONE', *, *, #30, .T. ) ;
#895 = LINE ( 'NONE', #476, #2326 ) ;
#896 = AXIS2_PLACEMENT_3D ( 'NONE', #338, #620, #1091 ) ;
#897 = CARTESIAN_POINT ( 'NONE',  ( 1.850851810743702197, 10.12500000000000178, 5.338547435495663684 ) ) ;
#898 = EDGE_CURVE ( 'NONE', #2968, #817, #1475, .T. ) ;
#899 = AXIS2_PLACEMENT_3D ( 'NONE', #2493, #1838, #2534 ) ;
#900 = SURFACE_SIDE_STYLE ('',( #2072 ) ) ;
#901 = PRESENTATION_STYLE_ASSIGNMENT (( #2252 ) ) ;
#902 = CIRCLE ( 'NONE', #2225, 1.000000000000000000 ) ;
#903 = ADVANCED_FACE ( 'NONE', ( #2467 ), #2639, .T. ) ;
#904 = ORIENTED_EDGE ( 'NONE', *, *, #403, .T. ) ;
#905 = DIRECTION ( 'NONE',  ( 0.000000000000000000, 1.000000000000000000, -2.220446049250000002E-16 ) ) ;
#906 = DIRECTION ( 'NONE',  ( 0.000000000000000000, -1.000000000000000000, 0.000000000000000000 ) ) ;
#907 = VECTOR ( 'NONE', #2052, 1000.000000000000000 ) ;
#908 = VERTEX_POINT ( 'NONE', #1077 ) ;
#909 = PRESENTATION_LAYER_ASSIGNMENT (  '', '', ( #14 ) ) ;
#910 = CARTESIAN_POINT ( 'NONE',  ( 0.5999999999999999778, 0.1250000000000000000, -4.900000000000000355 ) ) ;
#911 =( LENGTH_UNIT ( ) NAMED_UNIT ( * ) SI_UNIT ( .MILLI., .METRE. ) );
#912 = CARTESIAN_POINT ( 'NONE',  ( 0.6300000000000388622, 9.625000000000000000, 2.723404867385951889 ) ) ;
#913 = AXIS2_PLACEMENT_3D ( 'NONE', #1636, #692, #2806 ) ;
#914 = ORIENTED_EDGE ( 'NONE', *, *, #1436, .T. ) ;
#915 = LINE ( 'NONE', #1837, #952 ) ;
#916 =( NAMED_UNIT ( * ) PLANE_ANGLE_UNIT ( ) SI_UNIT ( $, .RADIAN. ) );
#917 = ADVANCED_FACE ( 'NONE', ( #161 ), #2483, .F. ) ;
#918 = PRESENTATION_STYLE_ASSIGNMENT (( #2494 ) ) ;
#919 = CLOSED_SHELL ( 'NONE', ( #2013, #1092, #13, #571, #2492, #1785, #1270, #2188, #54, #2897, #337, #917, #973, #1980, #387, #279, #158, #2172, #102, #2650, #969, #1917, #1397, #212, #2707, #808, #2051, #1618, #2920, #246, #1323, #2687, #688 ) ) ;
#920 = EDGE_CURVE ( 'NONE', #475, #1876, #832, .T. ) ;
#921 = ORIENTED_EDGE ( 'NONE', *, *, #2541, .T. ) ;
#922 = CARTESIAN_POINT ( 'NONE',  ( 0.8000000000000000444, -0.1250000000000000000, 5.700000000000000178 ) ) ;
#923 = DIRECTION ( 'NONE',  ( 1.000000000000000000, -1.224646799146999945E-16, 0.000000000000000000 ) ) ;
#924 = ORIENTED_EDGE ( 'NONE', *, *, #2541, .F. ) ;
#925 = PRESENTATION_STYLE_ASSIGNMENT (( #1142 ) ) ;
#926 = CARTESIAN_POINT ( 'NONE',  ( -1.900000000000000133, 10.02500000000000036, 5.099999999999999645 ) ) ;
#927 = ORIENTED_EDGE ( 'NONE', *, *, #509, .F. ) ;
#928 = LINE ( 'NONE', #1204, #96 ) ;
#929 = CARTESIAN_POINT ( 'NONE',  ( 1.530808498934000149E-17, 10.12500000000000000, -1.601916297467000039 ) ) ;
#930 = CARTESIAN_POINT ( 'NONE',  ( 1.899999999999999911, -0.1250000000000000000, 5.099999999999999645 ) ) ;
#931 = FILL_AREA_STYLE_COLOUR ( '', #1239 ) ;
#932 = EDGE_CURVE ( 'NONE', #1683, #399, #2014, .T. ) ;
#933 = ORIENTED_EDGE ( 'NONE', *, *, #2475, .T. ) ;
#934 = CARTESIAN_POINT ( 'NONE',  ( 0.000000000000000000, 15.00000000000000000, 3.500000000000000000 ) ) ;
#935 = CARTESIAN_POINT ( 'NONE',  ( -1.000000000000000000, 5.000000000000000000, 0.000000000000000000 ) ) ;
#936 = EDGE_CURVE ( 'NONE', #2348, #313, #577, .T. ) ;
#937 = STYLED_ITEM ( 'NONE', ( #2899 ), #246 ) ;
#938 = EDGE_LOOP ( 'NONE', ( #2470, #1575, #1795, #596, #2830 ) ) ;
#939 = DIRECTION ( 'NONE',  ( -1.000000000000000000, 0.000000000000000000, 0.000000000000000000 ) ) ;
#940 = ORIENTED_EDGE ( 'NONE', *, *, #1883, .T. ) ;
#941 = DIRECTION ( 'NONE',  ( 0.000000000000000000, -1.000000000000000000, 2.220446049250000002E-16 ) ) ;
#942 = CYLINDRICAL_SURFACE ( 'NONE', #2511, 0.5999999999999998668 ) ;
#943 = CARTESIAN_POINT ( 'NONE',  ( -0.4787740266520000287, 9.625000000000000000, 2.600725289304000043 ) ) ;
#944 = MECHANICAL_DESIGN_GEOMETRIC_PRESENTATION_REPRESENTATION (  '', ( #466 ), #1096 ) ;
#945 = ORIENTED_EDGE ( 'NONE', *, *, #1693, .T. ) ;
#946 = CARTESIAN_POINT ( 'NONE',  ( -0.3182778731002745554, 0.4649494936613093321, 2.092956161897154832 ) ) ;
#947 = CARTESIAN_POINT ( 'NONE',  ( 0.5999999999999999778, 9.675000000000000711, 2.049999999999999822 ) ) ;
#948 = CIRCLE ( 'NONE', #57, 1.000000000000000000 ) ;
#949 = VERTEX_POINT ( 'NONE', #1703 ) ;
#950 = FACE_OUTER_BOUND ( 'NONE', #430, .T. ) ;
#951 = EDGE_CURVE ( 'NONE', #250, #475, #2685, .T. ) ;
#952 = VECTOR ( 'NONE', #2648, 1000.000000000000000 ) ;
#953 = DIRECTION ( 'NONE',  ( 0.000000000000000000, -0.5000000000001900702, -0.8660254037843289066 ) ) ;
#954 = CYLINDRICAL_SURFACE ( 'NONE', #2965, 0.4499999999999999001 ) ;
#955 = VECTOR ( 'NONE', #2712, 1000.000000000000000 ) ;
#956 = ORIENTED_EDGE ( 'NONE', *, *, #2959, .T. ) ;
#957 = FACE_OUTER_BOUND ( 'NONE', #640, .T. ) ;
#958 = CIRCLE ( 'NONE', #384, 0.7000000000000000666 ) ;
#959 =( LENGTH_UNIT ( ) NAMED_UNIT ( * ) SI_UNIT ( .MILLI., .METRE. ) );
#960 = LINE ( 'NONE', #502, #374 ) ;
#961 = VECTOR ( 'NONE', #1032, 1000.000000000000000 ) ;
#962 = STYLED_ITEM ( 'NONE', ( #2797 ), #13 ) ;
#963 = ORIENTED_EDGE ( 'NONE', *, *, #2215, .T. ) ;
#964 = CARTESIAN_POINT ( 'NONE',  ( -0.7999999999999998224, 0.2448023022952174610, 2.058868970263393550 ) ) ;
#965 = CARTESIAN_POINT ( 'NONE',  ( 1.899999999999999911, -0.1250000000000000000, 5.099999999999999645 ) ) ;
#966 = EDGE_LOOP ( 'NONE', ( #1136, #2044, #2405, #1750, #1394, #2270 ) ) ;
#967 = PLANE ( 'NONE',  #2573 ) ;
#968 = DIRECTION ( 'NONE',  ( -0.000000000000000000, -1.000000000000000000, 0.000000000000000000 ) ) ;
#969 = ADVANCED_FACE ( 'NONE', ( #353 ), #2889, .F. ) ;
#970 = ORIENTED_EDGE ( 'NONE', *, *, #2861, .T. ) ;
#971 = DIRECTION ( 'NONE',  ( 1.000000000000000000, 0.000000000000000000, -0.000000000000000000 ) ) ;
#972 = CARTESIAN_POINT ( 'NONE',  ( -0.6300000000000383071, 0.3750000000000000000, 2.723404867385952777 ) ) ;
#973 = ADVANCED_FACE ( 'NONE', ( #697 ), #2495, .F. ) ;
#974 = DIRECTION ( 'NONE',  ( -0.000000000000000000, -0.000000000000000000, -1.000000000000000000 ) ) ;
#975 = FACE_OUTER_BOUND ( 'NONE', #723, .T. ) ;
#976 = ORIENTED_EDGE ( 'NONE', *, *, #2990, .T. ) ;
#977 = DIRECTION ( 'NONE',  ( 0.000000000000000000, 0.000000000000000000, 1.000000000000000000 ) ) ;
#978 = ORIENTED_EDGE ( 'NONE', *, *, #2985, .T. ) ;
#979 = CARTESIAN_POINT ( 'NONE',  ( -0.9883682867105703096, 9.824999999999819877, 2.254581386754763273 ) ) ;
#980 = CARTESIAN_POINT ( 'NONE',  ( -0.7999999999999999334, -0.1250000000000000833, 0.5000000000000000000 ) ) ;
#981 =( LENGTH_UNIT ( ) NAMED_UNIT ( * ) SI_UNIT ( .MILLI., .METRE. ) );
#982 = ORIENTED_EDGE ( 'NONE', *, *, #2838, .T. ) ;
#983 = STYLED_ITEM ( 'NONE', ( #2551 ), #172 ) ;
#984 =( LENGTH_UNIT ( ) NAMED_UNIT ( * ) SI_UNIT ( .MILLI., .METRE. ) );
#985 = MECHANICAL_DESIGN_GEOMETRIC_PRESENTATION_REPRESENTATION (  '', ( #1418 ), #2550 ) ;
#986 = DIRECTION ( 'NONE',  ( -0.000000000000000000, 1.000000000000000000, 0.000000000000000000 ) ) ;
#987 = MECHANICAL_DESIGN_GEOMETRIC_PRESENTATION_REPRESENTATION (  '', ( #1616 ), #322 ) ;
#988 = EDGE_CURVE ( 'NONE', #2546, #1362, #650, .T. ) ;
#989 = FACE_OUTER_BOUND ( 'NONE', #837, .T. ) ;
#990 = STYLED_ITEM ( 'NONE', ( #991 ), #808 ) ;
#991 = PRESENTATION_STYLE_ASSIGNMENT (( #1647 ) ) ;
#992 = FACE_OUTER_BOUND ( 'NONE', #669, .T. ) ;
#993 = AXIS2_PLACEMENT_3D ( 'NONE', #1503, #2964, #1793 ) ;
#994 = VERTEX_POINT ( 'NONE', #465 ) ;
#995 = FILL_AREA_STYLE ('',( #2619 ) ) ;
#996 =( NAMED_UNIT ( * ) SI_UNIT ( $, .STERADIAN. ) SOLID_ANGLE_UNIT ( ) );
#997 = VECTOR ( 'NONE', #1279, 1000.000000000000000 ) ;
#998 = CARTESIAN_POINT ( 'NONE',  ( 0.000000000000000000, 0.3750000000000002220, 3.500000000000000000 ) ) ;
#999 = ORIENTED_EDGE ( 'NONE', *, *, #2248, .T. ) ;
#1000 =( GEOMETRIC_REPRESENTATION_CONTEXT ( 3 ) GLOBAL_UNCERTAINTY_ASSIGNED_CONTEXT ( ( #1890 ) ) GLOBAL_UNIT_ASSIGNED_CONTEXT ( ( #1718, #815, #148 ) ) REPRESENTATION_CONTEXT ( 'NONE', 'WORKASPACE' ) );
#1001 = PRESENTATION_STYLE_ASSIGNMENT (( #2822 ) ) ;
#1002 = PRESENTATION_STYLE_ASSIGNMENT (( #1501 ) ) ;
#1003 = VECTOR ( 'NONE', #2069, 1000.000000000000000 ) ;
#1004 = DIRECTION ( 'NONE',  ( -0.07571149028238323420, -0.6940219942551801857, 0.7159617599629768403 ) ) ;
#1005 = PRESENTATION_LAYER_ASSIGNMENT (  '', '', ( #1974 ) ) ;
#1006 = CARTESIAN_POINT ( 'NONE',  ( 0.000000000000000000, 0.3749999999999999445, 2.500000000000000000 ) ) ;
#1007 = MECHANICAL_DESIGN_GEOMETRIC_PRESENTATION_REPRESENTATION (  '', ( #63 ), #1344 ) ;
#1008 = EDGE_CURVE ( 'NONE', #2553, #1696, #1135, .T. ) ;
#1009 = LINE ( 'NONE', #363, #2670 ) ;
#1010 = CIRCLE ( 'NONE', #2031, 1.300000000000000044 ) ;
#1011 = CARTESIAN_POINT ( 'NONE',  ( 0.8000000000002426281, 0.8750000000000002220, 2.475304923404229474 ) ) ;
#1012 = CARTESIAN_POINT ( 'NONE',  ( 1.000000000000000000, -0.1250000000000001110, 0.5000000000000000000 ) ) ;
#1013 = EDGE_CURVE ( 'NONE', #1688, #1683, #1807, .T. ) ;
#1014 = VERTEX_POINT ( 'NONE', #2310 ) ;
#1015 = CARTESIAN_POINT ( 'NONE',  ( 0.3850864465045439333, 9.824999999999818101, 1.775814944317934740 ) ) ;
#1016 = LINE ( 'NONE', #2601, #1960 ) ;
#1017 = DIRECTION ( 'NONE',  ( 0.000000000000000000, 0.000000000000000000, 1.000000000000000000 ) ) ;
#1018 = UNCERTAINTY_MEASURE_WITH_UNIT (LENGTH_MEASURE( 1.000000000000000082E-05 ), #984, 'distance_accuracy_value', 'NONE');
#1019 = ORIENTED_EDGE ( 'NONE', *, *, #1218, .F. ) ;
#1020 = PLANE ( 'NONE',  #2860 ) ;
#1021 =( LENGTH_UNIT ( ) NAMED_UNIT ( * ) SI_UNIT ( .MILLI., .METRE. ) );
#1022 = CARTESIAN_POINT ( 'NONE',  ( 1.300000000000000266, 10.12500000000000000, 5.700000000000000178 ) ) ;
#1023 = LINE ( 'NONE', #2152, #668 ) ;
#1024 = CARTESIAN_POINT ( 'NONE',  ( 1.899999999999999689, 10.12500000000000000, 5.099999999999998757 ) ) ;
#1025 = FACE_OUTER_BOUND ( 'NONE', #1708, .T. ) ;
#1026 = CARTESIAN_POINT ( 'NONE',  ( -0.8000000000000000444, 0.1750000000000798417, 1.865038188408050024 ) ) ;
#1027 = CARTESIAN_POINT ( 'NONE',  ( -1.300000000000000266, 10.02500000000000036, 5.700000000000000178 ) ) ;
#1028 = ORIENTED_EDGE ( 'NONE', *, *, #2507, .T. ) ;
#1029 = ORIENTED_EDGE ( 'NONE', *, *, #2786, .F. ) ;
#1030 = CARTESIAN_POINT ( 'NONE',  ( -0.1089446784349999975, 9.625000000000000000, 4.745243372614999622 ) ) ;
#1031 = EDGE_CURVE ( 'NONE', #2555, #1272, #2368, .T. ) ;
#1032 = DIRECTION ( 'NONE',  ( -0.000000000000000000, 0.000000000000000000, -1.000000000000000000 ) ) ;
#1033 = ORIENTED_EDGE ( 'NONE', *, *, #1035, .F. ) ;
#1034 = LINE ( 'NONE', #1774, #2426 ) ;
#1035 = EDGE_CURVE ( 'NONE', #1876, #1421, #2836, .T. ) ;
#1036 = CARTESIAN_POINT ( 'NONE',  ( -1.899999999999999911, -0.1250000000000000000, 5.099999999999999645 ) ) ;
#1037 = VECTOR ( 'NONE', #2415, 1000.000000000000000 ) ;
#1038 = CARTESIAN_POINT ( 'NONE',  ( -0.6149999999999999911, 9.762500000000001066, 2.581558149544499692 ) ) ;
#1039 = CARTESIAN_POINT ( 'NONE',  ( -1.647845043507614404, 10.12500000000000178, 5.592049913600495969 ) ) ;
#1040 =( NAMED_UNIT ( * ) PLANE_ANGLE_UNIT ( ) SI_UNIT ( $, .RADIAN. ) );
#1041 = SURFACE_STYLE_FILL_AREA ( #132 ) ;
#1042 = LINE ( 'NONE', #2940, #239 ) ;
#1043 = ORIENTED_EDGE ( 'NONE', *, *, #392, .T. ) ;
#1044 = COLOUR_RGB ( '',0.8509803921568627194, 0.8509803921568627194, 0.8509803921568627194 ) ;
#1045 = ORIENTED_EDGE ( 'NONE', *, *, #2786, .T. ) ;
#1046 = CARTESIAN_POINT ( 'NONE',  ( 0.000000000000000000, 0.3750000000000000000, 3.500000000000000000 ) ) ;
#1047 = DIRECTION ( 'NONE',  ( 0.000000000000000000, 2.502005013428087080E-16, 1.000000000000000000 ) ) ;
#1048 = CIRCLE ( 'NONE', #1104, 0.5999999999999998668 ) ;
#1049 = ORIENTED_EDGE ( 'NONE', *, *, #2094, .F. ) ;
#1050 = ADVANCED_FACE ( 'NONE', ( #2153 ), #2728, .T. ) ;
#1051 = CARTESIAN_POINT ( 'NONE',  ( -1.899999999999999911, 10.02500000000000036, 0.000000000000000000 ) ) ;
#1052 = AXIS2_PLACEMENT_3D ( 'NONE', #1756, #220, #2695 ) ;
#1053 = CARTESIAN_POINT ( 'NONE',  ( -1.530808498934000149E-17, 9.875000000000000000, -4.900000000000000355 ) ) ;
#1054 = FACE_OUTER_BOUND ( 'NONE', #1467, .T. ) ;
#1055 = AXIS2_PLACEMENT_3D ( 'NONE', #1027, #2673, #796 ) ;
#1056 = ORIENTED_EDGE ( 'NONE', *, *, #526, .T. ) ;
#1057 = EDGE_CURVE ( 'NONE', #908, #1695, #1573, .T. ) ;
#1058 = SURFACE_SIDE_STYLE ('',( #1777 ) ) ;
#1059 = FILL_AREA_STYLE_COLOUR ( '', #1964 ) ;
#1060 = VECTOR ( 'NONE', #2301, 1000.000000000000000 ) ;
#1061 = DIRECTION ( 'NONE',  ( 0.000000000000000000, 0.000000000000000000, -1.000000000000000000 ) ) ;
#1062 = DIRECTION ( 'NONE',  ( 6.357583154712000628E-33, 1.000000000000000000, -2.285779357681999831E-16 ) ) ;
#1063 = COLOUR_RGB ( '',0.8509803921568627194, 0.8509803921568627194, 0.8509803921568627194 ) ;
#1064 = ORIENTED_EDGE ( 'NONE', *, *, #249, .F. ) ;
#1065 = VECTOR ( 'NONE', #2113, 1000.000000000000000 ) ;
#1066 = ORIENTED_EDGE ( 'NONE', *, *, #1801, .F. ) ;
#1067 = DIRECTION ( 'NONE',  ( 0.000000000000000000, 1.000000000000000000, -2.220446049250000002E-16 ) ) ;
#1068 = ORIENTED_EDGE ( 'NONE', *, *, #547, .T. ) ;
#1069 = DIRECTION ( 'NONE',  ( 1.000000000000000000, 0.000000000000000000, -0.000000000000000000 ) ) ;
#1070 =( NAMED_UNIT ( * ) SI_UNIT ( $, .STERADIAN. ) SOLID_ANGLE_UNIT ( ) );
#1071 = DIRECTION ( 'NONE',  ( -1.000000000000000000, 1.224646799146999945E-16, 0.000000000000000000 ) ) ;
#1072 = EDGE_CURVE ( 'NONE', #2581, #1510, #960, .T. ) ;
#1073 = CARTESIAN_POINT ( 'NONE',  ( -0.5999999999999999778, -0.1249999999999995975, 2.049999999999999822 ) ) ;
#1074 = CARTESIAN_POINT ( 'NONE',  ( 1.900000000000000355, 10.12500000000000000, 5.451471862576139138 ) ) ;
#1075 = EDGE_CURVE ( 'NONE', #949, #2882, #1444, .T. ) ;
#1076 = DIRECTION ( 'NONE',  ( 0.000000000000000000, -1.000000000000000000, -0.000000000000000000 ) ) ;
#1077 = CARTESIAN_POINT ( 'NONE',  ( 0.7874999999999253708, 0.3749999999999997780, 2.529256084232091695 ) ) ;
#1078 = PLANE ( 'NONE',  #1871 ) ;
#1079 = ORIENTED_EDGE ( 'NONE', *, *, #1549, .T. ) ;
#1080 = ORIENTED_EDGE ( 'NONE', *, *, #2668, .T. ) ;
#1081 = PRODUCT_DEFINITION_CONTEXT ( 'detailed design', #1558, 'design' ) ;
#1082 = VERTEX_POINT ( 'NONE', #2123 ) ;
#1083 = DIRECTION ( 'NONE',  ( 0.000000000000000000, 0.000000000000000000, 1.000000000000000000 ) ) ;
#1084 = SURFACE_STYLE_FILL_AREA ( #2947 ) ;
#1085 = CARTESIAN_POINT ( 'NONE',  ( -1.900000000000000577, 10.12500000000000000, 5.099999999999999645 ) ) ;
#1086 = CARTESIAN_POINT ( 'NONE',  ( 0.7999999999999999334, 0.2439155966392513308, 2.057619388578312059 ) ) ;
#1087 = CYLINDRICAL_SURFACE ( 'NONE', #2424, 1.249999999999999778 ) ;
#1088 = CARTESIAN_POINT ( 'NONE',  ( 0.7874999999999262590, 9.625000000000000000, 2.529256084232091695 ) ) ;
#1089 = ADVANCED_FACE ( 'NONE', ( #975 ), #2709, .T. ) ;
#1090 = B_SPLINE_SURFACE_WITH_KNOTS ( 'NONE', 1, 1, ( 
 ( #343, #90 ),
 ( #1662, #1434 ) ),
 .UNSPECIFIED., .F., .F., .F.,
 ( 2, 2 ),
 ( 2, 2 ),
 ( 0.000000000000000000, 0.2500000000000000000 ),
 ( 0.000000000000000000, 1.000000000000000000 ),
 .UNSPECIFIED. ) ;
#1091 = DIRECTION ( 'NONE',  ( 0.000000000000000000, 0.000000000000000000, 1.000000000000000000 ) ) ;
#1092 = ADVANCED_FACE ( 'NONE', ( #1915 ), #1233, .F. ) ;
#1093 = ORIENTED_EDGE ( 'NONE', *, *, #1413, .T. ) ;
#1094 =( GEOMETRIC_REPRESENTATION_CONTEXT ( 3 ) GLOBAL_UNCERTAINTY_ASSIGNED_CONTEXT ( ( #2087 ) ) GLOBAL_UNIT_ASSIGNED_CONTEXT ( ( #153, #137, #1524 ) ) REPRESENTATION_CONTEXT ( 'NONE', 'WORKASPACE' ) );
#1095 = SURFACE_STYLE_USAGE ( .BOTH. , #2471 ) ;
#1096 =( GEOMETRIC_REPRESENTATION_CONTEXT ( 3 ) GLOBAL_UNCERTAINTY_ASSIGNED_CONTEXT ( ( #1682 ) ) GLOBAL_UNIT_ASSIGNED_CONTEXT ( ( #1856, #2271, #1154 ) ) REPRESENTATION_CONTEXT ( 'NONE', 'WORKASPACE' ) );
#1097 = ORIENTED_EDGE ( 'NONE', *, *, #2475, .F. ) ;
#1098 = DIRECTION ( 'NONE',  ( -0.000000000000000000, 1.000000000000000000, 0.000000000000000000 ) ) ;
#1099 = VECTOR ( 'NONE', #2669, 1000.000000000000000 ) ;
#1100 = DIRECTION ( 'NONE',  ( -1.000000000000000000, -8.809142651444719582E-16, 0.000000000000000000 ) ) ;
#1101 = VECTOR ( 'NONE', #74, 1000.000000000000000 ) ;
#1102 = CARTESIAN_POINT ( 'NONE',  ( 0.6300000000000000044, 9.625000000000000000, 2.723404867385999850 ) ) ;
#1103 = LINE ( 'NONE', #2763, #2700 ) ;
#1104 = AXIS2_PLACEMENT_3D ( 'NONE', #1610, #2250, #171 ) ;
#1105 = DIRECTION ( 'NONE',  ( -0.000000000000000000, -1.000000000000000000, 2.220446049250000002E-16 ) ) ;
#1106 = DIRECTION ( 'NONE',  ( 0.000000000000000000, 2.198480045797000147E-16, 1.000000000000000000 ) ) ;
#1107 = ADVANCED_FACE ( 'NONE', ( #1489 ), #2062, .T. ) ;
#1108 = ORIENTED_EDGE ( 'NONE', *, *, #317, .T. ) ;
#1109 =( GEOMETRIC_REPRESENTATION_CONTEXT ( 3 ) GLOBAL_UNCERTAINTY_ASSIGNED_CONTEXT ( ( #236 ) ) GLOBAL_UNIT_ASSIGNED_CONTEXT ( ( #2118, #1439, #2869 ) ) REPRESENTATION_CONTEXT ( 'NONE', 'WORKASPACE' ) );
#1110 = FACE_OUTER_BOUND ( 'NONE', #1122, .T. ) ;
#1111 = EDGE_CURVE ( 'NONE', #1953, #505, #1230, .T. ) ;
#1112 = AXIS2_PLACEMENT_3D ( 'NONE', #38, #2351, #1880 ) ;
#1113 = ORIENTED_EDGE ( 'NONE', *, *, #2251, .T. ) ;
#1114 = CARTESIAN_POINT ( 'NONE',  ( -0.8000000000000000444, 9.824999999999999289, 1.666969722017999977 ) ) ;
#1115 = DIRECTION ( 'NONE',  ( 0.000000000000000000, -0.000000000000000000, 1.000000000000000000 ) ) ;
#1116 = AXIS2_PLACEMENT_3D ( 'NONE', #2178, #2645, #111 ) ;
#1117 =( NAMED_UNIT ( * ) SI_UNIT ( $, .STERADIAN. ) SOLID_ANGLE_UNIT ( ) );
#1118 = VERTEX_POINT ( 'NONE', #2653 ) ;
#1119 = CARTESIAN_POINT ( 'NONE',  ( -1.000000000000000000, -0.1250000000000001110, 0.000000000000000000 ) ) ;
#1120 = CARTESIAN_POINT ( 'NONE',  ( 1.822855970527693881, 10.12500000000000000, 5.395207377184918052 ) ) ;
#1121 = CARTESIAN_POINT ( 'NONE',  ( 0.2823831450787633313, 0.1750000000000000722, 1.441063205954953963 ) ) ;
#1122 = EDGE_LOOP ( 'NONE', ( #1066, #2192, #2125, #797 ) ) ;
#1123 = DIRECTION ( 'NONE',  ( -0.000000000000000000, -0.000000000000000000, 1.000000000000000000 ) ) ;
#1124 = VERTEX_POINT ( 'NONE', #1006 ) ;
#1125 = LINE ( 'NONE', #222, #2520 ) ;
#1126 = EDGE_CURVE ( 'NONE', #2155, #1082, #1714, .T. ) ;
#1127 = CARTESIAN_POINT ( 'NONE',  ( 0.8000000000000000444, -0.02500000000000000139, 5.700000000000000178 ) ) ;
#1128 = MANIFOLD_SOLID_BREP ( 'Imported2', #2433 ) ;
#1129 = LINE ( 'NONE', #1557, #2378 ) ;
#1130 = EDGE_LOOP ( 'NONE', ( #1108, #1318, #2729, #866 ) ) ;
#1131 = DIRECTION ( 'NONE',  ( 0.000000000000000000, 2.198480045797000147E-16, 1.000000000000000000 ) ) ;
#1132 = EDGE_CURVE ( 'NONE', #1168, #771, #2318, .T. ) ;
#1133 = CARTESIAN_POINT ( 'NONE',  ( -0.6937499999999998668, 0.3000000000000000444, 2.376230582494500254 ) ) ;
#1134 = CARTESIAN_POINT ( 'NONE',  ( -0.8000000000000000444, -0.1250000000000000000, 0.000000000000000000 ) ) ;
#1135 = LINE ( 'NONE', #2267, #2559 ) ;
#1136 = ORIENTED_EDGE ( 'NONE', *, *, #2959, .F. ) ;
#1137 = CARTESIAN_POINT ( 'NONE',  ( 1.230769230769415135, 0.1750000000000000167, 1.923546036006749338 ) ) ;
#1138 = CARTESIAN_POINT ( 'NONE',  ( 1.300000000000000266, 10.12500000000000000, 5.099999999999999645 ) ) ;
#1139 = CIRCLE ( 'NONE', #320, 0.1000000000000000472 ) ;
#1140 = UNCERTAINTY_MEASURE_WITH_UNIT (LENGTH_MEASURE( 1.000000000000000082E-05 ), #1923, 'distance_accuracy_value', 'NONE');
#1141 = ORIENTED_EDGE ( 'NONE', *, *, #136, .T. ) ;
#1142 = SURFACE_STYLE_USAGE ( .BOTH. , #2047 ) ;
#1143 = SURFACE_STYLE_FILL_AREA ( #240 ) ;
#1144 = DIRECTION ( 'NONE',  ( 0.000000000000000000, -0.000000000000000000, 1.000000000000000000 ) ) ;
#1145 = EDGE_CURVE ( 'NONE', #2710, #1153, #1866, .T. ) ;
#1146 = ORIENTED_EDGE ( 'NONE', *, *, #2942, .F. ) ;
#1147 = ADVANCED_FACE ( 'NONE', ( #2504 ), #2719, .F. ) ;
#1148 = VECTOR ( 'NONE', #29, 1000.000000000000000 ) ;
#1149 = CARTESIAN_POINT ( 'NONE',  ( -0.4285714285710000016, 9.900000000000000355, 2.439711431702999977 ) ) ;
#1150 = CIRCLE ( 'NONE', #2563, 0.7000000000000000666 ) ;
#1151 = CARTESIAN_POINT ( 'NONE',  ( 0.08571428571429000332, 0.1000000000000000056, 2.439711431702999977 ) ) ;
#1152 = VECTOR ( 'NONE', #1447, 1000.000000000000114 ) ;
#1153 = VERTEX_POINT ( 'NONE', #2989 ) ;
#1154 =( NAMED_UNIT ( * ) SI_UNIT ( $, .STERADIAN. ) SOLID_ANGLE_UNIT ( ) );
#1155 = LINE ( 'NONE', #2752, #2607 ) ;
#1156 = AXIS2_PLACEMENT_3D ( 'NONE', #41, #460, #1131 ) ;
#1157 = ORIENTED_EDGE ( 'NONE', *, *, #1413, .F. ) ;
#1158 = CARTESIAN_POINT ( 'NONE',  ( 0.000000000000000000, 9.824999999999999289, 3.500000000000001332 ) ) ;
#1159 = EDGE_LOOP ( 'NONE', ( #1202, #1320, #2943, #1632 ) ) ;
#1160 = AXIS2_PLACEMENT_3D ( 'NONE', #2945, #2241, #878 ) ;
#1161 = EDGE_CURVE ( 'NONE', #1401, #2359, #542, .T. ) ;
#1162 = PLANE ( 'NONE',  #1440 ) ;
#1163 = AXIS2_PLACEMENT_3D ( 'NONE', #1839, #2780, #1314 ) ;
#1164 = EDGE_CURVE ( 'NONE', #511, #1553, #1551, .T. ) ;
#1165 = SURFACE_STYLE_FILL_AREA ( #2857 ) ;
#1166 = CARTESIAN_POINT ( 'NONE',  ( -0.7999999999999907185, 9.824999999999999289, 4.524695076595968146 ) ) ;
#1167 = CARTESIAN_POINT ( 'NONE',  ( -0.1089446784349689806, 9.625000000000000000, 4.745243372614645239 ) ) ;
#1168 = VERTEX_POINT ( 'NONE', #1577 ) ;
#1169 = DIRECTION ( 'NONE',  ( 0.000000000000000000, 0.000000000000000000, -1.000000000000000000 ) ) ;
#1170 =( LENGTH_UNIT ( ) NAMED_UNIT ( * ) SI_UNIT ( .MILLI., .METRE. ) );
#1171 = DIRECTION ( 'NONE',  ( -0.000000000000000000, -0.000000000000000000, -1.000000000000000000 ) ) ;
#1172 = LINE ( 'NONE', #446, #101 ) ;
#1173 = CARTESIAN_POINT ( 'NONE',  ( 0.3745964195050000001, 9.625000000000000000, 2.265503032419000196 ) ) ;
#1174 = LINE ( 'NONE', #2567, #1731 ) ;
#1175 = CARTESIAN_POINT ( 'NONE',  ( -1.710050506338833820, -0.08357864376269090456, 5.800000000000000711 ) ) ;
#1176 = ADVANCED_FACE ( 'NONE', ( #2307 ), #663, .T. ) ;
#1177 = ORIENTED_EDGE ( 'NONE', *, *, #811, .T. ) ;
#1178 = DIRECTION ( 'NONE',  ( 0.000000000000000000, 1.000000000000000000, 0.000000000000000000 ) ) ;
#1179 = PLANE ( 'NONE',  #2852 ) ;
#1180 = EDGE_LOOP ( 'NONE', ( #2597, #647, #66, #1721, #2681 ) ) ;
#1181 = CARTESIAN_POINT ( 'NONE',  ( 1.300000000000000266, -0.02500000000000000139, 5.700000000000000178 ) ) ;
#1182 = COLOUR_RGB ( '',0.8509803921568627194, 0.8509803921568627194, 0.8509803921568627194 ) ;
#1183 = DIRECTION ( 'NONE',  ( -1.000000000000000000, 1.224646799146999945E-16, 2.694222958123399325E-32 ) ) ;
#1184 = CARTESIAN_POINT ( 'NONE',  ( 1.000000000000000000, 15.00000000000000000, 0.000000000000000000 ) ) ;
#1185 = ORIENTED_EDGE ( 'NONE', *, *, #2765, .F. ) ;
#1186 = CARTESIAN_POINT ( 'NONE',  ( -7.476249324075000202E-18, -0.02499999999999984873, 5.799999999999999822 ) ) ;
#1187 = AXIS2_PLACEMENT_3D ( 'NONE', #2912, #2497, #2453 ) ;
#1188 = PRESENTATION_STYLE_ASSIGNMENT (( #1217 ) ) ;
#1189 = CARTESIAN_POINT ( 'NONE',  ( 0.4787740266520000287, 9.625000000000000000, 2.600725289304000043 ) ) ;
#1190 = CIRCLE ( 'NONE', #2365, 1.300000000000000044 ) ;
#1191 = CARTESIAN_POINT ( 'NONE',  ( 0.000000000000000000, 0.3750000000000002220, 3.500000000000000000 ) ) ;
#1192 = MECHANICAL_DESIGN_GEOMETRIC_PRESENTATION_REPRESENTATION (  '', ( #2805 ), #1918 ) ;
#1193 = VERTEX_POINT ( 'NONE', #229 ) ;
#1194 = CARTESIAN_POINT ( 'NONE',  ( 0.5999999999999999778, 10.12500000000000000, -4.900000000000000355 ) ) ;
#1195 = FACE_OUTER_BOUND ( 'NONE', #2678, .T. ) ;
#1196 = STYLED_ITEM ( 'NONE', ( #1255 ), #1618 ) ;
#1197 = ORIENTED_EDGE ( 'NONE', *, *, #1883, .F. ) ;
#1198 = CARTESIAN_POINT ( 'NONE',  ( 0.9883682867105706427, 9.824999999999819877, 2.254581386754763273 ) ) ;
#1199 = MECHANICAL_DESIGN_GEOMETRIC_PRESENTATION_REPRESENTATION (  '', ( #1486 ), #1924 ) ;
#1200 = EDGE_CURVE ( 'NONE', #1433, #1082, #2521, .T. ) ;
#1201 = VECTOR ( 'NONE', #1373, 1000.000000000000000 ) ;
#1202 = ORIENTED_EDGE ( 'NONE', *, *, #1013, .F. ) ;
#1203 = AXIS2_PLACEMENT_3D ( 'NONE', #645, #1310, #2714 ) ;
#1204 = CARTESIAN_POINT ( 'NONE',  ( -0.6300000000000000044, 9.625000000000000000, 2.723404867385999850 ) ) ;
#1205 = CARTESIAN_POINT ( 'NONE',  ( 0.5999999999999999778, 0.3250000000000000666, 2.049999999999999822 ) ) ;
#1206 = DIRECTION ( 'NONE',  ( 0.000000000000000000, 0.000000000000000000, 1.000000000000000000 ) ) ;
#1207 = ORIENTED_EDGE ( 'NONE', *, *, #1231, .F. ) ;
#1208 = DIRECTION ( 'NONE',  ( -1.000000000000000000, 0.000000000000000000, 0.000000000000000000 ) ) ;
#1209 = VERTEX_POINT ( 'NONE', #1324 ) ;
#1210 = CARTESIAN_POINT ( 'NONE',  ( -0.8000000000000001554, 0.1750000000000000167, 1.666969722017999533 ) ) ;
#1211 = CARTESIAN_POINT ( 'NONE',  ( 0.000000000000000000, -0.1250000000000001110, 3.500000000000003553 ) ) ;
#1212 = FILL_AREA_STYLE ('',( #735 ) ) ;
#1213 = EDGE_LOOP ( 'NONE', ( #2910, #848, #1986, #135 ) ) ;
#1214 = EDGE_CURVE ( 'NONE', #313, #994, #1103, .T. ) ;
#1215 = SURFACE_STYLE_FILL_AREA ( #1884 ) ;
#1216 = SURFACE_SIDE_STYLE ('',( #2399 ) ) ;
#1217 = SURFACE_STYLE_USAGE ( .BOTH. , #2354 ) ;
#1218 = EDGE_CURVE ( 'NONE', #1798, #1118, #2904, .T. ) ;
#1219 = PLANE ( 'NONE',  #1821 ) ;
#1220 = CARTESIAN_POINT ( 'NONE',  ( -1.300000000000000044, -0.02500000000000000139, 5.800000000000000711 ) ) ;
#1221 = VERTEX_POINT ( 'NONE', #1561 ) ;
#1222 = DIRECTION ( 'NONE',  ( 0.000000000000000000, 0.000000000000000000, -1.000000000000000000 ) ) ;
#1223 = CARTESIAN_POINT ( 'NONE',  ( 0.000000000000000000, 0.3750000000000001665, 3.500000000000000000 ) ) ;
#1224 = ORIENTED_EDGE ( 'NONE', *, *, #1841, .F. ) ;
#1225 = CARTESIAN_POINT ( 'NONE',  ( -0.8081255271607353796, 9.125000000000000000, 2.481700863031307769 ) ) ;
#1226 = EDGE_LOOP ( 'NONE', ( #1999, #1864, #1258, #945, #2088, #2642 ) ) ;
#1227 = PLANE ( 'NONE',  #244 ) ;
#1228 = DIRECTION ( 'NONE',  ( 0.000000000000000000, 0.000000000000000000, 1.000000000000000000 ) ) ;
#1229 = LINE ( 'NONE', #1295, #145 ) ;
#1230 = B_SPLINE_CURVE_WITH_KNOTS ( 'NONE', 3,
 ( #2168, #1281, #1761, #100, #829, #1267, #794, #1945, #1745, #1039, #589, #1474, #2418, #2480, #1961, #2906 ),
 .UNSPECIFIED., .F., .F.,
 ( 4, 1, 2, 2, 2, 1, 2, 2, 4 ),
 ( 0.000000000000000000, 0.1249999999999996114, 0.1874999999999994171, 0.2499999999999992228, 0.5000000000000008882, 0.6250000000000016653, 0.6875000000000016653, 0.7500000000000015543, 1.000000000000000000 ),
 .UNSPECIFIED. ) ;
#1231 = EDGE_CURVE ( 'NONE', #92, #424, #433, .T. ) ;
#1232 = PRESENTATION_STYLE_ASSIGNMENT (( #536 ) ) ;
#1233 = CYLINDRICAL_SURFACE ( 'NONE', #2800, 1.000000000000000000 ) ;
#1234 = EDGE_CURVE ( 'NONE', #2438, #1421, #1355, .T. ) ;
#1235 = CIRCLE ( 'NONE', #2362, 1.300000000000000266 ) ;
#1236 = LINE ( 'NONE', #784, #2527 ) ;
#1237 = CARTESIAN_POINT ( 'NONE',  ( -0.8000000000000001554, 0.8750000000000003331, 2.475304923404020307 ) ) ;
#1238 = CYLINDRICAL_SURFACE ( 'NONE', #421, 0.4500000000000007327 ) ;
#1239 = COLOUR_RGB ( '',0.8509803921568627194, 0.8509803921568627194, 0.8509803921568627194 ) ;
#1240 = ORIENTED_EDGE ( 'NONE', *, *, #440, .F. ) ;
#1241 = CARTESIAN_POINT ( 'NONE',  ( 0.8000000000000000444, 9.824999999999999289, 2.475304923403999879 ) ) ;
#1242 = DIRECTION ( 'NONE',  ( -1.000000000000000000, -0.000000000000000000, 0.000000000000000000 ) ) ;
#1243 = AXIS2_PLACEMENT_3D ( 'NONE', #105, #540, #2859 ) ;
#1244 = CARTESIAN_POINT ( 'NONE',  ( 0.8000000000000004885, 9.569105665945071948, 2.288259652514347042 ) ) ;
#1245 = ORIENTED_EDGE ( 'NONE', *, *, #724, .T. ) ;
#1246 = CARTESIAN_POINT ( 'NONE',  ( 0.8000000000000000444, 10.02500000000000036, 5.700000000000000178 ) ) ;
#1247 = CARTESIAN_POINT ( 'NONE',  ( -7.476249324075000202E-18, 0.1749999999999998224, 5.799999999999999822 ) ) ;
#1248 =( BOUNDED_CURVE ( )  B_SPLINE_CURVE ( 3, ( #696, #638, #216, #1356 ),
 .UNSPECIFIED., .F., .F. ) 
 B_SPLINE_CURVE_WITH_KNOTS ( ( 4, 4 ),
 ( 0.000000000000000000, 1.000000000000000000 ),
 .UNSPECIFIED. ) 
 CURVE ( )  GEOMETRIC_REPRESENTATION_ITEM ( )  RATIONAL_B_SPLINE_CURVE ( ( 1.000000000000000000, 0.9443434259940941544, 0.9443434259940941544, 1.000000000000000000 ) ) 
 REPRESENTATION_ITEM ( '' )  );
#1249 = AXIS2_PLACEMENT_3D ( 'NONE', #159, #2218, #2461 ) ;
#1250 = FACE_OUTER_BOUND ( 'NONE', #2443, .T. ) ;
#1251 = VECTOR ( 'NONE', #2499, 1000.000000000000000 ) ;
#1252 = CIRCLE ( 'NONE', #61, 0.1000000000000002554 ) ;
#1253 = EDGE_CURVE ( 'NONE', #2705, #1683, #1048, .T. ) ;
#1254 = AXIS2_PLACEMENT_3D ( 'NONE', #1848, #1406, #1663 ) ;
#1255 = PRESENTATION_STYLE_ASSIGNMENT (( #2829 ) ) ;
#1256 = APPLICATION_CONTEXT ( 'automotive_design' ) ;
#1257 = ORIENTED_EDGE ( 'NONE', *, *, #2925, .F. ) ;
#1258 = ORIENTED_EDGE ( 'NONE', *, *, #2340, .F. ) ;
#1259 = PRESENTATION_LAYER_ASSIGNMENT (  '', '', ( #636 ) ) ;
#1260 = DIRECTION ( 'NONE',  ( 0.000000000000000000, 2.293504595642412581E-16, 1.000000000000000000 ) ) ;
#1261 = UNCERTAINTY_MEASURE_WITH_UNIT (LENGTH_MEASURE( 1.000000000000000082E-05 ), #1021, 'distance_accuracy_value', 'NONE');
#1262 = ORIENTED_EDGE ( 'NONE', *, *, #864, .F. ) ;
#1263 = FACE_OUTER_BOUND ( 'NONE', #82, .T. ) ;
#1264 = DIRECTION ( 'NONE',  ( 0.000000000000000000, 2.199999999999999757E-16, -1.000000000000000000 ) ) ;
#1265 = VERTEX_POINT ( 'NONE', #1088 ) ;
#1266 = DIRECTION ( 'NONE',  ( 6.357583154712000628E-33, 1.000000000000000000, -2.285779357681999831E-16 ) ) ;
#1267 = CARTESIAN_POINT ( 'NONE',  ( -1.865447582944288252, 10.12500000000000000, 5.301675565772282717 ) ) ;
#1268 = CARTESIAN_POINT ( 'NONE',  ( 0.5999999999999999778, 0.1000000000000000056, 2.439711431702999977 ) ) ;
#1269 = SURFACE_SIDE_STYLE ('',( #176 ) ) ;
#1270 = ADVANCED_FACE ( 'NONE', ( #2951 ), #2210, .F. ) ;
#1271 = ORIENTED_EDGE ( 'NONE', *, *, #646, .T. ) ;
#1272 = VERTEX_POINT ( 'NONE', #2851 ) ;
#1273 = CYLINDRICAL_SURFACE ( 'NONE', #1713, 1.249999999999999778 ) ;
#1274 = LINE ( 'NONE', #545, #961 ) ;
#1275 = EDGE_CURVE ( 'NONE', #2542, #2528, #2184, .T. ) ;
#1276 = EDGE_LOOP ( 'NONE', ( #2893, #566, #2783, #1559 ) ) ;
#1277 = CARTESIAN_POINT ( 'NONE',  ( -1.000000000000000000, 10.12500000000000000, 0.5000000000000000000 ) ) ;
#1278 = LINE ( 'NONE', #2680, #1954 ) ;
#1279 = DIRECTION ( 'NONE',  ( 0.000000000000000000, 1.000000000000000000, -2.220446049250000002E-16 ) ) ;
#1280 = CARTESIAN_POINT ( 'NONE',  ( -0.7999999999999999334, 15.00000000000000000, 0.5000000000000000000 ) ) ;
#1281 = CARTESIAN_POINT ( 'NONE',  ( -1.899999999999999911, 10.12500000000000178, 5.138059349597400960 ) ) ;
#1282 = SURFACE_SIDE_STYLE ('',( #2223 ) ) ;
#1283 = DIRECTION ( 'NONE',  ( 0.000000000000000000, -1.000000000000000000, 2.220446049250000002E-16 ) ) ;
#1284 = EDGE_LOOP ( 'NONE', ( #2932, #2868, #1827, #1773, #1976, #1938 ) ) ;
#1285 = AXIS2_PLACEMENT_3D ( 'NONE', #396, #1062, #2939 ) ;
#1286 = ORIENTED_EDGE ( 'NONE', *, *, #174, .F. ) ;
#1287 = EDGE_CURVE ( 'NONE', #2155, #1153, #477, .T. ) ;
#1288 = LINE ( 'NONE', #1988, #2895 ) ;
#1289 = VECTOR ( 'NONE', #1367, 1000.000000000000114 ) ;
#1290 = UNCERTAINTY_MEASURE_WITH_UNIT (LENGTH_MEASURE( 1.000000000000000082E-05 ), #1715, 'distance_accuracy_value', 'NONE');
#1291 = LINE ( 'NONE', #2727, #578 ) ;
#1292 = EDGE_CURVE ( 'NONE', #1740, #580, #928, .T. ) ;
#1293 = AXIS2_PLACEMENT_3D ( 'NONE', #157, #1071, #2935 ) ;
#1294 = PRESENTATION_STYLE_ASSIGNMENT (( #372 ) ) ;
#1295 = CARTESIAN_POINT ( 'NONE',  ( 0.8000000000000000444, 0.1749999999999999889, 0.5000000000000000000 ) ) ;
#1296 = VECTOR ( 'NONE', #2928, 1000.000000000000000 ) ;
#1297 = AXIS2_PLACEMENT_3D ( 'NONE', #2682, #2922, #1550 ) ;
#1298 =( LENGTH_UNIT ( ) NAMED_UNIT ( * ) SI_UNIT ( .MILLI., .METRE. ) );
#1299 = CARTESIAN_POINT ( 'NONE',  ( -0.08715574274765999774, 0.3750000000000000000, 4.496194698092000230 ) ) ;
#1300 = LINE ( 'NONE', #2468, #2122 ) ;
#1301 = VECTOR ( 'NONE', #2259, 1000.000000000000000 ) ;
#1302 = VERTEX_POINT ( 'NONE', #1409 ) ;
#1303 = VERTEX_POINT ( 'NONE', #2810 ) ;
#1304 = DIRECTION ( 'NONE',  ( -0.000000000000000000, -2.199999999999999757E-16, 1.000000000000000000 ) ) ;
#1305 = VERTEX_POINT ( 'NONE', #972 ) ;
#1306 = CARTESIAN_POINT ( 'NONE',  ( -1.300000000000000266, -0.02500000000000000139, 5.700000000000000178 ) ) ;
#1307 = PRESENTATION_LAYER_ASSIGNMENT (  '', '', ( #1594 ) ) ;
#1308 = CARTESIAN_POINT ( 'NONE',  ( 0.5999999999999999778, 9.675000000000000711, 2.049999999999999822 ) ) ;
#1309 = DIRECTION ( 'NONE',  ( -1.000000000000000000, -0.000000000000000000, -0.000000000000000000 ) ) ;
#1310 = DIRECTION ( 'NONE',  ( -0.000000000000000000, 1.000000000000000000, 0.000000000000000000 ) ) ;
#1311 = ADVANCED_FACE ( 'NONE', ( #709 ), #2606, .T. ) ;
#1312 = DIRECTION ( 'NONE',  ( 0.000000000000000000, -1.000000000000000000, -0.000000000000000000 ) ) ;
#1313 = CARTESIAN_POINT ( 'NONE',  ( 1.753455343510726294, 10.12500000000000000, 5.495125143093358311 ) ) ;
#1314 = DIRECTION ( 'NONE',  ( 0.000000000000000000, 0.000000000000000000, 1.000000000000000000 ) ) ;
#1315 = DIRECTION ( 'NONE',  ( -1.224646799146999945E-16, -1.000000000000000000, -2.200000000000000003E-16 ) ) ;
#1316 = CARTESIAN_POINT ( 'NONE',  ( 0.000000000000000000, 0.3749999999999997780, 3.500000000000000000 ) ) ;
#1317 = ORIENTED_EDGE ( 'NONE', *, *, #1491, .F. ) ;
#1318 = ORIENTED_EDGE ( 'NONE', *, *, #2094, .T. ) ;
#1319 = CARTESIAN_POINT ( 'NONE',  ( 0.1089446784349692443, 0.3750000000000002776, 4.745243372614647015 ) ) ;
#1320 = ORIENTED_EDGE ( 'NONE', *, *, #625, .T. ) ;
#1321 = PLANE ( 'NONE',  #425 ) ;
#1322 = DIRECTION ( 'NONE',  ( 0.000000000000000000, 1.000000000000000000, -2.168404344971003346E-15 ) ) ;
#1323 = ADVANCED_FACE ( 'NONE', ( #42 ), #942, .T. ) ;
#1324 = CARTESIAN_POINT ( 'NONE',  ( 0.5999999999999999778, 9.875000000000001776, 2.049999999999999822 ) ) ;
#1325 = MECHANICAL_DESIGN_GEOMETRIC_PRESENTATION_REPRESENTATION (  '', ( #983 ), #2154 ) ;
#1326 = AXIS2_PLACEMENT_3D ( 'NONE', #1127, #2048, #2983 ) ;
#1327 = EDGE_CURVE ( 'NONE', #1808, #467, #806, .T. ) ;
#1328 = CARTESIAN_POINT ( 'NONE',  ( 0.8000000000000001554, 0.1750000000000000167, 1.666969722017999977 ) ) ;
#1329 = ORIENTED_EDGE ( 'NONE', *, *, #1655, .T. ) ;
#1330 = AXIS2_PLACEMENT_3D ( 'NONE', #2814, #2173, #1222 ) ;
#1331 = ORIENTED_EDGE ( 'NONE', *, *, #869, .T. ) ;
#1332 = LINE ( 'NONE', #1590, #1779 ) ;
#1333 = PRESENTATION_LAYER_ASSIGNMENT (  '', '', ( #2749 ) ) ;
#1334 = DIRECTION ( 'NONE',  ( 1.000000000000000000, -1.319757871428999972E-31, 4.381966971052000390E-31 ) ) ;
#1335 = ORIENTED_EDGE ( 'NONE', *, *, #828, .T. ) ;
#1336 = AXIS2_PLACEMENT_3D ( 'NONE', #2347, #2107, #2476 ) ;
#1337 = DIRECTION ( 'NONE',  ( 0.000000000000000000, 0.000000000000000000, 1.000000000000000000 ) ) ;
#1338 = VECTOR ( 'NONE', #1897, 1000.000000000000000 ) ;
#1339 = CARTESIAN_POINT ( 'NONE',  ( -0.6300000000000000044, 0.3750000000000000000, 2.723404867385999850 ) ) ;
#1340 = DIRECTION ( 'NONE',  ( 0.000000000000000000, -1.000000000000000000, 2.220446049250000002E-16 ) ) ;
#1341 = AXIS2_PLACEMENT_3D ( 'NONE', #371, #1991, #1069 ) ;
#1342 = EDGE_CURVE ( 'NONE', #2827, #1193, #2871, .T. ) ;
#1343 = EDGE_LOOP ( 'NONE', ( #1029, #2921, #2503, #1958, #2141 ) ) ;
#1344 =( GEOMETRIC_REPRESENTATION_CONTEXT ( 3 ) GLOBAL_UNCERTAINTY_ASSIGNED_CONTEXT ( ( #1140 ) ) GLOBAL_UNIT_ASSIGNED_CONTEXT ( ( #1923, #2111, #2779 ) ) REPRESENTATION_CONTEXT ( 'NONE', 'WORKASPACE' ) );
#1345 = CARTESIAN_POINT ( 'NONE',  ( 0.000000000000000000, 9.625000000000000000, 2.249999999999997780 ) ) ;
#1346 = APPLICATION_PROTOCOL_DEFINITION ( 'draft international standard', 'automotive_design', 1998, #1256 ) ;
#1347 = EDGE_CURVE ( 'NONE', #483, #2816, #2753, .T. ) ;
#1348 = COLOUR_RGB ( '',0.8509803921568627194, 0.8509803921568627194, 0.8509803921568627194 ) ;
#1349 = UNCERTAINTY_MEASURE_WITH_UNIT (LENGTH_MEASURE( 1.000000000000000082E-05 ), #2121, 'distance_accuracy_value', 'NONE');
#1350 = VERTEX_POINT ( 'NONE', #2400 ) ;
#1351 = DIRECTION ( 'NONE',  ( 0.000000000000000000, -1.000000000000000000, 2.220446049250000002E-16 ) ) ;
#1352 = FACE_OUTER_BOUND ( 'NONE', #2143, .T. ) ;
#1353 = ORIENTED_EDGE ( 'NONE', *, *, #2976, .F. ) ;
#1354 = DIRECTION ( 'NONE',  ( 0.000000000000000000, -1.000000000000000000, 2.220446049250000002E-16 ) ) ;
#1355 = LINE ( 'NONE', #2008, #564 ) ;
#1356 = CARTESIAN_POINT ( 'NONE',  ( -0.8000000000000000444, 9.824999999999999289, 1.666969722017999977 ) ) ;
#1357 = CARTESIAN_POINT ( 'NONE',  ( -0.4787740266520000287, 0.3750000000000000000, 2.600725289304000043 ) ) ;
#1358 = ORIENTED_EDGE ( 'NONE', *, *, #1801, .T. ) ;
#1359 = LINE ( 'NONE', #2330, #2115 ) ;
#1360 = DIRECTION ( 'NONE',  ( 0.000000000000000000, 1.000000000000000000, 0.000000000000000000 ) ) ;
#1361 = EDGE_CURVE ( 'NONE', #1740, #483, #1719, .T. ) ;
#1362 = VERTEX_POINT ( 'NONE', #1515 ) ;
#1363 = FACE_OUTER_BOUND ( 'NONE', #2206, .T. ) ;
#1364 = EDGE_CURVE ( 'NONE', #1350, #2279, #1229, .T. ) ;
#1365 =( LENGTH_UNIT ( ) NAMED_UNIT ( * ) SI_UNIT ( .MILLI., .METRE. ) );
#1366 = ORIENTED_EDGE ( 'NONE', *, *, #1450, .F. ) ;
#1367 = DIRECTION ( 'NONE',  ( 0.4820012127825331616, -0.3856009702260263516, -0.7867570925240612301 ) ) ;
#1368 = CARTESIAN_POINT ( 'NONE',  ( 0.2571428571430000032, 9.900000000000000355, 2.439711431702999977 ) ) ;
#1369 = SURFACE_STYLE_FILL_AREA ( #2506 ) ;
#1370 = VERTEX_POINT ( 'NONE', #1992 ) ;
#1371 = CARTESIAN_POINT ( 'NONE',  ( -1.958578643762690863, 10.12500000000000000, 5.485786437626905432 ) ) ;
#1372 = ORIENTED_EDGE ( 'NONE', *, *, #1361, .F. ) ;
#1373 = DIRECTION ( 'NONE',  ( 1.000000000000000000, 0.000000000000000000, 0.000000000000000000 ) ) ;
#1374 = LINE ( 'NONE', #211, #844 ) ;
#1375 =( NAMED_UNIT ( * ) SI_UNIT ( $, .STERADIAN. ) SOLID_ANGLE_UNIT ( ) );
#1376 = VERTEX_POINT ( 'NONE', #1036 ) ;
#1377 = EDGE_CURVE ( 'NONE', #445, #949, #2885, .T. ) ;
#1378 = PLANE ( 'NONE',  #1156 ) ;
#1379 = AXIS2_PLACEMENT_3D ( 'NONE', #2033, #32, #2771 ) ;
#1380 = CARTESIAN_POINT ( 'NONE',  ( -0.8000000000000013767, 9.755197697704785398, 2.058868970263394882 ) ) ;
#1381 = AXIS2_PLACEMENT_3D ( 'NONE', #872, #1596, #2295 ) ;
#1382 =( NAMED_UNIT ( * ) SI_UNIT ( $, .STERADIAN. ) SOLID_ANGLE_UNIT ( ) );
#1383 = CARTESIAN_POINT ( 'NONE',  ( -0.7999999999999999334, 15.00000000000000000, 0.5000000000000000000 ) ) ;
#1384 = AXIS2_PLACEMENT_3D ( 'NONE', #2127, #339, #1208 ) ;
#1385 = CARTESIAN_POINT ( 'NONE',  ( -0.8000000000000001554, 0.1750000000000000167, 1.666969722017999533 ) ) ;
#1386 = CIRCLE ( 'NONE', #2655, 0.5999999999999998668 ) ;
#1387 = ORIENTED_EDGE ( 'NONE', *, *, #864, .T. ) ;
#1388 = CARTESIAN_POINT ( 'NONE',  ( -0.4896582663080391029, 0.1750000000000000444, 1.335317172149801612 ) ) ;
#1389 = CARTESIAN_POINT ( 'NONE',  ( -1.300000000000000044, 10.12500000000000000, 5.700000000000001066 ) ) ;
#1390 = ORIENTED_EDGE ( 'NONE', *, *, #1364, .F. ) ;
#1391 = PLANE ( 'NONE',  #2077 ) ;
#1392 = SURFACE_SIDE_STYLE ('',( #1143 ) ) ;
#1393 = AXIS2_PLACEMENT_3D ( 'NONE', #213, #893, #677 ) ;
#1394 = ORIENTED_EDGE ( 'NONE', *, *, #174, .T. ) ;
#1395 = LINE ( 'NONE', #1576, #1003 ) ;
#1396 = DIRECTION ( 'NONE',  ( 0.000000000000000000, -0.000000000000000000, 1.000000000000000000 ) ) ;
#1397 = ADVANCED_FACE ( 'NONE', ( #1054 ), #2901, .T. ) ;
#1398 = DIRECTION ( 'NONE',  ( -0.000000000000000000, 1.000000000000000000, -2.220446049250000002E-16 ) ) ;
#1399 = SURFACE_STYLE_USAGE ( .BOTH. , #2570 ) ;
#1400 = EDGE_CURVE ( 'NONE', #2882, #2841, #840, .T. ) ;
#1401 = VERTEX_POINT ( 'NONE', #1022 ) ;
#1402 =( NAMED_UNIT ( * ) PLANE_ANGLE_UNIT ( ) SI_UNIT ( $, .RADIAN. ) );
#1403 = PLANE ( 'NONE',  #1336 ) ;
#1404 = ORIENTED_EDGE ( 'NONE', *, *, #843, .F. ) ;
#1405 = SURFACE_STYLE_USAGE ( .BOTH. , #528 ) ;
#1406 = DIRECTION ( 'NONE',  ( 6.357583154712000628E-33, 1.000000000000000000, -2.285779357681999831E-16 ) ) ;
#1407 = ORIENTED_EDGE ( 'NONE', *, *, #1819, .T. ) ;
#1408 = SURFACE_SIDE_STYLE ('',( #1595 ) ) ;
#1409 = CARTESIAN_POINT ( 'NONE',  ( -0.5999999999999999778, 0.1000000000000005468, 2.439711431702998645 ) ) ;
#1410 = CARTESIAN_POINT ( 'NONE',  ( -0.2571428571430000032, 9.900000000000000355, 2.439711431702999977 ) ) ;
#1411 = EDGE_CURVE ( 'NONE', #1305, #511, #570, .T. ) ;
#1412 =( NAMED_UNIT ( * ) PLANE_ANGLE_UNIT ( ) SI_UNIT ( $, .RADIAN. ) );
#1413 = EDGE_CURVE ( 'NONE', #2128, #1303, #568, .T. ) ;
#1414 = SURFACE_SIDE_STYLE ('',( #1165 ) ) ;
#1415 = FILL_AREA_STYLE_COLOUR ( '', #809 ) ;
#1416 = VERTEX_POINT ( 'NONE', #1167 ) ;
#1417 = DIRECTION ( 'NONE',  ( 0.000000000000000000, -1.000000000000000000, 2.220446049250000002E-16 ) ) ;
#1418 = STYLED_ITEM ( 'NONE', ( #2065 ), #337 ) ;
#1419 = DIRECTION ( 'NONE',  ( -0.000000000000000000, 1.000000000000000000, 0.000000000000000000 ) ) ;
#1420 = CARTESIAN_POINT ( 'NONE',  ( 0.000000000000000000, 0.1750000000000000999, 4.800000000000004263 ) ) ;
#1421 = VERTEX_POINT ( 'NONE', #390 ) ;
#1422 = SURFACE_STYLE_FILL_AREA ( #1711 ) ;
#1423 = VECTOR ( 'NONE', #820, 1000.000000000000000 ) ;
#1424 = CARTESIAN_POINT ( 'NONE',  ( -7.476249324075000202E-18, -0.02499999999999984873, 5.799999999999999822 ) ) ;
#1425 = VECTOR ( 'NONE', #1123, 1000.000000000000000 ) ;
#1426 = CARTESIAN_POINT ( 'NONE',  ( -1.300000000000000044, -0.1250000000000000000, 5.699999999999999289 ) ) ;
#1427 = MECHANICAL_DESIGN_GEOMETRIC_PRESENTATION_REPRESENTATION (  '', ( #2749 ), #50 ) ;
#1428 = AXIS2_PLACEMENT_3D ( 'NONE', #2584, #2102, #1396 ) ;
#1429 = ORIENTED_EDGE ( 'NONE', *, *, #2215, .F. ) ;
#1430 = DIRECTION ( 'NONE',  ( 4.381966971052000390E-31, 0.000000000000000000, -1.000000000000000000 ) ) ;
#1431 =( LENGTH_UNIT ( ) NAMED_UNIT ( * ) SI_UNIT ( .MILLI., .METRE. ) );
#1432 = EDGE_CURVE ( 'NONE', #150, #2063, #2575, .T. ) ;
#1433 = VERTEX_POINT ( 'NONE', #33 ) ;
#1434 = CARTESIAN_POINT ( 'NONE',  ( -0.6300000000000000044, 9.625000000000000000, 2.723404867385999850 ) ) ;
#1435 = CARTESIAN_POINT ( 'NONE',  ( 1.899999999999999911, -0.02500000000000000139, 5.099999999999999645 ) ) ;
#1436 = EDGE_CURVE ( 'NONE', #2498, #2930, #1150, .T. ) ;
#1437 = STYLED_ITEM ( 'NONE', ( #925 ), #2492 ) ;
#1438 = ORIENTED_EDGE ( 'NONE', *, *, #1549, .F. ) ;
#1439 =( NAMED_UNIT ( * ) PLANE_ANGLE_UNIT ( ) SI_UNIT ( $, .RADIAN. ) );
#1440 = AXIS2_PLACEMENT_3D ( 'NONE', #929, #1851, #2794 ) ;
#1441 = SURFACE_STYLE_FILL_AREA ( #490 ) ;
#1442 = STYLED_ITEM ( 'NONE', ( #1952 ), #2920 ) ;
#1443 = DIRECTION ( 'NONE',  ( -0.000000000000000000, 1.000000000000000000, -2.220446049250000002E-16 ) ) ;
#1444 = LINE ( 'NONE', #753, #1101 ) ;
#1445 = ORIENTED_EDGE ( 'NONE', *, *, #1287, .T. ) ;
#1446 = FILL_AREA_STYLE ('',( #729 ) ) ;
#1447 = DIRECTION ( 'NONE',  ( 0.4820012127825331616, 0.3856009702260263516, 0.7867570925240612301 ) ) ;
#1448 = ORIENTED_EDGE ( 'NONE', *, *, #2450, .F. ) ;
#1449 = CARTESIAN_POINT ( 'NONE',  ( -0.5999999999999999778, 9.875000000000000000, -1.601916297467000039 ) ) ;
#1450 = EDGE_CURVE ( 'NONE', #1118, #2337, #1155, .T. ) ;
#1451 = FACE_OUTER_BOUND ( 'NONE', #2592, .T. ) ;
#1452 = CARTESIAN_POINT ( 'NONE',  ( 0.8000000000000008216, 9.495553350932501857, 2.352527358421350190 ) ) ;
#1453 = ORIENTED_EDGE ( 'NONE', *, *, #2803, .F. ) ;
#1454 = CYLINDRICAL_SURFACE ( 'NONE', #152, 0.1000000000000002554 ) ;
#1455 = ADVANCED_FACE ( 'NONE', ( #1830 ), #21, .T. ) ;
#1456 = CARTESIAN_POINT ( 'NONE',  ( 0.000000000000000000, 9.625000000000000000, 3.499999999999997780 ) ) ;
#1457 = B_SPLINE_CURVE_WITH_KNOTS ( 'NONE', 3,
 ( #582, #123, #531, #1244, #1452, #2866, #779, #2442 ),
 .UNSPECIFIED., .F., .F.,
 ( 4, 2, 2, 4 ),
 ( 0.000000000000000000, 0.0005860504608958155056, 0.0008790756913437217405, 0.001172100921791627975 ),
 .UNSPECIFIED. ) ;
#1458 = PLANE ( 'NONE',  #1297 ) ;
#1459 = CARTESIAN_POINT ( 'NONE',  ( 2.000000000000000000, -0.02500000000000000139, 5.510050506338832754 ) ) ;
#1460 = ORIENTED_EDGE ( 'NONE', *, *, #461, .F. ) ;
#1461 = LINE ( 'NONE', #2828, #1912 ) ;
#1462 = PLANE ( 'NONE',  #2708 ) ;
#1463 = ORIENTED_EDGE ( 'NONE', *, *, #2585, .T. ) ;
#1464 = CARTESIAN_POINT ( 'NONE',  ( 1.899999999999999911, 10.02500000000000036, 5.099999999999999645 ) ) ;
#1465 = AXIS2_PLACEMENT_3D ( 'NONE', #1626, #1398, #1469 ) ;
#1466 = PLANE ( 'NONE',  #2720 ) ;
#1467 = EDGE_LOOP ( 'NONE', ( #1093, #2329, #382, #2345, #1652, #541 ) ) ;
#1468 = CARTESIAN_POINT ( 'NONE',  ( 1.169014004901999964E-16, 9.625000000000000000, 3.527178024838999892 ) ) ;
#1469 = DIRECTION ( 'NONE',  ( 0.000000000000000000, -2.168404344971009361E-16, -1.000000000000000000 ) ) ;
#1470 =( NAMED_UNIT ( * ) SI_UNIT ( $, .STERADIAN. ) SOLID_ANGLE_UNIT ( ) );
#1471 = EDGE_CURVE ( 'NONE', #492, #1014, #1671, .T. ) ;
#1472 = CARTESIAN_POINT ( 'NONE',  ( -2.000000000000000000, -0.02499999999999999098, 0.000000000000000000 ) ) ;
#1473 = VECTOR ( 'NONE', #2931, 1000.000000000000000 ) ;
#1474 = CARTESIAN_POINT ( 'NONE',  ( -1.558925029250518346, 10.12500000000000000, 5.641662561109665575 ) ) ;
#1475 = CIRCLE ( 'NONE', #2602, 1.300000000000000044 ) ;
#1476 = PRESENTATION_LAYER_ASSIGNMENT (  '', '', ( #2849 ) ) ;
#1477 = PLANE ( 'NONE',  #757 ) ;
#1478 = DIRECTION ( 'NONE',  ( 0.000000000000000000, -2.168404344971008868E-16, -1.000000000000000000 ) ) ;
#1479 = PRESENTATION_LAYER_ASSIGNMENT (  '', '', ( #2805 ) ) ;
#1480 = ORIENTED_EDGE ( 'NONE', *, *, #2302, .T. ) ;
#1481 = ORIENTED_EDGE ( 'NONE', *, *, #932, .T. ) ;
#1482 = AXIS2_PLACEMENT_3D ( 'NONE', #1699, #316, #2199 ) ;
#1483 = ORIENTED_EDGE ( 'NONE', *, *, #605, .F. ) ;
#1484 =( GEOMETRIC_REPRESENTATION_CONTEXT ( 3 ) GLOBAL_UNCERTAINTY_ASSIGNED_CONTEXT ( ( #722 ) ) GLOBAL_UNIT_ASSIGNED_CONTEXT ( ( #1431, #307, #774 ) ) REPRESENTATION_CONTEXT ( 'NONE', 'WORKASPACE' ) );
#1485 = CARTESIAN_POINT ( 'NONE',  ( -1.530808498934000149E-17, 9.875000000000000000, -1.601916297467000039 ) ) ;
#1486 = STYLED_ITEM ( 'NONE', ( #2905 ), #2013 ) ;
#1487 = VECTOR ( 'NONE', #2817, 1000.000000000000000 ) ;
#1488 = EDGE_CURVE ( 'NONE', #2022, #2377, #1615, .T. ) ;
#1489 = FACE_OUTER_BOUND ( 'NONE', #698, .T. ) ;
#1490 = VECTOR ( 'NONE', #777, 1000.000000000000000 ) ;
#1491 = EDGE_CURVE ( 'NONE', #771, #250, #2082, .T. ) ;
#1492 = MECHANICAL_DESIGN_GEOMETRIC_PRESENTATION_REPRESENTATION (  '', ( #2383 ), #2332 ) ;
#1493 = DIRECTION ( 'NONE',  ( -1.000000000000000000, 0.000000000000000000, 0.000000000000000000 ) ) ;
#1494 = EDGE_LOOP ( 'NONE', ( #684, #1968, #2970, #1845 ) ) ;
#1495 = EDGE_LOOP ( 'NONE', ( #1157, #2496, #744, #1245 ) ) ;
#1496 = DIRECTION ( 'NONE',  ( 0.000000000000000000, 0.000000000000000000, 1.000000000000000000 ) ) ;
#1497 = CARTESIAN_POINT ( 'NONE',  ( -2.000000000000000000, -0.1250000000000000000, 0.000000000000000000 ) ) ;
#1498 = ORIENTED_EDGE ( 'NONE', *, *, #1008, .F. ) ;
#1499 = LINE ( 'NONE', #838, #2661 ) ;
#1500 = DIRECTION ( 'NONE',  ( 0.000000000000000000, 0.000000000000000000, -1.000000000000000000 ) ) ;
#1501 = SURFACE_STYLE_USAGE ( .BOTH. , #587 ) ;
#1502 = FILL_AREA_STYLE ('',( #143 ) ) ;
#1503 = CARTESIAN_POINT ( 'NONE',  ( 1.899999999999999911, 10.02500000000000036, 0.000000000000000000 ) ) ;
#1504 = PRODUCT_DEFINITION ( 'UNKNOWN', '', #2284, #1081 ) ;
#1505 = FILL_AREA_STYLE ('',( #2874 ) ) ;
#1506 = DIRECTION ( 'NONE',  ( 0.08715574274763787654, 0.000000000000000000, -0.9961946980917473216 ) ) ;
#1507 = LINE ( 'NONE', #1519, #1296 ) ;
#1508 = ADVANCED_FACE ( 'NONE', ( #1844 ), #1179, .T. ) ;
#1509 = VERTEX_POINT ( 'NONE', #2981 ) ;
#1510 = VERTEX_POINT ( 'NONE', #265 ) ;
#1511 = FILL_AREA_STYLE ('',( #2228 ) ) ;
#1512 = ORIENTED_EDGE ( 'NONE', *, *, #2419, .F. ) ;
#1513 = CARTESIAN_POINT ( 'NONE',  ( -1.300000000000000266, 10.02500000000000036, 5.099999999999999645 ) ) ;
#1514 = CARTESIAN_POINT ( 'NONE',  ( 1.000000000000000000, 10.12500000000000000, 0.000000000000000000 ) ) ;
#1515 = CARTESIAN_POINT ( 'NONE',  ( 0.8000000000000001554, 0.1750000000000000167, 1.666969722017999977 ) ) ;
#1516 =( NAMED_UNIT ( * ) PLANE_ANGLE_UNIT ( ) SI_UNIT ( $, .RADIAN. ) );
#1517 =( NAMED_UNIT ( * ) SI_UNIT ( $, .STERADIAN. ) SOLID_ANGLE_UNIT ( ) );
#1518 = LINE ( 'NONE', #2926, #2287 ) ;
#1519 = CARTESIAN_POINT ( 'NONE',  ( 0.5999999999999999778, 10.12500000000000000, -4.900000000000000355 ) ) ;
#1520 = AXIS2_PLACEMENT_3D ( 'NONE', #1464, #1680, #2145 ) ;
#1521 = ORIENTED_EDGE ( 'NONE', *, *, #392, .F. ) ;
#1522 = PRESENTATION_LAYER_ASSIGNMENT (  '', '', ( #990 ) ) ;
#1523 = ORIENTED_EDGE ( 'NONE', *, *, #1161, .T. ) ;
#1524 =( NAMED_UNIT ( * ) SI_UNIT ( $, .STERADIAN. ) SOLID_ANGLE_UNIT ( ) );
#1525 = ADVANCED_FACE ( 'NONE', ( #2554 ), #2689, .T. ) ;
#1526 = ORIENTED_EDGE ( 'NONE', *, *, #119, .F. ) ;
#1527 = DIRECTION ( 'NONE',  ( 0.000000000000000000, -2.168404344971009361E-16, -1.000000000000000000 ) ) ;
#1528 = COLOUR_RGB ( '',0.8509803921568627194, 0.8509803921568627194, 0.8509803921568627194 ) ;
#1529 =( NAMED_UNIT ( * ) PLANE_ANGLE_UNIT ( ) SI_UNIT ( $, .RADIAN. ) );
#1530 = ADVANCED_FACE ( 'NONE', ( #251 ), #1403, .T. ) ;
#1531 = CARTESIAN_POINT ( 'NONE',  ( -1.958578643762691085, 10.12500000000000000, 5.099999999999999645 ) ) ;
#1532 = CARTESIAN_POINT ( 'NONE',  ( -0.5999999999999999778, 0.04578845482630999886, 2.211202860767000011 ) ) ;
#1533 = STYLED_ITEM ( 'NONE', ( #593 ), #1785 ) ;
#1534 = DIRECTION ( 'NONE',  ( 1.000000000000000000, 0.000000000000000000, -0.000000000000000000 ) ) ;
#1535 = PRESENTATION_LAYER_ASSIGNMENT (  '', '', ( #195 ) ) ;
#1536 = CIRCLE ( 'NONE', #1927, 1.249999999999999778 ) ;
#1537 = CARTESIAN_POINT ( 'NONE',  ( -0.8000000000000000444, -0.1250000000000000000, 0.000000000000000000 ) ) ;
#1538 = CARTESIAN_POINT ( 'NONE',  ( -0.8000000000000001554, 0.1750000000000000167, 1.666969722017999533 ) ) ;
#1539 = DIRECTION ( 'NONE',  ( 0.000000000000000000, 0.000000000000000000, 1.000000000000000000 ) ) ;
#1540 = VECTOR ( 'NONE', #512, 1000.000000000000000 ) ;
#1541 = VERTEX_POINT ( 'NONE', #168 ) ;
#1542 = DIRECTION ( 'NONE',  ( 1.000000000000000000, 0.000000000000000000, -0.000000000000000000 ) ) ;
#1543 = B_SPLINE_SURFACE_WITH_KNOTS ( 'NONE', 1, 1, ( 
 ( #184, #1102 ),
 ( #1759, #827 ) ),
 .UNSPECIFIED., .F., .F., .F.,
 ( 2, 2 ),
 ( 2, 2 ),
 ( 0.000000000000000000, 0.2500000000000000000 ),
 ( 0.000000000000000000, 1.000000000000000000 ),
 .UNSPECIFIED. ) ;
#1544 = VERTEX_POINT ( 'NONE', #888 ) ;
#1545 = DIRECTION ( 'NONE',  ( -1.000000000000000000, 0.000000000000000000, 0.000000000000000000 ) ) ;
#1546 = CIRCLE ( 'NONE', #2485, 1.300000000000000044 ) ;
#1547 = DIRECTION ( 'NONE',  ( 0.000000000000000000, 1.000000000000000000, 0.000000000000000000 ) ) ;
#1548 = FILL_AREA_STYLE_COLOUR ( '', #1063 ) ;
#1549 = EDGE_CURVE ( 'NONE', #424, #2902, #439, .T. ) ;
#1550 = DIRECTION ( 'NONE',  ( -1.224646799146999945E-16, -1.000000000000000000, 0.000000000000000000 ) ) ;
#1551 = LINE ( 'NONE', #1133, #1289 ) ;
#1552 = SURFACE_SIDE_STYLE ('',( #2266 ) ) ;
#1553 = VERTEX_POINT ( 'NONE', #325 ) ;
#1554 = ORIENTED_EDGE ( 'NONE', *, *, #2114, .T. ) ;
#1555 = DIRECTION ( 'NONE',  ( -0.9961946980917473216, 0.000000000000000000, 0.08715574274763787654 ) ) ;
#1556 = CARTESIAN_POINT ( 'NONE',  ( -1.899999999999999911, -0.1250000000000000000, 5.099999999999999645 ) ) ;
#1557 = CARTESIAN_POINT ( 'NONE',  ( 0.8000000000000000444, 10.12500000000000000, 0.000000000000000000 ) ) ;
#1558 = APPLICATION_CONTEXT ( 'automotive_design' ) ;
#1559 = ORIENTED_EDGE ( 'NONE', *, *, #1562, .F. ) ;
#1560 = DIRECTION ( 'NONE',  ( -0.000000000000000000, -1.000000000000000000, -0.000000000000000000 ) ) ;
#1561 = CARTESIAN_POINT ( 'NONE',  ( 1.000000000000000000, -0.1250000000000000278, 0.000000000000000000 ) ) ;
#1562 = EDGE_CURVE ( 'NONE', #313, #1305, #902, .T. ) ;
#1563 = CARTESIAN_POINT ( 'NONE',  ( 0.8000000000000000444, 9.824999999999999289, 0.000000000000000000 ) ) ;
#1564 = B_SPLINE_SURFACE_WITH_KNOTS ( 'NONE', 1, 1, ( 
 ( #2385, #737 ),
 ( #2181, #71 ) ),
 .UNSPECIFIED., .F., .F., .F.,
 ( 2, 2 ),
 ( 2, 2 ),
 ( 0.000000000000000000, 0.2500000000000000000 ),
 ( 0.000000000000000000, 1.000000000000000000 ),
 .UNSPECIFIED. ) ;
#1565 = ADVANCED_FACE ( 'NONE', ( #1195 ), #278, .T. ) ;
#1566 = ORIENTED_EDGE ( 'NONE', *, *, #595, .T. ) ;
#1567 = DIRECTION ( 'NONE',  ( 0.000000000000000000, 0.000000000000000000, -1.000000000000000000 ) ) ;
#1568 =( BOUNDED_SURFACE ( )  B_SPLINE_SURFACE ( 3, 3, ( 
 ( #109, #78, #733, #2589 ),
 ( #979, #495, #1015, #1198 ),
 ( #1939, #1678, #2843, #2129 ),
 ( #1225, #2160, #268, #2363 ) ),
 .UNSPECIFIED., .F., .F., .F. ) 
 B_SPLINE_SURFACE_WITH_KNOTS ( ( 4, 4 ),
 ( 4, 4 ),
 ( 0.000000000000000000, 1.000000000000000000 ),
 ( 0.000000000000000000, 1.000000000000000000 ),
 .UNSPECIFIED. ) 
 GEOMETRIC_REPRESENTATION_ITEM ( )  RATIONAL_B_SPLINE_SURFACE ( (
 ( 1.000000000000000000, 0.8555380189583038364, 0.8555380189583038364, 1.000000000000000000),
 ( 0.8047378541244685213, 0.6884838294984042539, 0.6884838294984042539, 0.8047378541244685213),
 ( 0.8047378541244685213, 0.6884838294984042539, 0.6884838294984042539, 0.8047378541244685213),
 ( 1.000000000000000000, 0.8555380189583038364, 0.8555380189583038364, 1.000000000000000000) ) ) 
 REPRESENTATION_ITEM ( '' )  SURFACE ( )  );
#1569 = MECHANICAL_DESIGN_GEOMETRIC_PRESENTATION_REPRESENTATION (  '', ( #990 ), #2952 ) ;
#1570 = ORIENTED_EDGE ( 'NONE', *, *, #1292, .F. ) ;
#1571 = LINE ( 'NONE', #2513, #106 ) ;
#1572 = FILL_AREA_STYLE_COLOUR ( '', #179 ) ;
#1573 = CIRCLE ( 'NONE', #2169, 1.249999999999999778 ) ;
#1574 = CARTESIAN_POINT ( 'NONE',  ( 0.8000000000000000444, 0.8750000000000003331, 2.475304923404021640 ) ) ;
#1575 = ORIENTED_EDGE ( 'NONE', *, *, #1347, .T. ) ;
#1576 = CARTESIAN_POINT ( 'NONE',  ( 0.8000000000000000444, 9.824999999999999289, 0.000000000000000000 ) ) ;
#1577 = CARTESIAN_POINT ( 'NONE',  ( 2.000000000000000000, 10.02500000000000036, 0.000000000000000000 ) ) ;
#1578 = AXIS2_PLACEMENT_3D ( 'NONE', #2873, #1266, #501 ) ;
#1579 = EDGE_CURVE ( 'NONE', #366, #2581, #470, .T. ) ;
#1580 = VECTOR ( 'NONE', #1560, 1000.000000000000000 ) ;
#1581 = DIRECTION ( 'NONE',  ( 0.000000000000000000, 0.000000000000000000, 1.000000000000000000 ) ) ;
#1582 = CARTESIAN_POINT ( 'NONE',  ( 0.000000000000000000, 10.12500000000000000, 3.500000000000000888 ) ) ;
#1583 = CIRCLE ( 'NONE', #291, 0.4500000000000007327 ) ;
#1584 = EDGE_CURVE ( 'NONE', #1788, #1882, #1627, .T. ) ;
#1585 = ORIENTED_EDGE ( 'NONE', *, *, #2835, .F. ) ;
#1586 = PRESENTATION_LAYER_ASSIGNMENT (  '', '', ( #429 ) ) ;
#1587 = FILL_AREA_STYLE_COLOUR ( '', #1044 ) ;
#1588 = CARTESIAN_POINT ( 'NONE',  ( -2.000000000000000000, 10.02500000000000036, 5.099999999999999645 ) ) ;
#1589 = VERTEX_POINT ( 'NONE', #2157 ) ;
#1590 = CARTESIAN_POINT ( 'NONE',  ( 0.8000000000000000444, -0.1250000000000000000, 0.000000000000000000 ) ) ;
#1591 = CYLINDRICAL_SURFACE ( 'NONE', #1326, 0.1000000000000002554 ) ;
#1592 = FACE_OUTER_BOUND ( 'NONE', #2422, .T. ) ;
#1593 = ORIENTED_EDGE ( 'NONE', *, *, #1031, .T. ) ;
#1594 = STYLED_ITEM ( 'NONE', ( #918 ), #102 ) ;
#1595 = SURFACE_STYLE_FILL_AREA ( #1640 ) ;
#1596 = DIRECTION ( 'NONE',  ( 0.000000000000000000, 1.000000000000000000, -2.220446049250000002E-16 ) ) ;
#1597 = FILL_AREA_STYLE ('',( #449 ) ) ;
#1598 = EDGE_CURVE ( 'NONE', #1891, #1953, #2375, .T. ) ;
#1599 = VERTEX_POINT ( 'NONE', #965 ) ;
#1600 = ORIENTED_EDGE ( 'NONE', *, *, #1400, .T. ) ;
#1601 = FILL_AREA_STYLE ('',( #1587 ) ) ;
#1602 = CARTESIAN_POINT ( 'NONE',  ( -2.000000000000000000, 10.08357864376269042, 5.099999999999999645 ) ) ;
#1603 = ADVANCED_FACE ( 'NONE', ( #992 ), #1462, .F. ) ;
#1604 = ORIENTED_EDGE ( 'NONE', *, *, #1008, .T. ) ;
#1605 = CARTESIAN_POINT ( 'NONE',  ( 0.8000000000000000444, 10.02500000000000036, 5.700000000000000178 ) ) ;
#1606 = PRESENTATION_STYLE_ASSIGNMENT (( #2579 ) ) ;
#1607 = DIRECTION ( 'NONE',  ( -1.000000000000000000, 0.000000000000000000, 0.000000000000000000 ) ) ;
#1608 = EDGE_LOOP ( 'NONE', ( #1725, #780, #1753, #2159 ) ) ;
#1609 = FACE_OUTER_BOUND ( 'NONE', #404, .T. ) ;
#1610 = CARTESIAN_POINT ( 'NONE',  ( -1.530808498933999224E-17, 9.875000000000000000, -4.900000000000000355 ) ) ;
#1611 = FILL_AREA_STYLE ('',( #2150 ) ) ;
#1612 = SURFACE_STYLE_FILL_AREA ( #1597 ) ;
#1613 = EDGE_LOOP ( 'NONE', ( #2254, #2078, #1826, #2821, #1448 ) ) ;
#1614 = FACE_OUTER_BOUND ( 'NONE', #743, .T. ) ;
#1615 = LINE ( 'NONE', #935, #2654 ) ;
#1616 = STYLED_ITEM ( 'NONE', ( #1606 ), #387 ) ;
#1617 = EDGE_LOOP ( 'NONE', ( #459, #527, #1907, #2537 ) ) ;
#1618 = ADVANCED_FACE ( 'NONE', ( #1889 ), #1238, .T. ) ;
#1619 = CARTESIAN_POINT ( 'NONE',  ( -0.08571428571429000332, 0.2250000000000000333, 2.223205080756999852 ) ) ;
#1620 = FACE_OUTER_BOUND ( 'NONE', #1276, .T. ) ;
#1621 = UNCERTAINTY_MEASURE_WITH_UNIT (LENGTH_MEASURE( 1.000000000000000082E-05 ), #795, 'distance_accuracy_value', 'NONE');
#1622 = ORIENTED_EDGE ( 'NONE', *, *, #209, .F. ) ;
#1623 = ADVANCED_FACE ( 'NONE', ( #2391 ), #2815, .T. ) ;
#1624 = VECTOR ( 'NONE', #294, 1000.000000000000000 ) ;
#1625 = CARTESIAN_POINT ( 'NONE',  ( 0.08571428571429000332, 9.900000000000000355, 2.439711431702999977 ) ) ;
#1626 = CARTESIAN_POINT ( 'NONE',  ( 0.000000000000000000, 0.3749999999999997224, 3.500000000000000000 ) ) ;
#1627 = CIRCLE ( 'NONE', #859, 0.4500000000000007327 ) ;
#1628 = CARTESIAN_POINT ( 'NONE',  ( -1.899999999999999689, -0.1250000000000000000, 5.099999999999998757 ) ) ;
#1629 = AXIS2_PLACEMENT_3D ( 'NONE', #1936, #1704, #2640 ) ;
#1630 = ORIENTED_EDGE ( 'NONE', *, *, #704, .T. ) ;
#1631 = CARTESIAN_POINT ( 'NONE',  ( -1.900000000000000577, 10.12500000000000000, 5.451471862576142691 ) ) ;
#1632 = ORIENTED_EDGE ( 'NONE', *, *, #932, .F. ) ;
#1633 = VECTOR ( 'NONE', #891, 1000.000000000000000 ) ;
#1634 = SURFACE_STYLE_FILL_AREA ( #995 ) ;
#1635 = CARTESIAN_POINT ( 'NONE',  ( 0.2571428571430000032, 0.2250000000000000333, 2.223205080756999852 ) ) ;
#1636 = CARTESIAN_POINT ( 'NONE',  ( -0.5999999999999999778, 0.3250000000000000666, 2.049999999999999822 ) ) ;
#1637 = CIRCLE ( 'NONE', #2718, 0.1000000000000002554 ) ;
#1638 = ADVANCED_FACE ( 'NONE', ( #1674 ), #2614, .T. ) ;
#1639 = ORIENTED_EDGE ( 'NONE', *, *, #788, .T. ) ;
#1640 = FILL_AREA_STYLE ('',( #725 ) ) ;
#1641 = AXIS2_PLACEMENT_3D ( 'NONE', #2677, #2411, #1260 ) ;
#1642 = CARTESIAN_POINT ( 'NONE',  ( -0.1275948120979999989, 9.625000000000000000, 2.207538153024999783 ) ) ;
#1643 = EDGE_CURVE ( 'NONE', #1118, #908, #525, .T. ) ;
#1644 = MECHANICAL_DESIGN_GEOMETRIC_PRESENTATION_REPRESENTATION (  '', ( #636 ), #2792 ) ;
#1645 =( LENGTH_UNIT ( ) NAMED_UNIT ( * ) SI_UNIT ( .MILLI., .METRE. ) );
#1646 = VERTEX_POINT ( 'NONE', #558 ) ;
#1647 = SURFACE_STYLE_USAGE ( .BOTH. , #2156 ) ;
#1648 = CARTESIAN_POINT ( 'NONE',  ( 0.6937499999999998668, 0.3000000000000000444, 2.376230582494500254 ) ) ;
#1649 = ORIENTED_EDGE ( 'NONE', *, *, #1771, .F. ) ;
#1650 = CARTESIAN_POINT ( 'NONE',  ( 3.081498775692000181E-18, -0.1249999999999991951, 2.049999999999999822 ) ) ;
#1651 = LINE ( 'NONE', #1834, #432 ) ;
#1652 = ORIENTED_EDGE ( 'NONE', *, *, #2251, .F. ) ;
#1653 = CARTESIAN_POINT ( 'NONE',  ( -0.3745964195050000001, 9.625000000000000000, 2.265503032419000196 ) ) ;
#1654 = SURFACE_SIDE_STYLE ('',( #2626 ) ) ;
#1655 = EDGE_CURVE ( 'NONE', #2413, #835, #133, .T. ) ;
#1656 = CARTESIAN_POINT ( 'NONE',  ( 1.958578643762690641, -0.1249999999999999306, 5.099999999999998757 ) ) ;
#1657 = ORIENTED_EDGE ( 'NONE', *, *, #2824, .T. ) ;
#1658 = DIRECTION ( 'NONE',  ( -0.000000000000000000, -1.000000000000000000, 2.220446049250000002E-16 ) ) ;
#1659 = DIRECTION ( 'NONE',  ( -1.000000000000000000, 0.000000000000000000, 0.000000000000000000 ) ) ;
#1660 = ORIENTED_EDGE ( 'NONE', *, *, #262, .F. ) ;
#1661 = DIRECTION ( 'NONE',  ( 0.000000000000000000, 2.199999999999999757E-16, -1.000000000000000000 ) ) ;
#1662 = CARTESIAN_POINT ( 'NONE',  ( -0.5999999999999999778, 9.900000000000000355, 2.439711431702999977 ) ) ;
#1663 = DIRECTION ( 'NONE',  ( 0.000000000000000000, 2.285779357681999831E-16, 1.000000000000000000 ) ) ;
#1664 = ORIENTED_EDGE ( 'NONE', *, *, #2076, .T. ) ;
#1665 = CARTESIAN_POINT ( 'NONE',  ( -0.8000000000000000444, 10.02500000000000036, 5.700000000000000178 ) ) ;
#1666 = CARTESIAN_POINT ( 'NONE',  ( -0.8000000000000000444, 9.824999999999999289, 1.666969722017999977 ) ) ;
#1667 = CARTESIAN_POINT ( 'NONE',  ( -1.000000000000000000, 15.00000000000000000, 0.5000000000000000000 ) ) ;
#1668 = DIRECTION ( 'NONE',  ( -0.000000000000000000, 1.000000000000000000, -2.220446049250000002E-16 ) ) ;
#1669 = VECTOR ( 'NONE', #2778, 1000.000000000000000 ) ;
#1670 = EDGE_CURVE ( 'NONE', #1798, #1370, #1300, .T. ) ;
#1671 = CIRCLE ( 'NONE', #1052, 1.300000000000000044 ) ;
#1672 = ORIENTED_EDGE ( 'NONE', *, *, #2269, .F. ) ;
#1673 = CARTESIAN_POINT ( 'NONE',  ( 0.8000000000000000444, 0.1749999999999999889, 0.000000000000000000 ) ) ;
#1674 = FACE_OUTER_BOUND ( 'NONE', #689, .T. ) ;
#1675 = VECTOR ( 'NONE', #2437, 1000.000000000000000 ) ;
#1676 = EDGE_CURVE ( 'NONE', #799, #2586, #118, .T. ) ;
#1677 = EDGE_LOOP ( 'NONE', ( #340, #651, #2057, #253 ) ) ;
#1678 = CARTESIAN_POINT ( 'NONE',  ( -0.3148605552892134729, 9.535050506338690113, 2.090244167300203681 ) ) ;
#1679 = AXIS2_PLACEMENT_3D ( 'NONE', #1665, #567, #1697 ) ;
#1680 = DIRECTION ( 'NONE',  ( -0.000000000000000000, -0.000000000000000000, -1.000000000000000000 ) ) ;
#1681 = SURFACE_STYLE_USAGE ( .BOTH. , #2395 ) ;
#1682 = UNCERTAINTY_MEASURE_WITH_UNIT (LENGTH_MEASURE( 1.000000000000000082E-05 ), #1856, 'distance_accuracy_value', 'NONE');
#1683 = VERTEX_POINT ( 'NONE', #1948 ) ;
#1684 = SURFACE_STYLE_USAGE ( .BOTH. , #1216 ) ;
#1685 = CARTESIAN_POINT ( 'NONE',  ( -0.8000000000000012657, 9.569154212690673234, 2.288121610844597420 ) ) ;
#1686 = FILL_AREA_STYLE_COLOUR ( '', #517 ) ;
#1687 = CARTESIAN_POINT ( 'NONE',  ( 1.958578643762690863, -0.1249999999999999167, 5.485786437626903655 ) ) ;
#1688 = VERTEX_POINT ( 'NONE', #365 ) ;
#1689 = CARTESIAN_POINT ( 'NONE',  ( -1.300000000000000266, -0.1250000000000000000, 5.099999999999999645 ) ) ;
#1690 = DIRECTION ( 'NONE',  ( 1.000000000000000000, 0.000000000000000000, 0.000000000000000000 ) ) ;
#1691 = ORIENTED_EDGE ( 'NONE', *, *, #1327, .F. ) ;
#1692 = CARTESIAN_POINT ( 'NONE',  ( -7.476249324075000202E-18, 9.824999999999999289, 5.799999999999999822 ) ) ;
#1693 = EDGE_CURVE ( 'NONE', #804, #1882, #1507, .T. ) ;
#1694 = CARTESIAN_POINT ( 'NONE',  ( 1.592040838891559588E-16, 0.8750000000000004441, 2.200000000000003286 ) ) ;
#1695 = VERTEX_POINT ( 'NONE', #380 ) ;
#1696 = VERTEX_POINT ( 'NONE', #2237 ) ;
#1697 = DIRECTION ( 'NONE',  ( 0.000000000000000000, 0.000000000000000000, -1.000000000000000000 ) ) ;
#1698 = PRESENTATION_STYLE_ASSIGNMENT (( #2182 ) ) ;
#1699 = CARTESIAN_POINT ( 'NONE',  ( 0.000000000000000000, 9.625000000000000000, 3.499999999999997780 ) ) ;
#1700 = DIRECTION ( 'NONE',  ( 0.000000000000000000, 1.000000000000000000, -2.220446049250000002E-16 ) ) ;
#1701 = CARTESIAN_POINT ( 'NONE',  ( 1.300000000000000266, 10.12500000000000000, 5.758578643762690241 ) ) ;
#1702 =( NAMED_UNIT ( * ) PLANE_ANGLE_UNIT ( ) SI_UNIT ( $, .RADIAN. ) );
#1703 = CARTESIAN_POINT ( 'NONE',  ( -0.7999999999999911626, 0.1749999999999998224, 4.524695076595970811 ) ) ;
#1704 = DIRECTION ( 'NONE',  ( 1.000000000000000000, 0.000000000000000000, 0.000000000000000000 ) ) ;
#1705 = ORIENTED_EDGE ( 'NONE', *, *, #755, .T. ) ;
#1706 = ORIENTED_EDGE ( 'NONE', *, *, #2147, .F. ) ;
#1707 = DIRECTION ( 'NONE',  ( 1.000000000000000000, 0.000000000000000000, 0.000000000000000000 ) ) ;
#1708 = EDGE_LOOP ( 'NONE', ( #166, #1736, #454, #2389 ) ) ;
#1709 = ADVANCED_FACE ( 'NONE', ( #162 ), #1078, .T. ) ;
#1710 = VECTOR ( 'NONE', #37, 1000.000000000000000 ) ;
#1711 = FILL_AREA_STYLE ('',( #2135 ) ) ;
#1712 = LINE ( 'NONE', #1038, #2276 ) ;
#1713 = AXIS2_PLACEMENT_3D ( 'NONE', #1046, #2944, #581 ) ;
#1714 = LINE ( 'NONE', #1732, #1099 ) ;
#1715 =( LENGTH_UNIT ( ) NAMED_UNIT ( * ) SI_UNIT ( .MILLI., .METRE. ) );
#1716 = MECHANICAL_DESIGN_GEOMETRIC_PRESENTATION_REPRESENTATION (  '', ( #2605 ), #802 ) ;
#1717 = CARTESIAN_POINT ( 'NONE',  ( 0.8000000000000000444, 10.12500000000000000, 0.5000000000000000000 ) ) ;
#1718 =( LENGTH_UNIT ( ) NAMED_UNIT ( * ) SI_UNIT ( .MILLI., .METRE. ) );
#1719 = CIRCLE ( 'NONE', #1482, 1.000000000000000000 ) ;
#1720 = VERTEX_POINT ( 'NONE', #2203 ) ;
#1721 = ORIENTED_EDGE ( 'NONE', *, *, #831, .T. ) ;
#1722 = DIRECTION ( 'NONE',  ( -0.6299999999990992805, 2.168404344967908891E-16, 0.7765951326148876621 ) ) ;
#1723 = MECHANICAL_DESIGN_GEOMETRIC_PRESENTATION_REPRESENTATION (  '', ( #1196 ), #1484 ) ;
#1724 =( NAMED_UNIT ( * ) SI_UNIT ( $, .STERADIAN. ) SOLID_ANGLE_UNIT ( ) );
#1725 = ORIENTED_EDGE ( 'NONE', *, *, #2167, .F. ) ;
#1726 = CIRCLE ( 'NONE', #1249, 0.7000000000000000666 ) ;
#1727 = CARTESIAN_POINT ( 'NONE',  ( 0.8000000000000000444, 9.824999999999999289, 0.000000000000000000 ) ) ;
#1728 = CARTESIAN_POINT ( 'NONE',  ( -2.000000000000000000, -0.1250000000000000000, 5.700000000000000178 ) ) ;
#1729 = FILL_AREA_STYLE_COLOUR ( '', #5 ) ;
#1730 = MECHANICAL_DESIGN_GEOMETRIC_PRESENTATION_REPRESENTATION (  '', ( #1974 ), #1109 ) ;
#1731 = VECTOR ( 'NONE', #16, 1000.000000000000000 ) ;
#1732 = CARTESIAN_POINT ( 'NONE',  ( -1.300000000000000266, -0.1250000000000000000, 5.799999999999999822 ) ) ;
#1733 = EDGE_CURVE ( 'NONE', #505, #1082, #377, .T. ) ;
#1734 = CARTESIAN_POINT ( 'NONE',  ( -0.08715574274765999774, 0.3750000000000000000, 4.496194698092000230 ) ) ;
#1735 = DIRECTION ( 'NONE',  ( 0.000000000000000000, 0.000000000000000000, -1.000000000000000000 ) ) ;
#1736 = ORIENTED_EDGE ( 'NONE', *, *, #936, .T. ) ;
#1737 = ORIENTED_EDGE ( 'NONE', *, *, #575, .T. ) ;
#1738 = DIRECTION ( 'NONE',  ( -0.000000000000000000, 1.000000000000000000, -2.220446049250000002E-16 ) ) ;
#1739 = DIRECTION ( 'NONE',  ( -0.000000000000000000, 1.000000000000000000, -2.220446049250000002E-16 ) ) ;
#1740 = VERTEX_POINT ( 'NONE', #833 ) ;
#1741 = DIRECTION ( 'NONE',  ( 1.224646799146999945E-16, 1.000000000000000000, 2.200000000000000003E-16 ) ) ;
#1742 = DIRECTION ( 'NONE',  ( 0.000000000000000000, 1.000000000000000000, -0.000000000000000000 ) ) ;
#1743 =( LENGTH_UNIT ( ) NAMED_UNIT ( * ) SI_UNIT ( .MILLI., .METRE. ) );
#1744 = FACE_OUTER_BOUND ( 'NONE', #1942, .T. ) ;
#1745 = CARTESIAN_POINT ( 'NONE',  ( -1.695125143093377584, 10.12499999999999822, 5.553455343510713682 ) ) ;
#1746 = EDGE_CURVE ( 'NONE', #2816, #1788, #2484, .T. ) ;
#1747 = DIRECTION ( 'NONE',  ( 1.000000000000000000, 0.000000000000000000, -0.000000000000000000 ) ) ;
#1748 = CARTESIAN_POINT ( 'NONE',  ( -1.530808498933999224E-17, 9.875000000000000000, -4.900000000000000355 ) ) ;
#1749 = DIRECTION ( 'NONE',  ( -0.07571149028238323420, 0.6940219942551801857, -0.7159617599629768403 ) ) ;
#1750 = ORIENTED_EDGE ( 'NONE', *, *, #609, .T. ) ;
#1751 = ORIENTED_EDGE ( 'NONE', *, *, #2937, .T. ) ;
#1752 = FACE_OUTER_BOUND ( 'NONE', #1855, .T. ) ;
#1753 = ORIENTED_EDGE ( 'NONE', *, *, #1584, .T. ) ;
#1754 = CARTESIAN_POINT ( 'NONE',  ( 1.899999999999999911, -0.1250000000000000000, 5.099999999999999645 ) ) ;
#1755 = LINE ( 'NONE', #644, #2358 ) ;
#1756 = CARTESIAN_POINT ( 'NONE',  ( 0.000000000000000000, 9.125000000000000000, 3.500000000000001332 ) ) ;
#1757 =( NAMED_UNIT ( * ) PLANE_ANGLE_UNIT ( ) SI_UNIT ( $, .RADIAN. ) );
#1758 = VECTOR ( 'NONE', #2795, 1000.000000000000000 ) ;
#1759 = CARTESIAN_POINT ( 'NONE',  ( 0.5999999999999999778, 9.775000000000000355, 2.223205080756999852 ) ) ;
#1760 = COLOUR_RGB ( '',0.8509803921568627194, 0.8509803921568627194, 0.8509803921568627194 ) ;
#1761 = CARTESIAN_POINT ( 'NONE',  ( -1.894734122579682323, 10.12499999999999822, 5.194210965012591608 ) ) ;
#1762 = LINE ( 'NONE', #1963, #2138 ) ;
#1763 = FILL_AREA_STYLE ('',( #846 ) ) ;
#1764 = AXIS2_PLACEMENT_3D ( 'NONE', #496, #1419, #2131 ) ;
#1765 = EDGE_CURVE ( 'NONE', #1589, #2486, #1042, .T. ) ;
#1766 = EDGE_LOOP ( 'NONE', ( #862, #221, #1512, #562 ) ) ;
#1767 = VECTOR ( 'NONE', #47, 1000.000000000000000 ) ;
#1768 = VERTEX_POINT ( 'NONE', #1966 ) ;
#1769 = LINE ( 'NONE', #2957, #464 ) ;
#1770 = APPLICATION_PROTOCOL_DEFINITION ( 'draft international standard', 'automotive_design', 1998, #1558 ) ;
#1771 = EDGE_CURVE ( 'NONE', #69, #799, #2908, .T. ) ;
#1772 = B_SPLINE_CURVE_WITH_KNOTS ( 'NONE', 3,
 ( #1237, #2875, #2574, #1873, #2126, #964, #1026, #1538 ),
 .UNSPECIFIED., .F., .F.,
 ( 4, 2, 2, 4 ),
 ( 3.496446946337351263E-18, 0.0002931379142558109322, 0.0005862758285116183949, 0.001172551657023233320 ),
 .UNSPECIFIED. ) ;
#1773 = ORIENTED_EDGE ( 'NONE', *, *, #1765, .T. ) ;
#1774 = CARTESIAN_POINT ( 'NONE',  ( 1.300000000000000266, 5.000000000000000000, 5.799999999999999822 ) ) ;
#1775 = AXIS2_PLACEMENT_3D ( 'NONE', #2232, #825, #2919 ) ;
#1776 = DIRECTION ( 'NONE',  ( -1.000000000000000000, 1.224646799146999945E-16, -0.000000000000000000 ) ) ;
#1777 = SURFACE_STYLE_FILL_AREA ( #1502 ) ;
#1778 = FILL_AREA_STYLE_COLOUR ( '', #1528 ) ;
#1779 = VECTOR ( 'NONE', #254, 1000.000000000000000 ) ;
#1780 = CARTESIAN_POINT ( 'NONE',  ( 0.000000000000000000, 9.125000000000000000, 3.500000000000001332 ) ) ;
#1781 = CARTESIAN_POINT ( 'NONE',  ( 0.2996771356040000001, 0.3750000000000000000, 2.512402425934999961 ) ) ;
#1782 = AXIS2_PLACEMENT_3D ( 'NONE', #1800, #402, #1100 ) ;
#1783 = PRESENTATION_LAYER_ASSIGNMENT (  '', '', ( #1442 ) ) ;
#1784 = EDGE_LOOP ( 'NONE', ( #2658, #1372, #155, #2427, #886, #56 ) ) ;
#1785 = ADVANCED_FACE ( 'NONE', ( #2253 ), #2224, .T. ) ;
#1786 = CARTESIAN_POINT ( 'NONE',  ( 0.000000000000000000, 0.3750000000000001665, 3.500000000000000000 ) ) ;
#1787 = B_SPLINE_SURFACE_WITH_KNOTS ( 'NONE', 7, 1, ( 
 ( #2350, #2804 ),
 ( #656, #2515 ),
 ( #2099, #8 ),
 ( #1619, #2291 ),
 ( #443, #691 ),
 ( #1635, #2558 ),
 ( #2335, #2789 ),
 ( #458, #1833 ) ),
 .UNSPECIFIED., .F., .F., .F.,
 ( 8, 8 ),
 ( 2, 2 ),
 ( 0.8892431152319999477, 2.252349538358000114 ),
 ( 0.000000000000000000, 1.000000000000000000 ),
 .UNSPECIFIED. ) ;
#1788 = VERTEX_POINT ( 'NONE', #2417 ) ;
#1789 = DIRECTION ( 'NONE',  ( 1.000000000000000000, 0.000000000000000000, 0.000000000000000000 ) ) ;
#1790 = ADVANCED_FACE ( 'NONE', ( #2853 ), #2635, .T. ) ;
#1791 =( LENGTH_UNIT ( ) NAMED_UNIT ( * ) SI_UNIT ( .MILLI., .METRE. ) );
#1792 = FILL_AREA_STYLE ('',( #2950 ) ) ;
#1793 = DIRECTION ( 'NONE',  ( -1.000000000000000000, 0.000000000000000000, 0.000000000000000000 ) ) ;
#1794 = CARTESIAN_POINT ( 'NONE',  ( -2.000000000000000000, -0.02499999999999999445, 5.099999999999999645 ) ) ;
#1795 = ORIENTED_EDGE ( 'NONE', *, *, #1746, .T. ) ;
#1796 = DIRECTION ( 'NONE',  ( 0.000000000000000000, -0.000000000000000000, 1.000000000000000000 ) ) ;
#1797 = UNCERTAINTY_MEASURE_WITH_UNIT (LENGTH_MEASURE( 1.000000000000000082E-05 ), #2149, 'distance_accuracy_value', 'NONE');
#1798 = VERTEX_POINT ( 'NONE', #2387 ) ;
#1799 = FACE_OUTER_BOUND ( 'NONE', #714, .T. ) ;
#1800 = CARTESIAN_POINT ( 'NONE',  ( 1.899999999999999911, -0.02500000000000000139, 0.000000000000000000 ) ) ;
#1801 = EDGE_CURVE ( 'NONE', #2486, #2260, #1386, .T. ) ;
#1802 = ORIENTED_EDGE ( 'NONE', *, *, #1145, .T. ) ;
#1803 = DIRECTION ( 'NONE',  ( 0.000000000000000000, 0.000000000000000000, -1.000000000000000000 ) ) ;
#1804 = DIRECTION ( 'NONE',  ( -1.000000000000000000, 0.000000000000000000, 0.000000000000000000 ) ) ;
#1805 = PRESENTATION_LAYER_ASSIGNMENT (  '', '', ( #2739 ) ) ;
#1806 = DIRECTION ( 'NONE',  ( 0.000000000000000000, 0.000000000000000000, -1.000000000000000000 ) ) ;
#1807 = LINE ( 'NONE', #2746, #1916 ) ;
#1808 = VERTEX_POINT ( 'NONE', #1472 ) ;
#1809 = STYLED_ITEM ( 'NONE', ( #597 ), #571 ) ;
#1810 = CARTESIAN_POINT ( 'NONE',  ( 0.9784304576378362039, 0.1750000000001799561, 2.246758909084333400 ) ) ;
#1811 = CARTESIAN_POINT ( 'NONE',  ( -0.6300000000000000044, 0.3749999999999998335, 2.723404867385999850 ) ) ;
#1812 = COLOUR_RGB ( '',0.8509803921568627194, 0.8509803921568627194, 0.8509803921568627194 ) ;
#1813 = ORIENTED_EDGE ( 'NONE', *, *, #1161, .F. ) ;
#1814 = LINE ( 'NONE', #2788, #1633 ) ;
#1815 = AXIS2_PLACEMENT_3D ( 'NONE', #406, #1804, #1337 ) ;
#1816 = CARTESIAN_POINT ( 'NONE',  ( -0.7999999999999999334, -0.1250000000000000000, 5.700000000000000178 ) ) ;
#1817 = ORIENTED_EDGE ( 'NONE', *, *, #140, .T. ) ;
#1818 = CARTESIAN_POINT ( 'NONE',  ( -0.5999999999999999778, 9.875000000000001776, 2.049999999999999822 ) ) ;
#1819 = EDGE_CURVE ( 'NONE', #546, #1350, #319, .T. ) ;
#1820 = DIRECTION ( 'NONE',  ( -1.000000000000000000, -0.000000000000000000, -0.000000000000000000 ) ) ;
#1821 = AXIS2_PLACEMENT_3D ( 'NONE', #2834, #986, #2886 ) ;
#1822 = CARTESIAN_POINT ( 'NONE',  ( -1.300000000000000044, -0.1250000000000000000, 5.700000000000000178 ) ) ;
#1823 = CIRCLE ( 'NONE', #10, 0.1000000000000002554 ) ;
#1824 = EDGE_CURVE ( 'NONE', #2546, #2956, #73, .T. ) ;
#1825 = COLOUR_RGB ( '',0.8509803921568627194, 0.8509803921568627194, 0.8509803921568627194 ) ;
#1826 = ORIENTED_EDGE ( 'NONE', *, *, #351, .F. ) ;
#1827 = ORIENTED_EDGE ( 'NONE', *, *, #1861, .T. ) ;
#1828 = AXIS2_PLACEMENT_3D ( 'NONE', #2501, #428, #414 ) ;
#1829 = CARTESIAN_POINT ( 'NONE',  ( 1.899999999999999689, 10.12500000000000000, 0.000000000000000000 ) ) ;
#1830 = FACE_OUTER_BOUND ( 'NONE', #2740, .T. ) ;
#1831 = ORIENTED_EDGE ( 'NONE', *, *, #1275, .F. ) ;
#1832 = CARTESIAN_POINT ( 'NONE',  ( 0.000000000000000000, 9.625000000000000000, 3.499999999999997780 ) ) ;
#1833 = CARTESIAN_POINT ( 'NONE',  ( 0.7874999999999999778, 0.3750000000000000000, 2.529256084232000212 ) ) ;
#1834 = CARTESIAN_POINT ( 'NONE',  ( 0.6149999999999999911, 0.2374999999999999889, 2.581558149544499692 ) ) ;
#1835 = ORIENTED_EDGE ( 'NONE', *, *, #1896, .T. ) ;
#1836 = COLOUR_RGB ( '',0.8509803921568627194, 0.8509803921568627194, 0.8509803921568627194 ) ;
#1837 = CARTESIAN_POINT ( 'NONE',  ( -0.5999999999999999778, 9.837500000000000355, 2.331458256229999471 ) ) ;
#1838 = DIRECTION ( 'NONE',  ( -1.000000000000000000, -0.000000000000000000, -0.000000000000000000 ) ) ;
#1839 = CARTESIAN_POINT ( 'NONE',  ( -0.5999999999999999778, 0.3250000000000000666, 2.049999999999999822 ) ) ;
#1840 = CARTESIAN_POINT ( 'NONE',  ( -0.5999999999999999778, 0.1000000000000000056, 2.439711431702999977 ) ) ;
#1841 = EDGE_CURVE ( 'NONE', #835, #732, #521, .T. ) ;
#1842 = ORIENTED_EDGE ( 'NONE', *, *, #1579, .F. ) ;
#1843 = CARTESIAN_POINT ( 'NONE',  ( -1.900000000000000133, -0.02500000000000000139, 5.099999999999999645 ) ) ;
#1844 = FACE_OUTER_BOUND ( 'NONE', #1617, .T. ) ;
#1845 = ORIENTED_EDGE ( 'NONE', *, *, #2288, .T. ) ;
#1846 =( LENGTH_UNIT ( ) NAMED_UNIT ( * ) SI_UNIT ( .MILLI., .METRE. ) );
#1847 = SURFACE_SIDE_STYLE ('',( #676 ) ) ;
#1848 = CARTESIAN_POINT ( 'NONE',  ( 1.169014004901999964E-16, 0.3750000000000000000, 3.527178024838999892 ) ) ;
#1849 = ORIENTED_EDGE ( 'NONE', *, *, #2990, .F. ) ;
#1850 = PLANE ( 'NONE',  #335 ) ;
#1851 = DIRECTION ( 'NONE',  ( -1.224646799146999945E-16, -1.000000000000000000, -2.199999999999999757E-16 ) ) ;
#1852 =( NAMED_UNIT ( * ) SI_UNIT ( $, .STERADIAN. ) SOLID_ANGLE_UNIT ( ) );
#1853 = STYLED_ITEM ( 'NONE', ( #1698 ), #212 ) ;
#1854 = FILL_AREA_STYLE ('',( #931 ) ) ;
#1855 = EDGE_LOOP ( 'NONE', ( #441, #2321, #978, #1593, #2243, #218, #163, #1043, #267 ) ) ;
#1856 =( LENGTH_UNIT ( ) NAMED_UNIT ( * ) SI_UNIT ( .MILLI., .METRE. ) );
#1857 = CARTESIAN_POINT ( 'NONE',  ( 0.8000000000000000444, 10.12500000000000000, 0.000000000000000000 ) ) ;
#1858 = UNCERTAINTY_MEASURE_WITH_UNIT (LENGTH_MEASURE( 1.000000000000000082E-05 ), #1365, 'distance_accuracy_value', 'NONE');
#1859 = ORIENTED_EDGE ( 'NONE', *, *, #2769, .F. ) ;
#1860 = DIRECTION ( 'NONE',  ( -0.6299999999990992805, 0.000000000000000000, 0.7765951326148876621 ) ) ;
#1861 = EDGE_CURVE ( 'NONE', #2337, #1589, #146, .T. ) ;
#1862 = PRESENTATION_LAYER_ASSIGNMENT (  '', '', ( #330 ) ) ;
#1863 = UNCERTAINTY_MEASURE_WITH_UNIT (LENGTH_MEASURE( 1.000000000000000082E-05 ), #1645, 'distance_accuracy_value', 'NONE');
#1864 = ORIENTED_EDGE ( 'NONE', *, *, #552, .F. ) ;
#1865 = LINE ( 'NONE', #2761, #573 ) ;
#1866 = CIRCLE ( 'NONE', #899, 0.1000000000000002554 ) ;
#1867 = FILL_AREA_STYLE_COLOUR ( '', #2019 ) ;
#1868 = CARTESIAN_POINT ( 'NONE',  ( -0.2996771356040000001, 9.625000000000000000, 2.512402425934999961 ) ) ;
#1869 = AXIS2_PLACEMENT_3D ( 'NONE', #1667, #2825, #349 ) ;
#1870 = PRESENTATION_STYLE_ASSIGNMENT (( #1399 ) ) ;
#1871 = AXIS2_PLACEMENT_3D ( 'NONE', #2449, #1493, #1539 ) ;
#1872 = ORIENTED_EDGE ( 'NONE', *, *, #700, .F. ) ;
#1873 = CARTESIAN_POINT ( 'NONE',  ( -0.7999999999999999334, 0.5066748258172752983, 2.353987346023198590 ) ) ;
#1874 = DIRECTION ( 'NONE',  ( 2.409338161078894743E-16, 1.000000000000000000, 0.000000000000000000 ) ) ;
#1875 = COLOUR_RGB ( '',0.8509803921568627194, 0.8509803921568627194, 0.8509803921568627194 ) ;
#1876 = VERTEX_POINT ( 'NONE', #2402 ) ;
#1877 =( GEOMETRIC_REPRESENTATION_CONTEXT ( 3 ) GLOBAL_UNCERTAINTY_ASSIGNED_CONTEXT ( ( #1797 ) ) GLOBAL_UNIT_ASSIGNED_CONTEXT ( ( #2149, #332, #748 ) ) REPRESENTATION_CONTEXT ( 'NONE', 'WORKASPACE' ) );
#1878 = CARTESIAN_POINT ( 'NONE',  ( 0.1089446784349692166, 0.3749999999999998890, 4.745243372614647015 ) ) ;
#1879 = CARTESIAN_POINT ( 'NONE',  ( -0.7999999999999911626, -0.1250000000000001110, 4.524695076595970811 ) ) ;
#1880 = DIRECTION ( 'NONE',  ( 0.000000000000000000, 0.000000000000000000, -1.000000000000000000 ) ) ;
#1881 = PRESENTATION_LAYER_ASSIGNMENT (  '', '', ( #63 ) ) ;
#1882 = VERTEX_POINT ( 'NONE', #2200 ) ;
#1883 = EDGE_CURVE ( 'NONE', #1509, #2063, #1023, .T. ) ;
#1884 = FILL_AREA_STYLE ('',( #518 ) ) ;
#1885 =( GEOMETRIC_REPRESENTATION_CONTEXT ( 3 ) GLOBAL_UNCERTAINTY_ASSIGNED_CONTEXT ( ( #2603 ) ) GLOBAL_UNIT_ASSIGNED_CONTEXT ( ( #2465, #1040, #336 ) ) REPRESENTATION_CONTEXT ( 'NONE', 'WORKASPACE' ) );
#1886 = EDGE_CURVE ( 'NONE', #26, #1740, #1712, .T. ) ;
#1887 = CARTESIAN_POINT ( 'NONE',  ( 1.300000000000000044, -0.1250000000000000000, 5.699999999999999289 ) ) ;
#1888 = PLANE ( 'NONE',  #2220 ) ;
#1889 = FACE_OUTER_BOUND ( 'NONE', #1608, .T. ) ;
#1890 = UNCERTAINTY_MEASURE_WITH_UNIT (LENGTH_MEASURE( 1.000000000000000082E-05 ), #1718, 'distance_accuracy_value', 'NONE');
#1891 = VERTEX_POINT ( 'NONE', #2652 ) ;
#1892 = CARTESIAN_POINT ( 'NONE',  ( -0.5999999999999999778, 0.1249999999999996253, -4.900000000000000355 ) ) ;
#1893 =( NAMED_UNIT ( * ) PLANE_ANGLE_UNIT ( ) SI_UNIT ( $, .RADIAN. ) );
#1894 = EDGE_LOOP ( 'NONE', ( #2946, #1554, #164, #2311, #2315 ) ) ;
#1895 = FACE_OUTER_BOUND ( 'NONE', #2667, .T. ) ;
#1896 = EDGE_CURVE ( 'NONE', #69, #1124, #948, .T. ) ;
#1897 = DIRECTION ( 'NONE',  ( 0.000000000000000000, -0.000000000000000000, 1.000000000000000000 ) ) ;
#1898 = CARTESIAN_POINT ( 'NONE',  ( -1.300000000000000044, -0.08357864376269093232, 5.800000000000001599 ) ) ;
#1899 = ADVANCED_FACE ( 'NONE', ( #1250 ), #1219, .F. ) ;
#1900 = EDGE_LOOP ( 'NONE', ( #2801, #2723, #1481, #214, #879 ) ) ;
#1901 = CARTESIAN_POINT ( 'NONE',  ( 0.08715574274807076638, 0.3749999999999998890, 4.496194698091835917 ) ) ;
#1902 = CARTESIAN_POINT ( 'NONE',  ( -1.899999999999999911, -0.02500000000000000139, 0.000000000000000000 ) ) ;
#1903 = ORIENTED_EDGE ( 'NONE', *, *, #2397, .T. ) ;
#1904 = FACE_OUTER_BOUND ( 'NONE', #938, .T. ) ;
#1905 = AXIS2_PLACEMENT_3D ( 'NONE', #2020, #2490, #1547 ) ;
#1906 = DIRECTION ( 'NONE',  ( 0.000000000000000000, 1.000000000000000000, -2.220446049250000002E-16 ) ) ;
#1907 = ORIENTED_EDGE ( 'NONE', *, *, #170, .F. ) ;
#1908 = SURFACE_SIDE_STYLE ('',( #1215 ) ) ;
#1909 = LINE ( 'NONE', #1383, #1037 ) ;
#1910 = AXIS2_PLACEMENT_3D ( 'NONE', #2194, #1496, #1542 ) ;
#1911 = CARTESIAN_POINT ( 'NONE',  ( -0.08571428571429000332, 9.775000000000000355, 2.223205080756999852 ) ) ;
#1912 = VECTOR ( 'NONE', #264, 1000.000000000000000 ) ;
#1913 = DIRECTION ( 'NONE',  ( 0.000000000000000000, 2.258754526011468228E-16, 1.000000000000000000 ) ) ;
#1914 = PRODUCT_RELATED_PRODUCT_CATEGORY ( 'part', '', ( #205 ) ) ;
#1915 = FACE_OUTER_BOUND ( 'NONE', #237, .T. ) ;
#1916 = VECTOR ( 'NONE', #667, 1000.000000000000000 ) ;
#1917 = ADVANCED_FACE ( 'NONE', ( #768 ), #1458, .F. ) ;
#1918 =( GEOMETRIC_REPRESENTATION_CONTEXT ( 3 ) GLOBAL_UNCERTAINTY_ASSIGNED_CONTEXT ( ( #2211 ) ) GLOBAL_UNIT_ASSIGNED_CONTEXT ( ( #2460, #95, #1470 ) ) REPRESENTATION_CONTEXT ( 'NONE', 'WORKASPACE' ) );
#1919 = CYLINDRICAL_SURFACE ( 'NONE', #2338, 0.5999999999999998668 ) ;
#1920 = CARTESIAN_POINT ( 'NONE',  ( 0.5999999999999999778, 0.04578845482630999886, 2.211202860767000011 ) ) ;
#1921 = MECHANICAL_DESIGN_GEOMETRIC_PRESENTATION_REPRESENTATION (  '', ( #1533 ), #1000 ) ;
#1922 = ORIENTED_EDGE ( 'NONE', *, *, #2034, .T. ) ;
#1923 =( LENGTH_UNIT ( ) NAMED_UNIT ( * ) SI_UNIT ( .MILLI., .METRE. ) );
#1924 =( GEOMETRIC_REPRESENTATION_CONTEXT ( 3 ) GLOBAL_UNCERTAINTY_ASSIGNED_CONTEXT ( ( #2016 ) ) GLOBAL_UNIT_ASSIGNED_CONTEXT ( ( #2280, #588, #2519 ) ) REPRESENTATION_CONTEXT ( 'NONE', 'WORKASPACE' ) );
#1925 = DIRECTION ( 'NONE',  ( 0.000000000000000000, 2.293504595642412581E-16, 1.000000000000000000 ) ) ;
#1926 = CARTESIAN_POINT ( 'NONE',  ( 0.000000000000000000, 0.3749999999999997224, 2.250000000000000444 ) ) ;
#1927 = AXIS2_PLACEMENT_3D ( 'NONE', #611, #400, #1527 ) ;
#1928 = UNCERTAINTY_MEASURE_WITH_UNIT (LENGTH_MEASURE( 1.000000000000000082E-05 ), #2953, 'distance_accuracy_value', 'NONE');
#1929 = ORIENTED_EDGE ( 'NONE', *, *, #34, .T. ) ;
#1930 = FILL_AREA_STYLE ('',( #534 ) ) ;
#1931 =( NAMED_UNIT ( * ) PLANE_ANGLE_UNIT ( ) SI_UNIT ( $, .RADIAN. ) );
#1932 = CIRCLE ( 'NONE', #1641, 1.300000000000000266 ) ;
#1933 =( NAMED_UNIT ( * ) PLANE_ANGLE_UNIT ( ) SI_UNIT ( $, .RADIAN. ) );
#1934 = VECTOR ( 'NONE', #147, 1000.000000000000000 ) ;
#1935 = FACE_OUTER_BOUND ( 'NONE', #2915, .T. ) ;
#1936 = CARTESIAN_POINT ( 'NONE',  ( -1.300000000000000266, 10.02500000000000036, 5.700000000000000178 ) ) ;
#1937 = EDGE_CURVE ( 'NONE', #494, #2438, #856, .T. ) ;
#1938 = ORIENTED_EDGE ( 'NONE', *, *, #1670, .F. ) ;
#1939 = CARTESIAN_POINT ( 'NONE',  ( -0.8081255271607353796, 9.535050506338688336, 2.481700863031307769 ) ) ;
#1940 = CARTESIAN_POINT ( 'NONE',  ( -0.5999999999999999778, 0.1250000000000000278, 2.049999999999999822 ) ) ;
#1941 =( LENGTH_UNIT ( ) NAMED_UNIT ( * ) SI_UNIT ( .MILLI., .METRE. ) );
#1942 = EDGE_LOOP ( 'NONE', ( #177, #1141, #882, #207 ) ) ;
#1943 = DIRECTION ( 'NONE',  ( -0.000000000000000000, 1.000000000000000000, 0.000000000000000000 ) ) ;
#1944 = CARTESIAN_POINT ( 'NONE',  ( 0.8000000000000000444, -0.1250000000000000000, 0.000000000000000000 ) ) ;
#1945 = CARTESIAN_POINT ( 'NONE',  ( -1.782541919949029774, 10.12500000000000000, 5.465881519114353715 ) ) ;
#1946 = SURFACE_STYLE_FILL_AREA ( #1505 ) ;
#1947 = DIRECTION ( 'NONE',  ( 1.000000000000000000, 0.000000000000000000, 0.000000000000000000 ) ) ;
#1948 = CARTESIAN_POINT ( 'NONE',  ( -2.470607006784250993E-30, 9.875000000000000000, -5.500000000000000888 ) ) ;
#1949 = ORIENTED_EDGE ( 'NONE', *, *, #1200, .F. ) ;
#1950 = ORIENTED_EDGE ( 'NONE', *, *, #2861, .F. ) ;
#1951 = FACE_OUTER_BOUND ( 'NONE', #966, .T. ) ;
#1952 = PRESENTATION_STYLE_ASSIGNMENT (( #1681 ) ) ;
#1953 = VERTEX_POINT ( 'NONE', #2717 ) ;
#1954 = VECTOR ( 'NONE', #1115, 1000.000000000000000 ) ;
#1955 = DIRECTION ( 'NONE',  ( 1.000000000000000000, 0.000000000000000000, 0.000000000000000000 ) ) ;
#1956 = EDGE_CURVE ( 'NONE', #2359, #2498, #2568, .T. ) ;
#1957 = SURFACE_SIDE_STYLE ('',( #127 ) ) ;
#1958 = ORIENTED_EDGE ( 'NONE', *, *, #1693, .F. ) ;
#1959 = DIRECTION ( 'NONE',  ( -1.000000000000000000, 0.000000000000000000, 0.000000000000000000 ) ) ;
#1960 = VECTOR ( 'NONE', #310, 1000.000000000000000 ) ;
#1961 = CARTESIAN_POINT ( 'NONE',  ( -1.376475444790605795, 10.12500000000000178, 5.700000000000001954 ) ) ;
#1962 = AXIS2_PLACEMENT_3D ( 'NONE', #1843, #2784, #2980 ) ;
#1963 = CARTESIAN_POINT ( 'NONE',  ( 0.8000000000000000444, 5.000000000000000000, 5.799999999999999822 ) ) ;
#1964 = COLOUR_RGB ( '',0.1725490196078431349, 0.1725490196078431349, 0.1725490196078431349 ) ;
#1965 = SURFACE_STYLE_USAGE ( .BOTH. , #2236 ) ;
#1966 = CARTESIAN_POINT ( 'NONE',  ( 0.8000000000000000444, -0.1250000000000002220, 2.475304923404022084 ) ) ;
#1967 = STYLED_ITEM ( 'NONE', ( #1188 ), #1323 ) ;
#1968 = ORIENTED_EDGE ( 'NONE', *, *, #1676, .T. ) ;
#1969 = VERTEX_POINT ( 'NONE', #1073 ) ;
#1970 = LINE ( 'NONE', #1926, #2431 ) ;
#1971 = ORIENTED_EDGE ( 'NONE', *, *, #2130, .T. ) ;
#1972 = CARTESIAN_POINT ( 'NONE',  ( 1.000000000000000000, 10.12500000000000000, 0.5000000000000000000 ) ) ;
#1973 = LINE ( 'NONE', #824, #2986 ) ;
#1974 = STYLED_ITEM ( 'NONE', ( #1001 ), #2172 ) ;
#1975 = ADVANCED_FACE ( 'NONE', ( #602 ), #2479, .T. ) ;
#1976 = ORIENTED_EDGE ( 'NONE', *, *, #2397, .F. ) ;
#1977 =( NAMED_UNIT ( * ) SI_UNIT ( $, .STERADIAN. ) SOLID_ANGLE_UNIT ( ) );
#1978 = MECHANICAL_DESIGN_GEOMETRIC_PRESENTATION_REPRESENTATION (  '', ( #429 ), #770 ) ;
#1979 = SURFACE_STYLE_FILL_AREA ( #574 ) ;
#1980 = ADVANCED_FACE ( 'NONE', ( #1744 ), #1543, .F. ) ;
#1981 = AXIS2_PLACEMENT_3D ( 'NONE', #998, #1739, #801 ) ;
#1982 = DIRECTION ( 'NONE',  ( -1.224646799146999945E-16, -1.000000000000000000, -2.200000000000000003E-16 ) ) ;
#1983 = SURFACE_STYLE_USAGE ( .BOTH. , #1282 ) ;
#1984 = DIRECTION ( 'NONE',  ( -0.000000000000000000, -2.198480045797000147E-16, -1.000000000000000000 ) ) ;
#1985 = CIRCLE ( 'NONE', #2089, 1.250000000000000222 ) ;
#1986 = ORIENTED_EDGE ( 'NONE', *, *, #2401, .F. ) ;
#1987 = EDGE_LOOP ( 'NONE', ( #1271, #107, #1366, #584 ) ) ;
#1988 = CARTESIAN_POINT ( 'NONE',  ( 0.7874999999999999778, 0.3749999999999997780, 2.529256084232000212 ) ) ;
#1989 = UNCERTAINTY_MEASURE_WITH_UNIT (LENGTH_MEASURE( 1.000000000000000082E-05 ), #681, 'distance_accuracy_value', 'NONE');
#1990 = ORIENTED_EDGE ( 'NONE', *, *, #605, .T. ) ;
#1991 = DIRECTION ( 'NONE',  ( 0.000000000000000000, 0.000000000000000000, 1.000000000000000000 ) ) ;
#1992 = CARTESIAN_POINT ( 'NONE',  ( 0.5999999999999999778, 0.1249999999999997086, -4.900000000000000355 ) ) ;
#1993 = EDGE_CURVE ( 'NONE', #150, #2155, #1726, .T. ) ;
#1994 = CARTESIAN_POINT ( 'NONE',  ( 1.300000000000000266, 10.08357864376269042, 5.799999999999998934 ) ) ;
#1995 = PLANE ( 'NONE',  #731 ) ;
#1996 = EDGE_CURVE ( 'NONE', #2930, #1401, #1823, .T. ) ;
#1997 = DIRECTION ( 'NONE',  ( 0.000000000000000000, -2.168404344971008868E-16, -1.000000000000000000 ) ) ;
#1998 = ORIENTED_EDGE ( 'NONE', *, *, #1164, .T. ) ;
#1999 = ORIENTED_EDGE ( 'NONE', *, *, #302, .T. ) ;
#2000 = ORIENTED_EDGE ( 'NONE', *, *, #1234, .T. ) ;
#2001 = DIRECTION ( 'NONE',  ( 0.000000000000000000, 1.000000000000000000, -2.220446049250000002E-16 ) ) ;
#2002 = DIRECTION ( 'NONE',  ( -0.000000000000000000, 1.000000000000000000, 0.000000000000000000 ) ) ;
#2003 = FACE_OUTER_BOUND ( 'NONE', #2, .T. ) ;
#2004 =( GEOMETRIC_REPRESENTATION_CONTEXT ( 3 ) GLOBAL_UNCERTAINTY_ASSIGNED_CONTEXT ( ( #2847 ) ) GLOBAL_UNIT_ASSIGNED_CONTEXT ( ( #1791, #1529, #1070 ) ) REPRESENTATION_CONTEXT ( 'NONE', 'WORKASPACE' ) );
#2005 = ORIENTED_EDGE ( 'NONE', *, *, #1347, .F. ) ;
#2006 = B_SPLINE_SURFACE_WITH_KNOTS ( 'NONE', 1, 1, ( 
 ( #419, #1339 ),
 ( #203, #2745 ) ),
 .UNSPECIFIED., .F., .F., .F.,
 ( 2, 2 ),
 ( 2, 2 ),
 ( 0.000000000000000000, 0.2500000000000000000 ),
 ( 0.000000000000000000, 1.000000000000000000 ),
 .UNSPECIFIED. ) ;
#2007 = SURFACE_STYLE_USAGE ( .BOTH. , #1058 ) ;
#2008 = CARTESIAN_POINT ( 'NONE',  ( 1.000000000000000000, 9.824999999999999289, 0.5000000000000000000 ) ) ;
#2009 = EDGE_CURVE ( 'NONE', #1541, #1768, #393, .T. ) ;
#2010 = FILL_AREA_STYLE_COLOUR ( '', #252 ) ;
#2011 = CARTESIAN_POINT ( 'NONE',  ( 0.000000000000000000, 0.8750000000000007772, 3.500000000000003109 ) ) ;
#2012 = VECTOR ( 'NONE', #1506, 1000.000000000000000 ) ;
#2013 = ADVANCED_FACE ( 'NONE', ( #2963 ), #1087, .T. ) ;
#2014 = CIRCLE ( 'NONE', #713, 0.5999999999999998668 ) ;
#2015 = DIRECTION ( 'NONE',  ( 0.000000000000000000, 2.258754526011468228E-16, 1.000000000000000000 ) ) ;
#2016 = UNCERTAINTY_MEASURE_WITH_UNIT (LENGTH_MEASURE( 1.000000000000000082E-05 ), #2280, 'distance_accuracy_value', 'NONE');
#2017 = EDGE_LOOP ( 'NONE', ( #1358, #999, #790, #1903 ) ) ;
#2018 = LINE ( 'NONE', #822, #955 ) ;
#2019 = COLOUR_RGB ( '',0.8509803921568627194, 0.8509803921568627194, 0.8509803921568627194 ) ;
#2020 = CARTESIAN_POINT ( 'NONE',  ( 0.5999999999999999778, 9.675000000000000711, 2.049999999999999822 ) ) ;
#2021 = PLANE ( 'NONE',  #108 ) ;
#2022 = VERTEX_POINT ( 'NONE', #1119 ) ;
#2023 = DIRECTION ( 'NONE',  ( 0.000000000000000000, 0.000000000000000000, 1.000000000000000000 ) ) ;
#2024 = COLOUR_RGB ( '',0.8509803921568627194, 0.8509803921568627194, 0.8509803921568627194 ) ;
#2025 = CARTESIAN_POINT ( 'NONE',  ( 0.5999999999999999778, 0.3250000000000000666, 2.049999999999999822 ) ) ;
#2026 = AXIS2_PLACEMENT_3D ( 'NONE', #1832, #1351, #1169 ) ;
#2027 = CARTESIAN_POINT ( 'NONE',  ( 0.000000000000000000, 9.625000000000000000, 3.499999999999997780 ) ) ;
#2028 = CARTESIAN_POINT ( 'NONE',  ( 0.2571428571430000032, 0.1000000000000000056, 2.439711431702999977 ) ) ;
#2029 = CIRCLE ( 'NONE', #1393, 1.250000000000000222 ) ;
#2030 = ORIENTED_EDGE ( 'NONE', *, *, #951, .T. ) ;
#2031 = AXIS2_PLACEMENT_3D ( 'NONE', #764, #2621, #1047 ) ;
#2032 = ORIENTED_EDGE ( 'NONE', *, *, #456, .T. ) ;
#2033 = CARTESIAN_POINT ( 'NONE',  ( 3.081498775692000181E-18, -0.1250000000000000000, -1.601916297467000039 ) ) ;
#2034 = EDGE_CURVE ( 'NONE', #1302, #1553, #1172, .T. ) ;
#2035 = ORIENTED_EDGE ( 'NONE', *, *, #1436, .F. ) ;
#2036 = LINE ( 'NONE', #2864, #1487 ) ;
#2037 = FILL_AREA_STYLE_COLOUR ( '', #1760 ) ;
#2038 = ADVANCED_FACE ( 'NONE', ( #1609 ), #1850, .T. ) ;
#2039 = DIRECTION ( 'NONE',  ( 4.381966971052000390E-31, 0.000000000000000000, -1.000000000000000000 ) ) ;
#2040 = ORIENTED_EDGE ( 'NONE', *, *, #49, .T. ) ;
#2041 = LINE ( 'NONE', #2090, #907 ) ;
#2042 = CARTESIAN_POINT ( 'NONE',  ( 1.501675565772294441, 10.12500000000000355, 5.665447582944275418 ) ) ;
#2043 = DIRECTION ( 'NONE',  ( -0.4820012127825327175, 0.3856009702260281835, -0.7867570925240605639 ) ) ;
#2044 = ORIENTED_EDGE ( 'NONE', *, *, #119, .T. ) ;
#2045 = CARTESIAN_POINT ( 'NONE',  ( 0.8000000000000000444, -0.1250000000000000000, 0.000000000000000000 ) ) ;
#2046 = EDGE_LOOP ( 'NONE', ( #2588, #963, #1331, #904 ) ) ;
#2047 = SURFACE_SIDE_STYLE ('',( #238 ) ) ;
#2048 = DIRECTION ( 'NONE',  ( 1.000000000000000000, 0.000000000000000000, 0.000000000000000000 ) ) ;
#2049 = LINE ( 'NONE', #391, #1301 ) ;
#2050 = VERTEX_POINT ( 'NONE', #2547 ) ;
#2051 = ADVANCED_FACE ( 'NONE', ( #2294 ), #1378, .T. ) ;
#2052 = DIRECTION ( 'NONE',  ( 1.000000000000000000, 0.000000000000000000, 0.000000000000000000 ) ) ;
#2053 = CARTESIAN_POINT ( 'NONE',  ( 1.338059349597352954, 10.12500000000000355, 5.700000000000001066 ) ) ;
#2054 =( GEOMETRIC_REPRESENTATION_CONTEXT ( 3 ) GLOBAL_UNCERTAINTY_ASSIGNED_CONTEXT ( ( #1018 ) ) GLOBAL_UNIT_ASSIGNED_CONTEXT ( ( #984, #2884, #569 ) ) REPRESENTATION_CONTEXT ( 'NONE', 'WORKASPACE' ) );
#2055 =( LENGTH_UNIT ( ) NAMED_UNIT ( * ) SI_UNIT ( .MILLI., .METRE. ) );
#2056 = PRESENTATION_LAYER_ASSIGNMENT (  '', '', ( #1616 ) ) ;
#2057 = ORIENTED_EDGE ( 'NONE', *, *, #1327, .T. ) ;
#2058 = VECTOR ( 'NONE', #953, 1000.000000000000000 ) ;
#2059 = CARTESIAN_POINT ( 'NONE',  ( -1.243270041785556224, 0.1750000000000000167, 1.933385943125329520 ) ) ;
#2060 = CARTESIAN_POINT ( 'NONE',  ( -1.651471862576143979, 10.12500000000000000, 5.700000000000001954 ) ) ;
#2061 = CIRCLE ( 'NONE', #661, 1.300000000000000266 ) ;
#2062 =( BOUNDED_SURFACE ( )  B_SPLINE_SURFACE ( 3, 3, ( 
 ( #2636, #144, #1074, #1024 ),
 ( #1701, #2187, #2463, #2446 ),
 ( #1994, #394, #362, #2936 ),
 ( #2923, #2432, #2887, #116 ) ),
 .UNSPECIFIED., .F., .F., .T. ) 
 B_SPLINE_SURFACE_WITH_KNOTS ( ( 4, 4 ),
 ( 4, 4 ),
 ( 0.000000000000000000, 1.000000000000000000 ),
 ( 0.000000000000000000, 1.000000000000000000 ),
 .UNSPECIFIED. ) 
 GEOMETRIC_REPRESENTATION_ITEM ( )  RATIONAL_B_SPLINE_SURFACE ( (
 ( 1.000000000000000000, 0.8047378541243649375, 0.8047378541243649375, 1.000000000000000000),
 ( 0.8047378541243649375, 0.6476030138606876374, 0.6476030138606876374, 0.8047378541243649375),
 ( 0.8047378541243649375, 0.6476030138606876374, 0.6476030138606876374, 0.8047378541243649375),
 ( 1.000000000000000000, 0.8047378541243649375, 0.8047378541243649375, 1.000000000000000000) ) ) 
 REPRESENTATION_ITEM ( '' )  SURFACE ( )  );
#2063 = VERTEX_POINT ( 'NONE', #2339 ) ;
#2064 = DIRECTION ( 'NONE',  ( 1.000000000000000000, -0.000000000000000000, 0.000000000000000000 ) ) ;
#2065 = PRESENTATION_STYLE_ASSIGNMENT (( #2530 ) ) ;
#2066 = MECHANICAL_DESIGN_GEOMETRIC_PRESENTATION_REPRESENTATION (  '', ( #2849 ), #2222 ) ;
#2067 = PLANE ( 'NONE',  #1203 ) ;
#2068 = EDGE_LOOP ( 'NONE', ( #921, #2117, #416, #1445, #2457, #1600, #488, #623, #2373, #2750, #1566, #610 ) ) ;
#2069 = DIRECTION ( 'NONE',  ( -0.000000000000000000, 0.000000000000000000, -1.000000000000000000 ) ) ;
#2070 = CARTESIAN_POINT ( 'NONE',  ( -7.476249324075000202E-18, 10.02500000000000036, 5.799999999999999822 ) ) ;
#2071 = EDGE_CURVE ( 'NONE', #505, #383, #2041, .T. ) ;
#2072 = SURFACE_STYLE_FILL_AREA ( #710 ) ;
#2073 = MECHANICAL_DESIGN_GEOMETRIC_PRESENTATION_REPRESENTATION (  '', ( #810 ), #2611 ) ;
#2074 = FACE_OUTER_BOUND ( 'NONE', #342, .T. ) ;
#2075 =( NAMED_UNIT ( * ) SI_UNIT ( $, .STERADIAN. ) SOLID_ANGLE_UNIT ( ) );
#2076 = EDGE_CURVE ( 'NONE', #1416, #580, #520, .T. ) ;
#2077 = AXIS2_PLACEMENT_3D ( 'NONE', #702, #23, #472 ) ;
#2078 = ORIENTED_EDGE ( 'NONE', *, *, #1275, .T. ) ;
#2079 = ORIENTED_EDGE ( 'NONE', *, *, #1819, .F. ) ;
#2080 = COLOUR_RGB ( '',0.8509803921568627194, 0.8509803921568627194, 0.8509803921568627194 ) ;
#2081 = LINE ( 'NONE', #2298, #1425 ) ;
#2082 = LINE ( 'NONE', #1857, #376 ) ;
#2083 = UNCERTAINTY_MEASURE_WITH_UNIT (LENGTH_MEASURE( 1.000000000000000082E-05 ), #981, 'distance_accuracy_value', 'NONE');
#2084 = ORIENTED_EDGE ( 'NONE', *, *, #683, .F. ) ;
#2085 = CARTESIAN_POINT ( 'NONE',  ( -7.476249324075000202E-18, 10.02500000000000036, 5.799999999999999822 ) ) ;
#2086 = LINE ( 'NONE', #497, #772 ) ;
#2087 = UNCERTAINTY_MEASURE_WITH_UNIT (LENGTH_MEASURE( 1.000000000000000082E-05 ), #153, 'distance_accuracy_value', 'NONE');
#2088 = ORIENTED_EDGE ( 'NONE', *, *, #1584, .F. ) ;
#2089 = AXIS2_PLACEMENT_3D ( 'NONE', #2027, #874, #1806 ) ;
#2090 = CARTESIAN_POINT ( 'NONE',  ( -2.000000000000000000, 10.12500000000000000, 5.700000000000000178 ) ) ;
#2091 = CARTESIAN_POINT ( 'NONE',  ( 0.2571428571430000032, 9.775000000000000355, 2.223205080756999852 ) ) ;
#2092 = CARTESIAN_POINT ( 'NONE',  ( 0.6300000000000000044, 9.625000000000000000, 2.723404867385999850 ) ) ;
#2093 = SURFACE_SIDE_STYLE ('',( #1612 ) ) ;
#2094 = EDGE_CURVE ( 'NONE', #2816, #2134, #2124, .T. ) ;
#2095 = ORIENTED_EDGE ( 'NONE', *, *, #1287, .F. ) ;
#2096 = DIRECTION ( 'NONE',  ( 0.000000000000000000, -1.000000000000000000, 0.000000000000000000 ) ) ;
#2097 = ORIENTED_EDGE ( 'NONE', *, *, #1072, .T. ) ;
#2098 = LINE ( 'NONE', #655, #1201 ) ;
#2099 = CARTESIAN_POINT ( 'NONE',  ( -0.2571428571430000032, 0.2250000000000000333, 2.223205080756999852 ) ) ;
#2100 = EDGE_LOOP ( 'NONE', ( #2109, #2452, #2770, #331, #2960 ) ) ;
#2101 = CARTESIAN_POINT ( 'NONE',  ( -0.8000000000000000444, 10.12500000000000000, 0.000000000000000000 ) ) ;
#2102 = DIRECTION ( 'NONE',  ( -0.000000000000000000, 1.000000000000000000, 0.000000000000000000 ) ) ;
#2103 = LINE ( 'NONE', #1134, #627 ) ;
#2104 = CARTESIAN_POINT ( 'NONE',  ( -1.685786437626905387, -0.1250000000000005551, 5.758578643762689353 ) ) ;
#2105 = ORIENTED_EDGE ( 'NONE', *, *, #1377, .F. ) ;
#2106 = CARTESIAN_POINT ( 'NONE',  ( -0.8000000000000001554, 0.8750000000000003331, 2.475304923404020307 ) ) ;
#2107 = DIRECTION ( 'NONE',  ( 1.000000000000000000, 0.000000000000000000, 0.000000000000000000 ) ) ;
#2108 = EDGE_CURVE ( 'NONE', #1168, #2498, #895, .T. ) ;
#2109 = ORIENTED_EDGE ( 'NONE', *, *, #2671, .F. ) ;
#2110 = CIRCLE ( 'NONE', #2219, 1.000000000000000000 ) ;
#2111 =( NAMED_UNIT ( * ) PLANE_ANGLE_UNIT ( ) SI_UNIT ( $, .RADIAN. ) );
#2112 = LINE ( 'NONE', #1940, #2842 ) ;
#2113 = DIRECTION ( 'NONE',  ( -0.000000000000000000, -1.000000000000000000, 0.000000000000000000 ) ) ;
#2114 = EDGE_CURVE ( 'NONE', #2050, #226, #1395, .T. ) ;
#2115 = VECTOR ( 'NONE', #2286, 1000.000000000000000 ) ;
#2116 = UNCERTAINTY_MEASURE_WITH_UNIT (LENGTH_MEASURE( 1.000000000000000082E-05 ), #2214, 'distance_accuracy_value', 'NONE');
#2117 = ORIENTED_EDGE ( 'NONE', *, *, #1200, .T. ) ;
#2118 =( LENGTH_UNIT ( ) NAMED_UNIT ( * ) SI_UNIT ( .MILLI., .METRE. ) );
#2119 = PRESENTATION_LAYER_ASSIGNMENT (  '', '', ( #561 ) ) ;
#2120 = FILL_AREA_STYLE ('',( #1778 ) ) ;
#2121 =( LENGTH_UNIT ( ) NAMED_UNIT ( * ) SI_UNIT ( .MILLI., .METRE. ) );
#2122 = VECTOR ( 'NONE', #1984, 1000.000000000000000 ) ;
#2123 = CARTESIAN_POINT ( 'NONE',  ( -1.300000000000000266, 10.02500000000000036, 5.799999999999999822 ) ) ;
#2124 = CIRCLE ( 'NONE', #622, 1.000000000000000000 ) ;
#2125 = ORIENTED_EDGE ( 'NONE', *, *, #403, .F. ) ;
#2126 = CARTESIAN_POINT ( 'NONE',  ( -0.7999999999999996003, 0.4308457873093254342, 2.288121610844597420 ) ) ;
#2127 = CARTESIAN_POINT ( 'NONE',  ( 1.899999999999999911, -0.02500000000000000139, 5.099999999999999645 ) ) ;
#2128 = VERTEX_POINT ( 'NONE', #1818 ) ;
#2129 = CARTESIAN_POINT ( 'NONE',  ( 0.8081255271607353796, 9.535050506338688336, 2.481700863031307769 ) ) ;
#2130 = EDGE_CURVE ( 'NONE', #1553, #1118, #1865, .T. ) ;
#2131 = DIRECTION ( 'NONE',  ( 0.000000000000000000, -0.000000000000000000, 1.000000000000000000 ) ) ;
#2132 =( LENGTH_UNIT ( ) NAMED_UNIT ( * ) SI_UNIT ( .MILLI., .METRE. ) );
#2133 = VECTOR ( 'NONE', #2364, 1000.000000000000000 ) ;
#2134 = VERTEX_POINT ( 'NONE', #2306 ) ;
#2135 = FILL_AREA_STYLE_COLOUR ( '', #59 ) ;
#2136 = EDGE_CURVE ( 'NONE', #1303, #26, #915, .T. ) ;
#2137 = CARTESIAN_POINT ( 'NONE',  ( 0.4285714285710000016, 9.775000000000000355, 2.223205080756999852 ) ) ;
#2138 = VECTOR ( 'NONE', #160, 1000.000000000000000 ) ;
#2139 = CARTESIAN_POINT ( 'NONE',  ( 0.8000000000000000444, -0.1250000000000000000, 0.5000000000000000000 ) ) ;
#2140 = CARTESIAN_POINT ( 'NONE',  ( 1.300000000000000044, -0.1249999999999999306, 5.758578643762689353 ) ) ;
#2141 = ORIENTED_EDGE ( 'NONE', *, *, #625, .F. ) ;
#2142 = SURFACE_SIDE_STYLE ('',( #295 ) ) ;
#2143 = EDGE_LOOP ( 'NONE', ( #2941, #51, #234, #6, #2226 ) ) ;
#2144 = PRESENTATION_STYLE_ASSIGNMENT (( #1405 ) ) ;
#2145 = DIRECTION ( 'NONE',  ( -1.000000000000000000, 0.000000000000000000, 0.000000000000000000 ) ) ;
#2146 = DIRECTION ( 'NONE',  ( -1.000000000000000000, 0.000000000000000000, 0.000000000000000000 ) ) ;
#2147 = EDGE_CURVE ( 'NONE', #383, #1433, #290, .T. ) ;
#2148 = ORIENTED_EDGE ( 'NONE', *, *, #898, .F. ) ;
#2149 =( LENGTH_UNIT ( ) NAMED_UNIT ( * ) SI_UNIT ( .MILLI., .METRE. ) );
#2150 = FILL_AREA_STYLE_COLOUR ( '', #2208 ) ;
#2151 = EDGE_CURVE ( 'NONE', #2776, #2623, #781, .T. ) ;
#2152 = CARTESIAN_POINT ( 'NONE',  ( -2.000000000000000000, 10.02500000000000036, 0.000000000000000000 ) ) ;
#2153 = FACE_OUTER_BOUND ( 'NONE', #46, .T. ) ;
#2154 =( GEOMETRIC_REPRESENTATION_CONTEXT ( 3 ) GLOBAL_UNCERTAINTY_ASSIGNED_CONTEXT ( ( #1261 ) ) GLOBAL_UNIT_ASSIGNED_CONTEXT ( ( #1021, #114, #1852 ) ) REPRESENTATION_CONTEXT ( 'NONE', 'WORKASPACE' ) );
#2155 = VERTEX_POINT ( 'NONE', #2414 ) ;
#2156 = SURFACE_SIDE_STYLE ('',( #484 ) ) ;
#2157 = CARTESIAN_POINT ( 'NONE',  ( 0.5999999999999999778, -0.1249999999999995975, 2.049999999999999822 ) ) ;
#2158 = AXIS2_PLACEMENT_3D ( 'NONE', #1485, #2569, #1264 ) ;
#2159 = ORIENTED_EDGE ( 'NONE', *, *, #369, .T. ) ;
#2160 = CARTESIAN_POINT ( 'NONE',  ( -0.3148605552892133619, 9.124999999999998224, 2.090244167300203681 ) ) ;
#2161 = LINE ( 'NONE', #2410, #2462 ) ;
#2162 = ORIENTED_EDGE ( 'NONE', *, *, #262, .T. ) ;
#2163 = FACE_OUTER_BOUND ( 'NONE', #1180, .T. ) ;
#2164 = FILL_AREA_STYLE_COLOUR ( '', #2258 ) ;
#2165 = AXIS2_PLACEMENT_3D ( 'NONE', #778, #513, #299 ) ;
#2166 = DIRECTION ( 'NONE',  ( 0.000000000000000000, 1.000000000000000000, -2.220446049250000002E-16 ) ) ;
#2167 = EDGE_CURVE ( 'NONE', #26, #305, #1583, .T. ) ;
#2168 = CARTESIAN_POINT ( 'NONE',  ( -1.900000000000000355, 10.12500000000000000, 5.099999999999999645 ) ) ;
#2169 = AXIS2_PLACEMENT_3D ( 'NONE', #1191, #1668, #522 ) ;
#2170 = VECTOR ( 'NONE', #2369, 1000.000000000000000 ) ;
#2171 = CARTESIAN_POINT ( 'NONE',  ( -0.7999999999999999334, -0.1250000000000002220, 2.475304923404022084 ) ) ;
#2172 = ADVANCED_FACE ( 'NONE', ( #499 ), #1564, .F. ) ;
#2173 = DIRECTION ( 'NONE',  ( 0.000000000000000000, -1.000000000000000000, 2.220446049250000002E-16 ) ) ;
#2174 = FILL_AREA_STYLE ('',( #1415 ) ) ;
#2175 = EDGE_LOOP ( 'NONE', ( #1177, #263, #471, #1028 ) ) ;
#2176 = DIRECTION ( 'NONE',  ( 0.000000000000000000, 1.000000000000000000, -0.000000000000000000 ) ) ;
#2177 = CARTESIAN_POINT ( 'NONE',  ( 0.5999999999999999778, 9.875000000000000000, -4.900000000000000355 ) ) ;
#2178 = CARTESIAN_POINT ( 'NONE',  ( 1.300000000000000266, -0.02500000000000071609, 5.099999999999999645 ) ) ;
#2179 = VECTOR ( 'NONE', #599, 1000.000000000000000 ) ;
#2180 = EDGE_LOOP ( 'NONE', ( #2352, #2862, #86, #642, #2469 ) ) ;
#2181 = CARTESIAN_POINT ( 'NONE',  ( 0.5999999999999999778, 0.1000000000000000056, 2.439711431702999977 ) ) ;
#2182 = SURFACE_STYLE_USAGE ( .BOTH. , #549 ) ;
#2183 =( NAMED_UNIT ( * ) SI_UNIT ( $, .STERADIAN. ) SOLID_ANGLE_UNIT ( ) );
#2184 = B_SPLINE_CURVE_WITH_KNOTS ( 'NONE', 3,
 ( #289, #500, #766, #27, #1685, #1380, #2324, #1666 ),
 .UNSPECIFIED., .F., .F.,
 ( 4, 2, 2, 4 ),
 ( 3.496446946337351263E-18, 0.0002931379142558108238, 0.0005862758285116181781, 0.001172551657023231803 ),
 .UNSPECIFIED. ) ;
#2185 = CIRCLE ( 'NONE', #1981, 1.249999999999999778 ) ;
#2186 = DIRECTION ( 'NONE',  ( 0.000000000000000000, 0.000000000000000000, 1.000000000000000000 ) ) ;
#2187 = CARTESIAN_POINT ( 'NONE',  ( 1.685786437626905165, 10.12500000000000178, 5.758578643762689353 ) ) ;
#2188 = ADVANCED_FACE ( 'NONE', ( #957 ), #1227, .T. ) ;
#2189 = PRESENTATION_LAYER_ASSIGNMENT (  '', '', ( #873 ) ) ;
#2190 =( NAMED_UNIT ( * ) SI_UNIT ( $, .STERADIAN. ) SOLID_ANGLE_UNIT ( ) );
#2191 = ADVANCED_FACE ( 'NONE', ( #1895 ), #1454, .T. ) ;
#2192 = ORIENTED_EDGE ( 'NONE', *, *, #1765, .F. ) ;
#2193 = ORIENTED_EDGE ( 'NONE', *, *, #1956, .T. ) ;
#2194 = CARTESIAN_POINT ( 'NONE',  ( -7.476249324075000202E-18, 5.000000000000000000, 0.000000000000000000 ) ) ;
#2195 = CARTESIAN_POINT ( 'NONE',  ( -0.7999999999999999334, 0.1749999999999998779, 0.5000000000000000000 ) ) ;
#2196 = ORIENTED_EDGE ( 'NONE', *, *, #2985, .F. ) ;
#2197 = DIRECTION ( 'NONE',  ( 0.000000000000000000, -0.000000000000000000, 1.000000000000000000 ) ) ;
#2198 = FILL_AREA_STYLE ('',( #2164 ) ) ;
#2199 = DIRECTION ( 'NONE',  ( 0.000000000000000000, 0.000000000000000000, -1.000000000000000000 ) ) ;
#2200 = CARTESIAN_POINT ( 'NONE',  ( 0.6000000000000000888, 10.12500000000000178, 2.049999999999999822 ) ) ;
#2201 = PLANE ( 'NONE',  #823 ) ;
#2202 = FILL_AREA_STYLE_COLOUR ( '', #2416 ) ;
#2203 = CARTESIAN_POINT ( 'NONE',  ( -0.8000000000000000444, 9.824999999999999289, 5.799999999999999822 ) ) ;
#2204 =( BOUNDED_CURVE ( )  B_SPLINE_CURVE ( 3, ( #2213, #853, #643, #1754 ),
 .UNSPECIFIED., .F., .F. ) 
 B_SPLINE_CURVE_WITH_KNOTS ( ( 4, 4 ),
 ( 0.000000000000000000, 1.000000000000000000 ),
 .UNSPECIFIED. ) 
 CURVE ( )  GEOMETRIC_REPRESENTATION_ITEM ( )  RATIONAL_B_SPLINE_CURVE ( ( 1.000000000000000000, 0.8047378541243646044, 0.8047378541243646044, 1.000000000000000000 ) ) 
 REPRESENTATION_ITEM ( '' )  );
#2205 = EDGE_LOOP ( 'NONE', ( #819, #1257, #2911, #2525, #22, #1404, #134, #1585, #210, #1842, #876, #386 ) ) ;
#2206 = EDGE_LOOP ( 'NONE', ( #2754, #2787, #81, #2837 ) ) ;
#2207 = ADVANCED_FACE ( 'NONE', ( #2163 ), #1020, .T. ) ;
#2208 = COLOUR_RGB ( '',0.8509803921568627194, 0.8509803921568627194, 0.8509803921568627194 ) ;
#2209 =( NAMED_UNIT ( * ) PLANE_ANGLE_UNIT ( ) SI_UNIT ( $, .RADIAN. ) );
#2210 = B_SPLINE_SURFACE_WITH_KNOTS ( 'NONE', 7, 1, ( 
 ( #857, #2386 ),
 ( #2137, #749 ),
 ( #2091, #1173 ),
 ( #2823, #72 ),
 ( #1911, #1642 ),
 ( #738, #1653 ),
 ( #2593, #2565 ),
 ( #462, #257 ) ),
 .UNSPECIFIED., .F., .F., .F.,
 ( 8, 8 ),
 ( 2, 2 ),
 ( 0.8892431152319999477, 2.252349538358000114 ),
 ( 0.000000000000000000, 1.000000000000000000 ),
 .UNSPECIFIED. ) ;
#2211 = UNCERTAINTY_MEASURE_WITH_UNIT (LENGTH_MEASURE( 1.000000000000000082E-05 ), #2460, 'distance_accuracy_value', 'NONE');
#2212 = ORIENTED_EDGE ( 'NONE', *, *, #456, .F. ) ;
#2213 = CARTESIAN_POINT ( 'NONE',  ( 1.300000000000000266, -0.1250000000000000000, 5.700000000000000178 ) ) ;
#2214 =( LENGTH_UNIT ( ) NAMED_UNIT ( * ) SI_UNIT ( .MILLI., .METRE. ) );
#2215 = EDGE_CURVE ( 'NONE', #2337, #1302, #2694, .T. ) ;
#2216 = CARTESIAN_POINT ( 'NONE',  ( -0.7999999999999822808, 15.00000000000000000, 4.524695076595974363 ) ) ;
#2217 = ORIENTED_EDGE ( 'NONE', *, *, #209, .T. ) ;
#2218 = DIRECTION ( 'NONE',  ( 0.000000000000000000, 1.000000000000000000, 0.000000000000000000 ) ) ;
#2219 = AXIS2_PLACEMENT_3D ( 'NONE', #1786, #1738, #2724 ) ;
#2220 = AXIS2_PLACEMENT_3D ( 'NONE', #1920, #785, #1430 ) ;
#2221 = CARTESIAN_POINT ( 'NONE',  ( -0.5999999999999998668, 9.899999999999998579, 2.439711431702999533 ) ) ;
#2222 =( GEOMETRIC_REPRESENTATION_CONTEXT ( 3 ) GLOBAL_UNCERTAINTY_ASSIGNED_CONTEXT ( ( #2396 ) ) GLOBAL_UNIT_ASSIGNED_CONTEXT ( ( #1298, #1933, #555 ) ) REPRESENTATION_CONTEXT ( 'NONE', 'WORKASPACE' ) );
#2223 = SURFACE_STYLE_FILL_AREA ( #2672 ) ;
#2224 = PLANE ( 'NONE',  #1578 ) ;
#2225 = AXIS2_PLACEMENT_3D ( 'NONE', #1223, #2360, #1478 ) ;
#2226 = ORIENTED_EDGE ( 'NONE', *, *, #2302, .F. ) ;
#2227 = EDGE_LOOP ( 'NONE', ( #516, #786, #1185, #2289, #1390 ) ) ;
#2228 = FILL_AREA_STYLE_COLOUR ( '', #708 ) ;
#2229 = ORIENTED_EDGE ( 'NONE', *, *, #1824, .T. ) ;
#2230 = ADVANCED_FACE ( 'NONE', ( #2474 ), #388, .F. ) ;
#2231 = CARTESIAN_POINT ( 'NONE',  ( -0.1089446784347581354, 0.3750000000000003331, 4.745243372614666555 ) ) ;
#2232 = CARTESIAN_POINT ( 'NONE',  ( -1.899999999999999911, -0.02500000000000000139, 0.000000000000000000 ) ) ;
#2233 = COLOUR_RGB ( '',0.8509803921568627194, 0.8509803921568627194, 0.8509803921568627194 ) ;
#2234 = ADVANCED_FACE ( 'NONE', ( #2933 ), #2244, .T. ) ;
#2235 = CIRCLE ( 'NONE', #913, 0.2000000000000000944 ) ;
#2236 = SURFACE_SIDE_STYLE ('',( #1041 ) ) ;
#2237 = CARTESIAN_POINT ( 'NONE',  ( -0.5999999999999999778, 0.1250000000000004441, 2.049999999999999822 ) ) ;
#2238 = ORIENTED_EDGE ( 'NONE', *, *, #2034, .F. ) ;
#2239 = ORIENTED_EDGE ( 'NONE', *, *, #2877, .T. ) ;
#2240 = CARTESIAN_POINT ( 'NONE',  ( 0.08715574274808181310, 0.3750000000000000000, 4.496194698091962927 ) ) ;
#2241 = DIRECTION ( 'NONE',  ( 0.000000000000000000, 0.000000000000000000, 1.000000000000000000 ) ) ;
#2242 = UNCERTAINTY_MEASURE_WITH_UNIT (LENGTH_MEASURE( 1.000000000000000082E-05 ), #884, 'distance_accuracy_value', 'NONE');
#2243 = ORIENTED_EDGE ( 'NONE', *, *, #2450, .T. ) ;
#2244 = CYLINDRICAL_SURFACE ( 'NONE', #674, 0.1000000000000002554 ) ;
#2245 = CARTESIAN_POINT ( 'NONE',  ( -1.900000000000000133, -0.1250000000000000000, 5.451471862576142691 ) ) ;
#2246 = DIRECTION ( 'NONE',  ( 0.000000000000000000, 0.000000000000000000, -1.000000000000000000 ) ) ;
#2247 = FACE_OUTER_BOUND ( 'NONE', #2472, .T. ) ;
#2248 = EDGE_CURVE ( 'NONE', #2260, #2553, #1291, .T. ) ;
#2249 = CARTESIAN_POINT ( 'NONE',  ( -7.476249324075000202E-18, 5.000000000000000000, 5.799999999999999822 ) ) ;
#2250 = DIRECTION ( 'NONE',  ( -1.224646799146999945E-16, -1.000000000000000000, -2.200000000000000003E-16 ) ) ;
#2251 = EDGE_CURVE ( 'NONE', #2705, #77, #2679, .T. ) ;
#2252 = SURFACE_STYLE_USAGE ( .BOTH. , #232 ) ;
#2253 = FACE_OUTER_BOUND ( 'NONE', #1130, .T. ) ;
#2254 = ORIENTED_EDGE ( 'NONE', *, *, #70, .T. ) ;
#2255 = DIRECTION ( 'NONE',  ( -0.000000000000000000, 1.000000000000000000, 0.000000000000000000 ) ) ;
#2256 = VERTEX_POINT ( 'NONE', #1277 ) ;
#2257 = CARTESIAN_POINT ( 'NONE',  ( 0.8000000000000000444, 0.1749999999999999889, 0.000000000000000000 ) ) ;
#2258 = COLOUR_RGB ( '',0.8509803921568627194, 0.8509803921568627194, 0.8509803921568627194 ) ;
#2259 = DIRECTION ( 'NONE',  ( 1.000000000000000000, 0.000000000000000000, 0.000000000000000000 ) ) ;
#2260 = VERTEX_POINT ( 'NONE', #167 ) ;
#2261 = B_SPLINE_SURFACE_WITH_KNOTS ( 'NONE', 7, 1, ( 
 ( #479, #2811 ),
 ( #1149, #943 ),
 ( #1410, #1868 ),
 ( #695, #273 ),
 ( #1625, #448 ),
 ( #1368, #2308 ),
 ( #258, #1189 ),
 ( #230, #2092 ) ),
 .UNSPECIFIED., .F., .F., .F.,
 ( 8, 8 ),
 ( 2, 2 ),
 ( 4.030835768821999565, 5.393942191947999731 ),
 ( 0.000000000000000000, 1.000000000000000000 ),
 .UNSPECIFIED. ) ;
#2262 = PRESENTATION_STYLE_ASSIGNMENT (( #2007 ) ) ;
#2263 = CARTESIAN_POINT ( 'NONE',  ( 1.792049913600513689, 10.12499999999999645, 5.447845043507579810 ) ) ;
#2264 = CIRCLE ( 'NONE', #1187, 0.5999999999999998668 ) ;
#2265 = EDGE_CURVE ( 'NONE', #1082, #2063, #958, .T. ) ;
#2266 = SURFACE_STYLE_FILL_AREA ( #17 ) ;
#2267 = CARTESIAN_POINT ( 'NONE',  ( -0.5999999999999999778, 0.1250000000000000000, -1.601916297467000039 ) ) ;
#2268 = PRESENTATION_LAYER_ASSIGNMENT (  '', '', ( #466 ) ) ;
#2269 = EDGE_CURVE ( 'NONE', #2979, #1599, #2204, .T. ) ;
#2270 = ORIENTED_EDGE ( 'NONE', *, *, #1057, .T. ) ;
#2271 =( NAMED_UNIT ( * ) PLANE_ANGLE_UNIT ( ) SI_UNIT ( $, .RADIAN. ) );
#2272 = VECTOR ( 'NONE', #2772, 1000.000000000000000 ) ;
#2273 = UNCERTAINTY_MEASURE_WITH_UNIT (LENGTH_MEASURE( 1.000000000000000082E-05 ), #1846, 'distance_accuracy_value', 'NONE');
#2274 = ORIENTED_EDGE ( 'NONE', *, *, #1491, .T. ) ;
#2275 = CARTESIAN_POINT ( 'NONE',  ( 0.1089446784349691194, 9.625000000000000000, 4.745243372614645239 ) ) ;
#2276 = VECTOR ( 'NONE', #1004, 1000.000000000000114 ) ;
#2277 = DIRECTION ( 'NONE',  ( 1.000000000000000000, 0.000000000000000000, 0.000000000000000000 ) ) ;
#2278 = PRESENTATION_STYLE_ASSIGNMENT (( #855 ) ) ;
#2279 = VERTEX_POINT ( 'NONE', #805 ) ;
#2280 =( LENGTH_UNIT ( ) NAMED_UNIT ( * ) SI_UNIT ( .MILLI., .METRE. ) );
#2281 = MECHANICAL_DESIGN_GEOMETRIC_PRESENTATION_REPRESENTATION (  '', ( #576 ), #2657 ) ;
#2282 = DIRECTION ( 'NONE',  ( 0.000000000000000000, 0.000000000000000000, 1.000000000000000000 ) ) ;
#2283 = DIRECTION ( 'NONE',  ( 0.000000000000000000, -2.168404344971008868E-16, -1.000000000000000000 ) ) ;
#2284 = PRODUCT_DEFINITION_FORMATION_WITH_SPECIFIED_SOURCE ( 'ANY', '', #205, .NOT_KNOWN. ) ;
#2285 = ORIENTED_EDGE ( 'NONE', *, *, #1342, .F. ) ;
#2286 = DIRECTION ( 'NONE',  ( -1.000000000000000000, 0.000000000000000000, 0.000000000000000000 ) ) ;
#2287 = VECTOR ( 'NONE', #830, 1000.000000000000000 ) ;
#2288 = EDGE_CURVE ( 'NONE', #2512, #2134, #1499, .T. ) ;
#2289 = ORIENTED_EDGE ( 'NONE', *, *, #828, .F. ) ;
#2290 = CARTESIAN_POINT ( 'NONE',  ( 0.5999999999999999778, -0.1250000000000000000, -4.900000000000000355 ) ) ;
#2291 = CARTESIAN_POINT ( 'NONE',  ( -0.1275948120979999989, 0.3750000000000000000, 2.207538153025999872 ) ) ;
#2292 = CARTESIAN_POINT ( 'NONE',  ( 0.8000000000000001554, 0.1750000000000000167, 1.666969722017999977 ) ) ;
#2293 = ORIENTED_EDGE ( 'NONE', *, *, #2248, .F. ) ;
#2294 = FACE_OUTER_BOUND ( 'NONE', #523, .T. ) ;
#2295 = DIRECTION ( 'NONE',  ( 0.000000000000000000, 0.000000000000000000, 1.000000000000000000 ) ) ;
#2296 =( LENGTH_UNIT ( ) NAMED_UNIT ( * ) SI_UNIT ( .MILLI., .METRE. ) );
#2297 = ORIENTED_EDGE ( 'NONE', *, *, #2076, .F. ) ;
#2298 = CARTESIAN_POINT ( 'NONE',  ( -1.000000000000000000, 10.12500000000000000, 0.5000000000000000000 ) ) ;
#2299 = CARTESIAN_POINT ( 'NONE',  ( 1.300000000000000266, 10.02500000000000036, 5.099999999999999645 ) ) ;
#2300 = ORIENTED_EDGE ( 'NONE', *, *, #1896, .F. ) ;
#2301 = DIRECTION ( 'NONE',  ( -0.000000000000000000, -1.000000000000000000, 2.220446049250000002E-16 ) ) ;
#2302 = EDGE_CURVE ( 'NONE', #1695, #511, #1536, .T. ) ;
#2303 = LINE ( 'NONE', #734, #752 ) ;
#2304 = CARTESIAN_POINT ( 'NONE',  ( 0.8000000000000000444, -0.02499999999999992159, 5.799999999999999822 ) ) ;
#2305 = ORIENTED_EDGE ( 'NONE', *, *, #189, .T. ) ;
#2306 = CARTESIAN_POINT ( 'NONE',  ( 0.08715574274807068311, 9.625000000000000000, 4.496194698091835029 ) ) ;
#2307 = FACE_OUTER_BOUND ( 'NONE', #1766, .T. ) ;
#2308 = CARTESIAN_POINT ( 'NONE',  ( 0.2996771356040000001, 9.625000000000000000, 2.512402425934999961 ) ) ;
#2309 = VECTOR ( 'NONE', #1860, 1000.000000000000227 ) ;
#2310 = CARTESIAN_POINT ( 'NONE',  ( 0.7999999999999997113, 9.125000000000000000, 2.475304923404020307 ) ) ;
#2311 = ORIENTED_EDGE ( 'NONE', *, *, #683, .T. ) ;
#2312 = PRESENTATION_LAYER_ASSIGNMENT (  '', '', ( #1809 ) ) ;
#2313 = CARTESIAN_POINT ( 'NONE',  ( 1.592040838891559342E-16, 15.00000000000000000, 2.199999999999999734 ) ) ;
#2314 = DIRECTION ( 'NONE',  ( 0.000000000000000000, -0.000000000000000000, 1.000000000000000000 ) ) ;
#2315 = ORIENTED_EDGE ( 'NONE', *, *, #704, .F. ) ;
#2316 = FILL_AREA_STYLE_COLOUR ( '', #1825 ) ;
#2317 = CARTESIAN_POINT ( 'NONE',  ( 1.530808498934000149E-17, 10.12500000000000000, 2.049999999999999822 ) ) ;
#2318 = CIRCLE ( 'NONE', #993, 0.1000000000000000472 ) ;
#2319 = DIRECTION ( 'NONE',  ( -0.000000000000000000, 1.000000000000000000, -2.220446049250000002E-16 ) ) ;
#2320 = EDGE_CURVE ( 'NONE', #2413, #2841, #139, .T. ) ;
#2321 = ORIENTED_EDGE ( 'NONE', *, *, #2071, .T. ) ;
#2322 = AXIS2_PLACEMENT_3D ( 'NONE', #1456, #535, #807 ) ;
#2323 = DIRECTION ( 'NONE',  ( -0.000000000000000000, -0.000000000000000000, 1.000000000000000000 ) ) ;
#2324 = CARTESIAN_POINT ( 'NONE',  ( -0.8000000000000002665, 9.824999999999921130, 1.865038188408049802 ) ) ;
#2325 = EDGE_CURVE ( 'NONE', #2623, #2930, #1034, .T. ) ;
#2326 = VECTOR ( 'NONE', #2323, 1000.000000000000000 ) ;
#2327 = CARTESIAN_POINT ( 'NONE',  ( -0.2996771356040000001, 0.3750000000000000000, 2.512402425934999961 ) ) ;
#2328 = MECHANICAL_DESIGN_GEOMETRIC_PRESENTATION_REPRESENTATION (  '', ( #1437 ), #863 ) ;
#2329 = ORIENTED_EDGE ( 'NONE', *, *, #2136, .T. ) ;
#2330 = CARTESIAN_POINT ( 'NONE',  ( 0.000000000000000000, 9.775000000000000355, 2.223205080756999852 ) ) ;
#2331 = CARTESIAN_POINT ( 'NONE',  ( -1.300000000000000044, 10.02500000000000036, 5.799999999999999822 ) ) ;
#2332 =( GEOMETRIC_REPRESENTATION_CONTEXT ( 3 ) GLOBAL_UNCERTAINTY_ASSIGNED_CONTEXT ( ( #2577 ) ) GLOBAL_UNIT_ASSIGNED_CONTEXT ( ( #2132, #1893, #1375 ) ) REPRESENTATION_CONTEXT ( 'NONE', 'WORKASPACE' ) );
#2333 = ORIENTED_EDGE ( 'NONE', *, *, #1231, .T. ) ;
#2334 =( NAMED_UNIT ( * ) SI_UNIT ( $, .STERADIAN. ) SOLID_ANGLE_UNIT ( ) );
#2335 = CARTESIAN_POINT ( 'NONE',  ( 0.4285714285710000016, 0.2250000000000000333, 2.223205080756999852 ) ) ;
#2336 = LINE ( 'NONE', #255, #2133 ) ;
#2337 = VERTEX_POINT ( 'NONE', #346 ) ;
#2338 = AXIS2_PLACEMENT_3D ( 'NONE', #603, #1982, #1061 ) ;
#2339 = CARTESIAN_POINT ( 'NONE',  ( -2.000000000000000000, 10.02500000000000036, 5.099999999999999645 ) ) ;
#2340 = EDGE_CURVE ( 'NONE', #804, #399, #2018, .T. ) ;
#2341 =( NAMED_UNIT ( * ) PLANE_ANGLE_UNIT ( ) SI_UNIT ( $, .RADIAN. ) );
#2342 = LINE ( 'NONE', #260, #2454 ) ;
#2343 = ADVANCED_FACE ( 'NONE', ( #1263 ), #1321, .F. ) ;
#2344 = CARTESIAN_POINT ( 'NONE',  ( 1.999999999999999778, -0.08357864376269040496, 5.099999999999998757 ) ) ;
#2345 = ORIENTED_EDGE ( 'NONE', *, *, #83, .T. ) ;
#2346 =( NAMED_UNIT ( * ) SI_UNIT ( $, .STERADIAN. ) SOLID_ANGLE_UNIT ( ) );
#2347 = CARTESIAN_POINT ( 'NONE',  ( -0.8000000000000000444, 10.12500000000000000, 0.000000000000000000 ) ) ;
#2348 = VERTEX_POINT ( 'NONE', #2231 ) ;
#2349 = CARTESIAN_POINT ( 'NONE',  ( 1.000000000000000000, 0.1749999999999998224, 0.5000000000000000000 ) ) ;
#2350 = CARTESIAN_POINT ( 'NONE',  ( -0.5999999999999999778, 0.2250000000000000333, 2.223205080756999852 ) ) ;
#2351 = DIRECTION ( 'NONE',  ( 1.000000000000000000, 0.000000000000000000, 0.000000000000000000 ) ) ;
#2352 = ORIENTED_EDGE ( 'NONE', *, *, #2782, .F. ) ;
#2353 =( NAMED_UNIT ( * ) SI_UNIT ( $, .STERADIAN. ) SOLID_ANGLE_UNIT ( ) );
#2354 = SURFACE_SIDE_STYLE ('',( #1441 ) ) ;
#2355 = VECTOR ( 'NONE', #1581, 1000.000000000000000 ) ;
#2356 = CARTESIAN_POINT ( 'NONE',  ( 1.900000000000000577, -0.1250000000000000000, 5.451471862576142691 ) ) ;
#2357 = ADVANCED_FACE ( 'NONE', ( #156 ), #2664, .T. ) ;
#2358 = VECTOR ( 'NONE', #612, 1000.000000000000227 ) ;
#2359 = VERTEX_POINT ( 'NONE', #2898 ) ;
#2360 = DIRECTION ( 'NONE',  ( 0.000000000000000000, -1.000000000000000000, 2.220446049250000002E-16 ) ) ;
#2361 = ORIENTED_EDGE ( 'NONE', *, *, #227, .T. ) ;
#2362 = AXIS2_PLACEMENT_3D ( 'NONE', #1211, #1906, #529 ) ;
#2363 = CARTESIAN_POINT ( 'NONE',  ( 0.8081255271607354906, 9.125000000000000000, 2.481700863031307769 ) ) ;
#2364 = DIRECTION ( 'NONE',  ( -0.000000000000000000, 1.000000000000000000, 0.000000000000000000 ) ) ;
#2365 = AXIS2_PLACEMENT_3D ( 'NONE', #3, #20, #423 ) ;
#2366 = ORIENTED_EDGE ( 'NONE', *, *, #2381, .T. ) ;
#2367 = SURFACE_SIDE_STYLE ('',( #1422 ) ) ;
#2368 = CIRCLE ( 'NONE', #615, 1.300000000000000266 ) ;
#2369 = DIRECTION ( 'NONE',  ( 1.000000000000000000, 0.000000000000000000, -0.000000000000000000 ) ) ;
#2370 = AXIS2_PLACEMENT_3D ( 'NONE', #2785, #923, #1360 ) ;
#2371 = VECTOR ( 'NONE', #2702, 1000.000000000000000 ) ;
#2372 = CARTESIAN_POINT ( 'NONE',  ( 1.300000000000000044, -0.02500000000000000139, 5.799999999999999822 ) ) ;
#2373 = ORIENTED_EDGE ( 'NONE', *, *, #2325, .T. ) ;
#2374 = CARTESIAN_POINT ( 'NONE',  ( 0.8000000000002425171, 0.4649494936613091656, 2.475304923404229029 ) ) ;
#2375 = LINE ( 'NONE', #65, #2514 ) ;
#2376 = VECTOR ( 'NONE', #2064, 1000.000000000000000 ) ;
#2377 = VERTEX_POINT ( 'NONE', #360 ) ;
#2378 = VECTOR ( 'NONE', #1144, 1000.000000000000000 ) ;
#2379 = LINE ( 'NONE', #1692, #1540 ) ;
#2380 = CARTESIAN_POINT ( 'NONE',  ( 1.592040838891560821E-16, 9.125000000000000000, 2.200000000000001510 ) ) ;
#2381 = EDGE_CURVE ( 'NONE', #2256, #494, #2444, .T. ) ;
#2382 = PRESENTATION_STYLE_ASSIGNMENT (( #474 ) ) ;
#2383 = STYLED_ITEM ( 'NONE', ( #2382 ), #2897 ) ;
#2384 = ORIENTED_EDGE ( 'NONE', *, *, #249, .T. ) ;
#2385 = CARTESIAN_POINT ( 'NONE',  ( 0.5999999999999999778, 0.2250000000000000333, 2.223205080756999852 ) ) ;
#2386 = CARTESIAN_POINT ( 'NONE',  ( 0.7874999999999999778, 9.625000000000000000, 2.529256084232000212 ) ) ;
#2387 = CARTESIAN_POINT ( 'NONE',  ( 0.5999999999999999778, 0.1250000000000004441, 2.049999999999999822 ) ) ;
#2388 = CARTESIAN_POINT ( 'NONE',  ( -1.651471862576142868, -0.1250000000000000000, 5.700000000000000178 ) ) ;
#2389 = ORIENTED_EDGE ( 'NONE', *, *, #547, .F. ) ;
#2390 = CARTESIAN_POINT ( 'NONE',  ( -0.3182778731002744999, 0.8750000000000001110, 2.092956161897154832 ) ) ;
#2391 = FACE_OUTER_BOUND ( 'NONE', #1677, .T. ) ;
#2392 = EDGE_LOOP ( 'NONE', ( #1835, #1737, #894, #1429, #2612 ) ) ;
#2393 = LINE ( 'NONE', #309, #865 ) ;
#2394 = DIRECTION ( 'NONE',  ( 0.000000000000000000, 0.000000000000000000, -1.000000000000000000 ) ) ;
#2395 = SURFACE_SIDE_STYLE ('',( #311 ) ) ;
#2396 = UNCERTAINTY_MEASURE_WITH_UNIT (LENGTH_MEASURE( 1.000000000000000082E-05 ), #1298, 'distance_accuracy_value', 'NONE');
#2397 = EDGE_CURVE ( 'NONE', #1370, #2486, #455, .T. ) ;
#2398 = DIRECTION ( 'NONE',  ( 1.000000000000000000, 0.000000000000000000, 0.000000000000000000 ) ) ;
#2399 = SURFACE_STYLE_FILL_AREA ( #1611 ) ;
#2400 = CARTESIAN_POINT ( 'NONE',  ( 0.8000000000000000444, -0.1250000000000000000, 0.5000000000000000000 ) ) ;
#2401 = EDGE_CURVE ( 'NONE', #1544, #2498, #1125, .T. ) ;
#2402 = CARTESIAN_POINT ( 'NONE',  ( 0.8000000000000000444, 10.12500000000000000, 0.5000000000000000000 ) ) ;
#2403 = CARTESIAN_POINT ( 'NONE',  ( 1.999999999999999556, -0.02500000000000000139, 5.099999999999998757 ) ) ;
#2404 = CIRCLE ( 'NONE', #1465, 1.249999999999999778 ) ;
#2405 = ORIENTED_EDGE ( 'NONE', *, *, #2456, .T. ) ;
#2406 = CARTESIAN_POINT ( 'NONE',  ( 0.7999999999999812816, 15.00000000000000000, 4.524695076595975252 ) ) ;
#2407 = DIRECTION ( 'NONE',  ( 0.000000000000000000, -0.000000000000000000, 1.000000000000000000 ) ) ;
#2408 = ORIENTED_EDGE ( 'NONE', *, *, #1993, .F. ) ;
#2409 = LINE ( 'NONE', #1449, #2618 ) ;
#2410 = CARTESIAN_POINT ( 'NONE',  ( -2.000000000000000000, -0.1250000000000000000, 0.000000000000000000 ) ) ;
#2411 = DIRECTION ( 'NONE',  ( -0.000000000000000000, -1.000000000000000000, 2.220446049250000002E-16 ) ) ;
#2412 = VECTOR ( 'NONE', #1304, 1000.000000000000000 ) ;
#2413 = VERTEX_POINT ( 'NONE', #2737 ) ;
#2414 = CARTESIAN_POINT ( 'NONE',  ( -1.300000000000000266, -0.02499999999999995628, 5.799999999999999822 ) ) ;
#2415 = DIRECTION ( 'NONE',  ( -0.000000000000000000, -1.000000000000000000, -0.000000000000000000 ) ) ;
#2416 = COLOUR_RGB ( '',0.8509803921568627194, 0.8509803921568627194, 0.8509803921568627194 ) ;
#2417 = CARTESIAN_POINT ( 'NONE',  ( 0.5999999999999998668, 9.899999999999998579, 2.439711431702999533 ) ) ;
#2418 = CARTESIAN_POINT ( 'NONE',  ( -1.538547435495659643, 10.12499999999999645, 5.650851810743702686 ) ) ;
#2419 = EDGE_CURVE ( 'NONE', #475, #546, #1814, .T. ) ;
#2420 = AXIS2_PLACEMENT_3D ( 'NONE', #2508, #1340, #2283 ) ;
#2421 = FILL_AREA_STYLE_COLOUR ( '', #1812 ) ;
#2422 = EDGE_LOOP ( 'NONE', ( #19, #2807, #1329, #2791, #2974 ) ) ;
#2423 = ORIENTED_EDGE ( 'NONE', *, *, #334, .F. ) ;
#2424 = AXIS2_PLACEMENT_3D ( 'NONE', #431, #1354, #489 ) ;
#2425 = CARTESIAN_POINT ( 'NONE',  ( 1.300000000000000266, 10.02500000000000036, 5.799999999999999822 ) ) ;
#2426 = VECTOR ( 'NONE', #2428, 1000.000000000000000 ) ;
#2427 = ORIENTED_EDGE ( 'NONE', *, *, #1214, .F. ) ;
#2428 = DIRECTION ( 'NONE',  ( -0.000000000000000000, 1.000000000000000000, 0.000000000000000000 ) ) ;
#2429 = CYLINDRICAL_SURFACE ( 'NONE', #410, 0.5999999999999998668 ) ;
#2430 = FILL_AREA_STYLE ('',( #1729 ) ) ;
#2431 = VECTOR ( 'NONE', #789, 1000.000000000000000 ) ;
#2432 = CARTESIAN_POINT ( 'NONE',  ( 1.710050506338833376, 10.02500000000000213, 5.799999999999998934 ) ) ;
#2433 = CLOSED_SHELL ( 'NONE', ( #1147, #666, #2596, #662, #2038, #1311, #2207, #2809, #2343, #85, #2434, #775, #1508, #1638, #1525, #2357, #1530, #2191, #354, #2234, #1089, #1623, #1603, #2743, #2972, #1107, #1050, #2230, #792, #1790, #1975, #2634, #1455, #1176, #903, #530, #504, #1565, #478, #1899, #1709, #883 ) ) ;
#2434 = ADVANCED_FACE ( 'NONE', ( #1799 ), #1391, .F. ) ;
#2435 = DIRECTION ( 'NONE',  ( 0.08715574274763787654, 0.000000000000000000, -0.9961946980917473216 ) ) ;
#2436 = CARTESIAN_POINT ( 'NONE',  ( 1.000000000000000000, 10.12500000000000000, 0.000000000000000000 ) ) ;
#2437 = DIRECTION ( 'NONE',  ( -0.000000000000000000, -1.000000000000000000, 2.220446049250000002E-16 ) ) ;
#2438 = VERTEX_POINT ( 'NONE', #2529 ) ;
#2439 = EDGE_CURVE ( 'NONE', #26, #1788, #2098, .T. ) ;
#2440 = ORIENTED_EDGE ( 'NONE', *, *, #1031, .F. ) ;
#2441 = PLANE ( 'NONE',  #1910 ) ;
#2442 = CARTESIAN_POINT ( 'NONE',  ( 0.7999999999999997113, 9.125000000000000000, 2.475304923404020307 ) ) ;
#2443 = EDGE_LOOP ( 'NONE', ( #1672, #2604, #1224, #1146, #1872, #2079, #355, #1097, #1622 ) ) ;
#2444 = LINE ( 'NONE', #1972, #2376 ) ;
#2445 = DIRECTION ( 'NONE',  ( 0.000000000000000000, 1.000000000000000000, -2.220446049250000002E-16 ) ) ;
#2446 = CARTESIAN_POINT ( 'NONE',  ( 1.958578643762690641, 10.12500000000000000, 5.099999999999997868 ) ) ;
#2447 = FACE_OUTER_BOUND ( 'NONE', #2100, .T. ) ;
#2448 = DIRECTION ( 'NONE',  ( 0.000000000000000000, -0.000000000000000000, 1.000000000000000000 ) ) ;
#2449 = CARTESIAN_POINT ( 'NONE',  ( 0.8000000000000000444, 9.824999999999999289, 0.000000000000000000 ) ) ;
#2450 = EDGE_CURVE ( 'NONE', #1272, #494, #1571, .T. ) ;
#2451 = ORIENTED_EDGE ( 'NONE', *, *, #843, .T. ) ;
#2452 = ORIENTED_EDGE ( 'NONE', *, *, #1377, .T. ) ;
#2453 = DIRECTION ( 'NONE',  ( 0.000000000000000000, 0.000000000000000000, -1.000000000000000000 ) ) ;
#2454 = VECTOR ( 'NONE', #1228, 1000.000000000000000 ) ;
#2455 = FACE_OUTER_BOUND ( 'NONE', #2833, .T. ) ;
#2456 = EDGE_CURVE ( 'NONE', #1265, #2512, #2762, .T. ) ;
#2457 = ORIENTED_EDGE ( 'NONE', *, *, #2881, .T. ) ;
#2458 = DIRECTION ( 'NONE',  ( -0.000000000000000000, -1.000000000000000000, -0.000000000000000000 ) ) ;
#2459 = CYLINDRICAL_SURFACE ( 'NONE', #1905, 0.2000000000000005107 ) ;
#2460 =( LENGTH_UNIT ( ) NAMED_UNIT ( * ) SI_UNIT ( .MILLI., .METRE. ) );
#2461 = DIRECTION ( 'NONE',  ( 0.000000000000000000, 0.000000000000000000, 1.000000000000000000 ) ) ;
#2462 = VECTOR ( 'NONE', #968, 1000.000000000000000 ) ;
#2463 = CARTESIAN_POINT ( 'NONE',  ( 1.958578643762690419, 10.12500000000000178, 5.485786437626903655 ) ) ;
#2464 = CIRCLE ( 'NONE', #1330, 1.000000000000000000 ) ;
#2465 =( LENGTH_UNIT ( ) NAMED_UNIT ( * ) SI_UNIT ( .MILLI., .METRE. ) );
#2466 = MECHANICAL_DESIGN_GEOMETRIC_PRESENTATION_REPRESENTATION (  '', ( #561 ), #280 ) ;
#2467 = FACE_OUTER_BOUND ( 'NONE', #1213, .T. ) ;
#2468 = CARTESIAN_POINT ( 'NONE',  ( 0.5999999999999999778, 0.1250000000000000000, -1.601916297467000039 ) ) ;
#2469 = ORIENTED_EDGE ( 'NONE', *, *, #2562, .T. ) ;
#2470 = ORIENTED_EDGE ( 'NONE', *, *, #1361, .T. ) ;
#2471 = SURFACE_SIDE_STYLE ('',( #2660 ) ) ;
#2472 = EDGE_LOOP ( 'NONE', ( #1657, #1498, #2293, #2361, #2617, #1922 ) ) ;
#2473 =( GEOMETRIC_REPRESENTATION_CONTEXT ( 3 ) GLOBAL_UNCERTAINTY_ASSIGNED_CONTEXT ( ( #889 ) ) GLOBAL_UNIT_ASSIGNED_CONTEXT ( ( #871, #1516, #1977 ) ) REPRESENTATION_CONTEXT ( 'NONE', 'WORKASPACE' ) );
#2474 = FACE_OUTER_BOUND ( 'NONE', #2674, .T. ) ;
#2475 = EDGE_CURVE ( 'NONE', #2949, #1221, #1332, .T. ) ;
#2476 = DIRECTION ( 'NONE',  ( 0.000000000000000000, 0.000000000000000000, -1.000000000000000000 ) ) ;
#2477 = SURFACE_SIDE_STYLE ('',( #198 ) ) ;
#2478 = VECTOR ( 'NONE', #585, 1000.000000000000000 ) ;
#2479 = PLANE ( 'NONE',  #767 ) ;
#2480 = CARTESIAN_POINT ( 'NONE',  ( -1.450094386702980742, 10.12500000000000355, 5.685957660212489273 ) ) ;
#2481 = AXIS2_PLACEMENT_3D ( 'NONE', #1435, #1171, #1607 ) ;
#2482 = FILL_AREA_STYLE_COLOUR ( '', #1836 ) ;
#2483 = PLANE ( 'NONE',  #1285 ) ;
#2484 = LINE ( 'NONE', #397, #2958 ) ;
#2485 = AXIS2_PLACEMENT_3D ( 'NONE', #1780, #1105, #2966 ) ;
#2486 = VERTEX_POINT ( 'NONE', #2290 ) ;
#2487 = CARTESIAN_POINT ( 'NONE',  ( -2.000000000000000000, 10.12500000000000000, 0.000000000000000000 ) ) ;
#2488 = ORIENTED_EDGE ( 'NONE', *, *, #1111, .F. ) ;
#2489 = CARTESIAN_POINT ( 'NONE',  ( 0.000000000000000000, 0.1000000000000000056, 2.439711431702999977 ) ) ;
#2490 = DIRECTION ( 'NONE',  ( 1.000000000000000000, -1.224646799146999945E-16, 0.000000000000000000 ) ) ;
#2491 = CARTESIAN_POINT ( 'NONE',  ( 0.8000000000000000444, 0.7754386494406436681, 2.475304923404040736 ) ) ;
#2492 = ADVANCED_FACE ( 'NONE', ( #2755 ), #7, .T. ) ;
#2493 = CARTESIAN_POINT ( 'NONE',  ( -0.8000000000000000444, -0.02500000000000000139, 5.700000000000000178 ) ) ;
#2494 = SURFACE_STYLE_USAGE ( .BOTH. , #1552 ) ;
#2495 = CYLINDRICAL_SURFACE ( 'NONE', #2420, 1.000000000000000000 ) ;
#2496 = ORIENTED_EDGE ( 'NONE', *, *, #2713, .F. ) ;
#2497 = DIRECTION ( 'NONE',  ( -1.224646799146999945E-16, -1.000000000000000000, -2.200000000000000003E-16 ) ) ;
#2498 = VERTEX_POINT ( 'NONE', #880 ) ;
#2499 = DIRECTION ( 'NONE',  ( 0.000000000000000000, -1.000000000000000000, -0.000000000000000000 ) ) ;
#2500 = CARTESIAN_POINT ( 'NONE',  ( -0.5999999999999998668, 10.12500000000000178, 2.049999999999999822 ) ) ;
#2501 = CARTESIAN_POINT ( 'NONE',  ( 1.530808498933501256E-17, 10.12500000000000000, -4.900000000000000355 ) ) ;
#2502 = AXIS2_PLACEMENT_3D ( 'NONE', #1308, #401, #1322 ) ;
#2503 = ORIENTED_EDGE ( 'NONE', *, *, #369, .F. ) ;
#2504 = FACE_OUTER_BOUND ( 'NONE', #706, .T. ) ;
#2505 = CIRCLE ( 'NONE', #2697, 0.5999999999999998668 ) ;
#2506 = FILL_AREA_STYLE ('',( #2010 ) ) ;
#2507 = EDGE_CURVE ( 'NONE', #2256, #2902, #442, .T. ) ;
#2508 = CARTESIAN_POINT ( 'NONE',  ( 0.000000000000000000, 0.3750000000000000000, 3.500000000000000000 ) ) ;
#2509 = VERTEX_POINT ( 'NONE', #412 ) ;
#2510 = CARTESIAN_POINT ( 'NONE',  ( 0.8000000000000000444, 10.02500000000000036, 5.799999999999999822 ) ) ;
#2511 = AXIS2_PLACEMENT_3D ( 'NONE', #128, #2445, #601 ) ;
#2512 = VERTEX_POINT ( 'NONE', #2275 ) ;
#2513 = CARTESIAN_POINT ( 'NONE',  ( -0.7999999999999999334, 10.12500000000000000, 0.000000000000000000 ) ) ;
#2514 = VECTOR ( 'NONE', #2407, 1000.000000000000000 ) ;
#2515 = CARTESIAN_POINT ( 'NONE',  ( -0.5984675333150000220, 0.3750000000000000000, 2.375906611631000143 ) ) ;
#2516 = DIRECTION ( 'NONE',  ( 0.000000000000000000, 0.000000000000000000, -1.000000000000000000 ) ) ;
#2517 = AXIS2_PLACEMENT_3D ( 'NONE', #200, #841, #1959 ) ;
#2518 = ORIENTED_EDGE ( 'NONE', *, *, #1886, .F. ) ;
#2519 =( NAMED_UNIT ( * ) SI_UNIT ( $, .STERADIAN. ) SOLID_ANGLE_UNIT ( ) );
#2520 = VECTOR ( 'NONE', #2543, 1000.000000000000000 ) ;
#2521 = LINE ( 'NONE', #2070, #1 ) ;
#2522 = PRESENTATION_LAYER_ASSIGNMENT (  '', '', ( #816 ) ) ;
#2523 = MECHANICAL_DESIGN_GEOMETRIC_PRESENTATION_REPRESENTATION (  '', ( #1442 ), #112 ) ;
#2524 = EDGE_CURVE ( 'NONE', #685, #1510, #726, .T. ) ;
#2525 = ORIENTED_EDGE ( 'NONE', *, *, #2942, .T. ) ;
#2526 = PRESENTATION_STYLE_ASSIGNMENT (( #451 ) ) ;
#2527 = VECTOR ( 'NONE', #1076, 1000.000000000000000 ) ;
#2528 = VERTEX_POINT ( 'NONE', #1114 ) ;
#2529 = CARTESIAN_POINT ( 'NONE',  ( -0.7999999999999999334, 9.824999999999999289, 0.5000000000000000000 ) ) ;
#2530 = SURFACE_STYLE_USAGE ( .BOTH. , #1847 ) ;
#2531 = LINE ( 'NONE', #2738, #678 ) ;
#2532 = ORIENTED_EDGE ( 'NONE', *, *, #1937, .T. ) ;
#2533 = DIRECTION ( 'NONE',  ( 1.000000000000000000, 0.000000000000000000, 0.000000000000000000 ) ) ;
#2534 = DIRECTION ( 'NONE',  ( 0.000000000000000000, 0.000000000000000000, -1.000000000000000000 ) ) ;
#2535 =( NAMED_UNIT ( * ) SI_UNIT ( $, .STERADIAN. ) SOLID_ANGLE_UNIT ( ) );
#2536 = CARTESIAN_POINT ( 'NONE',  ( 0.1020758496790000053, 0.3750000000000000000, 2.466030522420000093 ) ) ;
#2537 = ORIENTED_EDGE ( 'NONE', *, *, #1234, .F. ) ;
#2538 = ORIENTED_EDGE ( 'NONE', *, *, #1364, .T. ) ;
#2539 = CARTESIAN_POINT ( 'NONE',  ( -0.3892659562917550886, 0.1750000000001799838, 1.779131816961191603 ) ) ;
#2540 = CARTESIAN_POINT ( 'NONE',  ( -1.300000000000000266, 10.08357864376269042, 5.799999999999998934 ) ) ;
#2541 = EDGE_CURVE ( 'NONE', #1720, #1433, #2036, .T. ) ;
#2542 = VERTEX_POINT ( 'NONE', #761 ) ;
#2543 = DIRECTION ( 'NONE',  ( -0.000000000000000000, 1.000000000000000000, -0.000000000000000000 ) ) ;
#2544 = EDGE_CURVE ( 'NONE', #2279, #2956, #297, .T. ) ;
#2545 = DIRECTION ( 'NONE',  ( 0.07571149028238335910, 0.6940219942551790755, 0.7159617599629779505 ) ) ;
#2546 = VERTEX_POINT ( 'NONE', #1210 ) ;
#2547 = CARTESIAN_POINT ( 'NONE',  ( 0.8000000000000000444, 9.824999999999999289, 5.799999999999999822 ) ) ;
#2548 = CARTESIAN_POINT ( 'NONE',  ( 1.597581865596444439, 10.12500000000000000, 5.627574571410198345 ) ) ;
#2549 = FILL_AREA_STYLE_COLOUR ( '', #2080 ) ;
#2550 =( GEOMETRIC_REPRESENTATION_CONTEXT ( 3 ) GLOBAL_UNCERTAINTY_ASSIGNED_CONTEXT ( ( #2820 ) ) GLOBAL_UNIT_ASSIGNED_CONTEXT ( ( #911, #2775, #2757 ) ) REPRESENTATION_CONTEXT ( 'NONE', 'WORKASPACE' ) );
#2551 = PRESENTATION_STYLE_ASSIGNMENT (( #1684 ) ) ;
#2552 = CARTESIAN_POINT ( 'NONE',  ( -0.2823831450787636643, 0.1750000000000000722, 1.441063205954953963 ) ) ;
#2553 = VERTEX_POINT ( 'NONE', #1892 ) ;
#2554 = FACE_OUTER_BOUND ( 'NONE', #579, .T. ) ;
#2555 = VERTEX_POINT ( 'NONE', #52 ) ;
#2556 = EDGE_CURVE ( 'NONE', #2128, #2705, #2409, .T. ) ;
#2557 =( NAMED_UNIT ( * ) PLANE_ANGLE_UNIT ( ) SI_UNIT ( $, .RADIAN. ) );
#2558 = CARTESIAN_POINT ( 'NONE',  ( 0.3745964195050000001, 0.3750000000000000000, 2.265503032419000196 ) ) ;
#2559 = VECTOR ( 'NONE', #1106, 1000.000000000000000 ) ;
#2560 = SURFACE_SIDE_STYLE ('',( #2790 ) ) ;
#2561 = ORIENTED_EDGE ( 'NONE', *, *, #1292, .T. ) ;
#2562 = EDGE_CURVE ( 'NONE', #1014, #366, #327, .T. ) ;
#2563 = AXIS2_PLACEMENT_3D ( 'NONE', #2299, #906, #2246 ) ;
#2564 = CARTESIAN_POINT ( 'NONE',  ( 0.000000000000000000, 9.625000000000000000, 3.499999999999997780 ) ) ;
#2565 = CARTESIAN_POINT ( 'NONE',  ( -0.5984675333150000220, 9.625000000000000000, 2.375906611631000143 ) ) ;
#2566 = PRESENTATION_LAYER_ASSIGNMENT (  '', '', ( #1196 ) ) ;
#2567 = CARTESIAN_POINT ( 'NONE',  ( 1.899999999999999911, 10.12500000000000000, 5.099999999999999645 ) ) ;
#2568 = CIRCLE ( 'NONE', #2517, 0.1000000000000000472 ) ;
#2569 = DIRECTION ( 'NONE',  ( -1.224646799146999945E-16, -1.000000000000000000, -2.199999999999999757E-16 ) ) ;
#2570 = SURFACE_SIDE_STYLE ('',( #2796 ) ) ;
#2571 = AXIS2_PLACEMENT_3D ( 'NONE', #2802, #1555, #675 ) ;
#2572 = EDGE_LOOP ( 'NONE', ( #1570, #2518, #2736, #2647 ) ) ;
#2573 = AXIS2_PLACEMENT_3D ( 'NONE', #719, #2831, #2600 ) ;
#2574 = CARTESIAN_POINT ( 'NONE',  ( -0.8000000000000001554, 0.6788767880748929340, 2.447823969926910870 ) ) ;
#2575 = LINE ( 'NONE', #4, #2272 ) ;
#2576 = AXIS2_PLACEMENT_3D ( 'NONE', #1158, #285, #241 ) ;
#2577 = UNCERTAINTY_MEASURE_WITH_UNIT (LENGTH_MEASURE( 1.000000000000000082E-05 ), #2132, 'distance_accuracy_value', 'NONE');
#2578 = ORIENTED_EDGE ( 'NONE', *, *, #2071, .F. ) ;
#2579 = SURFACE_STYLE_USAGE ( .BOTH. , #1392 ) ;
#2580 = CARTESIAN_POINT ( 'NONE',  ( -0.8000000000000000444, 0.1749999999999998779, 5.799999999999999822 ) ) ;
#2581 = VERTEX_POINT ( 'NONE', #282 ) ;
#2582 = MECHANICAL_DESIGN_GEOMETRIC_PRESENTATION_REPRESENTATION (  '', ( #1594 ), #2722 ) ;
#2583 = SURFACE_STYLE_USAGE ( .BOTH. , #1408 ) ;
#2584 = CARTESIAN_POINT ( 'NONE',  ( -0.8000000000000000444, 9.824999999999999289, 0.000000000000000000 ) ) ;
#2585 = EDGE_CURVE ( 'NONE', #483, #1124, #2393, .T. ) ;
#2586 = VERTEX_POINT ( 'NONE', #1878 ) ;
#2587 = DIRECTION ( 'NONE',  ( -1.000000000000000000, 1.224646799146999945E-16, -0.000000000000000000 ) ) ;
#2588 = ORIENTED_EDGE ( 'NONE', *, *, #1861, .F. ) ;
#2589 = CARTESIAN_POINT ( 'NONE',  ( 1.243270041785555780, 9.824999999999999289, 1.933385943125329742 ) ) ;
#2590 = PLANE ( 'NONE',  #1764 ) ;
#2591 = DIRECTION ( 'NONE',  ( 0.000000000000000000, 0.000000000000000000, 1.000000000000000000 ) ) ;
#2592 = EDGE_LOOP ( 'NONE', ( #370, #1859, #933, #296, #1317, #2929 ) ) ;
#2593 = CARTESIAN_POINT ( 'NONE',  ( -0.4285714285710000016, 9.775000000000000355, 2.223205080756999852 ) ) ;
#2594 =( NAMED_UNIT ( * ) SI_UNIT ( $, .STERADIAN. ) SOLID_ANGLE_UNIT ( ) );
#2595 = DIRECTION ( 'NONE',  ( 0.000000000000000000, -0.000000000000000000, 1.000000000000000000 ) ) ;
#2596 = ADVANCED_FACE ( 'NONE', ( #543 ), #1568, .T. ) ;
#2597 = ORIENTED_EDGE ( 'NONE', *, *, #595, .F. ) ;
#2598 = DIRECTION ( 'NONE',  ( 0.000000000000000000, 1.000000000000000000, -2.220446049250000002E-16 ) ) ;
#2599 = EDGE_LOOP ( 'NONE', ( #736, #1286, #2734, #1649 ) ) ;
#2600 = DIRECTION ( 'NONE',  ( -1.000000000000000000, 0.000000000000000000, -0.000000000000000000 ) ) ;
#2601 = CARTESIAN_POINT ( 'NONE',  ( 1.000000000000000000, -0.1250000000000000000, 0.000000000000000000 ) ) ;
#2602 = AXIS2_PLACEMENT_3D ( 'NONE', #2011, #2954, #557 ) ;
#2603 = UNCERTAINTY_MEASURE_WITH_UNIT (LENGTH_MEASURE( 1.000000000000000082E-05 ), #2465, 'distance_accuracy_value', 'NONE');
#2604 = ORIENTED_EDGE ( 'NONE', *, *, #2730, .F. ) ;
#2605 = STYLED_ITEM ( 'NONE', ( #1870 ), #1092 ) ;
#2606 = PLANE ( 'NONE',  #1428 ) ;
#2607 = VECTOR ( 'NONE', #671, 1000.000000000000000 ) ;
#2608 = CARTESIAN_POINT ( 'NONE',  ( -0.8000000000000000444, 0.1750000000000000167, 0.000000000000000000 ) ) ;
#2609 = AXIS2_PLACEMENT_3D ( 'NONE', #1902, #759, #1690 ) ;
#2610 = CARTESIAN_POINT ( 'NONE',  ( 1.651471862576143312, -0.1250000000000000000, 5.699999999999999289 ) ) ;
#2611 =( GEOMETRIC_REPRESENTATION_CONTEXT ( 3 ) GLOBAL_UNCERTAINTY_ASSIGNED_CONTEXT ( ( #35 ) ) GLOBAL_UNIT_ASSIGNED_CONTEXT ( ( #97, #783, #2594 ) ) REPRESENTATION_CONTEXT ( 'NONE', 'WORKASPACE' ) );
#2612 = ORIENTED_EDGE ( 'NONE', *, *, #2856, .T. ) ;
#2613 = CYLINDRICAL_SURFACE ( 'NONE', #798, 0.7000000000000000666 ) ;
#2614 = CYLINDRICAL_SURFACE ( 'NONE', #1629, 0.1000000000000002554 ) ;
#2615 = MECHANICAL_DESIGN_GEOMETRIC_PRESENTATION_REPRESENTATION (  '', ( #14 ), #1877 ) ;
#2616 = EDGE_CURVE ( 'NONE', #2979, #2623, #1252, .T. ) ;
#2617 = ORIENTED_EDGE ( 'NONE', *, *, #869, .F. ) ;
#2618 = VECTOR ( 'NONE', #1661, 1000.000000000000000 ) ;
#2619 = FILL_AREA_STYLE_COLOUR ( '', #1348 ) ;
#2620 = CARTESIAN_POINT ( 'NONE',  ( 2.000000000000000000, -0.02500000000000071609, 0.000000000000000000 ) ) ;
#2621 = DIRECTION ( 'NONE',  ( 0.000000000000000000, 1.000000000000000000, -2.220446049250000002E-16 ) ) ;
#2622 = EDGE_CURVE ( 'NONE', #2050, #1720, #2379, .T. ) ;
#2623 = VERTEX_POINT ( 'NONE', #89 ) ;
#2624 = LINE ( 'NONE', #930, #1758 ) ;
#2625 = COLOUR_RGB ( '',0.8509803921568627194, 0.8509803921568627194, 0.8509803921568627194 ) ;
#2626 = SURFACE_STYLE_FILL_AREA ( #751 ) ;
#2627 = CARTESIAN_POINT ( 'NONE',  ( 1.710050506338833820, -0.02500000000000000139, 5.799999999999998934 ) ) ;
#2628 = ORIENTED_EDGE ( 'NONE', *, *, #2838, .F. ) ;
#2629 = DIRECTION ( 'NONE',  ( -1.000000000000000000, 0.000000000000000000, -0.000000000000000000 ) ) ;
#2630 = ORIENTED_EDGE ( 'NONE', *, *, #2803, .T. ) ;
#2631 = CARTESIAN_POINT ( 'NONE',  ( -1.899999999999999911, -0.1250000000000000555, 0.000000000000000000 ) ) ;
#2632 = CARTESIAN_POINT ( 'NONE',  ( 1.300000000000000266, -0.1250000000000000000, 5.700000000000000178 ) ) ;
#2633 = ORIENTED_EDGE ( 'NONE', *, *, #2507, .F. ) ;
#2634 = ADVANCED_FACE ( 'NONE', ( #950 ), #967, .T. ) ;
#2635 = PLANE ( 'NONE',  #1869 ) ;
#2636 = CARTESIAN_POINT ( 'NONE',  ( 1.300000000000000266, 10.12500000000000000, 5.699999999999999289 ) ) ;
#2637 = PRESENTATION_LAYER_ASSIGNMENT (  '', '', ( #983 ) ) ;
#2638 = DIRECTION ( 'NONE',  ( 0.9961946980917473216, 0.000000000000000000, 0.08715574274763787654 ) ) ;
#2639 = PLANE ( 'NONE',  #185 ) ;
#2640 = DIRECTION ( 'NONE',  ( 0.000000000000000000, 0.000000000000000000, -1.000000000000000000 ) ) ;
#2641 = VECTOR ( 'NONE', #1183, 1000.000000000000000 ) ;
#2642 = ORIENTED_EDGE ( 'NONE', *, *, #407, .T. ) ;
#2643 = EDGE_LOOP ( 'NONE', ( #776, #2162, #940, #2628 ) ) ;
#2644 = DIRECTION ( 'NONE',  ( 0.000000000000000000, 1.000000000000000000, -2.220446049250000002E-16 ) ) ;
#2645 = DIRECTION ( 'NONE',  ( -0.000000000000000000, 1.000000000000000000, -0.000000000000000000 ) ) ;
#2646 = AXIS2_PLACEMENT_3D ( 'NONE', #79, #2644, #1925 ) ;
#2647 = ORIENTED_EDGE ( 'NONE', *, *, #286, .T. ) ;
#2648 = DIRECTION ( 'NONE',  ( 0.000000000000000000, 0.5000000000001900702, 0.8660254037843289066 ) ) ;
#2649 = VECTOR ( 'NONE', #1567, 1000.000000000000000 ) ;
#2650 = ADVANCED_FACE ( 'NONE', ( #1904 ), #2261, .F. ) ;
#2651 = COLOUR_RGB ( '',0.8509803921568627194, 0.8509803921568627194, 0.8509803921568627194 ) ;
#2652 = CARTESIAN_POINT ( 'NONE',  ( -1.899999999999999911, 10.12500000000000000, 0.000000000000000000 ) ) ;
#2653 = CARTESIAN_POINT ( 'NONE',  ( 0.5999999999999998668, 0.2250000000000242917, 2.223205080756957219 ) ) ;
#2654 = VECTOR ( 'NONE', #452, 1000.000000000000000 ) ;
#2655 = AXIS2_PLACEMENT_3D ( 'NONE', #553, #1700, #1913 ) ;
#2656 = DIRECTION ( 'NONE',  ( 0.000000000000000000, 0.000000000000000000, -1.000000000000000000 ) ) ;
#2657 =( GEOMETRIC_REPRESENTATION_CONTEXT ( 3 ) GLOBAL_UNCERTAINTY_ASSIGNED_CONTEXT ( ( #2242 ) ) GLOBAL_UNIT_ASSIGNED_CONTEXT ( ( #884, #228, #2353 ) ) REPRESENTATION_CONTEXT ( 'NONE', 'WORKASPACE' ) );
#2658 = ORIENTED_EDGE ( 'NONE', *, *, #2585, .F. ) ;
#2659 = VERTEX_POINT ( 'NONE', #1822 ) ;
#2660 = SURFACE_STYLE_FILL_AREA ( #1511 ) ;
#2661 = VECTOR ( 'NONE', #2916, 1000.000000000000000 ) ;
#2662 = UNCERTAINTY_MEASURE_WITH_UNIT (LENGTH_MEASURE( 1.000000000000000082E-05 ), #959, 'distance_accuracy_value', 'NONE');
#2663 = ORIENTED_EDGE ( 'NONE', *, *, #1126, .T. ) ;
#2664 = CYLINDRICAL_SURFACE ( 'NONE', #812, 0.1000000000000000472 ) ;
#2665 = CARTESIAN_POINT ( 'NONE',  ( -0.08715574274764893714, 0.3750000000000002776, 4.496194698091874109 ) ) ;
#2666 = VECTOR ( 'NONE', #2176, 1000.000000000000000 ) ;
#2667 = EDGE_LOOP ( 'NONE', ( #701, #821, #2423, #673 ) ) ;
#2668 = EDGE_CURVE ( 'NONE', #771, #2359, #1174, .T. ) ;
#2669 = DIRECTION ( 'NONE',  ( 0.000000000000000000, 1.000000000000000000, 0.000000000000000000 ) ) ;
#2670 = VECTOR ( 'NONE', #1747, 1000.000000000000000 ) ;
#2671 = EDGE_CURVE ( 'NONE', #445, #2710, #2103, .T. ) ;
#2672 = FILL_AREA_STYLE ('',( #2421 ) ) ;
#2673 = DIRECTION ( 'NONE',  ( 1.000000000000000000, 0.000000000000000000, 0.000000000000000000 ) ) ;
#2674 = EDGE_LOOP ( 'NONE', ( #1521, #2987, #608, #1691, #607, #1660 ) ) ;
#2675 = ORIENTED_EDGE ( 'NONE', *, *, #286, .F. ) ;
#2676 = CARTESIAN_POINT ( 'NONE',  ( -0.7999999999999813927, 15.00000000000000000, 4.524695076595975252 ) ) ;
#2677 = CARTESIAN_POINT ( 'NONE',  ( 0.000000000000000000, -0.1250000000000001110, 3.500000000000003553 ) ) ;
#2678 = EDGE_LOOP ( 'NONE', ( #560, #1460, #970, #2217 ) ) ;
#2679 = LINE ( 'NONE', #629, #2962 ) ;
#2680 = CARTESIAN_POINT ( 'NONE',  ( -1.899999999999999911, -0.1250000000000000000, 0.000000000000000000 ) ) ;
#2681 = ORIENTED_EDGE ( 'NONE', *, *, #2114, .F. ) ;
#2682 = CARTESIAN_POINT ( 'NONE',  ( 0.5999999999999999778, 9.954211545173999198, 2.211202860767000011 ) ) ;
#2683 = PRESENTATION_STYLE_ASSIGNMENT (( #2698 ) ) ;
#2684 = CARTESIAN_POINT ( 'NONE',  ( 0.6300000000000384182, 0.3750000000000000000, 2.723404867385952777 ) ) ;
#2685 = LINE ( 'NONE', #2436, #711 ) ;
#2686 = DIRECTION ( 'NONE',  ( 0.000000000000000000, 0.000000000000000000, -1.000000000000000000 ) ) ;
#2687 = ADVANCED_FACE ( 'NONE', ( #2764 ), #1162, .F. ) ;
#2688 = ORIENTED_EDGE ( 'NONE', *, *, #811, .F. ) ;
#2689 =( BOUNDED_SURFACE ( )  B_SPLINE_SURFACE ( 3, 3, ( 
 ( #1085, #1631, #2060, #1389 ),
 ( #1531, #1371, #485, #687 ),
 ( #1602, #2799, #614, #2540 ),
 ( #1588, #235, #716, #2331 ) ),
 .UNSPECIFIED., .F., .F., .F. ) 
 B_SPLINE_SURFACE_WITH_KNOTS ( ( 4, 4 ),
 ( 4, 4 ),
 ( 0.000000000000000000, 1.000000000000000000 ),
 ( 0.000000000000000000, 1.000000000000000000 ),
 .UNSPECIFIED. ) 
 GEOMETRIC_REPRESENTATION_ITEM ( )  RATIONAL_B_SPLINE_SURFACE ( (
 ( 1.000000000000000000, 0.8047378541243649375, 0.8047378541243649375, 1.000000000000000000),
 ( 0.8047378541243661587, 0.6476030138606886366, 0.6476030138606886366, 0.8047378541243661587),
 ( 0.8047378541243661587, 0.6476030138606886366, 0.6476030138606886366, 0.8047378541243661587),
 ( 1.000000000000000000, 0.8047378541243649375, 0.8047378541243649375, 1.000000000000000000) ) ) 
 REPRESENTATION_ITEM ( '' )  SURFACE ( )  );
#2690 = ORIENTED_EDGE ( 'NONE', *, *, #440, .T. ) ;
#2691 = PLANE ( 'NONE',  #2748 ) ;
#2692 = UNCERTAINTY_MEASURE_WITH_UNIT (LENGTH_MEASURE( 1.000000000000000082E-05 ), #1170, 'distance_accuracy_value', 'NONE');
#2693 = ORIENTED_EDGE ( 'NONE', *, *, #2925, .T. ) ;
#2694 = LINE ( 'NONE', #2489, #2179 ) ;
#2695 = DIRECTION ( 'NONE',  ( 0.000000000000000000, 0.000000000000000000, 1.000000000000000000 ) ) ;
#2696 = DIRECTION ( 'NONE',  ( -1.000000000000000000, -0.000000000000000000, -0.000000000000000000 ) ) ;
#2697 = AXIS2_PLACEMENT_3D ( 'NONE', #850, #1067, #2015 ) ;
#2698 = SURFACE_STYLE_USAGE ( .BOTH. , #617 ) ;
#2699 = VECTOR ( 'NONE', #592, 1000.000000000000000 ) ;
#2700 = VECTOR ( 'NONE', #2742, 1000.000000000000000 ) ;
#2701 =( NAMED_UNIT ( * ) PLANE_ANGLE_UNIT ( ) SI_UNIT ( $, .RADIAN. ) );
#2702 = DIRECTION ( 'NONE',  ( 0.08715574274763787654, 0.000000000000000000, 0.9961946980917473216 ) ) ;
#2703 = VECTOR ( 'NONE', #2166, 1000.000000000000000 ) ;
#2704 = ORIENTED_EDGE ( 'NONE', *, *, #590, .T. ) ;
#2705 = VERTEX_POINT ( 'NONE', #870 ) ;
#2706 = DIRECTION ( 'NONE',  ( 0.08715574274932530452, 0.000000000000000000, -0.9961946980915996619 ) ) ;
#2707 = ADVANCED_FACE ( 'NONE', ( #2247 ), #2021, .F. ) ;
#2708 = AXIS2_PLACEMENT_3D ( 'NONE', #493, #1659, #508 ) ;
#2709 =( BOUNDED_SURFACE ( )  B_SPLINE_SURFACE ( 3, 3, ( 
 ( #1426, #2388, #60, #1628 ),
 ( #261, #2104, #712, #292 ),
 ( #1898, #1175, #537, #304 ),
 ( #1220, #2826, #45, #84 ) ),
 .UNSPECIFIED., .F., .F., .F. ) 
 B_SPLINE_SURFACE_WITH_KNOTS ( ( 4, 4 ),
 ( 4, 4 ),
 ( 0.000000000000000000, 1.000000000000000000 ),
 ( 0.000000000000000000, 1.000000000000000000 ),
 .UNSPECIFIED. ) 
 GEOMETRIC_REPRESENTATION_ITEM ( )  RATIONAL_B_SPLINE_SURFACE ( (
 ( 1.000000000000000000, 0.8047378541243649375, 0.8047378541243649375, 1.000000000000000000),
 ( 0.8047378541243628280, 0.6476030138606859721, 0.6476030138606859721, 0.8047378541243628280),
 ( 0.8047378541243628280, 0.6476030138606859721, 0.6476030138606859721, 0.8047378541243628280),
 ( 1.000000000000000000, 0.8047378541243649375, 0.8047378541243649375, 1.000000000000000000) ) ) 
 REPRESENTATION_ITEM ( '' )  SURFACE ( )  );
#2710 = VERTEX_POINT ( 'NONE', #1816 ) ;
#2711 = PRESENTATION_LAYER_ASSIGNMENT (  '', '', ( #810 ) ) ;
#2712 = DIRECTION ( 'NONE',  ( -1.224646799146999945E-16, -1.000000000000000000, -2.200000000000000003E-16 ) ) ;
#2713 = EDGE_CURVE ( 'NONE', #1209, #2128, #2531, .T. ) ;
#2714 = DIRECTION ( 'NONE',  ( 0.000000000000000000, -0.000000000000000000, 1.000000000000000000 ) ) ;
#2715 = PRESENTATION_LAYER_ASSIGNMENT (  '', '', ( #1437 ) ) ;
#2716 = ORIENTED_EDGE ( 'NONE', *, *, #898, .T. ) ;
#2717 = CARTESIAN_POINT ( 'NONE',  ( -1.900000000000000355, 10.12500000000000000, 5.099999999999999645 ) ) ;
#2718 = AXIS2_PLACEMENT_3D ( 'NONE', #2758, #657, #2516 ) ;
#2719 = CYLINDRICAL_SURFACE ( 'NONE', #1381, 1.300000000000000266 ) ;
#2720 = AXIS2_PLACEMENT_3D ( 'NONE', #1497, #2146, #1017 ) ;
#2721 = CARTESIAN_POINT ( 'NONE',  ( -0.4285714285710000016, 0.1000000000000000056, 2.439711431702999977 ) ) ;
#2722 =( GEOMETRIC_REPRESENTATION_CONTEXT ( 3 ) GLOBAL_UNCERTAINTY_ASSIGNED_CONTEXT ( ( #1989 ) ) GLOBAL_UNIT_ASSIGNED_CONTEXT ( ( #681, #2766, #2535 ) ) REPRESENTATION_CONTEXT ( 'NONE', 'WORKASPACE' ) );
#2723 = ORIENTED_EDGE ( 'NONE', *, *, #1253, .T. ) ;
#2724 = DIRECTION ( 'NONE',  ( 0.000000000000000000, -2.168404344971008868E-16, -1.000000000000000000 ) ) ;
#2725 = ORIENTED_EDGE ( 'NONE', *, *, #1075, .F. ) ;
#2726 = EDGE_CURVE ( 'NONE', #2776, #732, #1637, .T. ) ;
#2727 = CARTESIAN_POINT ( 'NONE',  ( -0.5999999999999999778, 0.1250000000000000000, -4.900000000000000355 ) ) ;
#2728 =( BOUNDED_SURFACE ( )  B_SPLINE_SURFACE ( 3, 3, ( 
 ( #2855, #2356, #2610, #1887 ),
 ( #1656, #1687, #274, #2140 ),
 ( #2344, #769, #741, #482 ),
 ( #2403, #1459, #2627, #2372 ) ),
 .UNSPECIFIED., .F., .F., .F. ) 
 B_SPLINE_SURFACE_WITH_KNOTS ( ( 4, 4 ),
 ( 4, 4 ),
 ( 0.000000000000000000, 1.000000000000000000 ),
 ( 0.000000000000000000, 1.000000000000000000 ),
 .UNSPECIFIED. ) 
 GEOMETRIC_REPRESENTATION_ITEM ( )  RATIONAL_B_SPLINE_SURFACE ( (
 ( 1.000000000000000000, 0.8047378541243647154, 0.8047378541243647154, 1.000000000000000000),
 ( 0.8047378541243654926, 0.6476030138606879705, 0.6476030138606879705, 0.8047378541243654926),
 ( 0.8047378541243654926, 0.6476030138606879705, 0.6476030138606879705, 0.8047378541243654926),
 ( 1.000000000000000000, 0.8047378541243647154, 0.8047378541243647154, 1.000000000000000000) ) ) 
 REPRESENTATION_ITEM ( '' )  SURFACE ( )  );
#2729 = ORIENTED_EDGE ( 'NONE', *, *, #2288, .F. ) ;
#2730 = EDGE_CURVE ( 'NONE', #732, #2979, #2049, .T. ) ;
#2731 = SURFACE_STYLE_FILL_AREA ( #1792 ) ;
#2732 = CARTESIAN_POINT ( 'NONE',  ( 1.448956466956351496, 10.12500000000000000, 5.681569429028888507 ) ) ;
#2733 =( NAMED_UNIT ( * ) PLANE_ANGLE_UNIT ( ) SI_UNIT ( $, .RADIAN. ) );
#2734 = ORIENTED_EDGE ( 'NONE', *, *, #1676, .F. ) ;
#2735 = FACE_OUTER_BOUND ( 'NONE', #2205, .T. ) ;
#2736 = ORIENTED_EDGE ( 'NONE', *, *, #2136, .F. ) ;
#2737 = CARTESIAN_POINT ( 'NONE',  ( 0.7999999999999911626, 0.1749999999999998224, 4.524695076595970811 ) ) ;
#2738 = CARTESIAN_POINT ( 'NONE',  ( 0.5999999999999999778, 9.875000000000001776, 2.049999999999999822 ) ) ;
#2739 = STYLED_ITEM ( 'NONE', ( #1294 ), #279 ) ;
#2740 = EDGE_LOOP ( 'NONE', ( #914, #693, #976, #151 ) ) ;
#2741 = CARTESIAN_POINT ( 'NONE',  ( 0.000000000000000000, 9.625000000000000000, 3.499999999999997780 ) ) ;
#2742 = DIRECTION ( 'NONE',  ( -0.000000000000000000, 1.000000000000000000, 0.000000000000000000 ) ) ;
#2743 = ADVANCED_FACE ( 'NONE', ( #2003 ), #2067, .F. ) ;
#2744 = MECHANICAL_DESIGN_GEOMETRIC_PRESENTATION_REPRESENTATION (  '', ( #1809 ), #1094 ) ;
#2745 = CARTESIAN_POINT ( 'NONE',  ( -0.7874999999999999778, 0.3750000000000000000, 2.529256084232000212 ) ) ;
#2746 = CARTESIAN_POINT ( 'NONE',  ( -1.530808498934000149E-17, 9.875000000000000000, -5.500000000000000888 ) ) ;
#2747 = EDGE_CURVE ( 'NONE', #1646, #1168, #169, .T. ) ;
#2748 = AXIS2_PLACEMENT_3D ( 'NONE', #2487, #2255, #178 ) ;
#2749 = STYLED_ITEM ( 'NONE', ( #217 ), #973 ) ;
#2750 = ORIENTED_EDGE ( 'NONE', *, *, #334, .T. ) ;
#2751 = CARTESIAN_POINT ( 'NONE',  ( -0.9883682867105706427, 0.1750000000001799561, 2.254581386754763273 ) ) ;
#2752 = CARTESIAN_POINT ( 'NONE',  ( 0.5999999999999999778, 0.1625000000000000333, 2.331458256229999471 ) ) ;
#2753 = CIRCLE ( 'NONE', #2322, 1.000000000000000000 ) ;
#2754 = ORIENTED_EDGE ( 'NONE', *, *, #2616, .T. ) ;
#2755 = FACE_OUTER_BOUND ( 'NONE', #1494, .T. ) ;
#2756 = PRESENTATION_LAYER_ASSIGNMENT (  '', '', ( #1533 ) ) ;
#2757 =( NAMED_UNIT ( * ) SI_UNIT ( $, .STERADIAN. ) SOLID_ANGLE_UNIT ( ) );
#2758 = CARTESIAN_POINT ( 'NONE',  ( 0.8000000000000000444, -0.02500000000000000139, 5.700000000000000178 ) ) ;
#2759 = PRESENTATION_LAYER_ASSIGNMENT (  '', '', ( #576 ) ) ;
#2760 = ORIENTED_EDGE ( 'NONE', *, *, #298, .T. ) ;
#2761 = CARTESIAN_POINT ( 'NONE',  ( 0.000000000000000000, 0.2250000000000000333, 2.223205080756999852 ) ) ;
#2762 = CIRCLE ( 'NONE', #2026, 1.250000000000000222 ) ;
#2763 = CARTESIAN_POINT ( 'NONE',  ( -0.08715574274765999774, 0.3750000000000000000, 4.496194698092000230 ) ) ;
#2764 = FACE_OUTER_BOUND ( 'NONE', #1343, .T. ) ;
#2765 = EDGE_CURVE ( 'NONE', #1362, #1541, #347, .T. ) ;
#2766 =( NAMED_UNIT ( * ) PLANE_ANGLE_UNIT ( ) SI_UNIT ( $, .RADIAN. ) );
#2767 = CARTESIAN_POINT ( 'NONE',  ( -0.08571428571429000332, 0.1000000000000000056, 2.439711431702999977 ) ) ;
#2768 = CIRCLE ( 'NONE', #2481, 0.1000000000000000472 ) ;
#2769 = EDGE_CURVE ( 'NONE', #2949, #1646, #2914, .T. ) ;
#2770 = ORIENTED_EDGE ( 'NONE', *, *, #1075, .T. ) ;
#2771 = DIRECTION ( 'NONE',  ( 0.000000000000000000, 2.198480045797000147E-16, 1.000000000000000000 ) ) ;
#2772 = DIRECTION ( 'NONE',  ( 0.000000000000000000, 1.000000000000000000, -0.000000000000000000 ) ) ;
#2773 = ORIENTED_EDGE ( 'NONE', *, *, #2265, .F. ) ;
#2774 = CARTESIAN_POINT ( 'NONE',  ( -1.000000000000000000, 15.00000000000000000, 0.5000000000000000000 ) ) ;
#2775 =( NAMED_UNIT ( * ) PLANE_ANGLE_UNIT ( ) SI_UNIT ( $, .RADIAN. ) );
#2776 = VERTEX_POINT ( 'NONE', #2304 ) ;
#2777 = DIRECTION ( 'NONE',  ( 1.000000000000000000, 0.000000000000000000, 0.000000000000000000 ) ) ;
#2778 = DIRECTION ( 'NONE',  ( -0.000000000000000000, 0.000000000000000000, -1.000000000000000000 ) ) ;
#2779 =( NAMED_UNIT ( * ) SI_UNIT ( $, .STERADIAN. ) SOLID_ANGLE_UNIT ( ) );
#2780 = DIRECTION ( 'NONE',  ( -1.000000000000000000, -0.000000000000000000, -0.000000000000000000 ) ) ;
#2781 = CARTESIAN_POINT ( 'NONE',  ( 0.4285714285710000016, 0.1000000000000000056, 2.439711431702999977 ) ) ;
#2782 = EDGE_CURVE ( 'NONE', #1876, #366, #1129, .T. ) ;
#2783 = ORIENTED_EDGE ( 'NONE', *, *, #1411, .F. ) ;
#2784 = DIRECTION ( 'NONE',  ( -0.000000000000000000, -0.000000000000000000, 1.000000000000000000 ) ) ;
#2785 = CARTESIAN_POINT ( 'NONE',  ( -0.5999999999999999778, 9.675000000000000711, 2.049999999999999822 ) ) ;
#2786 = EDGE_CURVE ( 'NONE', #77, #1688, #154, .T. ) ;
#2787 = ORIENTED_EDGE ( 'NONE', *, *, #2151, .F. ) ;
#2788 = CARTESIAN_POINT ( 'NONE',  ( 1.000000000000000000, 15.00000000000000000, 0.5000000000000000000 ) ) ;
#2789 = CARTESIAN_POINT ( 'NONE',  ( 0.5984675333150000220, 0.3750000000000000000, 2.375906611631000143 ) ) ;
#2790 = SURFACE_STYLE_FILL_AREA ( #515 ) ;
#2791 = ORIENTED_EDGE ( 'NONE', *, *, #1841, .T. ) ;
#2792 =( GEOMETRIC_REPRESENTATION_CONTEXT ( 3 ) GLOBAL_UNCERTAINTY_ASSIGNED_CONTEXT ( ( #1928 ) ) GLOBAL_UNIT_ASSIGNED_CONTEXT ( ( #2953, #2991, #860 ) ) REPRESENTATION_CONTEXT ( 'NONE', 'WORKASPACE' ) );
#2793 = DIRECTION ( 'NONE',  ( -0.6299999999990992805, 0.000000000000000000, -0.7765951326148876621 ) ) ;
#2794 = DIRECTION ( 'NONE',  ( 0.000000000000000000, 2.199999999999999757E-16, -1.000000000000000000 ) ) ;
#2795 = DIRECTION ( 'NONE',  ( -0.000000000000000000, -0.000000000000000000, -1.000000000000000000 ) ) ;
#2796 = SURFACE_STYLE_FILL_AREA ( #1854 ) ;
#2797 = PRESENTATION_STYLE_ASSIGNMENT (( #31 ) ) ;
#2798 = CIRCLE ( 'NONE', #896, 0.4499999999999999001 ) ;
#2799 = CARTESIAN_POINT ( 'NONE',  ( -2.000000000000000000, 10.08357864376269220, 5.510050506338832754 ) ) ;
#2800 = AXIS2_PLACEMENT_3D ( 'NONE', #842, #350, #130 ) ;
#2801 = ORIENTED_EDGE ( 'NONE', *, *, #2556, .T. ) ;
#2802 = CARTESIAN_POINT ( 'NONE',  ( 0.1089446784349999975, 0.3750000000000000000, 4.745243372614999622 ) ) ;
#2803 = EDGE_CURVE ( 'NONE', #580, #718, #2029, .T. ) ;
#2804 = CARTESIAN_POINT ( 'NONE',  ( -0.7874999999999999778, 0.3750000000000000000, 2.529256084232000212 ) ) ;
#2805 = STYLED_ITEM ( 'NONE', ( #1002 ), #1397 ) ;
#2806 = DIRECTION ( 'NONE',  ( 0.000000000000000000, 8.131516293641279311E-16, 1.000000000000000000 ) ) ;
#2807 = ORIENTED_EDGE ( 'NONE', *, *, #2320, .F. ) ;
#2808 =( GEOMETRIC_REPRESENTATION_CONTEXT ( 3 ) GLOBAL_UNCERTAINTY_ASSIGNED_CONTEXT ( ( #358 ) ) GLOBAL_UNIT_ASSIGNED_CONTEXT ( ( #1743, #1931, #2183 ) ) REPRESENTATION_CONTEXT ( 'NONE', 'WORKASPACE' ) );
#2809 = ADVANCED_FACE ( 'NONE', ( #1592 ), #705, .F. ) ;
#2810 = CARTESIAN_POINT ( 'NONE',  ( -0.5999999999999999778, 9.774999999999977263, 2.223205080756957663 ) ) ;
#2811 = CARTESIAN_POINT ( 'NONE',  ( -0.6300000000000000044, 9.625000000000000000, 2.723404867385999850 ) ) ;
#2812 = AXIS2_PLACEMENT_3D ( 'NONE', #1605, #196, #690 ) ;
#2813 = FILL_AREA_STYLE_COLOUR ( '', #2625 ) ;
#2814 = CARTESIAN_POINT ( 'NONE',  ( 0.000000000000000000, 9.625000000000000000, 3.499999999999997780 ) ) ;
#2815 = CYLINDRICAL_SURFACE ( 'NONE', #2609, 0.1000000000000000472 ) ;
#2816 = VERTEX_POINT ( 'NONE', #912 ) ;
#2817 = DIRECTION ( 'NONE',  ( -0.000000000000000000, 1.000000000000000000, 0.000000000000000000 ) ) ;
#2818 = CARTESIAN_POINT ( 'NONE',  ( 1.000000000000000000, 10.12500000000000000, 0.5000000000000000000 ) ) ;
#2819 = PRESENTATION_LAYER_ASSIGNMENT (  '', '', ( #962 ) ) ;
#2820 = UNCERTAINTY_MEASURE_WITH_UNIT (LENGTH_MEASURE( 1.000000000000000082E-05 ), #911, 'distance_accuracy_value', 'NONE');
#2821 = ORIENTED_EDGE ( 'NONE', *, *, #1937, .F. ) ;
#2822 = SURFACE_STYLE_USAGE ( .BOTH. , #2367 ) ;
#2823 = CARTESIAN_POINT ( 'NONE',  ( 0.08571428571429000332, 9.775000000000000355, 2.223205080756999852 ) ) ;
#2824 = EDGE_CURVE ( 'NONE', #1553, #1696, #2235, .T. ) ;
#2825 = DIRECTION ( 'NONE',  ( 1.000000000000000000, 0.000000000000000000, 0.000000000000000000 ) ) ;
#2826 = CARTESIAN_POINT ( 'NONE',  ( -1.710050506338833820, -0.02500000000000000486, 5.800000000000000711 ) ) ;
#2827 = VERTEX_POINT ( 'NONE', #1420 ) ;
#2828 = CARTESIAN_POINT ( 'NONE',  ( -1.000000000000000000, -0.1250000000000001110, 0.5000000000000000000 ) ) ;
#2829 = SURFACE_STYLE_USAGE ( .BOTH. , #2142 ) ;
#2830 = ORIENTED_EDGE ( 'NONE', *, *, #1886, .T. ) ;
#2831 = DIRECTION ( 'NONE',  ( 0.000000000000000000, 0.000000000000000000, -1.000000000000000000 ) ) ;
#2832 = FACE_OUTER_BOUND ( 'NONE', #849, .T. ) ;
#2833 = EDGE_LOOP ( 'NONE', ( #2878, #121, #359, #1197 ) ) ;
#2834 = CARTESIAN_POINT ( 'NONE',  ( 0.8000000000000000444, -0.1250000000000000000, 0.000000000000000000 ) ) ;
#2835 = EDGE_CURVE ( 'NONE', #226, #1193, #2918, .T. ) ;
#2836 = LINE ( 'NONE', #321, #1148 ) ;
#2837 = ORIENTED_EDGE ( 'NONE', *, *, #2730, .T. ) ;
#2838 = EDGE_CURVE ( 'NONE', #1953, #2063, #524, .T. ) ;
#2839 = CARTESIAN_POINT ( 'NONE',  ( 0.3070756115028228095, 0.4649494936613093321, 2.090468966049847221 ) ) ;
#2840 = DIRECTION ( 'NONE',  ( 1.000000000000000000, -1.224646799146999945E-16, 0.000000000000000000 ) ) ;
#2841 = VERTEX_POINT ( 'NONE', #25 ) ;
#2842 = VECTOR ( 'NONE', #1707, 1000.000000000000000 ) ;
#2843 = CARTESIAN_POINT ( 'NONE',  ( 0.3148605552892134729, 9.535050506338690113, 2.090244167300203681 ) ) ;
#2844 = CARTESIAN_POINT ( 'NONE',  ( -0.7999999999999999334, 10.12500000000000000, 0.5000000000000000000 ) ) ;
#2845 = CARTESIAN_POINT ( 'NONE',  ( -0.5999999999999999778, 0.3250000000000000666, 2.049999999999999822 ) ) ;
#2846 = MECHANICAL_DESIGN_GEOMETRIC_PRESENTATION_REPRESENTATION (  '', ( #330 ), #506 ) ;
#2847 = UNCERTAINTY_MEASURE_WITH_UNIT (LENGTH_MEASURE( 1.000000000000000082E-05 ), #1791, 'distance_accuracy_value', 'NONE');
#2848 = DIRECTION ( 'NONE',  ( 6.357583154712000628E-33, 1.000000000000000000, -2.285779357681999831E-16 ) ) ;
#2849 = STYLED_ITEM ( 'NONE', ( #2683 ), #1128 ) ;
#2850 = CARTESIAN_POINT ( 'NONE',  ( 0.7999999999999906075, 9.824999999999999289, 4.524695076595968146 ) ) ;
#2851 = CARTESIAN_POINT ( 'NONE',  ( -0.7999999999999999334, 10.12500000000000000, 2.475304923404020307 ) ) ;
#2852 = AXIS2_PLACEMENT_3D ( 'NONE', #699, #2002, #2314 ) ;
#2853 = FACE_OUTER_BOUND ( 'NONE', #2175, .T. ) ;
#2854 = AXIS2_PLACEMENT_3D ( 'NONE', #1316, #1283, #1997 ) ;
#2855 = CARTESIAN_POINT ( 'NONE',  ( 1.899999999999999911, -0.1250000000000000000, 5.099999999999998757 ) ) ;
#2856 = EDGE_CURVE ( 'NONE', #2337, #69, #1651, .T. ) ;
#2857 = FILL_AREA_STYLE ('',( #2813 ) ) ;
#2858 = CARTESIAN_POINT ( 'NONE',  ( 0.7999999999999911626, -0.1250000000000001110, 4.524695076595970811 ) ) ;
#2859 = DIRECTION ( 'NONE',  ( 1.776356839400250465E-15, 0.000000000000000000, 1.000000000000000000 ) ) ;
#2860 = AXIS2_PLACEMENT_3D ( 'NONE', #1727, #1545, #867 ) ;
#2861 = EDGE_CURVE ( 'NONE', #1544, #1599, #2768, .T. ) ;
#2862 = ORIENTED_EDGE ( 'NONE', *, *, #1035, .T. ) ;
#2863 =( GEOMETRIC_REPRESENTATION_CONTEXT ( 3 ) GLOBAL_UNCERTAINTY_ASSIGNED_CONTEXT ( ( #1858 ) ) GLOBAL_UNIT_ASSIGNED_CONTEXT ( ( #1365, #1757, #1117 ) ) REPRESENTATION_CONTEXT ( 'NONE', 'WORKASPACE' ) );
#2864 = CARTESIAN_POINT ( 'NONE',  ( -0.8000000000000000444, 5.000000000000000000, 5.799999999999999822 ) ) ;
#2865 = CYLINDRICAL_SURFACE ( 'NONE', #1520, 0.1000000000000000472 ) ;
#2866 = CARTESIAN_POINT ( 'NONE',  ( 0.8000000000000007105, 9.321426598350720738, 2.447900906633928120 ) ) ;
#2867 = COLOUR_RGB ( '',0.8509803921568627194, 0.8509803921568627194, 0.8509803921568627194 ) ;
#2868 = ORIENTED_EDGE ( 'NONE', *, *, #1450, .T. ) ;
#2869 =( NAMED_UNIT ( * ) SI_UNIT ( $, .STERADIAN. ) SOLID_ANGLE_UNIT ( ) );
#2870 = SURFACE_STYLE_USAGE ( .BOTH. , #1957 ) ;
#2871 = LINE ( 'NONE', #550, #997 ) ;
#2872 = VECTOR ( 'NONE', #2043, 1000.000000000000227 ) ;
#2873 = CARTESIAN_POINT ( 'NONE',  ( 1.169014004901999964E-16, 9.625000000000000000, 3.527178024838999892 ) ) ;
#2874 = FILL_AREA_STYLE_COLOUR ( '', #682 ) ;
#2875 = CARTESIAN_POINT ( 'NONE',  ( -0.8000000000000000444, 0.7756316341678946014, 2.475304923404040292 ) ) ;
#2876 = DIRECTION ( 'NONE',  ( 2.409338161078894743E-16, 1.000000000000000000, 5.782411586589347778E-15 ) ) ;
#2877 = EDGE_CURVE ( 'NONE', #2348, #1416, #2086, .T. ) ;
#2878 = ORIENTED_EDGE ( 'NONE', *, *, #491, .T. ) ;
#2879 = ORIENTED_EDGE ( 'NONE', *, *, #1824, .F. ) ;
#2880 = CARTESIAN_POINT ( 'NONE',  ( 0.5999999999999999778, 9.837500000000000355, 2.331458256229999471 ) ) ;
#2881 = EDGE_CURVE ( 'NONE', #1153, #2882, #2336, .T. ) ;
#2882 = VERTEX_POINT ( 'NONE', #2580 ) ;
#2883 = PRESENTATION_STYLE_ASSIGNMENT (( #548 ) ) ;
#2884 =( NAMED_UNIT ( * ) PLANE_ANGLE_UNIT ( ) SI_UNIT ( $, .RADIAN. ) );
#2885 = LINE ( 'NONE', #2216, #2703 ) ;
#2886 = DIRECTION ( 'NONE',  ( 0.000000000000000000, -0.000000000000000000, 1.000000000000000000 ) ) ;
#2887 = CARTESIAN_POINT ( 'NONE',  ( 2.000000000000000444, 10.02500000000000213, 5.510050506338830090 ) ) ;
#2888 = PRESENTATION_STYLE_ASSIGNMENT (( #352 ) ) ;
#2889 = B_SPLINE_SURFACE_WITH_KNOTS ( 'NONE', 7, 1, ( 
 ( #1268, #639 ),
 ( #2781, #248 ),
 ( #2028, #1781 ),
 ( #1151, #2536 ),
 ( #2767, #2978 ),
 ( #875, #2327 ),
 ( #2721, #1357 ),
 ( #1840, #437 ) ),
 .UNSPECIFIED., .F., .F., .F.,
 ( 8, 8 ),
 ( 2, 2 ),
 ( 4.030835768821999565, 5.393942191947999731 ),
 ( 0.000000000000000000, 1.000000000000000000 ),
 .UNSPECIFIED. ) ;
#2890 = FACE_OUTER_BOUND ( 'NONE', #2227, .T. ) ;
#2891 = SURFACE_STYLE_USAGE ( .BOTH. , #1269 ) ;
#2892 = ORIENTED_EDGE ( 'NONE', *, *, #509, .T. ) ;
#2893 = ORIENTED_EDGE ( 'NONE', *, *, #936, .F. ) ;
#2894 = CARTESIAN_POINT ( 'NONE',  ( -0.7874999999999262590, 9.625000000000000000, 2.529256084232091695 ) ) ;
#2895 = VECTOR ( 'NONE', #1722, 1000.000000000000227 ) ;
#2896 = ORIENTED_EDGE ( 'NONE', *, *, #1733, .F. ) ;
#2897 = ADVANCED_FACE ( 'NONE', ( #1620 ), #487, .F. ) ;
#2898 = CARTESIAN_POINT ( 'NONE',  ( 1.899999999999999689, 10.12500000000000000, 5.099999999999999645 ) ) ;
#2899 = PRESENTATION_STYLE_ASSIGNMENT (( #2870 ) ) ;
#2900 = VECTOR ( 'NONE', #1796, 1000.000000000000000 ) ;
#2901 = PLANE ( 'NONE',  #1293 ) ;
#2902 = VERTEX_POINT ( 'NONE', #300 ) ;
#2903 = EDGE_CURVE ( 'NONE', #250, #1221, #270, .T. ) ;
#2904 = CIRCLE ( 'NONE', #664, 0.2000000000000000944 ) ;
#2905 = PRESENTATION_STYLE_ASSIGNMENT (( #361 ) ) ;
#2906 = CARTESIAN_POINT ( 'NONE',  ( -1.300000000000000044, 10.12500000000000000, 5.700000000000000178 ) ) ;
#2907 =( GEOMETRIC_REPRESENTATION_CONTEXT ( 3 ) GLOBAL_UNCERTAINTY_ASSIGNED_CONTEXT ( ( #2662 ) ) GLOBAL_UNIT_ASSIGNED_CONTEXT ( ( #959, #2341, #727 ) ) REPRESENTATION_CONTEXT ( 'NONE', 'WORKASPACE' ) );
#2908 = CIRCLE ( 'NONE', #2854, 1.000000000000000000 ) ;
#2909 = AXIS2_PLACEMENT_3D ( 'NONE', #2564, #12, #1803 ) ;
#2910 = ORIENTED_EDGE ( 'NONE', *, *, #2747, .T. ) ;
#2911 = ORIENTED_EDGE ( 'NONE', *, *, #2009, .T. ) ;
#2912 = CARTESIAN_POINT ( 'NONE',  ( 1.530808498933501256E-17, 10.12500000000000000, -4.900000000000000355 ) ) ;
#2913 = CARTESIAN_POINT ( 'NONE',  ( 1.899999999999999689, -0.1250000000000000000, 0.000000000000000000 ) ) ;
#2914 = CIRCLE ( 'NONE', #1782, 0.1000000000000000472 ) ;
#2915 = EDGE_LOOP ( 'NONE', ( #2663, #852, #594, #287 ) ) ;
#2916 = DIRECTION ( 'NONE',  ( -0.08715574274763787654, -0.000000000000000000, -0.9961946980917473216 ) ) ;
#2917 = DIRECTION ( 'NONE',  ( -1.224646799146999945E-16, -1.000000000000000000, -2.200000000000000003E-16 ) ) ;
#2918 = CIRCLE ( 'NONE', #2576, 1.300000000000000044 ) ;
#2919 = DIRECTION ( 'NONE',  ( 1.000000000000000000, 0.000000000000000000, 0.000000000000000000 ) ) ;
#2920 = ADVANCED_FACE ( 'NONE', ( #55 ), #954, .T. ) ;
#2921 = ORIENTED_EDGE ( 'NONE', *, *, #83, .F. ) ;
#2922 = DIRECTION ( 'NONE',  ( -1.000000000000000000, 1.224646799146999945E-16, 0.000000000000000000 ) ) ;
#2923 = CARTESIAN_POINT ( 'NONE',  ( 1.300000000000000266, 10.02500000000000036, 5.799999999999999822 ) ) ;
#2924 = VECTOR ( 'NONE', #619, 1000.000000000000000 ) ;
#2925 = EDGE_CURVE ( 'NONE', #1541, #2968, #1010, .T. ) ;
#2926 = CARTESIAN_POINT ( 'NONE',  ( -0.6149999999999999911, 0.2374999999999999889, 2.581558149544499692 ) ) ;
#2927 = CARTESIAN_POINT ( 'NONE',  ( 2.000000000000000000, 10.12500000000000000, 0.000000000000000000 ) ) ;
#2928 = DIRECTION ( 'NONE',  ( -5.473822126268816683E-48, 6.703498746035131718E-64, 1.000000000000000000 ) ) ;
#2929 = ORIENTED_EDGE ( 'NONE', *, *, #1132, .F. ) ;
#2930 = VERTEX_POINT ( 'NONE', #2425 ) ;
#2931 = DIRECTION ( 'NONE',  ( 0.000000000000000000, -1.000000000000000000, 2.220446049250000002E-16 ) ) ;
#2932 = ORIENTED_EDGE ( 'NONE', *, *, #1218, .T. ) ;
#2933 = FACE_OUTER_BOUND ( 'NONE', #36, .T. ) ;
#2934 = SURFACE_SIDE_STYLE ('',( #1084 ) ) ;
#2935 = DIRECTION ( 'NONE',  ( -1.224646799146999945E-16, -1.000000000000000000, 0.000000000000000000 ) ) ;
#2936 = CARTESIAN_POINT ( 'NONE',  ( 2.000000000000000000, 10.08357864376269042, 5.099999999999997868 ) ) ;
#2937 = EDGE_CURVE ( 'NONE', #511, #2348, #2185, .T. ) ;
#2938 =( NAMED_UNIT ( * ) SI_UNIT ( $, .STERADIAN. ) SOLID_ANGLE_UNIT ( ) );
#2939 = DIRECTION ( 'NONE',  ( 0.000000000000000000, 2.285779357681999831E-16, 1.000000000000000000 ) ) ;
#2940 = CARTESIAN_POINT ( 'NONE',  ( 0.5999999999999999778, -0.1250000000000000000, 2.049999999999999822 ) ) ;
#2941 = ORIENTED_EDGE ( 'NONE', *, *, #1057, .F. ) ;
#2942 = EDGE_CURVE ( 'NONE', #1768, #835, #1932, .T. ) ;
#2943 = ORIENTED_EDGE ( 'NONE', *, *, #2340, .T. ) ;
#2944 = DIRECTION ( 'NONE',  ( 0.000000000000000000, -1.000000000000000000, 2.220446049250000002E-16 ) ) ;
#2945 = CARTESIAN_POINT ( 'NONE',  ( 0.000000000000000000, 0.000000000000000000, 0.000000000000000000 ) ) ;
#2946 = ORIENTED_EDGE ( 'NONE', *, *, #2622, .F. ) ;
#2947 = FILL_AREA_STYLE ('',( #2037 ) ) ;
#2948 = CARTESIAN_POINT ( 'NONE',  ( 0.8000000000000000444, 0.5044466490674990311, 2.352527358421350190 ) ) ;
#2949 = VERTEX_POINT ( 'NONE', #2913 ) ;
#2950 = FILL_AREA_STYLE_COLOUR ( '', #242 ) ;
#2951 = FACE_OUTER_BOUND ( 'NONE', #624, .T. ) ;
#2952 =( GEOMETRIC_REPRESENTATION_CONTEXT ( 3 ) GLOBAL_UNCERTAINTY_ASSIGNED_CONTEXT ( ( #565 ) ) GLOBAL_UNIT_ASSIGNED_CONTEXT ( ( #87, #1402, #2346 ) ) REPRESENTATION_CONTEXT ( 'NONE', 'WORKASPACE' ) );
#2953 =( LENGTH_UNIT ( ) NAMED_UNIT ( * ) SI_UNIT ( .MILLI., .METRE. ) );
#2954 = DIRECTION ( 'NONE',  ( 0.000000000000000000, 1.000000000000000000, -2.220446049250000002E-16 ) ) ;
#2955 = AXIS2_PLACEMENT_3D ( 'NONE', #1138, #2096, #48 ) ;
#2956 = VERTEX_POINT ( 'NONE', #2195 ) ;
#2957 = CARTESIAN_POINT ( 'NONE',  ( 0.8000000000000000444, 5.000000000000000000, 5.799999999999999822 ) ) ;
#2958 = VECTOR ( 'NONE', #1749, 1000.000000000000114 ) ;
#2959 = EDGE_CURVE ( 'NONE', #718, #1695, #1970, .T. ) ;
#2960 = ORIENTED_EDGE ( 'NONE', *, *, #1145, .F. ) ;
#2961 = DIRECTION ( 'NONE',  ( 0.000000000000000000, 0.000000000000000000, 1.000000000000000000 ) ) ;
#2962 = VECTOR ( 'NONE', #1741, 1000.000000000000000 ) ;
#2963 = FACE_OUTER_BOUND ( 'NONE', #39, .T. ) ;
#2964 = DIRECTION ( 'NONE',  ( 0.000000000000000000, 0.000000000000000000, 1.000000000000000000 ) ) ;
#2965 = AXIS2_PLACEMENT_3D ( 'NONE', #2845, #80, #344 ) ;
#2966 = DIRECTION ( 'NONE',  ( 1.776356839400250859E-15, 0.000000000000000000, 1.000000000000000000 ) ) ;
#2967 = MECHANICAL_DESIGN_GEOMETRIC_PRESENTATION_REPRESENTATION (  '', ( #873 ), #436 ) ;
#2968 = VERTEX_POINT ( 'NONE', #1694 ) ;
#2969 = LINE ( 'NONE', #2045, #2900 ) ;
#2970 = ORIENTED_EDGE ( 'NONE', *, *, #609, .F. ) ;
#2971 = FILL_AREA_STYLE ('',( #2316 ) ) ;
#2972 = ADVANCED_FACE ( 'NONE', ( #2455 ), #1466, .T. ) ;
#2973 = LINE ( 'NONE', #2085, #1710 ) ;
#2974 = ORIENTED_EDGE ( 'NONE', *, *, #2726, .F. ) ;
#2975 = DIRECTION ( 'NONE',  ( 0.000000000000000000, 0.5000000000001897371, -0.8660254037843291286 ) ) ;
#2976 = EDGE_CURVE ( 'NONE', #345, #1014, #1457, .T. ) ;
#2977 = CARTESIAN_POINT ( 'NONE',  ( 1.300000000000000266, 10.12500000000000000, 5.700000000000000178 ) ) ;
#2978 = CARTESIAN_POINT ( 'NONE',  ( -0.1020758496790000053, 0.3750000000000000000, 2.466030522420000093 ) ) ;
#2979 = VERTEX_POINT ( 'NONE', #2632 ) ;
#2980 = DIRECTION ( 'NONE',  ( -1.000000000000000000, 0.000000000000000000, 0.000000000000000000 ) ) ;
#2981 = CARTESIAN_POINT ( 'NONE',  ( -2.000000000000000000, 10.02500000000000036, 0.000000000000000000 ) ) ;
#2982 = ORIENTED_EDGE ( 'NONE', *, *, #526, .F. ) ;
#2983 = DIRECTION ( 'NONE',  ( 0.000000000000000000, 0.000000000000000000, -1.000000000000000000 ) ) ;
#2984 = FILL_AREA_STYLE ('',( #1548 ) ) ;
#2985 = EDGE_CURVE ( 'NONE', #383, #2555, #1274, .T. ) ;
#2986 = VECTOR ( 'NONE', #1742, 1000.000000000000000 ) ;
#2987 = ORIENTED_EDGE ( 'NONE', *, *, #1488, .F. ) ;
#2988 = DIRECTION ( 'NONE',  ( 0.000000000000000000, 0.000000000000000000, -1.000000000000000000 ) ) ;
#2989 = CARTESIAN_POINT ( 'NONE',  ( -0.8000000000000000444, -0.02499999999999992159, 5.799999999999999822 ) ) ;
#2990 = EDGE_CURVE ( 'NONE', #2623, #1544, #202, .T. ) ;
#2991 =( NAMED_UNIT ( * ) PLANE_ANGLE_UNIT ( ) SI_UNIT ( $, .RADIAN. ) );
#2992 = SURFACE_STYLE_USAGE ( .BOTH. , #2093 ) ;
ENDSEC;
END-ISO-10303-21;
