ISO-10303-21;
HEADER;
FILE_DESCRIPTION((''),'2;1');
FILE_NAME('B82559B_10_75_ERU16','2021-07-28T',('EB9189'),(''),
'CREO PARAMETRIC BY PTC INC, 2015480','CREO PARAMETRIC BY PTC INC, 2015480','');
FILE_SCHEMA(('CONFIG_CONTROL_DESIGN'));
ENDSEC;
DATA;
#10=DIRECTION('',(0.E0,0.E0,-1.E0));
#11=VECTOR('',#10,2.982842712475E0);
#12=CARTESIAN_POINT('',(-1.5E0,-5.E-1,-4.4E0));
#13=LINE('',#12,#11);
#14=DRAUGHTING_PRE_DEFINED_CURVE_FONT('continuous');
#15=CURVE_STYLE('',#14,POSITIVE_LENGTH_MEASURE(2.E-2),#1);
#16=PRESENTATION_STYLE_ASSIGNMENT((#15));
#17=STYLED_ITEM('',(#16),#13);
#18=DIRECTION('',(-1.294170798252E-14,-1.811839117553E-13,-1.E0));
#19=VECTOR('',#18,1.715728752533E-2);
#20=CARTESIAN_POINT('',(-1.5E0,-5.E-1,-7.382842712475E0));
#21=LINE('',#20,#19);
#22=CURVE_STYLE('',#14,POSITIVE_LENGTH_MEASURE(2.E-2),#1);
#23=PRESENTATION_STYLE_ASSIGNMENT((#22));
#24=STYLED_ITEM('',(#23),#21);
#25=CARTESIAN_POINT('',(-7.75E0,-5.E-1,-6.9E0));
#26=DIRECTION('',(0.E0,1.E0,0.E0));
#27=DIRECTION('',(0.E0,0.E0,-1.E0));
#28=AXIS2_PLACEMENT_3D('',#25,#26,#27);
#30=CURVE_STYLE('',#14,POSITIVE_LENGTH_MEASURE(2.E-2),#1);
#31=PRESENTATION_STYLE_ASSIGNMENT((#30));
#32=STYLED_ITEM('',(#31),#29);
#33=CARTESIAN_POINT('',(-7.75E0,-5.E-1,-5.691581256928E0));
#34=DIRECTION('',(0.E0,1.E0,0.E0));
#35=DIRECTION('',(-1.E0,0.E0,0.E0));
#36=AXIS2_PLACEMENT_3D('',#33,#34,#35);
#38=CURVE_STYLE('',#14,POSITIVE_LENGTH_MEASURE(2.E-2),#1);
#39=PRESENTATION_STYLE_ASSIGNMENT((#38));
#40=STYLED_ITEM('',(#39),#37);
#41=DIRECTION('',(9.063077870364E-1,0.E0,4.226182617413E-1));
#42=VECTOR('',#41,2.456320743609E-1);
#43=CARTESIAN_POINT('',(-7.961309130870E0,-5.E-1,-5.238427363409E0));
#44=LINE('',#43,#42);
#45=CURVE_STYLE('',#14,POSITIVE_LENGTH_MEASURE(2.E-2),#1);
#46=PRESENTATION_STYLE_ASSIGNMENT((#45));
#47=STYLED_ITEM('',(#46),#44);
#48=CARTESIAN_POINT('',(-7.95E0,-5.E-1,-4.681464869596E0));
#49=DIRECTION('',(0.E0,-1.E0,0.E0));
#50=DIRECTION('',(4.226182617337E-1,0.E0,-9.063077870399E-1));
#51=AXIS2_PLACEMENT_3D('',#48,#49,#50);
#53=CURVE_STYLE('',#14,POSITIVE_LENGTH_MEASURE(2.E-2),#1);
#54=PRESENTATION_STYLE_ASSIGNMENT((#53));
#55=STYLED_ITEM('',(#54),#52);
#56=DIRECTION('',(0.E0,0.E0,1.E0));
#57=VECTOR('',#56,9.362929739192E0);
#58=CARTESIAN_POINT('',(-7.45E0,-5.E-1,-4.681464869596E0));
#59=LINE('',#58,#57);
#60=CURVE_STYLE('',#14,POSITIVE_LENGTH_MEASURE(2.E-2),#1);
#61=PRESENTATION_STYLE_ASSIGNMENT((#60));
#62=STYLED_ITEM('',(#61),#59);
#63=CARTESIAN_POINT('',(-7.95E0,-5.E-1,4.681464869596E0));
#64=DIRECTION('',(0.E0,-1.E0,0.E0));
#65=DIRECTION('',(1.E0,0.E0,0.E0));
#66=AXIS2_PLACEMENT_3D('',#63,#64,#65);
#68=CURVE_STYLE('',#14,POSITIVE_LENGTH_MEASURE(2.E-2),#1);
#69=PRESENTATION_STYLE_ASSIGNMENT((#68));
#70=STYLED_ITEM('',(#69),#67);
#71=DIRECTION('',(-9.063077870364E-1,0.E0,4.226182617413E-1));
#72=VECTOR('',#71,2.456320743606E-1);
#73=CARTESIAN_POINT('',(-7.738690869130E0,-5.E-1,5.134618763115E0));
#74=LINE('',#73,#72);
#75=CURVE_STYLE('',#14,POSITIVE_LENGTH_MEASURE(2.E-2),#1);
#76=PRESENTATION_STYLE_ASSIGNMENT((#75));
#77=STYLED_ITEM('',(#76),#74);
#78=CARTESIAN_POINT('',(-7.75E0,-5.E-1,5.691581256928E0));
#79=DIRECTION('',(0.E0,1.E0,0.E0));
#80=DIRECTION('',(-4.226182617337E-1,0.E0,-9.063077870399E-1));
#81=AXIS2_PLACEMENT_3D('',#78,#79,#80);
#83=CURVE_STYLE('',#14,POSITIVE_LENGTH_MEASURE(2.E-2),#1);
#84=PRESENTATION_STYLE_ASSIGNMENT((#83));
#85=STYLED_ITEM('',(#84),#82);
#86=CARTESIAN_POINT('',(-7.75E0,-5.E-1,8.1E0));
#87=DIRECTION('',(0.E0,1.E0,0.E0));
#88=DIRECTION('',(-1.E0,0.E0,0.E0));
#89=AXIS2_PLACEMENT_3D('',#86,#87,#88);
#91=CURVE_STYLE('',#14,POSITIVE_LENGTH_MEASURE(2.E-2),#1);
#92=PRESENTATION_STYLE_ASSIGNMENT((#91));
#93=STYLED_ITEM('',(#92),#90);
#94=DIRECTION('',(9.027934566705E-1,0.E0,-4.300743826281E-1));
#95=VECTOR('',#94,3.473445222596E-1);
#96=CARTESIAN_POINT('',(-7.25E0,-5.E-1,8.6E0));
#97=LINE('',#96,#95);
#98=CURVE_STYLE('',#14,POSITIVE_LENGTH_MEASURE(2.E-2),#1);
#99=PRESENTATION_STYLE_ASSIGNMENT((#98));
#100=STYLED_ITEM('',(#99),#97);
#101=DIRECTION('',(9.053574604264E-2,0.E0,-9.958932064677E-1));
#102=VECTOR('',#101,9.545361017188E-1);
#103=CARTESIAN_POINT('',(-6.936419638094E0,-5.E-1,8.450616019030E0));
#104=LINE('',#103,#102);
#105=CURVE_STYLE('',#14,POSITIVE_LENGTH_MEASURE(2.E-2),#1);
#106=PRESENTATION_STYLE_ASSIGNMENT((#105));
#107=STYLED_ITEM('',(#106),#104);
#108=DIRECTION('',(0.E0,0.E0,-1.E0));
#109=VECTOR('',#108,2.4E0);
#110=CARTESIAN_POINT('',(-6.85E0,-5.E-1,7.5E0));
#111=LINE('',#110,#109);
#112=CURVE_STYLE('',#14,POSITIVE_LENGTH_MEASURE(2.E-2),#1);
#113=PRESENTATION_STYLE_ASSIGNMENT((#112));
#114=STYLED_ITEM('',(#113),#111);
#115=DIRECTION('',(0.E0,0.E0,1.E0));
#116=VECTOR('',#115,2.399999999999E0);
#117=CARTESIAN_POINT('',(-4.05E0,-5.E-1,5.1E0));
#118=LINE('',#117,#116);
#119=CURVE_STYLE('',#14,POSITIVE_LENGTH_MEASURE(2.E-2),#1);
#120=PRESENTATION_STYLE_ASSIGNMENT((#119));
#121=STYLED_ITEM('',(#120),#118);
#122=DIRECTION('',(9.053574604265E-2,0.E0,9.958932064677E-1));
#123=VECTOR('',#122,9.545361017202E-1);
#124=CARTESIAN_POINT('',(-4.05E0,-5.E-1,7.499999999999E0));
#125=LINE('',#124,#123);
#126=CURVE_STYLE('',#14,POSITIVE_LENGTH_MEASURE(2.E-2),#1);
#127=PRESENTATION_STYLE_ASSIGNMENT((#126));
#128=STYLED_ITEM('',(#127),#125);
#129=DIRECTION('',(9.027934566705E-1,0.E0,4.300743826281E-1));
#130=VECTOR('',#129,3.473445222594E-1);
#131=CARTESIAN_POINT('',(-3.963580361906E0,-5.E-1,8.450616019030E0));
#132=LINE('',#131,#130);
#133=CURVE_STYLE('',#14,POSITIVE_LENGTH_MEASURE(2.E-2),#1);
#134=PRESENTATION_STYLE_ASSIGNMENT((#133));
#135=STYLED_ITEM('',(#134),#132);
#136=DIRECTION('',(9.027934566705E-1,0.E0,-4.300743826281E-1));
#137=VECTOR('',#136,3.473445222596E-1);
#138=CARTESIAN_POINT('',(3.65E0,-5.E-1,8.6E0));
#139=LINE('',#138,#137);
#140=CURVE_STYLE('',#14,POSITIVE_LENGTH_MEASURE(2.E-2),#1);
#141=PRESENTATION_STYLE_ASSIGNMENT((#140));
#142=STYLED_ITEM('',(#141),#139);
#143=DIRECTION('',(9.053574604265E-2,0.E0,-9.958932064677E-1));
#144=VECTOR('',#143,9.545361017188E-1);
#145=CARTESIAN_POINT('',(3.963580361906E0,-5.E-1,8.450616019030E0));
#146=LINE('',#145,#144);
#147=CURVE_STYLE('',#14,POSITIVE_LENGTH_MEASURE(2.E-2),#1);
#148=PRESENTATION_STYLE_ASSIGNMENT((#147));
#149=STYLED_ITEM('',(#148),#146);
#150=DIRECTION('',(0.E0,0.E0,-1.E0));
#151=VECTOR('',#150,2.4E0);
#152=CARTESIAN_POINT('',(4.05E0,-5.E-1,7.5E0));
#153=LINE('',#152,#151);
#154=CURVE_STYLE('',#14,POSITIVE_LENGTH_MEASURE(2.E-2),#1);
#155=PRESENTATION_STYLE_ASSIGNMENT((#154));
#156=STYLED_ITEM('',(#155),#153);
#157=DIRECTION('',(0.E0,0.E0,1.E0));
#158=VECTOR('',#157,2.399999999999E0);
#159=CARTESIAN_POINT('',(6.85E0,-5.E-1,5.1E0));
#160=LINE('',#159,#158);
#161=CURVE_STYLE('',#14,POSITIVE_LENGTH_MEASURE(2.E-2),#1);
#162=PRESENTATION_STYLE_ASSIGNMENT((#161));
#163=STYLED_ITEM('',(#162),#160);
#164=DIRECTION('',(9.053574604264E-2,0.E0,9.958932064677E-1));
#165=VECTOR('',#164,9.545361017202E-1);
#166=CARTESIAN_POINT('',(6.85E0,-5.E-1,7.499999999999E0));
#167=LINE('',#166,#165);
#168=CURVE_STYLE('',#14,POSITIVE_LENGTH_MEASURE(2.E-2),#1);
#169=PRESENTATION_STYLE_ASSIGNMENT((#168));
#170=STYLED_ITEM('',(#169),#167);
#171=DIRECTION('',(9.027934566705E-1,0.E0,4.300743826281E-1));
#172=VECTOR('',#171,3.473445222594E-1);
#173=CARTESIAN_POINT('',(6.936419638094E0,-5.E-1,8.450616019030E0));
#174=LINE('',#173,#172);
#175=CURVE_STYLE('',#14,POSITIVE_LENGTH_MEASURE(2.E-2),#1);
#176=PRESENTATION_STYLE_ASSIGNMENT((#175));
#177=STYLED_ITEM('',(#176),#174);
#178=CARTESIAN_POINT('',(7.75E0,-5.E-1,8.1E0));
#179=DIRECTION('',(0.E0,1.E0,0.E0));
#180=DIRECTION('',(0.E0,0.E0,1.E0));
#181=AXIS2_PLACEMENT_3D('',#178,#179,#180);
#183=CURVE_STYLE('',#14,POSITIVE_LENGTH_MEASURE(2.E-2),#1);
#184=PRESENTATION_STYLE_ASSIGNMENT((#183));
#185=STYLED_ITEM('',(#184),#182);
#186=CARTESIAN_POINT('',(7.75E0,-5.E-1,5.691581256928E0));
#187=DIRECTION('',(0.E0,1.E0,0.E0));
#188=DIRECTION('',(1.E0,0.E0,0.E0));
#189=AXIS2_PLACEMENT_3D('',#186,#187,#188);
#191=CURVE_STYLE('',#14,POSITIVE_LENGTH_MEASURE(2.E-2),#1);
#192=PRESENTATION_STYLE_ASSIGNMENT((#191));
#193=STYLED_ITEM('',(#192),#190);
#194=DIRECTION('',(-9.063077870364E-1,0.E0,-4.226182617413E-1));
#195=VECTOR('',#194,2.456320743609E-1);
#196=CARTESIAN_POINT('',(7.961309130870E0,-5.E-1,5.238427363409E0));
#197=LINE('',#196,#195);
#198=CURVE_STYLE('',#14,POSITIVE_LENGTH_MEASURE(2.E-2),#1);
#199=PRESENTATION_STYLE_ASSIGNMENT((#198));
#200=STYLED_ITEM('',(#199),#197);
#201=CARTESIAN_POINT('',(7.95E0,-5.E-1,4.681464869596E0));
#202=DIRECTION('',(0.E0,-1.E0,0.E0));
#203=DIRECTION('',(-4.226182617337E-1,0.E0,9.063077870399E-1));
#204=AXIS2_PLACEMENT_3D('',#201,#202,#203);
#206=CURVE_STYLE('',#14,POSITIVE_LENGTH_MEASURE(2.E-2),#1);
#207=PRESENTATION_STYLE_ASSIGNMENT((#206));
#208=STYLED_ITEM('',(#207),#205);
#209=DIRECTION('',(0.E0,0.E0,-1.E0));
#210=VECTOR('',#209,9.362929739192E0);
#211=CARTESIAN_POINT('',(7.45E0,-5.E-1,4.681464869596E0));
#212=LINE('',#211,#210);
#213=CURVE_STYLE('',#14,POSITIVE_LENGTH_MEASURE(2.E-2),#1);
#214=PRESENTATION_STYLE_ASSIGNMENT((#213));
#215=STYLED_ITEM('',(#214),#212);
#216=CARTESIAN_POINT('',(7.95E0,-5.E-1,-4.681464869596E0));
#217=DIRECTION('',(0.E0,-1.E0,0.E0));
#218=DIRECTION('',(-1.E0,0.E0,0.E0));
#219=AXIS2_PLACEMENT_3D('',#216,#217,#218);
#221=CURVE_STYLE('',#14,POSITIVE_LENGTH_MEASURE(2.E-2),#1);
#222=PRESENTATION_STYLE_ASSIGNMENT((#221));
#223=STYLED_ITEM('',(#222),#220);
#224=DIRECTION('',(9.063077870364E-1,0.E0,-4.226182617413E-1));
#225=VECTOR('',#224,2.456320743606E-1);
#226=CARTESIAN_POINT('',(7.738690869130E0,-5.E-1,-5.134618763115E0));
#227=LINE('',#226,#225);
#228=CURVE_STYLE('',#14,POSITIVE_LENGTH_MEASURE(2.E-2),#1);
#229=PRESENTATION_STYLE_ASSIGNMENT((#228));
#230=STYLED_ITEM('',(#229),#227);
#231=CARTESIAN_POINT('',(7.75E0,-5.E-1,-5.691581256928E0));
#232=DIRECTION('',(0.E0,1.E0,0.E0));
#233=DIRECTION('',(4.226182617337E-1,0.E0,9.063077870399E-1));
#234=AXIS2_PLACEMENT_3D('',#231,#232,#233);
#236=CURVE_STYLE('',#14,POSITIVE_LENGTH_MEASURE(2.E-2),#1);
#237=PRESENTATION_STYLE_ASSIGNMENT((#236));
#238=STYLED_ITEM('',(#237),#235);
#239=CARTESIAN_POINT('',(7.75E0,-5.E-1,-6.9E0));
#240=DIRECTION('',(0.E0,1.E0,0.E0));
#241=DIRECTION('',(1.E0,0.E0,0.E0));
#242=AXIS2_PLACEMENT_3D('',#239,#240,#241);
#244=CURVE_STYLE('',#14,POSITIVE_LENGTH_MEASURE(2.E-2),#1);
#245=PRESENTATION_STYLE_ASSIGNMENT((#244));
#246=STYLED_ITEM('',(#245),#243);
#247=DIRECTION('',(0.E0,9.641572447006E-13,1.E0));
#248=VECTOR('',#247,1.715728752529E-2);
#249=CARTESIAN_POINT('',(1.5E0,-5.E-1,-7.4E0));
#250=LINE('',#249,#248);
#251=CURVE_STYLE('',#14,POSITIVE_LENGTH_MEASURE(2.E-2),#1);
#252=PRESENTATION_STYLE_ASSIGNMENT((#251));
#253=STYLED_ITEM('',(#252),#250);
#254=DIRECTION('',(0.E0,0.E0,-1.E0));
#255=VECTOR('',#254,2.982842712475E0);
#256=CARTESIAN_POINT('',(1.5E0,-5.E-1,-4.4E0));
#257=LINE('',#256,#255);
#258=CURVE_STYLE('',#14,POSITIVE_LENGTH_MEASURE(2.E-2),#1);
#259=PRESENTATION_STYLE_ASSIGNMENT((#258));
#260=STYLED_ITEM('',(#259),#257);
#261=CARTESIAN_POINT('',(1.5E0,-4.E-1,-7.1E0));
#262=DIRECTION('',(-1.E0,0.E0,0.E0));
#263=DIRECTION('',(0.E0,-3.333333333334E-1,-9.428090415821E-1));
#264=AXIS2_PLACEMENT_3D('',#261,#262,#263);
#266=CURVE_STYLE('',#14,POSITIVE_LENGTH_MEASURE(2.E-2),#1);
#267=PRESENTATION_STYLE_ASSIGNMENT((#266));
#268=STYLED_ITEM('',(#267),#265);
#269=DIRECTION('',(-1.E0,0.E0,0.E0));
#270=VECTOR('',#269,3.E0);
#271=CARTESIAN_POINT('',(1.5E0,-4.E-1,-7.4E0));
#272=LINE('',#271,#270);
#273=CURVE_STYLE('',#14,POSITIVE_LENGTH_MEASURE(2.E-2),#1);
#274=PRESENTATION_STYLE_ASSIGNMENT((#273));
#275=STYLED_ITEM('',(#274),#272);
#276=DIRECTION('',(1.E0,0.E0,0.E0));
#277=VECTOR('',#276,3.E0);
#278=CARTESIAN_POINT('',(-1.5E0,-7.E-1,-7.1E0));
#279=LINE('',#278,#277);
#280=CURVE_STYLE('',#14,POSITIVE_LENGTH_MEASURE(2.E-2),#1);
#281=PRESENTATION_STYLE_ASSIGNMENT((#280));
#282=STYLED_ITEM('',(#281),#279);
#283=CARTESIAN_POINT('',(1.5E0,-4.E-1,-7.1E0));
#284=DIRECTION('',(-1.E0,0.E0,0.E0));
#285=DIRECTION('',(0.E0,5.273559366969E-14,-1.E0));
#286=AXIS2_PLACEMENT_3D('',#283,#284,#285);
#288=CURVE_STYLE('',#14,POSITIVE_LENGTH_MEASURE(2.E-2),#1);
#289=PRESENTATION_STYLE_ASSIGNMENT((#288));
#290=STYLED_ITEM('',(#289),#287);
#291=DIRECTION('',(0.E0,-1.E0,0.E0));
#292=VECTOR('',#291,5.E-1);
#293=CARTESIAN_POINT('',(-2.E0,1.E0,-7.4E0));
#294=LINE('',#293,#292);
#295=CURVE_STYLE('',#14,POSITIVE_LENGTH_MEASURE(2.E-2),#1);
#296=PRESENTATION_STYLE_ASSIGNMENT((#295));
#297=STYLED_ITEM('',(#296),#294);
#298=DIRECTION('',(1.E0,0.E0,0.E0));
#299=VECTOR('',#298,6.25E0);
#300=CARTESIAN_POINT('',(-7.75E0,-5.E-1,-7.4E0));
#301=LINE('',#300,#299);
#302=CURVE_STYLE('',#14,POSITIVE_LENGTH_MEASURE(2.E-2),#1);
#303=PRESENTATION_STYLE_ASSIGNMENT((#302));
#304=STYLED_ITEM('',(#303),#301);
#305=DIRECTION('',(0.E0,1.E0,0.E0));
#306=VECTOR('',#305,1.E-1);
#307=CARTESIAN_POINT('',(-1.5E0,-5.E-1,-7.4E0));
#308=LINE('',#307,#306);
#309=CURVE_STYLE('',#14,POSITIVE_LENGTH_MEASURE(2.E-2),#1);
#310=PRESENTATION_STYLE_ASSIGNMENT((#309));
#311=STYLED_ITEM('',(#310),#308);
#312=DIRECTION('',(0.E0,-1.E0,0.E0));
#313=VECTOR('',#312,1.E-1);
#314=CARTESIAN_POINT('',(1.5E0,-4.E-1,-7.4E0));
#315=LINE('',#314,#313);
#316=CURVE_STYLE('',#14,POSITIVE_LENGTH_MEASURE(2.E-2),#1);
#317=PRESENTATION_STYLE_ASSIGNMENT((#316));
#318=STYLED_ITEM('',(#317),#315);
#319=DIRECTION('',(1.E0,0.E0,0.E0));
#320=VECTOR('',#319,6.25E0);
#321=CARTESIAN_POINT('',(1.5E0,-5.E-1,-7.4E0));
#322=LINE('',#321,#320);
#323=CURVE_STYLE('',#14,POSITIVE_LENGTH_MEASURE(2.E-2),#1);
#324=PRESENTATION_STYLE_ASSIGNMENT((#323));
#325=STYLED_ITEM('',(#324),#322);
#326=CARTESIAN_POINT('',(7.75E0,5.E-1,-5.691581256928E0));
#327=DIRECTION('',(0.E0,-1.E0,0.E0));
#328=DIRECTION('',(1.E0,0.E0,0.E0));
#329=AXIS2_PLACEMENT_3D('',#326,#327,#328);
#331=CURVE_STYLE('',#14,POSITIVE_LENGTH_MEASURE(2.E-2),#1);
#332=PRESENTATION_STYLE_ASSIGNMENT((#331));
#333=STYLED_ITEM('',(#332),#330);
#334=DIRECTION('',(-9.063077870364E-1,0.E0,4.226182617413E-1));
#335=VECTOR('',#334,2.456320743604E-1);
#336=CARTESIAN_POINT('',(7.961309130869E0,5.E-1,-5.238427363409E0));
#337=LINE('',#336,#335);
#338=CURVE_STYLE('',#14,POSITIVE_LENGTH_MEASURE(2.E-2),#1);
#339=PRESENTATION_STYLE_ASSIGNMENT((#338));
#340=STYLED_ITEM('',(#339),#337);
#341=CARTESIAN_POINT('',(7.95E0,5.E-1,-4.681464869596E0));
#342=DIRECTION('',(0.E0,1.E0,0.E0));
#343=DIRECTION('',(-4.226182617396E-1,0.E0,-9.063077870372E-1));
#344=AXIS2_PLACEMENT_3D('',#341,#342,#343);
#346=CURVE_STYLE('',#14,POSITIVE_LENGTH_MEASURE(2.E-2),#1);
#347=PRESENTATION_STYLE_ASSIGNMENT((#346));
#348=STYLED_ITEM('',(#347),#345);
#349=CARTESIAN_POINT('',(7.95E0,5.E-1,4.681464869596E0));
#350=DIRECTION('',(0.E0,1.E0,0.E0));
#351=DIRECTION('',(-1.E0,0.E0,0.E0));
#352=AXIS2_PLACEMENT_3D('',#349,#350,#351);
#354=CURVE_STYLE('',#14,POSITIVE_LENGTH_MEASURE(2.E-2),#1);
#355=PRESENTATION_STYLE_ASSIGNMENT((#354));
#356=STYLED_ITEM('',(#355),#353);
#357=DIRECTION('',(9.063077870364E-1,0.E0,4.226182617413E-1));
#358=VECTOR('',#357,2.456320743608E-1);
#359=CARTESIAN_POINT('',(7.738690869131E0,5.E-1,5.134618763115E0));
#360=LINE('',#359,#358);
#361=CURVE_STYLE('',#14,POSITIVE_LENGTH_MEASURE(2.E-2),#1);
#362=PRESENTATION_STYLE_ASSIGNMENT((#361));
#363=STYLED_ITEM('',(#362),#360);
#364=CARTESIAN_POINT('',(7.75E0,5.E-1,5.691581256928E0));
#365=DIRECTION('',(0.E0,-1.E0,0.E0));
#366=DIRECTION('',(4.226182617396E-1,0.E0,-9.063077870372E-1));
#367=AXIS2_PLACEMENT_3D('',#364,#365,#366);
#369=CURVE_STYLE('',#14,POSITIVE_LENGTH_MEASURE(2.E-2),#1);
#370=PRESENTATION_STYLE_ASSIGNMENT((#369));
#371=STYLED_ITEM('',(#370),#368);
#372=DIRECTION('',(-8.715574274773E-2,0.E0,9.961946980917E-1));
#373=VECTOR('',#372,5.019099187717E-1);
#374=CARTESIAN_POINT('',(2.233594731614E0,5.E-1,-7.9E0));
#375=LINE('',#374,#373);
#376=CURVE_STYLE('',#14,POSITIVE_LENGTH_MEASURE(2.E-2),#1);
#377=PRESENTATION_STYLE_ASSIGNMENT((#376));
#378=STYLED_ITEM('',(#377),#375);
#379=DIRECTION('',(1.E0,0.E0,0.E0));
#380=VECTOR('',#379,5.560149600149E0);
#381=CARTESIAN_POINT('',(2.189850399851E0,5.E-1,-7.4E0));
#382=LINE('',#381,#380);
#383=CURVE_STYLE('',#14,POSITIVE_LENGTH_MEASURE(2.E-2),#1);
#384=PRESENTATION_STYLE_ASSIGNMENT((#383));
#385=STYLED_ITEM('',(#384),#382);
#386=CARTESIAN_POINT('',(7.75E0,5.E-1,-6.9E0));
#387=DIRECTION('',(0.E0,-1.E0,0.E0));
#388=DIRECTION('',(0.E0,0.E0,-1.E0));
#389=AXIS2_PLACEMENT_3D('',#386,#387,#388);
#391=CURVE_STYLE('',#14,POSITIVE_LENGTH_MEASURE(2.E-2),#1);
#392=PRESENTATION_STYLE_ASSIGNMENT((#391));
#393=STYLED_ITEM('',(#392),#390);
#394=DIRECTION('',(0.E0,0.E0,-1.E0));
#395=VECTOR('',#394,1.208418743072E0);
#396=CARTESIAN_POINT('',(8.25E0,5.E-1,-5.691581256928E0));
#397=LINE('',#396,#395);
#398=CURVE_STYLE('',#14,POSITIVE_LENGTH_MEASURE(2.E-2),#1);
#399=PRESENTATION_STYLE_ASSIGNMENT((#398));
#400=STYLED_ITEM('',(#399),#397);
#401=DIRECTION('',(0.E0,0.E0,1.E0));
#402=VECTOR('',#401,1.208418743072E0);
#403=CARTESIAN_POINT('',(8.25E0,-5.E-1,-6.9E0));
#404=LINE('',#403,#402);
#405=CURVE_STYLE('',#14,POSITIVE_LENGTH_MEASURE(2.E-2),#1);
#406=PRESENTATION_STYLE_ASSIGNMENT((#405));
#407=STYLED_ITEM('',(#406),#404);
#408=DIRECTION('',(0.E0,-1.E0,0.E0));
#409=VECTOR('',#408,1.E0);
#410=CARTESIAN_POINT('',(7.75E0,5.E-1,-7.4E0));
#411=LINE('',#410,#409);
#412=CURVE_STYLE('',#14,POSITIVE_LENGTH_MEASURE(2.E-2),#1);
#413=PRESENTATION_STYLE_ASSIGNMENT((#412));
#414=STYLED_ITEM('',(#413),#411);
#415=DIRECTION('',(0.E0,1.E0,0.E0));
#416=VECTOR('',#415,1.E0);
#417=CARTESIAN_POINT('',(8.25E0,-5.E-1,-6.9E0));
#418=LINE('',#417,#416);
#419=CURVE_STYLE('',#14,POSITIVE_LENGTH_MEASURE(2.E-2),#1);
#420=PRESENTATION_STYLE_ASSIGNMENT((#419));
#421=STYLED_ITEM('',(#420),#418);
#422=DIRECTION('',(0.E0,-1.E0,0.E0));
#423=VECTOR('',#422,1.E0);
#424=CARTESIAN_POINT('',(8.25E0,5.E-1,-5.691581256928E0));
#425=LINE('',#424,#423);
#426=CURVE_STYLE('',#14,POSITIVE_LENGTH_MEASURE(2.E-2),#1);
#427=PRESENTATION_STYLE_ASSIGNMENT((#426));
#428=STYLED_ITEM('',(#427),#425);
#429=DIRECTION('',(0.E0,1.E0,0.E0));
#430=VECTOR('',#429,1.E0);
#431=CARTESIAN_POINT('',(7.961309130869E0,-5.E-1,-5.238427363409E0));
#432=LINE('',#431,#430);
#433=CURVE_STYLE('',#14,POSITIVE_LENGTH_MEASURE(2.E-2),#1);
#434=PRESENTATION_STYLE_ASSIGNMENT((#433));
#435=STYLED_ITEM('',(#434),#432);
#436=DIRECTION('',(-1.785238623597E-13,-1.E0,8.348877145181E-14));
#437=VECTOR('',#436,1.E0);
#438=CARTESIAN_POINT('',(7.738690869130E0,5.E-1,-5.134618763115E0));
#439=LINE('',#438,#437);
#440=CURVE_STYLE('',#14,POSITIVE_LENGTH_MEASURE(2.E-2),#1);
#441=PRESENTATION_STYLE_ASSIGNMENT((#440));
#442=STYLED_ITEM('',(#441),#439);
#443=DIRECTION('',(0.E0,1.E0,0.E0));
#444=VECTOR('',#443,1.E0);
#445=CARTESIAN_POINT('',(7.45E0,-5.E-1,-4.681464869596E0));
#446=LINE('',#445,#444);
#447=CURVE_STYLE('',#14,POSITIVE_LENGTH_MEASURE(2.E-2),#1);
#448=PRESENTATION_STYLE_ASSIGNMENT((#447));
#449=STYLED_ITEM('',(#448),#446);
#450=DIRECTION('',(0.E0,0.E0,-1.E0));
#451=VECTOR('',#450,9.362929739192E0);
#452=CARTESIAN_POINT('',(7.45E0,5.E-1,4.681464869596E0));
#453=LINE('',#452,#451);
#454=CURVE_STYLE('',#14,POSITIVE_LENGTH_MEASURE(2.E-2),#1);
#455=PRESENTATION_STYLE_ASSIGNMENT((#454));
#456=STYLED_ITEM('',(#455),#453);
#457=DIRECTION('',(0.E0,-1.E0,0.E0));
#458=VECTOR('',#457,1.E0);
#459=CARTESIAN_POINT('',(7.45E0,5.E-1,4.681464869596E0));
#460=LINE('',#459,#458);
#461=CURVE_STYLE('',#14,POSITIVE_LENGTH_MEASURE(2.E-2),#1);
#462=PRESENTATION_STYLE_ASSIGNMENT((#461));
#463=STYLED_ITEM('',(#462),#460);
#464=DIRECTION('',(-1.856292897173E-13,1.E0,-8.704148513061E-14));
#465=VECTOR('',#464,1.E0);
#466=CARTESIAN_POINT('',(7.738690869131E0,-5.E-1,5.134618763115E0));
#467=LINE('',#466,#465);
#468=CURVE_STYLE('',#14,POSITIVE_LENGTH_MEASURE(2.E-2),#1);
#469=PRESENTATION_STYLE_ASSIGNMENT((#468));
#470=STYLED_ITEM('',(#469),#467);
#471=DIRECTION('',(2.051692149507E-13,-1.E0,9.947598300641E-14));
#472=VECTOR('',#471,1.E0);
#473=CARTESIAN_POINT('',(7.961309130870E0,5.E-1,5.238427363409E0));
#474=LINE('',#473,#472);
#475=CURVE_STYLE('',#14,POSITIVE_LENGTH_MEASURE(2.E-2),#1);
#476=PRESENTATION_STYLE_ASSIGNMENT((#475));
#477=STYLED_ITEM('',(#476),#474);
#478=DIRECTION('',(0.E0,1.E0,0.E0));
#479=VECTOR('',#478,1.E0);
#480=CARTESIAN_POINT('',(8.25E0,-5.E-1,5.691581256928E0));
#481=LINE('',#480,#479);
#482=CURVE_STYLE('',#14,POSITIVE_LENGTH_MEASURE(2.E-2),#1);
#483=PRESENTATION_STYLE_ASSIGNMENT((#482));
#484=STYLED_ITEM('',(#483),#481);
#485=DIRECTION('',(0.E0,0.E0,-1.E0));
#486=VECTOR('',#485,1.738418743072E0);
#487=CARTESIAN_POINT('',(8.25E0,5.E-1,7.43E0));
#488=LINE('',#487,#486);
#489=CURVE_STYLE('',#14,POSITIVE_LENGTH_MEASURE(2.E-2),#1);
#490=PRESENTATION_STYLE_ASSIGNMENT((#489));
#491=STYLED_ITEM('',(#490),#488);
#492=DIRECTION('',(0.E0,0.E0,1.E0));
#493=VECTOR('',#492,2.408418743072E0);
#494=CARTESIAN_POINT('',(8.25E0,-5.E-1,5.691581256928E0));
#495=LINE('',#494,#493);
#496=CURVE_STYLE('',#14,POSITIVE_LENGTH_MEASURE(2.E-2),#1);
#497=PRESENTATION_STYLE_ASSIGNMENT((#496));
#498=STYLED_ITEM('',(#497),#495);
#499=DIRECTION('',(0.E0,1.E0,0.E0));
#500=VECTOR('',#499,1.E0);
#501=CARTESIAN_POINT('',(7.75E0,-5.E-1,8.6E0));
#502=LINE('',#501,#500);
#503=CURVE_STYLE('',#14,POSITIVE_LENGTH_MEASURE(2.E-2),#1);
#504=PRESENTATION_STYLE_ASSIGNMENT((#503));
#505=STYLED_ITEM('',(#504),#502);
#506=DIRECTION('',(0.E0,-1.E0,0.E0));
#507=VECTOR('',#506,1.E0);
#508=CARTESIAN_POINT('',(8.25E0,5.E-1,8.1E0));
#509=LINE('',#508,#507);
#510=CURVE_STYLE('',#14,POSITIVE_LENGTH_MEASURE(2.E-2),#1);
#511=PRESENTATION_STYLE_ASSIGNMENT((#510));
#512=STYLED_ITEM('',(#511),#509);
#513=DIRECTION('',(0.E0,1.E0,0.E0));
#514=VECTOR('',#513,1.E0);
#515=CARTESIAN_POINT('',(7.25E0,-5.E-1,8.6E0));
#516=LINE('',#515,#514);
#517=CURVE_STYLE('',#14,POSITIVE_LENGTH_MEASURE(2.E-2),#1);
#518=PRESENTATION_STYLE_ASSIGNMENT((#517));
#519=STYLED_ITEM('',(#518),#516);
#520=DIRECTION('',(-1.E0,0.E0,0.E0));
#521=VECTOR('',#520,5.E-1);
#522=CARTESIAN_POINT('',(7.75E0,-5.E-1,8.6E0));
#523=LINE('',#522,#521);
#524=CURVE_STYLE('',#14,POSITIVE_LENGTH_MEASURE(2.E-2),#1);
#525=PRESENTATION_STYLE_ASSIGNMENT((#524));
#526=STYLED_ITEM('',(#525),#523);
#527=DIRECTION('',(-2.842170943040E-13,1.E0,-1.385558334732E-13));
#528=VECTOR('',#527,1.E0);
#529=CARTESIAN_POINT('',(6.936419638094E0,-5.E-1,8.450616019030E0));
#530=LINE('',#529,#528);
#531=CURVE_STYLE('',#14,POSITIVE_LENGTH_MEASURE(2.E-2),#1);
#532=PRESENTATION_STYLE_ASSIGNMENT((#531));
#533=STYLED_ITEM('',(#532),#530);
#534=DIRECTION('',(0.E0,1.E0,1.326938559032E-11));
#535=VECTOR('',#534,1.E-1);
#536=CARTESIAN_POINT('',(6.85E0,-5.E-1,7.499999999999E0));
#537=LINE('',#536,#535);
#538=CURVE_STYLE('',#14,POSITIVE_LENGTH_MEASURE(2.E-2),#1);
#539=PRESENTATION_STYLE_ASSIGNMENT((#538));
#540=STYLED_ITEM('',(#539),#537);
#541=DIRECTION('',(-1.E0,0.E0,0.E0));
#542=VECTOR('',#541,2.8E0);
#543=CARTESIAN_POINT('',(6.85E0,-5.E-1,5.1E0));
#544=LINE('',#543,#542);
#545=CURVE_STYLE('',#14,POSITIVE_LENGTH_MEASURE(2.E-2),#1);
#546=PRESENTATION_STYLE_ASSIGNMENT((#545));
#547=STYLED_ITEM('',(#546),#544);
#548=DIRECTION('',(0.E0,-1.E0,0.E0));
#549=VECTOR('',#548,1.E-1);
#550=CARTESIAN_POINT('',(6.85E0,-4.E-1,5.1E0));
#551=LINE('',#550,#549);
#552=CURVE_STYLE('',#14,POSITIVE_LENGTH_MEASURE(2.E-2),#1);
#553=PRESENTATION_STYLE_ASSIGNMENT((#552));
#554=STYLED_ITEM('',(#553),#551);
#555=DIRECTION('',(0.E0,-1.E0,0.E0));
#556=VECTOR('',#555,1.E-1);
#557=CARTESIAN_POINT('',(4.05E0,-4.E-1,5.1E0));
#558=LINE('',#557,#556);
#559=CURVE_STYLE('',#14,POSITIVE_LENGTH_MEASURE(2.E-2),#1);
#560=PRESENTATION_STYLE_ASSIGNMENT((#559));
#561=STYLED_ITEM('',(#560),#558);
#562=DIRECTION('',(0.E0,-1.E0,0.E0));
#563=VECTOR('',#562,1.E-1);
#564=CARTESIAN_POINT('',(4.05E0,-4.E-1,7.5E0));
#565=LINE('',#564,#563);
#566=CURVE_STYLE('',#14,POSITIVE_LENGTH_MEASURE(2.E-2),#1);
#567=PRESENTATION_STYLE_ASSIGNMENT((#566));
#568=STYLED_ITEM('',(#567),#565);
#569=DIRECTION('',(1.261213355974E-13,-1.E0,-6.217248937901E-14));
#570=VECTOR('',#569,1.E0);
#571=CARTESIAN_POINT('',(3.963580361906E0,5.E-1,8.450616019030E0));
#572=LINE('',#571,#570);
#573=CURVE_STYLE('',#14,POSITIVE_LENGTH_MEASURE(2.E-2),#1);
#574=PRESENTATION_STYLE_ASSIGNMENT((#573));
#575=STYLED_ITEM('',(#574),#572);
#576=DIRECTION('',(-1.E0,0.E0,-1.650038130820E-13));
#577=VECTOR('',#576,2.045454545455E-1);
#578=CARTESIAN_POINT('',(-6.7E0,5.E-1,8.1E0));
#579=LINE('',#578,#577);
#580=CURVE_STYLE('',#14,POSITIVE_LENGTH_MEASURE(2.E-2),#1);
#581=PRESENTATION_STYLE_ASSIGNMENT((#580));
#582=STYLED_ITEM('',(#581),#579);
#583=DIRECTION('',(-9.053574604329E-2,0.E0,9.958932064676E-1));
#584=VECTOR('',#583,3.520618644178E-1);
#585=CARTESIAN_POINT('',(-6.904545454545E0,5.E-1,8.1E0));
#586=LINE('',#585,#584);
#587=CURVE_STYLE('',#14,POSITIVE_LENGTH_MEASURE(2.E-2),#1);
#588=PRESENTATION_STYLE_ASSIGNMENT((#587));
#589=STYLED_ITEM('',(#588),#586);
#590=DIRECTION('',(-9.027934566705E-1,0.E0,4.300743826281E-1));
#591=VECTOR('',#590,3.473445222594E-1);
#592=CARTESIAN_POINT('',(-6.936419638094E0,5.E-1,8.450616019030E0));
#593=LINE('',#592,#591);
#594=CURVE_STYLE('',#14,POSITIVE_LENGTH_MEASURE(2.E-2),#1);
#595=PRESENTATION_STYLE_ASSIGNMENT((#594));
#596=STYLED_ITEM('',(#595),#593);
#597=DIRECTION('',(-1.E0,0.E0,0.E0));
#598=VECTOR('',#597,5.E-1);
#599=CARTESIAN_POINT('',(-7.25E0,5.E-1,8.6E0));
#600=LINE('',#599,#598);
#601=CURVE_STYLE('',#14,POSITIVE_LENGTH_MEASURE(2.E-2),#1);
#602=PRESENTATION_STYLE_ASSIGNMENT((#601));
#603=STYLED_ITEM('',(#602),#600);
#604=CARTESIAN_POINT('',(-7.75E0,5.E-1,8.1E0));
#605=DIRECTION('',(0.E0,-1.E0,0.E0));
#606=DIRECTION('',(0.E0,0.E0,1.E0));
#607=AXIS2_PLACEMENT_3D('',#604,#605,#606);
#609=CURVE_STYLE('',#14,POSITIVE_LENGTH_MEASURE(2.E-2),#1);
#610=PRESENTATION_STYLE_ASSIGNMENT((#609));
#611=STYLED_ITEM('',(#610),#608);
#612=DIRECTION('',(0.E0,0.E0,-1.E0));
#613=VECTOR('',#612,6.7E-1);
#614=CARTESIAN_POINT('',(-8.25E0,5.E-1,8.1E0));
#615=LINE('',#614,#613);
#616=CURVE_STYLE('',#14,POSITIVE_LENGTH_MEASURE(2.E-2),#1);
#617=PRESENTATION_STYLE_ASSIGNMENT((#616));
#618=STYLED_ITEM('',(#617),#615);
#619=DIRECTION('',(0.E0,0.E0,1.E0));
#620=VECTOR('',#619,6.7E-1);
#621=CARTESIAN_POINT('',(8.25E0,5.E-1,7.43E0));
#622=LINE('',#621,#620);
#623=CURVE_STYLE('',#14,POSITIVE_LENGTH_MEASURE(2.E-2),#1);
#624=PRESENTATION_STYLE_ASSIGNMENT((#623));
#625=STYLED_ITEM('',(#624),#622);
#626=CARTESIAN_POINT('',(7.75E0,5.E-1,8.1E0));
#627=DIRECTION('',(0.E0,-1.E0,0.E0));
#628=DIRECTION('',(1.E0,0.E0,0.E0));
#629=AXIS2_PLACEMENT_3D('',#626,#627,#628);
#631=CURVE_STYLE('',#14,POSITIVE_LENGTH_MEASURE(2.E-2),#1);
#632=PRESENTATION_STYLE_ASSIGNMENT((#631));
#633=STYLED_ITEM('',(#632),#630);
#634=DIRECTION('',(-1.E0,0.E0,0.E0));
#635=VECTOR('',#634,5.E-1);
#636=CARTESIAN_POINT('',(7.75E0,5.E-1,8.6E0));
#637=LINE('',#636,#635);
#638=CURVE_STYLE('',#14,POSITIVE_LENGTH_MEASURE(2.E-2),#1);
#639=PRESENTATION_STYLE_ASSIGNMENT((#638));
#640=STYLED_ITEM('',(#639),#637);
#641=DIRECTION('',(-9.027934566705E-1,0.E0,-4.300743826281E-1));
#642=VECTOR('',#641,3.473445222597E-1);
#643=CARTESIAN_POINT('',(7.25E0,5.E-1,8.6E0));
#644=LINE('',#643,#642);
#645=CURVE_STYLE('',#14,POSITIVE_LENGTH_MEASURE(2.E-2),#1);
#646=PRESENTATION_STYLE_ASSIGNMENT((#645));
#647=STYLED_ITEM('',(#646),#644);
#648=DIRECTION('',(-9.053574604329E-2,0.E0,-9.958932064676E-1));
#649=VECTOR('',#648,3.520618644177E-1);
#650=CARTESIAN_POINT('',(6.936419638094E0,5.E-1,8.450616019030E0));
#651=LINE('',#650,#649);
#652=CURVE_STYLE('',#14,POSITIVE_LENGTH_MEASURE(2.E-2),#1);
#653=PRESENTATION_STYLE_ASSIGNMENT((#652));
#654=STYLED_ITEM('',(#653),#651);
#655=DIRECTION('',(-1.E0,0.E0,-9.552852336346E-14));
#656=VECTOR('',#655,2.045454545451E-1);
#657=CARTESIAN_POINT('',(6.904545454545E0,5.E-1,8.1E0));
#658=LINE('',#657,#656);
#659=CURVE_STYLE('',#14,POSITIVE_LENGTH_MEASURE(2.E-2),#1);
#660=PRESENTATION_STYLE_ASSIGNMENT((#659));
#661=STYLED_ITEM('',(#660),#658);
#662=DIRECTION('',(-1.E0,0.E0,0.E0));
#663=VECTOR('',#662,2.6E0);
#664=CARTESIAN_POINT('',(6.7E0,5.E-1,8.1E0));
#665=LINE('',#664,#663);
#666=CURVE_STYLE('',#14,POSITIVE_LENGTH_MEASURE(2.E-2),#1);
#667=PRESENTATION_STYLE_ASSIGNMENT((#666));
#668=STYLED_ITEM('',(#667),#665);
#669=DIRECTION('',(-1.E0,0.E0,-3.398247866676E-14));
#670=VECTOR('',#669,1.045454545455E-1);
#671=CARTESIAN_POINT('',(4.1E0,5.E-1,8.1E0));
#672=LINE('',#671,#670);
#673=CURVE_STYLE('',#14,POSITIVE_LENGTH_MEASURE(2.E-2),#1);
#674=PRESENTATION_STYLE_ASSIGNMENT((#673));
#675=STYLED_ITEM('',(#674),#672);
#676=DIRECTION('',(-9.053574604329E-2,0.E0,9.958932064676E-1));
#677=VECTOR('',#676,3.520618644178E-1);
#678=CARTESIAN_POINT('',(3.995454545455E0,5.E-1,8.1E0));
#679=LINE('',#678,#677);
#680=CURVE_STYLE('',#14,POSITIVE_LENGTH_MEASURE(2.E-2),#1);
#681=PRESENTATION_STYLE_ASSIGNMENT((#680));
#682=STYLED_ITEM('',(#681),#679);
#683=DIRECTION('',(-9.027934566705E-1,0.E0,4.300743826281E-1));
#684=VECTOR('',#683,3.473445222594E-1);
#685=CARTESIAN_POINT('',(3.963580361906E0,5.E-1,8.450616019030E0));
#686=LINE('',#685,#684);
#687=CURVE_STYLE('',#14,POSITIVE_LENGTH_MEASURE(2.E-2),#1);
#688=PRESENTATION_STYLE_ASSIGNMENT((#687));
#689=STYLED_ITEM('',(#688),#686);
#690=DIRECTION('',(-1.E0,0.E0,0.E0));
#691=VECTOR('',#690,7.3E0);
#692=CARTESIAN_POINT('',(3.65E0,5.E-1,8.6E0));
#693=LINE('',#692,#691);
#694=CURVE_STYLE('',#14,POSITIVE_LENGTH_MEASURE(2.E-2),#1);
#695=PRESENTATION_STYLE_ASSIGNMENT((#694));
#696=STYLED_ITEM('',(#695),#693);
#697=DIRECTION('',(-9.027934566705E-1,0.E0,-4.300743826281E-1));
#698=VECTOR('',#697,3.473445222597E-1);
#699=CARTESIAN_POINT('',(-3.65E0,5.E-1,8.6E0));
#700=LINE('',#699,#698);
#701=CURVE_STYLE('',#14,POSITIVE_LENGTH_MEASURE(2.E-2),#1);
#702=PRESENTATION_STYLE_ASSIGNMENT((#701));
#703=STYLED_ITEM('',(#702),#700);
#704=DIRECTION('',(-9.053574604329E-2,0.E0,-9.958932064676E-1));
#705=VECTOR('',#704,3.520618644177E-1);
#706=CARTESIAN_POINT('',(-3.963580361906E0,5.E-1,8.450616019030E0));
#707=LINE('',#706,#705);
#708=CURVE_STYLE('',#14,POSITIVE_LENGTH_MEASURE(2.E-2),#1);
#709=PRESENTATION_STYLE_ASSIGNMENT((#708));
#710=STYLED_ITEM('',(#709),#707);
#711=DIRECTION('',(-1.E0,0.E0,3.058423080021E-13));
#712=VECTOR('',#711,1.045454545451E-1);
#713=CARTESIAN_POINT('',(-3.995454545455E0,5.E-1,8.1E0));
#714=LINE('',#713,#712);
#715=CURVE_STYLE('',#14,POSITIVE_LENGTH_MEASURE(2.E-2),#1);
#716=PRESENTATION_STYLE_ASSIGNMENT((#715));
#717=STYLED_ITEM('',(#716),#714);
#718=DIRECTION('',(-1.E0,0.E0,0.E0));
#719=VECTOR('',#718,2.6E0);
#720=CARTESIAN_POINT('',(-4.1E0,5.E-1,8.1E0));
#721=LINE('',#720,#719);
#722=CURVE_STYLE('',#14,POSITIVE_LENGTH_MEASURE(2.E-2),#1);
#723=PRESENTATION_STYLE_ASSIGNMENT((#722));
#724=STYLED_ITEM('',(#723),#721);
#725=DIRECTION('',(0.E0,-1.E0,0.E0));
#726=VECTOR('',#725,3.E-1);
#727=CARTESIAN_POINT('',(-6.7E0,5.E-1,8.1E0));
#728=LINE('',#727,#726);
#729=CURVE_STYLE('',#14,POSITIVE_LENGTH_MEASURE(2.E-2),#1);
#730=PRESENTATION_STYLE_ASSIGNMENT((#729));
#731=STYLED_ITEM('',(#730),#728);
#732=DIRECTION('',(-9.059419880941E-13,1.E0,2.368475785867E-14));
#733=VECTOR('',#732,3.E-1);
#734=CARTESIAN_POINT('',(-6.904545454545E0,2.E-1,8.1E0));
#735=LINE('',#734,#733);
#736=CURVE_STYLE('',#14,POSITIVE_LENGTH_MEASURE(2.E-2),#1);
#737=PRESENTATION_STYLE_ASSIGNMENT((#736));
#738=STYLED_ITEM('',(#737),#735);
#739=DIRECTION('',(0.E0,1.E0,-1.310964457122E-14));
#740=VECTOR('',#739,6.775E0);
#741=CARTESIAN_POINT('',(-6.7E0,5.E-1,8.1E0));
#742=LINE('',#741,#740);
#743=CURVE_STYLE('',#14,POSITIVE_LENGTH_MEASURE(2.E-2),#1);
#744=PRESENTATION_STYLE_ASSIGNMENT((#743));
#745=STYLED_ITEM('',(#744),#742);
#746=CARTESIAN_POINT('',(-6.7E0,7.275E0,7.8E0));
#747=DIRECTION('',(-1.E0,0.E0,1.426639894605E-14));
#748=DIRECTION('',(1.480297366167E-14,0.E0,1.E0));
#749=AXIS2_PLACEMENT_3D('',#746,#747,#748);
#751=CURVE_STYLE('',#14,POSITIVE_LENGTH_MEASURE(2.E-2),#1);
#752=PRESENTATION_STYLE_ASSIGNMENT((#751));
#753=STYLED_ITEM('',(#752),#750);
#754=DIRECTION('',(0.E0,0.E0,-1.E0));
#755=VECTOR('',#754,3.699999999999E-1);
#756=CARTESIAN_POINT('',(-6.7E0,7.575E0,7.8E0));
#757=LINE('',#756,#755);
#758=CURVE_STYLE('',#14,POSITIVE_LENGTH_MEASURE(2.E-2),#1);
#759=PRESENTATION_STYLE_ASSIGNMENT((#758));
#760=STYLED_ITEM('',(#759),#757);
#761=CARTESIAN_POINT('',(-6.7E0,7.375E0,7.9E0));
#762=DIRECTION('',(1.E0,0.E0,-1.426639894605E-14));
#763=DIRECTION('',(0.E0,1.E0,-9.219291996487E-13));
#764=AXIS2_PLACEMENT_3D('',#761,#762,#763);
#766=CURVE_STYLE('',#14,POSITIVE_LENGTH_MEASURE(2.E-2),#1);
#767=PRESENTATION_STYLE_ASSIGNMENT((#766));
#768=STYLED_ITEM('',(#767),#765);
#769=CARTESIAN_POINT('',(-6.7E0,-2.E-1,7.9E0));
#770=DIRECTION('',(1.E0,0.E0,-1.426639894605E-14));
#771=DIRECTION('',(1.421085471520E-14,0.E0,1.E0));
#772=AXIS2_PLACEMENT_3D('',#769,#770,#771);
#774=CURVE_STYLE('',#14,POSITIVE_LENGTH_MEASURE(2.E-2),#1);
#775=PRESENTATION_STYLE_ASSIGNMENT((#774));
#776=STYLED_ITEM('',(#775),#773);
#777=DIRECTION('',(-1.480297366167E-14,0.E0,1.E0));
#778=VECTOR('',#777,3.E-1);
#779=CARTESIAN_POINT('',(-6.7E0,-4.E-1,7.5E0));
#780=LINE('',#779,#778);
#781=CURVE_STYLE('',#14,POSITIVE_LENGTH_MEASURE(2.E-2),#1);
#782=PRESENTATION_STYLE_ASSIGNMENT((#781));
#783=STYLED_ITEM('',(#782),#780);
#784=CARTESIAN_POINT('',(-6.7E0,-1.E-1,7.8E0));
#785=DIRECTION('',(-1.E0,0.E0,1.426639894605E-14));
#786=DIRECTION('',(0.E0,-1.E0,9.118631775588E-13));
#787=AXIS2_PLACEMENT_3D('',#784,#785,#786);
#789=CURVE_STYLE('',#14,POSITIVE_LENGTH_MEASURE(2.E-2),#1);
#790=PRESENTATION_STYLE_ASSIGNMENT((#789));
#791=STYLED_ITEM('',(#790),#788);
#792=DIRECTION('',(2.131628207281E-13,1.E0,2.605323364454E-13));
#793=VECTOR('',#792,2.999999999999E-1);
#794=CARTESIAN_POINT('',(-6.7E0,-9.999999999993E-2,8.1E0));
#795=LINE('',#794,#793);
#796=CURVE_STYLE('',#14,POSITIVE_LENGTH_MEASURE(2.E-2),#1);
#797=PRESENTATION_STYLE_ASSIGNMENT((#796));
#798=STYLED_ITEM('',(#797),#795);
#799=DIRECTION('',(0.E0,-1.E0,0.E0));
#800=VECTOR('',#799,3.E-1);
#801=CARTESIAN_POINT('',(-4.1E0,5.E-1,8.1E0));
#802=LINE('',#801,#800);
#803=CURVE_STYLE('',#14,POSITIVE_LENGTH_MEASURE(2.E-2),#1);
#804=PRESENTATION_STYLE_ASSIGNMENT((#803));
#805=STYLED_ITEM('',(#804),#802);
#806=DIRECTION('',(2.960594732333E-14,-1.E0,-3.493501784153E-13));
#807=VECTOR('',#806,3.E-1);
#808=CARTESIAN_POINT('',(-4.1E0,2.E-1,8.1E0));
#809=LINE('',#808,#807);
#810=CURVE_STYLE('',#14,POSITIVE_LENGTH_MEASURE(2.E-2),#1);
#811=PRESENTATION_STYLE_ASSIGNMENT((#810));
#812=STYLED_ITEM('',(#811),#809);
#813=CARTESIAN_POINT('',(-4.1E0,-1.E-1,7.8E0));
#814=DIRECTION('',(1.E0,0.E0,-1.426639894605E-14));
#815=DIRECTION('',(1.480297366167E-14,-4.073593314520E-13,1.E0));
#816=AXIS2_PLACEMENT_3D('',#813,#814,#815);
#818=CURVE_STYLE('',#14,POSITIVE_LENGTH_MEASURE(2.E-2),#1);
#819=PRESENTATION_STYLE_ASSIGNMENT((#818));
#820=STYLED_ITEM('',(#819),#817);
#821=DIRECTION('',(-2.664535259101E-14,0.E0,-1.E0));
#822=VECTOR('',#821,3.E-1);
#823=CARTESIAN_POINT('',(-4.1E0,-4.E-1,7.8E0));
#824=LINE('',#823,#822);
#825=CURVE_STYLE('',#14,POSITIVE_LENGTH_MEASURE(2.E-2),#1);
#826=PRESENTATION_STYLE_ASSIGNMENT((#825));
#827=STYLED_ITEM('',(#826),#824);
#828=DIRECTION('',(0.E0,0.E0,-1.E0));
#829=VECTOR('',#828,2.1E0);
#830=CARTESIAN_POINT('',(-4.1E0,-4.E-1,7.5E0));
#831=LINE('',#830,#829);
#832=CURVE_STYLE('',#14,POSITIVE_LENGTH_MEASURE(2.E-2),#1);
#833=PRESENTATION_STYLE_ASSIGNMENT((#832));
#834=STYLED_ITEM('',(#833),#831);
#835=DIRECTION('',(-1.184237892934E-14,-1.E0,-2.368475785867E-14));
#836=VECTOR('',#835,3.E-1);
#837=CARTESIAN_POINT('',(-4.1E0,-4.E-1,5.4E0));
#838=LINE('',#837,#836);
#839=CURVE_STYLE('',#14,POSITIVE_LENGTH_MEASURE(2.E-2),#1);
#840=PRESENTATION_STYLE_ASSIGNMENT((#839));
#841=STYLED_ITEM('',(#840),#838);
#842=CARTESIAN_POINT('',(-4.1E0,-2.E-1,7.9E0));
#843=DIRECTION('',(-1.E0,0.E0,1.426639894605E-14));
#844=DIRECTION('',(0.E0,-1.E0,6.146194664325E-13));
#845=AXIS2_PLACEMENT_3D('',#842,#843,#844);
#847=CURVE_STYLE('',#14,POSITIVE_LENGTH_MEASURE(2.E-2),#1);
#848=PRESENTATION_STYLE_ASSIGNMENT((#847));
#849=STYLED_ITEM('',(#848),#846);
#850=CARTESIAN_POINT('',(-4.1E0,7.375E0,7.9E0));
#851=DIRECTION('',(-1.E0,0.E0,1.426639894605E-14));
#852=DIRECTION('',(1.421085471520E-14,0.E0,1.E0));
#853=AXIS2_PLACEMENT_3D('',#850,#851,#852);
#855=CURVE_STYLE('',#14,POSITIVE_LENGTH_MEASURE(2.E-2),#1);
#856=PRESENTATION_STYLE_ASSIGNMENT((#855));
#857=STYLED_ITEM('',(#856),#854);
#858=DIRECTION('',(0.E0,0.E0,-1.E0));
#859=VECTOR('',#858,4.7E-1);
#860=CARTESIAN_POINT('',(-4.1E0,7.875E0,7.9E0));
#861=LINE('',#860,#859);
#862=CURVE_STYLE('',#14,POSITIVE_LENGTH_MEASURE(2.E-2),#1);
#863=PRESENTATION_STYLE_ASSIGNMENT((#862));
#864=STYLED_ITEM('',(#863),#861);
#865=DIRECTION('',(0.E0,-1.E0,0.E0));
#866=VECTOR('',#865,3.E-1);
#867=CARTESIAN_POINT('',(-4.1E0,7.875E0,7.43E0));
#868=LINE('',#867,#866);
#869=CURVE_STYLE('',#14,POSITIVE_LENGTH_MEASURE(2.E-2),#1);
#870=PRESENTATION_STYLE_ASSIGNMENT((#869));
#871=STYLED_ITEM('',(#870),#868);
#872=CARTESIAN_POINT('',(-4.1E0,7.275E0,7.8E0));
#873=DIRECTION('',(1.E0,0.E0,-1.426639894605E-14));
#874=DIRECTION('',(0.E0,1.E0,1.024365777387E-12));
#875=AXIS2_PLACEMENT_3D('',#872,#873,#874);
#877=CURVE_STYLE('',#14,POSITIVE_LENGTH_MEASURE(2.E-2),#1);
#878=PRESENTATION_STYLE_ASSIGNMENT((#877));
#879=STYLED_ITEM('',(#878),#876);
#880=DIRECTION('',(0.E0,-1.E0,1.415841613692E-14));
#881=VECTOR('',#880,6.775E0);
#882=CARTESIAN_POINT('',(-4.1E0,7.275E0,8.1E0));
#883=LINE('',#882,#881);
#884=CURVE_STYLE('',#14,POSITIVE_LENGTH_MEASURE(2.E-2),#1);
#885=PRESENTATION_STYLE_ASSIGNMENT((#884));
#886=STYLED_ITEM('',(#885),#883);
#887=DIRECTION('',(0.E0,-1.E0,2.368475785867E-14));
#888=VECTOR('',#887,3.E-1);
#889=CARTESIAN_POINT('',(-3.995454545455E0,5.E-1,8.1E0));
#890=LINE('',#889,#888);
#891=CURVE_STYLE('',#14,POSITIVE_LENGTH_MEASURE(2.E-2),#1);
#892=PRESENTATION_STYLE_ASSIGNMENT((#891));
#893=STYLED_ITEM('',(#892),#890);
#894=DIRECTION('',(0.E0,1.E0,1.326938559032E-11));
#895=VECTOR('',#894,1.E-1);
#896=CARTESIAN_POINT('',(-4.05E0,-5.E-1,7.499999999999E0));
#897=LINE('',#896,#895);
#898=CURVE_STYLE('',#14,POSITIVE_LENGTH_MEASURE(2.E-2),#1);
#899=PRESENTATION_STYLE_ASSIGNMENT((#898));
#900=STYLED_ITEM('',(#899),#897);
#901=DIRECTION('',(-2.846611835139E-13,1.E0,-1.385558334732E-13));
#902=VECTOR('',#901,1.E0);
#903=CARTESIAN_POINT('',(-3.963580361906E0,-5.E-1,8.450616019030E0));
#904=LINE('',#903,#902);
#905=CURVE_STYLE('',#14,POSITIVE_LENGTH_MEASURE(2.E-2),#1);
#906=PRESENTATION_STYLE_ASSIGNMENT((#905));
#907=STYLED_ITEM('',(#906),#904);
#908=DIRECTION('',(0.E0,-1.E0,0.E0));
#909=VECTOR('',#908,1.E0);
#910=CARTESIAN_POINT('',(3.65E0,5.E-1,8.6E0));
#911=LINE('',#910,#909);
#912=CURVE_STYLE('',#14,POSITIVE_LENGTH_MEASURE(2.E-2),#1);
#913=PRESENTATION_STYLE_ASSIGNMENT((#912));
#914=STYLED_ITEM('',(#913),#911);
#915=DIRECTION('',(-1.E0,0.E0,0.E0));
#916=VECTOR('',#915,7.3E0);
#917=CARTESIAN_POINT('',(3.65E0,-5.E-1,8.6E0));
#918=LINE('',#917,#916);
#919=CURVE_STYLE('',#14,POSITIVE_LENGTH_MEASURE(2.E-2),#1);
#920=PRESENTATION_STYLE_ASSIGNMENT((#919));
#921=STYLED_ITEM('',(#920),#918);
#922=DIRECTION('',(0.E0,1.E0,0.E0));
#923=VECTOR('',#922,1.E0);
#924=CARTESIAN_POINT('',(-3.65E0,-5.E-1,8.6E0));
#925=LINE('',#924,#923);
#926=CURVE_STYLE('',#14,POSITIVE_LENGTH_MEASURE(2.E-2),#1);
#927=PRESENTATION_STYLE_ASSIGNMENT((#926));
#928=STYLED_ITEM('',(#927),#925);
#929=DIRECTION('',(-1.E0,0.E0,0.E0));
#930=VECTOR('',#929,2.8E0);
#931=CARTESIAN_POINT('',(-4.05E0,-5.E-1,5.1E0));
#932=LINE('',#931,#930);
#933=CURVE_STYLE('',#14,POSITIVE_LENGTH_MEASURE(2.E-2),#1);
#934=PRESENTATION_STYLE_ASSIGNMENT((#933));
#935=STYLED_ITEM('',(#934),#932);
#936=DIRECTION('',(0.E0,-1.E0,0.E0));
#937=VECTOR('',#936,1.E-1);
#938=CARTESIAN_POINT('',(-4.05E0,-4.E-1,5.1E0));
#939=LINE('',#938,#937);
#940=CURVE_STYLE('',#14,POSITIVE_LENGTH_MEASURE(2.E-2),#1);
#941=PRESENTATION_STYLE_ASSIGNMENT((#940));
#942=STYLED_ITEM('',(#941),#939);
#943=DIRECTION('',(0.E0,-1.E0,0.E0));
#944=VECTOR('',#943,1.E-1);
#945=CARTESIAN_POINT('',(-6.85E0,-4.E-1,5.1E0));
#946=LINE('',#945,#944);
#947=CURVE_STYLE('',#14,POSITIVE_LENGTH_MEASURE(2.E-2),#1);
#948=PRESENTATION_STYLE_ASSIGNMENT((#947));
#949=STYLED_ITEM('',(#948),#946);
#950=DIRECTION('',(0.E0,-1.E0,0.E0));
#951=VECTOR('',#950,1.E-1);
#952=CARTESIAN_POINT('',(-6.85E0,-4.E-1,7.5E0));
#953=LINE('',#952,#951);
#954=CURVE_STYLE('',#14,POSITIVE_LENGTH_MEASURE(2.E-2),#1);
#955=PRESENTATION_STYLE_ASSIGNMENT((#954));
#956=STYLED_ITEM('',(#955),#953);
#957=DIRECTION('',(1.252331571777E-13,-1.E0,-6.217248937901E-14));
#958=VECTOR('',#957,1.E0);
#959=CARTESIAN_POINT('',(-6.936419638094E0,5.E-1,8.450616019030E0));
#960=LINE('',#959,#958);
#961=CURVE_STYLE('',#14,POSITIVE_LENGTH_MEASURE(2.E-2),#1);
#962=PRESENTATION_STYLE_ASSIGNMENT((#961));
#963=STYLED_ITEM('',(#962),#960);
#964=DIRECTION('',(0.E0,-1.E0,0.E0));
#965=VECTOR('',#964,1.E0);
#966=CARTESIAN_POINT('',(-7.25E0,5.E-1,8.6E0));
#967=LINE('',#966,#965);
#968=CURVE_STYLE('',#14,POSITIVE_LENGTH_MEASURE(2.E-2),#1);
#969=PRESENTATION_STYLE_ASSIGNMENT((#968));
#970=STYLED_ITEM('',(#969),#967);
#971=DIRECTION('',(-1.E0,0.E0,0.E0));
#972=VECTOR('',#971,5.E-1);
#973=CARTESIAN_POINT('',(-7.25E0,-5.E-1,8.6E0));
#974=LINE('',#973,#972);
#975=CURVE_STYLE('',#14,POSITIVE_LENGTH_MEASURE(2.E-2),#1);
#976=PRESENTATION_STYLE_ASSIGNMENT((#975));
#977=STYLED_ITEM('',(#976),#974);
#978=DIRECTION('',(0.E0,1.E0,0.E0));
#979=VECTOR('',#978,1.E0);
#980=CARTESIAN_POINT('',(-8.25E0,-5.E-1,8.1E0));
#981=LINE('',#980,#979);
#982=CURVE_STYLE('',#14,POSITIVE_LENGTH_MEASURE(2.E-2),#1);
#983=PRESENTATION_STYLE_ASSIGNMENT((#982));
#984=STYLED_ITEM('',(#983),#981);
#985=DIRECTION('',(0.E0,-1.E0,0.E0));
#986=VECTOR('',#985,1.E0);
#987=CARTESIAN_POINT('',(-7.75E0,5.E-1,8.6E0));
#988=LINE('',#987,#986);
#989=CURVE_STYLE('',#14,POSITIVE_LENGTH_MEASURE(2.E-2),#1);
#990=PRESENTATION_STYLE_ASSIGNMENT((#989));
#991=STYLED_ITEM('',(#990),#988);
#992=DIRECTION('',(0.E0,0.E0,-1.E0));
#993=VECTOR('',#992,2.408418743072E0);
#994=CARTESIAN_POINT('',(-8.25E0,-5.E-1,8.1E0));
#995=LINE('',#994,#993);
#996=CURVE_STYLE('',#14,POSITIVE_LENGTH_MEASURE(2.E-2),#1);
#997=PRESENTATION_STYLE_ASSIGNMENT((#996));
#998=STYLED_ITEM('',(#997),#995);
#999=DIRECTION('',(0.E0,0.E0,-1.E0));
#1000=VECTOR('',#999,1.208418743072E0);
#1001=CARTESIAN_POINT('',(-8.25E0,5.E-1,-5.691581256928E0));
#1002=LINE('',#1001,#1000);
#1003=CURVE_STYLE('',#14,POSITIVE_LENGTH_MEASURE(2.E-2),#1);
#1004=PRESENTATION_STYLE_ASSIGNMENT((#1003));
#1005=STYLED_ITEM('',(#1004),#1002);
#1006=CARTESIAN_POINT('',(-7.75E0,5.E-1,-6.9E0));
#1007=DIRECTION('',(0.E0,-1.E0,0.E0));
#1008=DIRECTION('',(-1.E0,0.E0,0.E0));
#1009=AXIS2_PLACEMENT_3D('',#1006,#1007,#1008);
#1011=CURVE_STYLE('',#14,POSITIVE_LENGTH_MEASURE(2.E-2),#1);
#1012=PRESENTATION_STYLE_ASSIGNMENT((#1011));
#1013=STYLED_ITEM('',(#1012),#1010);
#1014=DIRECTION('',(1.E0,0.E0,0.E0));
#1015=VECTOR('',#1014,5.560149600149E0);
#1016=CARTESIAN_POINT('',(-7.75E0,5.E-1,-7.4E0));
#1017=LINE('',#1016,#1015);
#1018=CURVE_STYLE('',#14,POSITIVE_LENGTH_MEASURE(2.E-2),#1);
#1019=PRESENTATION_STYLE_ASSIGNMENT((#1018));
#1020=STYLED_ITEM('',(#1019),#1017);
#1021=DIRECTION('',(-8.715574274766E-2,0.E0,-9.961946980917E-1));
#1022=VECTOR('',#1021,5.019099187717E-1);
#1023=CARTESIAN_POINT('',(-2.189850399851E0,5.E-1,-7.4E0));
#1024=LINE('',#1023,#1022);
#1025=CURVE_STYLE('',#14,POSITIVE_LENGTH_MEASURE(2.E-2),#1);
#1026=PRESENTATION_STYLE_ASSIGNMENT((#1025));
#1027=STYLED_ITEM('',(#1026),#1024);
#1028=DIRECTION('',(0.E0,0.E0,-1.E0));
#1029=VECTOR('',#1028,1.738418743072E0);
#1030=CARTESIAN_POINT('',(-8.25E0,5.E-1,7.43E0));
#1031=LINE('',#1030,#1029);
#1032=CURVE_STYLE('',#14,POSITIVE_LENGTH_MEASURE(2.E-2),#1);
#1033=PRESENTATION_STYLE_ASSIGNMENT((#1032));
#1034=STYLED_ITEM('',(#1033),#1031);
#1035=CARTESIAN_POINT('',(-7.75E0,5.E-1,5.691581256928E0));
#1036=DIRECTION('',(0.E0,-1.E0,0.E0));
#1037=DIRECTION('',(-1.E0,0.E0,0.E0));
#1038=AXIS2_PLACEMENT_3D('',#1035,#1036,#1037);
#1040=CURVE_STYLE('',#14,POSITIVE_LENGTH_MEASURE(2.E-2),#1);
#1041=PRESENTATION_STYLE_ASSIGNMENT((#1040));
#1042=STYLED_ITEM('',(#1041),#1039);
#1043=DIRECTION('',(9.063077870364E-1,0.E0,-4.226182617413E-1));
#1044=VECTOR('',#1043,2.456320743605E-1);
#1045=CARTESIAN_POINT('',(-7.961309130869E0,5.E-1,5.238427363409E0));
#1046=LINE('',#1045,#1044);
#1047=CURVE_STYLE('',#14,POSITIVE_LENGTH_MEASURE(2.E-2),#1);
#1048=PRESENTATION_STYLE_ASSIGNMENT((#1047));
#1049=STYLED_ITEM('',(#1048),#1046);
#1050=CARTESIAN_POINT('',(-7.95E0,5.E-1,4.681464869596E0));
#1051=DIRECTION('',(0.E0,1.E0,0.E0));
#1052=DIRECTION('',(4.226182617397E-1,0.E0,9.063077870371E-1));
#1053=AXIS2_PLACEMENT_3D('',#1050,#1051,#1052);
#1055=CURVE_STYLE('',#14,POSITIVE_LENGTH_MEASURE(2.E-2),#1);
#1056=PRESENTATION_STYLE_ASSIGNMENT((#1055));
#1057=STYLED_ITEM('',(#1056),#1054);
#1058=CARTESIAN_POINT('',(-7.95E0,5.E-1,-4.681464869596E0));
#1059=DIRECTION('',(0.E0,1.E0,0.E0));
#1060=DIRECTION('',(1.E0,0.E0,0.E0));
#1061=AXIS2_PLACEMENT_3D('',#1058,#1059,#1060);
#1063=CURVE_STYLE('',#14,POSITIVE_LENGTH_MEASURE(2.E-2),#1);
#1064=PRESENTATION_STYLE_ASSIGNMENT((#1063));
#1065=STYLED_ITEM('',(#1064),#1062);
#1066=DIRECTION('',(-9.063077870364E-1,0.E0,-4.226182617413E-1));
#1067=VECTOR('',#1066,2.456320743609E-1);
#1068=CARTESIAN_POINT('',(-7.738690869131E0,5.E-1,-5.134618763115E0));
#1069=LINE('',#1068,#1067);
#1070=CURVE_STYLE('',#14,POSITIVE_LENGTH_MEASURE(2.E-2),#1);
#1071=PRESENTATION_STYLE_ASSIGNMENT((#1070));
#1072=STYLED_ITEM('',(#1071),#1069);
#1073=CARTESIAN_POINT('',(-7.75E0,5.E-1,-5.691581256928E0));
#1074=DIRECTION('',(0.E0,-1.E0,0.E0));
#1075=DIRECTION('',(-4.226182617397E-1,0.E0,9.063077870371E-1));
#1076=AXIS2_PLACEMENT_3D('',#1073,#1074,#1075);
#1078=CURVE_STYLE('',#14,POSITIVE_LENGTH_MEASURE(2.E-2),#1);
#1079=PRESENTATION_STYLE_ASSIGNMENT((#1078));
#1080=STYLED_ITEM('',(#1079),#1077);
#1081=DIRECTION('',(0.E0,0.E0,-1.E0));
#1082=VECTOR('',#1081,1.208418743072E0);
#1083=CARTESIAN_POINT('',(-8.25E0,-5.E-1,-5.691581256928E0));
#1084=LINE('',#1083,#1082);
#1085=CURVE_STYLE('',#14,POSITIVE_LENGTH_MEASURE(2.E-2),#1);
#1086=PRESENTATION_STYLE_ASSIGNMENT((#1085));
#1087=STYLED_ITEM('',(#1086),#1084);
#1088=DIRECTION('',(-1.856292897173E-13,-1.E0,-8.615330671091E-14));
#1089=VECTOR('',#1088,1.E0);
#1090=CARTESIAN_POINT('',(-7.961309130870E0,5.E-1,-5.238427363409E0));
#1091=LINE('',#1090,#1089);
#1092=CURVE_STYLE('',#14,POSITIVE_LENGTH_MEASURE(2.E-2),#1);
#1093=PRESENTATION_STYLE_ASSIGNMENT((#1092));
#1094=STYLED_ITEM('',(#1093),#1091);
#1095=DIRECTION('',(0.E0,1.E0,0.E0));
#1096=VECTOR('',#1095,1.E0);
#1097=CARTESIAN_POINT('',(-8.25E0,-5.E-1,-5.691581256928E0));
#1098=LINE('',#1097,#1096);
#1099=CURVE_STYLE('',#14,POSITIVE_LENGTH_MEASURE(2.E-2),#1);
#1100=PRESENTATION_STYLE_ASSIGNMENT((#1099));
#1101=STYLED_ITEM('',(#1100),#1098);
#1102=DIRECTION('',(0.E0,-1.E0,0.E0));
#1103=VECTOR('',#1102,1.E0);
#1104=CARTESIAN_POINT('',(-7.45E0,5.E-1,-4.681464869596E0));
#1105=LINE('',#1104,#1103);
#1106=CURVE_STYLE('',#14,POSITIVE_LENGTH_MEASURE(2.E-2),#1);
#1107=PRESENTATION_STYLE_ASSIGNMENT((#1106));
#1108=STYLED_ITEM('',(#1107),#1105);
#1109=DIRECTION('',(1.785238623597E-13,1.E0,8.348877145181E-14));
#1110=VECTOR('',#1109,1.E0);
#1111=CARTESIAN_POINT('',(-7.738690869131E0,-5.E-1,-5.134618763115E0));
#1112=LINE('',#1111,#1110);
#1113=CURVE_STYLE('',#14,POSITIVE_LENGTH_MEASURE(2.E-2),#1);
#1114=PRESENTATION_STYLE_ASSIGNMENT((#1113));
#1115=STYLED_ITEM('',(#1114),#1112);
#1116=DIRECTION('',(0.E0,0.E0,1.E0));
#1117=VECTOR('',#1116,9.362929739192E0);
#1118=CARTESIAN_POINT('',(-7.45E0,5.E-1,-4.681464869596E0));
#1119=LINE('',#1118,#1117);
#1120=CURVE_STYLE('',#14,POSITIVE_LENGTH_MEASURE(2.E-2),#1);
#1121=PRESENTATION_STYLE_ASSIGNMENT((#1120));
#1122=STYLED_ITEM('',(#1121),#1119);
#1123=DIRECTION('',(1.776356839400E-13,-1.E0,-8.260059303211E-14));
#1124=VECTOR('',#1123,1.E0);
#1125=CARTESIAN_POINT('',(-7.738690869130E0,5.E-1,5.134618763115E0));
#1126=LINE('',#1125,#1124);
#1127=CURVE_STYLE('',#14,POSITIVE_LENGTH_MEASURE(2.E-2),#1);
#1128=PRESENTATION_STYLE_ASSIGNMENT((#1127));
#1129=STYLED_ITEM('',(#1128),#1126);
#1130=DIRECTION('',(0.E0,1.E0,0.E0));
#1131=VECTOR('',#1130,1.E0);
#1132=CARTESIAN_POINT('',(-7.45E0,-5.E-1,4.681464869596E0));
#1133=LINE('',#1132,#1131);
#1134=CURVE_STYLE('',#14,POSITIVE_LENGTH_MEASURE(2.E-2),#1);
#1135=PRESENTATION_STYLE_ASSIGNMENT((#1134));
#1136=STYLED_ITEM('',(#1135),#1133);
#1137=DIRECTION('',(0.E0,-1.E0,0.E0));
#1138=VECTOR('',#1137,1.E0);
#1139=CARTESIAN_POINT('',(-8.25E0,5.E-1,5.691581256928E0));
#1140=LINE('',#1139,#1138);
#1141=CURVE_STYLE('',#14,POSITIVE_LENGTH_MEASURE(2.E-2),#1);
#1142=PRESENTATION_STYLE_ASSIGNMENT((#1141));
#1143=STYLED_ITEM('',(#1142),#1140);
#1144=DIRECTION('',(0.E0,1.E0,0.E0));
#1145=VECTOR('',#1144,1.E0);
#1146=CARTESIAN_POINT('',(-7.961309130869E0,-5.E-1,5.238427363409E0));
#1147=LINE('',#1146,#1145);
#1148=CURVE_STYLE('',#14,POSITIVE_LENGTH_MEASURE(2.E-2),#1);
#1149=PRESENTATION_STYLE_ASSIGNMENT((#1148));
#1150=STYLED_ITEM('',(#1149),#1147);
#1151=DIRECTION('',(0.E0,-1.E0,0.E0));
#1152=VECTOR('',#1151,1.E0);
#1153=CARTESIAN_POINT('',(-8.25E0,5.E-1,-6.9E0));
#1154=LINE('',#1153,#1152);
#1155=CURVE_STYLE('',#14,POSITIVE_LENGTH_MEASURE(2.E-2),#1);
#1156=PRESENTATION_STYLE_ASSIGNMENT((#1155));
#1157=STYLED_ITEM('',(#1156),#1154);
#1158=DIRECTION('',(0.E0,1.E0,0.E0));
#1159=VECTOR('',#1158,1.E0);
#1160=CARTESIAN_POINT('',(-7.75E0,-5.E-1,-7.4E0));
#1161=LINE('',#1160,#1159);
#1162=CURVE_STYLE('',#14,POSITIVE_LENGTH_MEASURE(2.E-2),#1);
#1163=PRESENTATION_STYLE_ASSIGNMENT((#1162));
#1164=STYLED_ITEM('',(#1163),#1161);
#1165=DIRECTION('',(-1.669775429034E-12,1.E0,0.E0));
#1166=VECTOR('',#1165,3.000000000003E-1);
#1167=CARTESIAN_POINT('',(-2.099097199163E0,2.955264639796E0,
-6.362687399870E0));
#1168=LINE('',#1167,#1166);
#1169=CURVE_STYLE('',#14,POSITIVE_LENGTH_MEASURE(2.E-2),#1);
#1170=PRESENTATION_STYLE_ASSIGNMENT((#1169));
#1171=STYLED_ITEM('',(#1170),#1168);
#1172=DIRECTION('',(1.653492158008E-12,1.E0,0.E0));
#1173=VECTOR('',#1172,3.E-1);
#1174=CARTESIAN_POINT('',(-2.099097207915E0,3.305263420148E0,
-6.362687396983E0));
#1175=LINE('',#1174,#1173);
#1176=CURVE_STYLE('',#14,POSITIVE_LENGTH_MEASURE(2.E-2),#1);
#1177=PRESENTATION_STYLE_ASSIGNMENT((#1176));
#1178=STYLED_ITEM('',(#1177),#1175);
#1179=DIRECTION('',(1.654972455375E-12,1.E0,0.E0));
#1180=VECTOR('',#1179,3.E-1);
#1181=CARTESIAN_POINT('',(-2.099097310747E0,4.355250024189E0,
-6.362687363058E0));
#1182=LINE('',#1181,#1180);
#1183=CURVE_STYLE('',#14,POSITIVE_LENGTH_MEASURE(2.E-2),#1);
#1184=PRESENTATION_STYLE_ASSIGNMENT((#1183));
#1185=STYLED_ITEM('',(#1184),#1182);
#1186=DIRECTION('',(-1.776356839400E-14,1.E0,0.E0));
#1187=VECTOR('',#1186,3.E-1);
#1188=CARTESIAN_POINT('',(-2.099097298701E0,4.705251598262E0,
-6.362687367032E0));
#1189=LINE('',#1188,#1187);
#1190=CURVE_STYLE('',#14,POSITIVE_LENGTH_MEASURE(2.E-2),#1);
#1191=PRESENTATION_STYLE_ASSIGNMENT((#1190));
#1192=STYLED_ITEM('',(#1191),#1189);
#1193=DIRECTION('',(1.671255726408E-12,1.E0,0.E0));
#1194=VECTOR('',#1193,2.999999999990E-1);
#1195=CARTESIAN_POINT('',(-2.099097291746E0,5.405252508273E0,
-6.362687369327E0));
#1196=LINE('',#1195,#1194);
#1197=CURVE_STYLE('',#14,POSITIVE_LENGTH_MEASURE(2.E-2),#1);
#1198=PRESENTATION_STYLE_ASSIGNMENT((#1197));
#1199=STYLED_ITEM('',(#1198),#1196);
#1200=DIRECTION('',(0.E0,1.E0,0.E0));
#1201=VECTOR('',#1200,2.999999999995E-1);
#1202=CARTESIAN_POINT('',(-2.099097309515E0,5.755250183949E0,
-6.362687363464E0));
#1203=LINE('',#1202,#1201);
#1204=CURVE_STYLE('',#14,POSITIVE_LENGTH_MEASURE(2.E-2),#1);
#1205=PRESENTATION_STYLE_ASSIGNMENT((#1204));
#1206=STYLED_ITEM('',(#1205),#1203);
#1207=DIRECTION('',(-1.776356839395E-14,1.E0,0.E0));
#1208=VECTOR('',#1207,3.000000000008E-1);
#1209=CARTESIAN_POINT('',(-2.099097199163E0,6.805264639793E0,
-6.362687399870E0));
#1210=LINE('',#1209,#1208);
#1211=CURVE_STYLE('',#14,POSITIVE_LENGTH_MEASURE(2.E-2),#1);
#1212=PRESENTATION_STYLE_ASSIGNMENT((#1211));
#1213=STYLED_ITEM('',(#1212),#1210);
#1214=DIRECTION('',(1.660893644832E-12,1.E0,0.E0));
#1215=VECTOR('',#1214,3.000000000012E-1);
#1216=CARTESIAN_POINT('',(-2.099097207915E0,7.155263420144E0,
-6.362687396983E0));
#1217=LINE('',#1216,#1215);
#1218=CURVE_STYLE('',#14,POSITIVE_LENGTH_MEASURE(2.E-2),#1);
#1219=PRESENTATION_STYLE_ASSIGNMENT((#1218));
#1220=STYLED_ITEM('',(#1219),#1217);
#1221=CARTESIAN_POINT('',(-2.000000310475E0,2.907810862958E0,
-5.229999881272E0));
#1222=CARTESIAN_POINT('',(-2.011026826645E0,2.907482415862E0,
-5.356033537812E0));
#1223=CARTESIAN_POINT('',(-2.033067029267E0,2.905970655810E0,
-5.607972909646E0));
#1224=CARTESIAN_POINT('',(-2.066106933099E0,2.907169875567E0,
-5.985558579397E0));
#1225=CARTESIAN_POINT('',(-2.088090070852E0,2.905483716268E0,
-6.236974048264E0));
#1226=CARTESIAN_POINT('',(-2.099085409717E0,2.905251079143E0,
-6.362651346574E0));
#1228=CURVE_STYLE('',#14,POSITIVE_LENGTH_MEASURE(2.E-2),#1);
#1229=PRESENTATION_STYLE_ASSIGNMENT((#1228));
#1230=STYLED_ITEM('',(#1229),#1227);
#1231=CARTESIAN_POINT('',(-2.099085409717E0,2.905251079143E0,
-6.362651346574E0));
#1232=CARTESIAN_POINT('',(-1.829152898371E0,2.902965432874E0,
-6.451765152770E0));
#1233=CARTESIAN_POINT('',(-1.277691926710E0,2.898295514073E0,
-6.595662491026E0));
#1234=CARTESIAN_POINT('',(-4.307938622214E-1,2.891115392517E0,
-6.704170748919E0));
#1235=CARTESIAN_POINT('',(4.272812103754E-1,2.883849036205E0,
-6.704698332234E0));
#1236=CARTESIAN_POINT('',(1.274896115303E0,2.876618885741E0,-6.596046410469E0));
#1237=CARTESIAN_POINT('',(1.828097229011E0,2.872017804662E0,-6.452082075380E0));
#1238=CARTESIAN_POINT('',(2.099074608315E0,2.869716517429E0,-6.362619395483E0));
#1240=CURVE_STYLE('',#14,POSITIVE_LENGTH_MEASURE(2.E-2),#1);
#1241=PRESENTATION_STYLE_ASSIGNMENT((#1240));
#1242=STYLED_ITEM('',(#1241),#1239);
#1243=CARTESIAN_POINT('',(2.099074608315E0,2.869716517429E0,-6.362619395483E0));
#1244=CARTESIAN_POINT('',(2.088079157336E0,2.869483190330E0,-6.236940815699E0));
#1245=CARTESIAN_POINT('',(2.066111670525E0,2.867841045179E0,-5.985570511602E0));
#1246=CARTESIAN_POINT('',(2.033065471797E0,2.869040761684E0,-5.607965602321E0));
#1247=CARTESIAN_POINT('',(2.011026404558E0,2.867483662822E0,-5.356032370412E0));
#1248=CARTESIAN_POINT('',(2.000000000880E0,2.867154097678E0,-5.229999999663E0));
#1250=CURVE_STYLE('',#14,POSITIVE_LENGTH_MEASURE(2.E-2),#1);
#1251=PRESENTATION_STYLE_ASSIGNMENT((#1250));
#1252=STYLED_ITEM('',(#1251),#1249);
#1253=CARTESIAN_POINT('',(2.000000000880E0,2.867154097678E0,-5.229999999663E0));
#1254=CARTESIAN_POINT('',(1.727204239284E0,2.869572852210E0,-5.229999999663E0));
#1255=CARTESIAN_POINT('',(1.185106274711E0,2.875051792033E0,-5.229999999020E0));
#1256=CARTESIAN_POINT('',(4.101556164130E-1,2.883092323213E0,
-5.230000003935E0));
#1257=CARTESIAN_POINT('',(-4.097945781828E-1,2.891901617642E0,
-5.229999985241E0));
#1258=CARTESIAN_POINT('',(-1.184943081334E0,2.899957935657E0,
-5.230000055100E0));
#1259=CARTESIAN_POINT('',(-1.727145836847E0,2.905399821285E0,
-5.229999881272E0));
#1260=CARTESIAN_POINT('',(-2.000000310475E0,2.907810862958E0,
-5.229999881272E0));
#1262=CURVE_STYLE('',#14,POSITIVE_LENGTH_MEASURE(2.E-2),#1);
#1263=PRESENTATION_STYLE_ASSIGNMENT((#1262));
#1264=STYLED_ITEM('',(#1263),#1261);
#1265=DIRECTION('',(0.E0,-1.E0,0.E0));
#1266=VECTOR('',#1265,3.E-1);
#1267=CARTESIAN_POINT('',(-2.099085409717E0,2.905251079143E0,
-6.362651346574E0));
#1268=LINE('',#1267,#1266);
#1269=CURVE_STYLE('',#14,POSITIVE_LENGTH_MEASURE(2.E-2),#1);
#1270=PRESENTATION_STYLE_ASSIGNMENT((#1269));
#1271=STYLED_ITEM('',(#1270),#1268);
#1272=CARTESIAN_POINT('',(-2.099085409717E0,2.605251079143E0,
-6.362651346574E0));
#1273=CARTESIAN_POINT('',(-1.829008326030E0,2.602964208712E0,
-6.451812880965E0));
#1274=CARTESIAN_POINT('',(-1.277295765836E0,2.598009282104E0,
-6.595674504703E0));
#1275=CARTESIAN_POINT('',(-4.268779812986E-1,2.590987980537E0,
-6.704729745454E0));
#1276=CARTESIAN_POINT('',(4.276900883164E-1,2.583864957828E0,
-6.704554722195E0));
#1277=CARTESIAN_POINT('',(1.274875298911E0,2.576816390158E0,-6.596060634721E0));
#1278=CARTESIAN_POINT('',(1.827977045129E0,2.571994025128E0,-6.452147322761E0));
#1279=CARTESIAN_POINT('',(2.099082215160E0,2.569691677658E0,-6.362642452992E0));
#1281=CURVE_STYLE('',#14,POSITIVE_LENGTH_MEASURE(2.E-2),#1);
#1282=PRESENTATION_STYLE_ASSIGNMENT((#1281));
#1283=STYLED_ITEM('',(#1282),#1280);
#1284=DIRECTION('',(-2.535404978943E-5,9.999999967255E-1,7.685200151717E-5));
#1285=VECTOR('',#1284,3.000248407539E-1);
#1286=CARTESIAN_POINT('',(2.099082215160E0,2.569691677658E0,-6.362642452992E0));
#1287=LINE('',#1286,#1285);
#1288=CURVE_STYLE('',#14,POSITIVE_LENGTH_MEASURE(2.E-2),#1);
#1289=PRESENTATION_STYLE_ASSIGNMENT((#1288));
#1290=STYLED_ITEM('',(#1289),#1287);
#1291=CARTESIAN_POINT('',(-2.099085409717E0,2.605251079143E0,
-6.362651346574E0));
#1292=CARTESIAN_POINT('',(-2.088090070817E0,2.605483716269E0,
-6.236974047865E0));
#1293=CARTESIAN_POINT('',(-2.066106933017E0,2.607169875566E0,
-5.985558578466E0));
#1294=CARTESIAN_POINT('',(-2.033067029185E0,2.605970655810E0,
-5.607972908715E0));
#1295=CARTESIAN_POINT('',(-2.011026826610E0,2.607482415863E0,
-5.356033537413E0));
#1296=CARTESIAN_POINT('',(-2.000000310475E0,2.607810862958E0,
-5.229999881272E0));
#1298=CURVE_STYLE('',#14,POSITIVE_LENGTH_MEASURE(2.E-2),#1);
#1299=PRESENTATION_STYLE_ASSIGNMENT((#1298));
#1300=STYLED_ITEM('',(#1299),#1297);
#1301=CARTESIAN_POINT('',(-2.000000310475E0,2.607810862958E0,
-5.229999881272E0));
#1302=CARTESIAN_POINT('',(-1.727145836425E0,2.605399821281E0,
-5.229999881272E0));
#1303=CARTESIAN_POINT('',(-1.184943080233E0,2.599957935646E0,
-5.230000055100E0));
#1304=CARTESIAN_POINT('',(-4.097945765501E-1,2.591901617625E0,
-5.229999985241E0));
#1305=CARTESIAN_POINT('',(4.101556180454E-1,2.583092323196E0,
-5.230000003935E0));
#1306=CARTESIAN_POINT('',(1.185106275813E0,2.575051792022E0,-5.229999999020E0));
#1307=CARTESIAN_POINT('',(1.727204239707E0,2.569572852206E0,-5.229999999663E0));
#1308=CARTESIAN_POINT('',(2.000000000880E0,2.567154097678E0,-5.229999999663E0));
#1310=CURVE_STYLE('',#14,POSITIVE_LENGTH_MEASURE(2.E-2),#1);
#1311=PRESENTATION_STYLE_ASSIGNMENT((#1310));
#1312=STYLED_ITEM('',(#1311),#1309);
#1313=CARTESIAN_POINT('',(2.000000000880E0,2.567154097678E0,-5.229999999663E0));
#1314=CARTESIAN_POINT('',(2.011026404592E0,2.567483662823E0,-5.356032370800E0));
#1315=CARTESIAN_POINT('',(2.033066486123E0,2.569037450052E0,-5.607968677559E0));
#1316=CARTESIAN_POINT('',(2.066108120743E0,2.567852635888E0,-5.985559752337E0));
#1317=CARTESIAN_POINT('',(2.088086764214E0,2.569458353096E0,-6.236963873591E0));
#1318=CARTESIAN_POINT('',(2.099082215160E0,2.569691677658E0,-6.362642452992E0));
#1320=CURVE_STYLE('',#14,POSITIVE_LENGTH_MEASURE(2.E-2),#1);
#1321=PRESENTATION_STYLE_ASSIGNMENT((#1320));
#1322=STYLED_ITEM('',(#1321),#1319);
#1323=DIRECTION('',(1.472972843697E-7,-1.E0,-5.632784391958E-8));
#1324=VECTOR('',#1323,2.107810862958E0);
#1325=CARTESIAN_POINT('',(-2.000000310475E0,2.607810862958E0,
-5.229999881272E0));
#1326=LINE('',#1325,#1324);
#1327=CURVE_STYLE('',#14,POSITIVE_LENGTH_MEASURE(2.E-2),#1);
#1328=PRESENTATION_STYLE_ASSIGNMENT((#1327));
#1329=STYLED_ITEM('',(#1328),#1326);
#1330=DIRECTION('',(-8.715574274764E-2,0.E0,-9.961946980917E-1));
#1331=VECTOR('',#1330,2.178289047469E0);
#1332=CARTESIAN_POINT('',(-2.E0,5.E-1,-5.23E0));
#1333=LINE('',#1332,#1331);
#1334=CURVE_STYLE('',#14,POSITIVE_LENGTH_MEASURE(2.E-2),#1);
#1335=PRESENTATION_STYLE_ASSIGNMENT((#1334));
#1336=STYLED_ITEM('',(#1335),#1333);
#1337=DIRECTION('',(1.E0,0.E0,-3.742645453038E-14));
#1338=VECTOR('',#1337,1.898503998511E-1);
#1339=CARTESIAN_POINT('',(-2.189850399851E0,5.E-1,-7.4E0));
#1340=LINE('',#1339,#1338);
#1341=CURVE_STYLE('',#14,POSITIVE_LENGTH_MEASURE(2.E-2),#1);
#1342=PRESENTATION_STYLE_ASSIGNMENT((#1341));
#1343=STYLED_ITEM('',(#1342),#1340);
#1344=DIRECTION('',(8.715574274769E-2,0.E0,9.961946980917E-1));
#1345=VECTOR('',#1344,2.007639675087E0);
#1346=CARTESIAN_POINT('',(-2.E0,5.E-1,-7.4E0));
#1347=LINE('',#1346,#1345);
#1348=CURVE_STYLE('',#14,POSITIVE_LENGTH_MEASURE(2.E-2),#1);
#1349=PRESENTATION_STYLE_ASSIGNMENT((#1348));
#1350=STYLED_ITEM('',(#1349),#1347);
#1351=DIRECTION('',(8.715574274769E-2,0.E0,-9.961946980917E-1));
#1352=VECTOR('',#1351,2.007639675087E0);
#1353=CARTESIAN_POINT('',(1.825022672948E0,5.E-1,-5.4E0));
#1354=LINE('',#1353,#1352);
#1355=CURVE_STYLE('',#14,POSITIVE_LENGTH_MEASURE(2.E-2),#1);
#1356=PRESENTATION_STYLE_ASSIGNMENT((#1355));
#1357=STYLED_ITEM('',(#1356),#1354);
#1358=DIRECTION('',(1.E0,0.E0,2.806984089779E-14));
#1359=VECTOR('',#1358,1.898503998511E-1);
#1360=CARTESIAN_POINT('',(2.E0,5.E-1,-7.4E0));
#1361=LINE('',#1360,#1359);
#1362=CURVE_STYLE('',#14,POSITIVE_LENGTH_MEASURE(2.E-2),#1);
#1363=PRESENTATION_STYLE_ASSIGNMENT((#1362));
#1364=STYLED_ITEM('',(#1363),#1361);
#1365=DIRECTION('',(-8.715574274761E-2,0.E0,9.961946980917E-1));
#1366=VECTOR('',#1365,2.178289047469E0);
#1367=CARTESIAN_POINT('',(2.189850399851E0,5.E-1,-7.4E0));
#1368=LINE('',#1367,#1366);
#1369=CURVE_STYLE('',#14,POSITIVE_LENGTH_MEASURE(2.E-2),#1);
#1370=PRESENTATION_STYLE_ASSIGNMENT((#1369));
#1371=STYLED_ITEM('',(#1370),#1368);
#1372=DIRECTION('',(-1.E0,0.E0,0.E0));
#1373=VECTOR('',#1372,4.E0);
#1374=CARTESIAN_POINT('',(2.E0,5.E-1,-5.23E0));
#1375=LINE('',#1374,#1373);
#1376=CURVE_STYLE('',#14,POSITIVE_LENGTH_MEASURE(2.E-2),#1);
#1377=PRESENTATION_STYLE_ASSIGNMENT((#1376));
#1378=STYLED_ITEM('',(#1377),#1375);
#1379=DIRECTION('',(-9.459100169806E-14,-1.E0,0.E0));
#1380=VECTOR('',#1379,5.E-1);
#1381=CARTESIAN_POINT('',(-1.825022672948E0,1.E0,-5.4E0));
#1382=LINE('',#1381,#1380);
#1383=CURVE_STYLE('',#14,POSITIVE_LENGTH_MEASURE(2.E-2),#1);
#1384=PRESENTATION_STYLE_ASSIGNMENT((#1383));
#1385=STYLED_ITEM('',(#1384),#1382);
#1386=DIRECTION('',(1.E0,0.E0,0.E0));
#1387=VECTOR('',#1386,4.E0);
#1388=CARTESIAN_POINT('',(-2.E0,1.E0,-7.4E0));
#1389=LINE('',#1388,#1387);
#1390=CURVE_STYLE('',#14,POSITIVE_LENGTH_MEASURE(2.E-2),#1);
#1391=PRESENTATION_STYLE_ASSIGNMENT((#1390));
#1392=STYLED_ITEM('',(#1391),#1389);
#1393=CARTESIAN_POINT('',(2.E0,1.E0,-7.4E0));
#1394=CARTESIAN_POINT('',(2.E0,1.050095495939E0,-7.4E0));
#1395=CARTESIAN_POINT('',(1.998095754470E0,1.128437720657E0,-7.378234373996E0));
#1396=CARTESIAN_POINT('',(1.992687943684E0,1.216676538224E0,-7.316422813866E0));
#1397=CARTESIAN_POINT('',(1.984965574755E0,1.278358779371E0,-7.228155733107E0));
#1398=CARTESIAN_POINT('',(1.978119511099E0,1.3E0,-7.149904867452E0));
#1399=CARTESIAN_POINT('',(1.973753400942E0,1.3E0,-7.1E0));
#1401=CURVE_STYLE('',#14,POSITIVE_LENGTH_MEASURE(2.E-2),#1);
#1402=PRESENTATION_STYLE_ASSIGNMENT((#1401));
#1403=STYLED_ITEM('',(#1402),#1400);
#1404=DIRECTION('',(-1.E0,0.E0,0.E0));
#1405=VECTOR('',#1404,3.947506801884E0);
#1406=CARTESIAN_POINT('',(1.973753400942E0,1.3E0,-7.1E0));
#1407=LINE('',#1406,#1405);
#1408=CURVE_STYLE('',#14,POSITIVE_LENGTH_MEASURE(2.E-2),#1);
#1409=PRESENTATION_STYLE_ASSIGNMENT((#1408));
#1410=STYLED_ITEM('',(#1409),#1407);
#1411=CARTESIAN_POINT('',(-1.973753400942E0,1.3E0,-7.1E0));
#1412=CARTESIAN_POINT('',(-1.978119511099E0,1.3E0,-7.149904867452E0));
#1413=CARTESIAN_POINT('',(-1.984965574755E0,1.278358779371E0,
-7.228155733107E0));
#1414=CARTESIAN_POINT('',(-1.992687943684E0,1.216676538224E0,
-7.316422813866E0));
#1415=CARTESIAN_POINT('',(-1.998095754470E0,1.128437720657E0,
-7.378234373996E0));
#1416=CARTESIAN_POINT('',(-2.E0,1.050095495939E0,-7.4E0));
#1417=CARTESIAN_POINT('',(-2.E0,1.E0,-7.4E0));
#1419=CURVE_STYLE('',#14,POSITIVE_LENGTH_MEASURE(2.E-2),#1);
#1420=PRESENTATION_STYLE_ASSIGNMENT((#1419));
#1421=STYLED_ITEM('',(#1420),#1418);
#1422=DIRECTION('',(0.E0,-1.E0,0.E0));
#1423=VECTOR('',#1422,5.E-1);
#1424=CARTESIAN_POINT('',(2.E0,1.E0,-7.4E0));
#1425=LINE('',#1424,#1423);
#1426=CURVE_STYLE('',#14,POSITIVE_LENGTH_MEASURE(2.E-2),#1);
#1427=PRESENTATION_STYLE_ASSIGNMENT((#1426));
#1428=STYLED_ITEM('',(#1427),#1425);
#1429=DIRECTION('',(1.036208156317E-14,1.E0,0.E0));
#1430=VECTOR('',#1429,1.5E-1);
#1431=CARTESIAN_POINT('',(-1.5E0,1.E0,-5.4E0));
#1432=LINE('',#1431,#1430);
#1433=CURVE_STYLE('',#14,POSITIVE_LENGTH_MEASURE(2.E-2),#1);
#1434=PRESENTATION_STYLE_ASSIGNMENT((#1433));
#1435=STYLED_ITEM('',(#1434),#1432);
#1436=DIRECTION('',(9.778024140774E-1,2.095290887309E-1,0.E0));
#1437=VECTOR('',#1436,7.158910531638E-1);
#1438=CARTESIAN_POINT('',(-1.5E0,1.15E0,-5.4E0));
#1439=LINE('',#1438,#1437);
#1440=CURVE_STYLE('',#14,POSITIVE_LENGTH_MEASURE(2.E-2),#1);
#1441=PRESENTATION_STYLE_ASSIGNMENT((#1440));
#1442=STYLED_ITEM('',(#1441),#1439);
#1443=DIRECTION('',(1.E0,0.E0,0.E0));
#1444=VECTOR('',#1443,1.6E0);
#1445=CARTESIAN_POINT('',(-8.E-1,1.3E0,-5.4E0));
#1446=LINE('',#1445,#1444);
#1447=CURVE_STYLE('',#14,POSITIVE_LENGTH_MEASURE(2.E-2),#1);
#1448=PRESENTATION_STYLE_ASSIGNMENT((#1447));
#1449=STYLED_ITEM('',(#1448),#1446);
#1450=DIRECTION('',(9.778024140774E-1,-2.095290887309E-1,0.E0));
#1451=VECTOR('',#1450,7.158910531638E-1);
#1452=CARTESIAN_POINT('',(8.E-1,1.3E0,-5.4E0));
#1453=LINE('',#1452,#1451);
#1454=CURVE_STYLE('',#14,POSITIVE_LENGTH_MEASURE(2.E-2),#1);
#1455=PRESENTATION_STYLE_ASSIGNMENT((#1454));
#1456=STYLED_ITEM('',(#1455),#1453);
#1457=DIRECTION('',(0.E0,-1.E0,0.E0));
#1458=VECTOR('',#1457,1.5E-1);
#1459=CARTESIAN_POINT('',(1.5E0,1.15E0,-5.4E0));
#1460=LINE('',#1459,#1458);
#1461=CURVE_STYLE('',#14,POSITIVE_LENGTH_MEASURE(2.E-2),#1);
#1462=PRESENTATION_STYLE_ASSIGNMENT((#1461));
#1463=STYLED_ITEM('',(#1462),#1460);
#1464=DIRECTION('',(9.414691248821E-14,-1.E0,0.E0));
#1465=VECTOR('',#1464,5.E-1);
#1466=CARTESIAN_POINT('',(1.825022672948E0,1.E0,-5.4E0));
#1467=LINE('',#1466,#1465);
#1468=CURVE_STYLE('',#14,POSITIVE_LENGTH_MEASURE(2.E-2),#1);
#1469=PRESENTATION_STYLE_ASSIGNMENT((#1468));
#1470=STYLED_ITEM('',(#1469),#1467);
#1471=DIRECTION('',(-1.E0,0.E0,0.E0));
#1472=VECTOR('',#1471,3.650045345896E0);
#1473=CARTESIAN_POINT('',(1.825022672948E0,5.E-1,-5.4E0));
#1474=LINE('',#1473,#1472);
#1475=CURVE_STYLE('',#14,POSITIVE_LENGTH_MEASURE(2.E-2),#1);
#1476=PRESENTATION_STYLE_ASSIGNMENT((#1475));
#1477=STYLED_ITEM('',(#1476),#1474);
#1478=DIRECTION('',(-3.108624468951E-14,1.E0,0.E0));
#1479=VECTOR('',#1478,4.999999999999E-2);
#1480=CARTESIAN_POINT('',(1.5E0,8.E-1,-5.4E0));
#1481=LINE('',#1480,#1479);
#1482=CURVE_STYLE('',#14,POSITIVE_LENGTH_MEASURE(2.E-2),#1);
#1483=PRESENTATION_STYLE_ASSIGNMENT((#1482));
#1484=STYLED_ITEM('',(#1483),#1481);
#1485=DIRECTION('',(-9.778024140774E-1,2.095290887309E-1,0.E0));
#1486=VECTOR('',#1485,7.158910531638E-1);
#1487=CARTESIAN_POINT('',(1.5E0,8.5E-1,-5.4E0));
#1488=LINE('',#1487,#1486);
#1489=CURVE_STYLE('',#14,POSITIVE_LENGTH_MEASURE(2.E-2),#1);
#1490=PRESENTATION_STYLE_ASSIGNMENT((#1489));
#1491=STYLED_ITEM('',(#1490),#1488);
#1492=DIRECTION('',(-9.778024140774E-1,-2.095290887309E-1,0.E0));
#1493=VECTOR('',#1492,7.158910531638E-1);
#1494=CARTESIAN_POINT('',(-8.E-1,1.E0,-5.4E0));
#1495=LINE('',#1494,#1493);
#1496=CURVE_STYLE('',#14,POSITIVE_LENGTH_MEASURE(2.E-2),#1);
#1497=PRESENTATION_STYLE_ASSIGNMENT((#1496));
#1498=STYLED_ITEM('',(#1497),#1495);
#1499=DIRECTION('',(0.E0,-1.E0,0.E0));
#1500=VECTOR('',#1499,5.E-2);
#1501=CARTESIAN_POINT('',(-1.5E0,8.5E-1,-5.4E0));
#1502=LINE('',#1501,#1500);
#1503=CURVE_STYLE('',#14,POSITIVE_LENGTH_MEASURE(2.E-2),#1);
#1504=PRESENTATION_STYLE_ASSIGNMENT((#1503));
#1505=STYLED_ITEM('',(#1504),#1502);
#1506=DIRECTION('',(1.E0,0.E0,0.E0));
#1507=VECTOR('',#1506,3.E0);
#1508=CARTESIAN_POINT('',(-1.5E0,8.E-1,-5.4E0));
#1509=LINE('',#1508,#1507);
#1510=CURVE_STYLE('',#14,POSITIVE_LENGTH_MEASURE(2.E-2),#1);
#1511=PRESENTATION_STYLE_ASSIGNMENT((#1510));
#1512=STYLED_ITEM('',(#1511),#1509);
#1513=DIRECTION('',(-1.E0,0.E0,1.093066414899E-14));
#1514=VECTOR('',#1513,3.250226729480E-1);
#1515=CARTESIAN_POINT('',(-1.5E0,1.E0,-5.4E0));
#1516=LINE('',#1515,#1514);
#1517=CURVE_STYLE('',#14,POSITIVE_LENGTH_MEASURE(2.E-2),#1);
#1518=PRESENTATION_STYLE_ASSIGNMENT((#1517));
#1519=STYLED_ITEM('',(#1518),#1516);
#1520=CARTESIAN_POINT('',(-1.825022672948E0,1.E0,-5.4E0));
#1521=CARTESIAN_POINT('',(-1.825022672948E0,1.050095495939E0,-5.4E0));
#1522=CARTESIAN_POINT('',(-1.826926918478E0,1.128437720657E0,
-5.421765626004E0));
#1523=CARTESIAN_POINT('',(-1.832334729264E0,1.216676538224E0,
-5.483577186134E0));
#1524=CARTESIAN_POINT('',(-1.840057098193E0,1.278358779371E0,
-5.571844266893E0));
#1525=CARTESIAN_POINT('',(-1.846903161849E0,1.3E0,-5.650095132548E0));
#1526=CARTESIAN_POINT('',(-1.851269272006E0,1.3E0,-5.7E0));
#1528=CURVE_STYLE('',#14,POSITIVE_LENGTH_MEASURE(2.E-2),#1);
#1529=PRESENTATION_STYLE_ASSIGNMENT((#1528));
#1530=STYLED_ITEM('',(#1529),#1527);
#1531=DIRECTION('',(1.E0,0.E0,0.E0));
#1532=VECTOR('',#1531,3.512692720059E-1);
#1533=CARTESIAN_POINT('',(-1.851269272006E0,1.3E0,-5.7E0));
#1534=LINE('',#1533,#1532);
#1535=CURVE_STYLE('',#14,POSITIVE_LENGTH_MEASURE(2.E-2),#1);
#1536=PRESENTATION_STYLE_ASSIGNMENT((#1535));
#1537=STYLED_ITEM('',(#1536),#1534);
#1538=CARTESIAN_POINT('',(-1.5E0,1.E0,-5.7E0));
#1539=DIRECTION('',(-1.E0,0.E0,0.E0));
#1540=DIRECTION('',(0.E0,0.E0,1.E0));
#1541=AXIS2_PLACEMENT_3D('',#1538,#1539,#1540);
#1543=CURVE_STYLE('',#14,POSITIVE_LENGTH_MEASURE(2.E-2),#1);
#1544=PRESENTATION_STYLE_ASSIGNMENT((#1543));
#1545=STYLED_ITEM('',(#1544),#1542);
#1546=DIRECTION('',(1.104908996169E-14,-6.795190326438E-13,1.E0));
#1547=VECTOR('',#1546,4.019237886468E-2);
#1548=CARTESIAN_POINT('',(-1.5E0,1.15E0,-5.440192378865E0));
#1549=LINE('',#1548,#1547);
#1550=CURVE_STYLE('',#14,POSITIVE_LENGTH_MEASURE(2.E-2),#1);
#1551=PRESENTATION_STYLE_ASSIGNMENT((#1550));
#1552=STYLED_ITEM('',(#1551),#1549);
#1553=DIRECTION('',(0.E0,-7.590580299439E-14,-1.E0));
#1554=VECTOR('',#1553,3.598076211353E-1);
#1555=CARTESIAN_POINT('',(-1.5E0,1.15E0,-5.440192378865E0));
#1556=LINE('',#1555,#1554);
#1557=CURVE_STYLE('',#14,POSITIVE_LENGTH_MEASURE(2.E-2),#1);
#1558=PRESENTATION_STYLE_ASSIGNMENT((#1557));
#1559=STYLED_ITEM('',(#1558),#1556);
#1560=DIRECTION('',(0.E0,0.E0,1.E0));
#1561=VECTOR('',#1560,4.E-1);
#1562=CARTESIAN_POINT('',(-8.E-1,1.3E0,-5.8E0));
#1563=LINE('',#1562,#1561);
#1564=CURVE_STYLE('',#14,POSITIVE_LENGTH_MEASURE(2.E-2),#1);
#1565=PRESENTATION_STYLE_ASSIGNMENT((#1564));
#1566=STYLED_ITEM('',(#1565),#1563);
#1567=CARTESIAN_POINT('',(-1.5E0,1.E0,-5.7E0));
#1568=DIRECTION('',(-1.E0,0.E0,0.E0));
#1569=DIRECTION('',(0.E0,5.E-1,8.660254037845E-1));
#1570=AXIS2_PLACEMENT_3D('',#1567,#1568,#1569);
#1572=CURVE_STYLE('',#14,POSITIVE_LENGTH_MEASURE(2.E-2),#1);
#1573=PRESENTATION_STYLE_ASSIGNMENT((#1572));
#1574=STYLED_ITEM('',(#1573),#1571);
#1575=DIRECTION('',(-1.036208156317E-14,1.E0,0.E0));
#1576=VECTOR('',#1575,1.5E-1);
#1577=CARTESIAN_POINT('',(-1.5E0,1.15E0,-5.8E0));
#1578=LINE('',#1577,#1576);
#1579=CURVE_STYLE('',#14,POSITIVE_LENGTH_MEASURE(2.E-2),#1);
#1580=PRESENTATION_STYLE_ASSIGNMENT((#1579));
#1581=STYLED_ITEM('',(#1580),#1578);
#1582=DIRECTION('',(-9.778024140774E-1,-2.095290887309E-1,0.E0));
#1583=VECTOR('',#1582,7.158910531638E-1);
#1584=CARTESIAN_POINT('',(-8.E-1,1.3E0,-5.8E0));
#1585=LINE('',#1584,#1583);
#1586=CURVE_STYLE('',#14,POSITIVE_LENGTH_MEASURE(2.E-2),#1);
#1587=PRESENTATION_STYLE_ASSIGNMENT((#1586));
#1588=STYLED_ITEM('',(#1587),#1585);
#1589=DIRECTION('',(0.E0,0.E0,-1.E0));
#1590=VECTOR('',#1589,1.E-1);
#1591=CARTESIAN_POINT('',(1.5E0,1.3E0,-5.7E0));
#1592=LINE('',#1591,#1590);
#1593=CURVE_STYLE('',#14,POSITIVE_LENGTH_MEASURE(2.E-2),#1);
#1594=PRESENTATION_STYLE_ASSIGNMENT((#1593));
#1595=STYLED_ITEM('',(#1594),#1592);
#1596=DIRECTION('',(0.E0,0.E0,1.E0));
#1597=VECTOR('',#1596,4.E-1);
#1598=CARTESIAN_POINT('',(8.E-1,1.3E0,-5.8E0));
#1599=LINE('',#1598,#1597);
#1600=CURVE_STYLE('',#14,POSITIVE_LENGTH_MEASURE(2.E-2),#1);
#1601=PRESENTATION_STYLE_ASSIGNMENT((#1600));
#1602=STYLED_ITEM('',(#1601),#1599);
#1603=DIRECTION('',(-1.E0,0.E0,0.E0));
#1604=VECTOR('',#1603,7.E-1);
#1605=CARTESIAN_POINT('',(-8.E-1,1.3E0,-5.8E0));
#1606=LINE('',#1605,#1604);
#1607=CURVE_STYLE('',#14,POSITIVE_LENGTH_MEASURE(2.E-2),#1);
#1608=PRESENTATION_STYLE_ASSIGNMENT((#1607));
#1609=STYLED_ITEM('',(#1608),#1606);
#1610=DIRECTION('',(0.E0,0.E0,1.E0));
#1611=VECTOR('',#1610,1.E-1);
#1612=CARTESIAN_POINT('',(-1.5E0,1.3E0,-5.8E0));
#1613=LINE('',#1612,#1611);
#1614=CURVE_STYLE('',#14,POSITIVE_LENGTH_MEASURE(2.E-2),#1);
#1615=PRESENTATION_STYLE_ASSIGNMENT((#1614));
#1616=STYLED_ITEM('',(#1615),#1613);
#1617=DIRECTION('',(-8.715574274759E-2,0.E0,-9.961946980918E-1));
#1618=VECTOR('',#1617,1.405347772561E0);
#1619=CARTESIAN_POINT('',(-1.851269272006E0,1.3E0,-5.7E0));
#1620=LINE('',#1619,#1618);
#1621=CURVE_STYLE('',#14,POSITIVE_LENGTH_MEASURE(2.E-2),#1);
#1622=PRESENTATION_STYLE_ASSIGNMENT((#1621));
#1623=STYLED_ITEM('',(#1622),#1620);
#1624=DIRECTION('',(-8.715574274759E-2,0.E0,9.961946980918E-1));
#1625=VECTOR('',#1624,1.405347772561E0);
#1626=CARTESIAN_POINT('',(1.973753400942E0,1.3E0,-7.1E0));
#1627=LINE('',#1626,#1625);
#1628=CURVE_STYLE('',#14,POSITIVE_LENGTH_MEASURE(2.E-2),#1);
#1629=PRESENTATION_STYLE_ASSIGNMENT((#1628));
#1630=STYLED_ITEM('',(#1629),#1627);
#1631=DIRECTION('',(0.E0,1.E0,0.E0));
#1632=VECTOR('',#1631,1.5E-1);
#1633=CARTESIAN_POINT('',(1.5E0,1.15E0,-5.8E0));
#1634=LINE('',#1633,#1632);
#1635=CURVE_STYLE('',#14,POSITIVE_LENGTH_MEASURE(2.E-2),#1);
#1636=PRESENTATION_STYLE_ASSIGNMENT((#1635));
#1637=STYLED_ITEM('',(#1636),#1634);
#1638=CARTESIAN_POINT('',(1.5E0,1.E0,-5.7E0));
#1639=DIRECTION('',(1.E0,0.E0,0.E0));
#1640=DIRECTION('',(0.E0,1.E0,0.E0));
#1641=AXIS2_PLACEMENT_3D('',#1638,#1639,#1640);
#1643=CURVE_STYLE('',#14,POSITIVE_LENGTH_MEASURE(2.E-2),#1);
#1644=PRESENTATION_STYLE_ASSIGNMENT((#1643));
#1645=STYLED_ITEM('',(#1644),#1642);
#1646=DIRECTION('',(0.E0,0.E0,-1.E0));
#1647=VECTOR('',#1646,3.598076211353E-1);
#1648=CARTESIAN_POINT('',(1.5E0,1.15E0,-5.440192378865E0));
#1649=LINE('',#1648,#1647);
#1650=CURVE_STYLE('',#14,POSITIVE_LENGTH_MEASURE(2.E-2),#1);
#1651=PRESENTATION_STYLE_ASSIGNMENT((#1650));
#1652=STYLED_ITEM('',(#1651),#1649);
#1653=DIRECTION('',(-9.778024140774E-1,2.095290887309E-1,0.E0));
#1654=VECTOR('',#1653,7.158910531638E-1);
#1655=CARTESIAN_POINT('',(1.5E0,1.15E0,-5.8E0));
#1656=LINE('',#1655,#1654);
#1657=CURVE_STYLE('',#14,POSITIVE_LENGTH_MEASURE(2.E-2),#1);
#1658=PRESENTATION_STYLE_ASSIGNMENT((#1657));
#1659=STYLED_ITEM('',(#1658),#1656);
#1660=DIRECTION('',(1.E0,0.E0,0.E0));
#1661=VECTOR('',#1660,7.E-1);
#1662=CARTESIAN_POINT('',(8.E-1,1.3E0,-5.8E0));
#1663=LINE('',#1662,#1661);
#1664=CURVE_STYLE('',#14,POSITIVE_LENGTH_MEASURE(2.E-2),#1);
#1665=PRESENTATION_STYLE_ASSIGNMENT((#1664));
#1666=STYLED_ITEM('',(#1665),#1663);
#1667=DIRECTION('',(0.E0,-3.867181486591E-14,1.E0));
#1668=VECTOR('',#1667,4.019237886467E-2);
#1669=CARTESIAN_POINT('',(1.5E0,1.15E0,-5.440192378865E0));
#1670=LINE('',#1669,#1668);
#1671=CURVE_STYLE('',#14,POSITIVE_LENGTH_MEASURE(2.E-2),#1);
#1672=PRESENTATION_STYLE_ASSIGNMENT((#1671));
#1673=STYLED_ITEM('',(#1672),#1670);
#1674=CARTESIAN_POINT('',(1.5E0,1.E0,-5.7E0));
#1675=DIRECTION('',(1.E0,0.E0,0.E0));
#1676=DIRECTION('',(0.E0,5.E-1,8.660254037844E-1));
#1677=AXIS2_PLACEMENT_3D('',#1674,#1675,#1676);
#1679=CURVE_STYLE('',#14,POSITIVE_LENGTH_MEASURE(2.E-2),#1);
#1680=PRESENTATION_STYLE_ASSIGNMENT((#1679));
#1681=STYLED_ITEM('',(#1680),#1678);
#1682=DIRECTION('',(1.E0,0.E0,0.E0));
#1683=VECTOR('',#1682,3.512692720060E-1);
#1684=CARTESIAN_POINT('',(1.5E0,1.3E0,-5.7E0));
#1685=LINE('',#1684,#1683);
#1686=CURVE_STYLE('',#14,POSITIVE_LENGTH_MEASURE(2.E-2),#1);
#1687=PRESENTATION_STYLE_ASSIGNMENT((#1686));
#1688=STYLED_ITEM('',(#1687),#1685);
#1689=CARTESIAN_POINT('',(1.851269272006E0,1.3E0,-5.7E0));
#1690=CARTESIAN_POINT('',(1.846903161849E0,1.3E0,-5.650095132548E0));
#1691=CARTESIAN_POINT('',(1.840057098193E0,1.278358779371E0,-5.571844266893E0));
#1692=CARTESIAN_POINT('',(1.832334729264E0,1.216676538224E0,-5.483577186134E0));
#1693=CARTESIAN_POINT('',(1.826926918478E0,1.128437720657E0,-5.421765626004E0));
#1694=CARTESIAN_POINT('',(1.825022672948E0,1.050095495939E0,-5.4E0));
#1695=CARTESIAN_POINT('',(1.825022672948E0,1.E0,-5.4E0));
#1697=CURVE_STYLE('',#14,POSITIVE_LENGTH_MEASURE(2.E-2),#1);
#1698=PRESENTATION_STYLE_ASSIGNMENT((#1697));
#1699=STYLED_ITEM('',(#1698),#1696);
#1700=DIRECTION('',(-1.E0,0.E0,0.E0));
#1701=VECTOR('',#1700,3.250226729480E-1);
#1702=CARTESIAN_POINT('',(1.825022672948E0,1.E0,-5.4E0));
#1703=LINE('',#1702,#1701);
#1704=CURVE_STYLE('',#14,POSITIVE_LENGTH_MEASURE(2.E-2),#1);
#1705=PRESENTATION_STYLE_ASSIGNMENT((#1704));
#1706=STYLED_ITEM('',(#1705),#1703);
#1707=DIRECTION('',(-3.108624468951E-14,1.E0,0.E0));
#1708=VECTOR('',#1707,4.999999999999E-2);
#1709=CARTESIAN_POINT('',(1.5E0,8.E-1,-5.8E0));
#1710=LINE('',#1709,#1708);
#1711=CURVE_STYLE('',#14,POSITIVE_LENGTH_MEASURE(2.E-2),#1);
#1712=PRESENTATION_STYLE_ASSIGNMENT((#1711));
#1713=STYLED_ITEM('',(#1712),#1710);
#1714=DIRECTION('',(0.E0,0.E0,-1.E0));
#1715=VECTOR('',#1714,4.E-1);
#1716=CARTESIAN_POINT('',(1.5E0,8.5E-1,-5.4E0));
#1717=LINE('',#1716,#1715);
#1718=CURVE_STYLE('',#14,POSITIVE_LENGTH_MEASURE(2.E-2),#1);
#1719=PRESENTATION_STYLE_ASSIGNMENT((#1718));
#1720=STYLED_ITEM('',(#1719),#1717);
#1721=DIRECTION('',(0.E0,0.E0,1.E0));
#1722=VECTOR('',#1721,4.E-1);
#1723=CARTESIAN_POINT('',(8.E-1,1.E0,-5.8E0));
#1724=LINE('',#1723,#1722);
#1725=CURVE_STYLE('',#14,POSITIVE_LENGTH_MEASURE(2.E-2),#1);
#1726=PRESENTATION_STYLE_ASSIGNMENT((#1725));
#1727=STYLED_ITEM('',(#1726),#1724);
#1728=DIRECTION('',(1.E0,0.E0,0.E0));
#1729=VECTOR('',#1728,1.6E0);
#1730=CARTESIAN_POINT('',(-8.E-1,1.E0,-5.8E0));
#1731=LINE('',#1730,#1729);
#1732=CURVE_STYLE('',#14,POSITIVE_LENGTH_MEASURE(2.E-2),#1);
#1733=PRESENTATION_STYLE_ASSIGNMENT((#1732));
#1734=STYLED_ITEM('',(#1733),#1731);
#1735=DIRECTION('',(9.778024140774E-1,-2.095290887309E-1,0.E0));
#1736=VECTOR('',#1735,7.158910531638E-1);
#1737=CARTESIAN_POINT('',(8.E-1,1.E0,-5.8E0));
#1738=LINE('',#1737,#1736);
#1739=CURVE_STYLE('',#14,POSITIVE_LENGTH_MEASURE(2.E-2),#1);
#1740=PRESENTATION_STYLE_ASSIGNMENT((#1739));
#1741=STYLED_ITEM('',(#1740),#1738);
#1742=DIRECTION('',(0.E0,1.E0,0.E0));
#1743=VECTOR('',#1742,5.E-2);
#1744=CARTESIAN_POINT('',(-1.5E0,8.E-1,-5.8E0));
#1745=LINE('',#1744,#1743);
#1746=CURVE_STYLE('',#14,POSITIVE_LENGTH_MEASURE(2.E-2),#1);
#1747=PRESENTATION_STYLE_ASSIGNMENT((#1746));
#1748=STYLED_ITEM('',(#1747),#1745);
#1749=DIRECTION('',(9.778024140774E-1,2.095290887309E-1,0.E0));
#1750=VECTOR('',#1749,7.158910531638E-1);
#1751=CARTESIAN_POINT('',(-1.5E0,8.5E-1,-5.8E0));
#1752=LINE('',#1751,#1750);
#1753=CURVE_STYLE('',#14,POSITIVE_LENGTH_MEASURE(2.E-2),#1);
#1754=PRESENTATION_STYLE_ASSIGNMENT((#1753));
#1755=STYLED_ITEM('',(#1754),#1752);
#1756=DIRECTION('',(0.E0,0.E0,1.E0));
#1757=VECTOR('',#1756,4.E-1);
#1758=CARTESIAN_POINT('',(-8.E-1,1.E0,-5.8E0));
#1759=LINE('',#1758,#1757);
#1760=CURVE_STYLE('',#14,POSITIVE_LENGTH_MEASURE(2.E-2),#1);
#1761=PRESENTATION_STYLE_ASSIGNMENT((#1760));
#1762=STYLED_ITEM('',(#1761),#1759);
#1763=DIRECTION('',(1.E0,0.E0,0.E0));
#1764=VECTOR('',#1763,1.6E0);
#1765=CARTESIAN_POINT('',(-8.E-1,1.E0,-5.4E0));
#1766=LINE('',#1765,#1764);
#1767=CURVE_STYLE('',#14,POSITIVE_LENGTH_MEASURE(2.E-2),#1);
#1768=PRESENTATION_STYLE_ASSIGNMENT((#1767));
#1769=STYLED_ITEM('',(#1768),#1766);
#1770=DIRECTION('',(0.E0,0.E0,-1.E0));
#1771=VECTOR('',#1770,4.E-1);
#1772=CARTESIAN_POINT('',(-1.5E0,8.5E-1,-5.4E0));
#1773=LINE('',#1772,#1771);
#1774=CURVE_STYLE('',#14,POSITIVE_LENGTH_MEASURE(2.E-2),#1);
#1775=PRESENTATION_STYLE_ASSIGNMENT((#1774));
#1776=STYLED_ITEM('',(#1775),#1773);
#1777=DIRECTION('',(0.E0,0.E0,1.E0));
#1778=VECTOR('',#1777,4.E-1);
#1779=CARTESIAN_POINT('',(1.5E0,8.E-1,-5.8E0));
#1780=LINE('',#1779,#1778);
#1781=CURVE_STYLE('',#14,POSITIVE_LENGTH_MEASURE(2.E-2),#1);
#1782=PRESENTATION_STYLE_ASSIGNMENT((#1781));
#1783=STYLED_ITEM('',(#1782),#1780);
#1784=DIRECTION('',(0.E0,0.E0,-1.E0));
#1785=VECTOR('',#1784,4.E-1);
#1786=CARTESIAN_POINT('',(-1.5E0,8.E-1,-5.4E0));
#1787=LINE('',#1786,#1785);
#1788=CURVE_STYLE('',#14,POSITIVE_LENGTH_MEASURE(2.E-2),#1);
#1789=PRESENTATION_STYLE_ASSIGNMENT((#1788));
#1790=STYLED_ITEM('',(#1789),#1787);
#1791=DIRECTION('',(1.E0,0.E0,0.E0));
#1792=VECTOR('',#1791,3.E0);
#1793=CARTESIAN_POINT('',(-1.5E0,8.E-1,-5.8E0));
#1794=LINE('',#1793,#1792);
#1795=CURVE_STYLE('',#14,POSITIVE_LENGTH_MEASURE(2.E-2),#1);
#1796=PRESENTATION_STYLE_ASSIGNMENT((#1795));
#1797=STYLED_ITEM('',(#1796),#1794);
#1798=DIRECTION('',(-4.258202652698E-10,-1.E0,-1.628210014444E-10));
#1799=VECTOR('',#1798,2.067154097678E0);
#1800=CARTESIAN_POINT('',(2.000000000880E0,2.567154097678E0,-5.229999999663E0));
#1801=LINE('',#1800,#1799);
#1802=CURVE_STYLE('',#14,POSITIVE_LENGTH_MEASURE(2.E-2),#1);
#1803=PRESENTATION_STYLE_ASSIGNMENT((#1802));
#1804=STYLED_ITEM('',(#1803),#1801);
#1805=DIRECTION('',(-7.545555733822E-11,-1.E0,-2.886596876406E-11));
#1806=VECTOR('',#1805,2.632846021489E0);
#1807=CARTESIAN_POINT('',(2.E0,1.04E1,-5.23E0));
#1808=LINE('',#1807,#1806);
#1809=CURVE_STYLE('',#14,POSITIVE_LENGTH_MEASURE(2.E-2),#1);
#1810=PRESENTATION_STYLE_ASSIGNMENT((#1809));
#1811=STYLED_ITEM('',(#1810),#1808);
#1812=DIRECTION('',(-1.152201785945E-8,-1.E0,-4.406123304615E-9));
#1813=VECTOR('',#1812,5.000006230578E-2);
#1814=CARTESIAN_POINT('',(1.999999999801E0,7.467153978510E0,-5.230000000076E0));
#1815=LINE('',#1814,#1813);
#1816=CURVE_STYLE('',#14,POSITIVE_LENGTH_MEASURE(2.E-2),#1);
#1817=PRESENTATION_STYLE_ASSIGNMENT((#1816));
#1818=STYLED_ITEM('',(#1817),#1815);
#1819=DIRECTION('',(-3.524697808613E-5,-9.999999936715E-1,1.068389701877E-4));
#1820=VECTOR('',#1819,3.000000019E-1);
#1821=CARTESIAN_POINT('',(2.099107466012E0,7.419695096644E0,-6.362719552924E0));
#1822=LINE('',#1821,#1820);
#1823=CURVE_STYLE('',#14,POSITIVE_LENGTH_MEASURE(2.E-2),#1);
#1824=PRESENTATION_STYLE_ASSIGNMENT((#1823));
#1825=STYLED_ITEM('',(#1824),#1822);
#1826=DIRECTION('',(1.431527379261E-8,-1.E0,5.474296326907E-9));
#1827=VECTOR('',#1826,4.999992111237E-2);
#1828=CARTESIAN_POINT('',(1.999999999225E0,7.117153916203E0,-5.230000000296E0));
#1829=LINE('',#1828,#1827);
#1830=CURVE_STYLE('',#14,POSITIVE_LENGTH_MEASURE(2.E-2),#1);
#1831=PRESENTATION_STYLE_ASSIGNMENT((#1830));
#1832=STYLED_ITEM('',(#1831),#1829);
#1833=DIRECTION('',(-3.601997368395E-5,-9.999999933909E-1,1.091820541627E-4));
#1834=VECTOR('',#1833,3.000000019832E-1);
#1835=CARTESIAN_POINT('',(2.099107752704E0,7.069702525621E0,-6.362720237772E0));
#1836=LINE('',#1835,#1834);
#1837=CURVE_STYLE('',#14,POSITIVE_LENGTH_MEASURE(2.E-2),#1);
#1838=PRESENTATION_STYLE_ASSIGNMENT((#1837));
#1839=STYLED_ITEM('',(#1838),#1836);
#1840=DIRECTION('',(1.878455914650E-8,-1.E0,7.183388634084E-9));
#1841=VECTOR('',#1840,4.999989741353E-2);
#1842=CARTESIAN_POINT('',(1.999999999941E0,6.767153995090E0,-5.230000000023E0));
#1843=LINE('',#1842,#1841);
#1844=CURVE_STYLE('',#14,POSITIVE_LENGTH_MEASURE(2.E-2),#1);
#1845=PRESENTATION_STYLE_ASSIGNMENT((#1844));
#1846=STYLED_ITEM('',(#1845),#1843);
#1847=DIRECTION('',(-1.816917631233E-8,-1.E0,-6.948063715175E-9));
#1848=VECTOR('',#1847,5.000010041353E-2);
#1849=CARTESIAN_POINT('',(2.000000000880E0,6.417154097678E0,-5.229999999663E0));
#1850=LINE('',#1849,#1848);
#1851=CURVE_STYLE('',#14,POSITIVE_LENGTH_MEASURE(2.E-2),#1);
#1852=PRESENTATION_STYLE_ASSIGNMENT((#1851));
#1853=STYLED_ITEM('',(#1852),#1850);
#1854=DIRECTION('',(9.056542361310E-9,-1.E0,3.463313103798E-9));
#1855=VECTOR('',#1854,4.999994997963E-2);
#1856=CARTESIAN_POINT('',(1.999999999972E0,6.067153997265E0,-5.230000000011E0));
#1857=LINE('',#1856,#1855);
#1858=CURVE_STYLE('',#14,POSITIVE_LENGTH_MEASURE(2.E-2),#1);
#1859=PRESENTATION_STYLE_ASSIGNMENT((#1858));
#1860=STYLED_ITEM('',(#1859),#1857);
#1861=DIRECTION('',(4.337441788739E-5,-9.999999904166E-1,-1.314744848828E-4));
#1862=VECTOR('',#1861,3.000000028743E-1);
#1863=CARTESIAN_POINT('',(2.099083902985E0,6.019698268803E0,-6.362648051170E0));
#1864=LINE('',#1863,#1862);
#1865=CURVE_STYLE('',#14,POSITIVE_LENGTH_MEASURE(2.E-2),#1);
#1866=PRESENTATION_STYLE_ASSIGNMENT((#1865));
#1867=STYLED_ITEM('',(#1866),#1864);
#1868=DIRECTION('',(6.678476132169E-9,-1.E0,2.553923439448E-9));
#1869=VECTOR('',#1868,4.999996239634E-2);
#1870=CARTESIAN_POINT('',(2.000000000425E0,5.717154047286E0,-5.229999999838E0));
#1871=LINE('',#1870,#1869);
#1872=CURVE_STYLE('',#14,POSITIVE_LENGTH_MEASURE(2.E-2),#1);
#1873=PRESENTATION_STYLE_ASSIGNMENT((#1872));
#1874=STYLED_ITEM('',(#1873),#1871);
#1875=DIRECTION('',(2.488813178655E-5,-9.999999968447E-1,-7.543973253980E-5));
#1876=VECTOR('',#1875,3.000000009461E-1);
#1877=CARTESIAN_POINT('',(2.099089464242E0,5.669700351052E0,-6.362664856525E0));
#1878=LINE('',#1877,#1876);
#1879=CURVE_STYLE('',#14,POSITIVE_LENGTH_MEASURE(2.E-2),#1);
#1880=PRESENTATION_STYLE_ASSIGNMENT((#1879));
#1881=STYLED_ITEM('',(#1880),#1878);
#1882=DIRECTION('',(-1.938960426115E-8,-1.E0,-7.414764152178E-9));
#1883=VECTOR('',#1882,5.000010620031E-2);
#1884=CARTESIAN_POINT('',(2.000000000758E0,5.367154084891E0,-5.229999999710E0));
#1885=LINE('',#1884,#1883);
#1886=CURVE_STYLE('',#14,POSITIVE_LENGTH_MEASURE(2.E-2),#1);
#1887=PRESENTATION_STYLE_ASSIGNMENT((#1886));
#1888=STYLED_ITEM('',(#1887),#1885);
#1889=DIRECTION('',(-4.069499981877E-10,-1.E0,-1.556088472614E-10));
#1890=VECTOR('',#1889,5.000000381406E-2);
#1891=CARTESIAN_POINT('',(1.999999999789E0,5.017153978690E0,-5.230000000081E0));
#1892=LINE('',#1891,#1890);
#1893=CURVE_STYLE('',#14,POSITIVE_LENGTH_MEASURE(2.E-2),#1);
#1894=PRESENTATION_STYLE_ASSIGNMENT((#1893));
#1895=STYLED_ITEM('',(#1894),#1892);
#1896=DIRECTION('',(3.271142175730E-5,-9.999999945493E-1,-9.915331698048E-5));
#1897=VECTOR('',#1896,3.000000016353E-1);
#1898=CARTESIAN_POINT('',(2.099087082555E0,4.969695644411E0,-6.362657753897E0));
#1899=LINE('',#1898,#1897);
#1900=CURVE_STYLE('',#14,POSITIVE_LENGTH_MEASURE(2.E-2),#1);
#1901=PRESENTATION_STYLE_ASSIGNMENT((#1900));
#1902=STYLED_ITEM('',(#1901),#1899);
#1903=DIRECTION('',(1.005774357991E-8,-1.E0,3.846172094530E-9));
#1904=VECTOR('',#1903,4.999994454407E-2);
#1905=CARTESIAN_POINT('',(1.999999999769E0,4.667153974876E0,-5.230000000088E0));
#1906=LINE('',#1905,#1904);
#1907=CURVE_STYLE('',#14,POSITIVE_LENGTH_MEASURE(2.E-2),#1);
#1908=PRESENTATION_STYLE_ASSIGNMENT((#1907));
#1909=STYLED_ITEM('',(#1908),#1906);
#1910=DIRECTION('',(4.474337188420E-5,-9.999999898021E-1,-1.356239979191E-4));
#1911=VECTOR('',#1910,3.000000030595E-1);
#1912=CARTESIAN_POINT('',(2.099083486357E0,4.619697462716E0,-6.362646808276E0));
#1913=LINE('',#1912,#1911);
#1914=CURVE_STYLE('',#14,POSITIVE_LENGTH_MEASURE(2.E-2),#1);
#1915=PRESENTATION_STYLE_ASSIGNMENT((#1914));
#1916=STYLED_ITEM('',(#1915),#1913);
#1917=DIRECTION('',(9.755007344193E-9,-1.E0,3.730388918107E-9));
#1918=VECTOR('',#1917,4.999994600792E-2);
#1919=CARTESIAN_POINT('',(2.000000000271E0,4.317154030332E0,-5.229999999896E0));
#1920=LINE('',#1919,#1918);
#1921=CURVE_STYLE('',#14,POSITIVE_LENGTH_MEASURE(2.E-2),#1);
#1922=PRESENTATION_STYLE_ASSIGNMENT((#1921));
#1923=STYLED_ITEM('',(#1922),#1920);
#1924=DIRECTION('',(-1.915959333289E-8,-1.E0,-7.326799205133E-9));
#1925=VECTOR('',#1924,5.000010581266E-2);
#1926=CARTESIAN_POINT('',(2.000000000759E0,3.967154084324E0,-5.229999999710E0));
#1927=LINE('',#1926,#1925);
#1928=CURVE_STYLE('',#14,POSITIVE_LENGTH_MEASURE(2.E-2),#1);
#1929=PRESENTATION_STYLE_ASSIGNMENT((#1928));
#1930=STYLED_ITEM('',(#1929),#1927);
#1931=DIRECTION('',(-1.152202674141E-8,-1.E0,-4.406123304688E-9));
#1932=VECTOR('',#1931,5.000006230495E-2);
#1933=CARTESIAN_POINT('',(1.999999999801E0,3.617153978512E0,-5.230000000076E0));
#1934=LINE('',#1933,#1932);
#1935=CURVE_STYLE('',#14,POSITIVE_LENGTH_MEASURE(2.E-2),#1);
#1936=PRESENTATION_STYLE_ASSIGNMENT((#1935));
#1937=STYLED_ITEM('',(#1936),#1934);
#1938=DIRECTION('',(-3.524697765994E-5,-9.999999936715E-1,1.068389688410E-4));
#1939=VECTOR('',#1938,3.000000018989E-1);
#1940=CARTESIAN_POINT('',(2.099107466012E0,3.569695096647E0,-6.362719552923E0));
#1941=LINE('',#1940,#1939);
#1942=CURVE_STYLE('',#14,POSITIVE_LENGTH_MEASURE(2.E-2),#1);
#1943=PRESENTATION_STYLE_ASSIGNMENT((#1942));
#1944=STYLED_ITEM('',(#1943),#1941);
#1945=DIRECTION('',(1.431520273765E-8,-1.E0,5.474243035896E-9));
#1946=VECTOR('',#1945,4.999992111440E-2);
#1947=CARTESIAN_POINT('',(1.999999999225E0,3.267153916207E0,-5.230000000296E0));
#1948=LINE('',#1947,#1946);
#1949=CURVE_STYLE('',#14,POSITIVE_LENGTH_MEASURE(2.E-2),#1);
#1950=PRESENTATION_STYLE_ASSIGNMENT((#1949));
#1951=STYLED_ITEM('',(#1950),#1948);
#1952=DIRECTION('',(-3.601997692285E-5,-9.999999933909E-1,1.091820538726E-4));
#1953=VECTOR('',#1952,3.000000019831E-1);
#1954=CARTESIAN_POINT('',(2.099107752705E0,3.219702525622E0,-6.362720237772E0));
#1955=LINE('',#1954,#1953);
#1956=CURVE_STYLE('',#14,POSITIVE_LENGTH_MEASURE(2.E-2),#1);
#1957=PRESENTATION_STYLE_ASSIGNMENT((#1956));
#1958=STYLED_ITEM('',(#1957),#1955);
#1959=DIRECTION('',(1.878454138245E-8,-1.E0,7.183388633915E-9));
#1960=VECTOR('',#1959,4.999989741470E-2);
#1961=CARTESIAN_POINT('',(1.999999999941E0,2.917153995092E0,-5.230000000023E0));
#1962=LINE('',#1961,#1960);
#1963=CURVE_STYLE('',#14,POSITIVE_LENGTH_MEASURE(2.E-2),#1);
#1964=PRESENTATION_STYLE_ASSIGNMENT((#1963));
#1965=STYLED_ITEM('',(#1964),#1962);
#1966=DIRECTION('',(-1.E0,0.E0,0.E0));
#1967=VECTOR('',#1966,6.416405268386E0);
#1968=CARTESIAN_POINT('',(8.65E0,1.04E1,-7.9E0));
#1969=LINE('',#1968,#1967);
#1970=CURVE_STYLE('',#14,POSITIVE_LENGTH_MEASURE(2.E-2),#1);
#1971=PRESENTATION_STYLE_ASSIGNMENT((#1970));
#1972=STYLED_ITEM('',(#1971),#1969);
#1973=DIRECTION('',(0.E0,-1.E0,0.E0));
#1974=VECTOR('',#1973,9.9E0);
#1975=CARTESIAN_POINT('',(2.233594731614E0,1.04E1,-7.9E0));
#1976=LINE('',#1975,#1974);
#1977=CURVE_STYLE('',#14,POSITIVE_LENGTH_MEASURE(2.E-2),#1);
#1978=PRESENTATION_STYLE_ASSIGNMENT((#1977));
#1979=STYLED_ITEM('',(#1978),#1976);
#1980=DIRECTION('',(1.E0,0.E0,0.E0));
#1981=VECTOR('',#1980,6.416405268386E0);
#1982=CARTESIAN_POINT('',(2.233594731614E0,5.E-1,-7.9E0));
#1983=LINE('',#1982,#1981);
#1984=CURVE_STYLE('',#14,POSITIVE_LENGTH_MEASURE(2.E-2),#1);
#1985=PRESENTATION_STYLE_ASSIGNMENT((#1984));
#1986=STYLED_ITEM('',(#1985),#1983);
#1987=DIRECTION('',(0.E0,1.E0,0.E0));
#1988=VECTOR('',#1987,9.9E0);
#1989=CARTESIAN_POINT('',(8.65E0,5.E-1,7.43E0));
#1990=LINE('',#1989,#1988);
#1991=CURVE_STYLE('',#14,POSITIVE_LENGTH_MEASURE(2.E-2),#1);
#1992=PRESENTATION_STYLE_ASSIGNMENT((#1991));
#1993=STYLED_ITEM('',(#1992),#1990);
#1994=DIRECTION('',(0.E0,0.E0,-1.E0));
#1995=VECTOR('',#1994,1.533E1);
#1996=CARTESIAN_POINT('',(8.65E0,1.04E1,7.43E0));
#1997=LINE('',#1996,#1995);
#1998=CURVE_STYLE('',#14,POSITIVE_LENGTH_MEASURE(2.E-2),#1);
#1999=PRESENTATION_STYLE_ASSIGNMENT((#1998));
#2000=STYLED_ITEM('',(#1999),#1997);
#2001=DIRECTION('',(0.E0,-1.E0,0.E0));
#2002=VECTOR('',#2001,9.9E0);
#2003=CARTESIAN_POINT('',(8.65E0,1.04E1,-7.9E0));
#2004=LINE('',#2003,#2002);
#2005=CURVE_STYLE('',#14,POSITIVE_LENGTH_MEASURE(2.E-2),#1);
#2006=PRESENTATION_STYLE_ASSIGNMENT((#2005));
#2007=STYLED_ITEM('',(#2006),#2004);
#2008=DIRECTION('',(0.E0,0.E0,1.E0));
#2009=VECTOR('',#2008,1.533E1);
#2010=CARTESIAN_POINT('',(8.65E0,5.E-1,-7.9E0));
#2011=LINE('',#2010,#2009);
#2012=CURVE_STYLE('',#14,POSITIVE_LENGTH_MEASURE(2.E-2),#1);
#2013=PRESENTATION_STYLE_ASSIGNMENT((#2012));
#2014=STYLED_ITEM('',(#2013),#2011);
#2015=DIRECTION('',(0.E0,1.E0,0.E0));
#2016=VECTOR('',#2015,9.9E0);
#2017=CARTESIAN_POINT('',(-8.65E0,5.E-1,7.43E0));
#2018=LINE('',#2017,#2016);
#2019=CURVE_STYLE('',#14,POSITIVE_LENGTH_MEASURE(2.E-2),#1);
#2020=PRESENTATION_STYLE_ASSIGNMENT((#2019));
#2021=STYLED_ITEM('',(#2020),#2018);
#2022=DIRECTION('',(1.E0,0.E0,0.E0));
#2023=VECTOR('',#2022,1.73E1);
#2024=CARTESIAN_POINT('',(-8.65E0,1.04E1,7.43E0));
#2025=LINE('',#2024,#2023);
#2026=CURVE_STYLE('',#14,POSITIVE_LENGTH_MEASURE(2.E-2),#1);
#2027=PRESENTATION_STYLE_ASSIGNMENT((#2026));
#2028=STYLED_ITEM('',(#2027),#2025);
#2029=DIRECTION('',(-1.E0,0.E0,0.E0));
#2030=VECTOR('',#2029,4.E-1);
#2031=CARTESIAN_POINT('',(8.65E0,5.E-1,7.43E0));
#2032=LINE('',#2031,#2030);
#2033=CURVE_STYLE('',#14,POSITIVE_LENGTH_MEASURE(2.E-2),#1);
#2034=PRESENTATION_STYLE_ASSIGNMENT((#2033));
#2035=STYLED_ITEM('',(#2034),#2032);
#2036=DIRECTION('',(-1.E0,0.E0,0.E0));
#2037=VECTOR('',#2036,1.65E1);
#2038=CARTESIAN_POINT('',(8.25E0,5.E-1,7.43E0));
#2039=LINE('',#2038,#2037);
#2040=CURVE_STYLE('',#14,POSITIVE_LENGTH_MEASURE(2.E-2),#1);
#2041=PRESENTATION_STYLE_ASSIGNMENT((#2040));
#2042=STYLED_ITEM('',(#2041),#2039);
#2043=DIRECTION('',(-1.E0,0.E0,0.E0));
#2044=VECTOR('',#2043,4.E-1);
#2045=CARTESIAN_POINT('',(-8.25E0,5.E-1,7.43E0));
#2046=LINE('',#2045,#2044);
#2047=CURVE_STYLE('',#14,POSITIVE_LENGTH_MEASURE(2.E-2),#1);
#2048=PRESENTATION_STYLE_ASSIGNMENT((#2047));
#2049=STYLED_ITEM('',(#2048),#2046);
#2050=DIRECTION('',(0.E0,-1.E0,0.E0));
#2051=VECTOR('',#2050,3.E-1);
#2052=CARTESIAN_POINT('',(-6.7E0,7.875E0,7.43E0));
#2053=LINE('',#2052,#2051);
#2054=CURVE_STYLE('',#14,POSITIVE_LENGTH_MEASURE(2.E-2),#1);
#2055=PRESENTATION_STYLE_ASSIGNMENT((#2054));
#2056=STYLED_ITEM('',(#2055),#2053);
#2057=DIRECTION('',(0.E0,-1.E0,0.E0));
#2058=VECTOR('',#2057,3.E-1);
#2059=CARTESIAN_POINT('',(4.1E0,2.8E0,7.43E0));
#2060=LINE('',#2059,#2058);
#2061=CURVE_STYLE('',#14,POSITIVE_LENGTH_MEASURE(2.E-2),#1);
#2062=PRESENTATION_STYLE_ASSIGNMENT((#2061));
#2063=STYLED_ITEM('',(#2062),#2060);
#2064=DIRECTION('',(0.E0,1.E0,0.E0));
#2065=VECTOR('',#2064,9.9E0);
#2066=CARTESIAN_POINT('',(-8.65E0,5.E-1,-7.9E0));
#2067=LINE('',#2066,#2065);
#2068=CURVE_STYLE('',#14,POSITIVE_LENGTH_MEASURE(2.E-2),#1);
#2069=PRESENTATION_STYLE_ASSIGNMENT((#2068));
#2070=STYLED_ITEM('',(#2069),#2067);
#2071=DIRECTION('',(0.E0,0.E0,1.E0));
#2072=VECTOR('',#2071,1.533E1);
#2073=CARTESIAN_POINT('',(-8.65E0,1.04E1,-7.9E0));
#2074=LINE('',#2073,#2072);
#2075=CURVE_STYLE('',#14,POSITIVE_LENGTH_MEASURE(2.E-2),#1);
#2076=PRESENTATION_STYLE_ASSIGNMENT((#2075));
#2077=STYLED_ITEM('',(#2076),#2074);
#2078=DIRECTION('',(0.E0,0.E0,-1.E0));
#2079=VECTOR('',#2078,1.533E1);
#2080=CARTESIAN_POINT('',(-8.65E0,5.E-1,7.43E0));
#2081=LINE('',#2080,#2079);
#2082=CURVE_STYLE('',#14,POSITIVE_LENGTH_MEASURE(2.E-2),#1);
#2083=PRESENTATION_STYLE_ASSIGNMENT((#2082));
#2084=STYLED_ITEM('',(#2083),#2081);
#2085=DIRECTION('',(0.E0,1.E0,0.E0));
#2086=VECTOR('',#2085,9.9E0);
#2087=CARTESIAN_POINT('',(-2.233594731614E0,5.E-1,-7.9E0));
#2088=LINE('',#2087,#2086);
#2089=CURVE_STYLE('',#14,POSITIVE_LENGTH_MEASURE(2.E-2),#1);
#2090=PRESENTATION_STYLE_ASSIGNMENT((#2089));
#2091=STYLED_ITEM('',(#2090),#2088);
#2092=DIRECTION('',(-1.E0,0.E0,0.E0));
#2093=VECTOR('',#2092,6.416405268386E0);
#2094=CARTESIAN_POINT('',(-2.233594731614E0,1.04E1,-7.9E0));
#2095=LINE('',#2094,#2093);
#2096=CURVE_STYLE('',#14,POSITIVE_LENGTH_MEASURE(2.E-2),#1);
#2097=PRESENTATION_STYLE_ASSIGNMENT((#2096));
#2098=STYLED_ITEM('',(#2097),#2095);
#2099=DIRECTION('',(1.E0,0.E0,0.E0));
#2100=VECTOR('',#2099,6.416405268386E0);
#2101=CARTESIAN_POINT('',(-8.65E0,5.E-1,-7.9E0));
#2102=LINE('',#2101,#2100);
#2103=CURVE_STYLE('',#14,POSITIVE_LENGTH_MEASURE(2.E-2),#1);
#2104=PRESENTATION_STYLE_ASSIGNMENT((#2103));
#2105=STYLED_ITEM('',(#2104),#2102);
#2106=DIRECTION('',(8.715574274764E-2,0.E0,-9.961946980917E-1));
#2107=VECTOR('',#2106,2.680198966241E0);
#2108=CARTESIAN_POINT('',(2.E0,1.04E1,-5.23E0));
#2109=LINE('',#2108,#2107);
#2110=CURVE_STYLE('',#14,POSITIVE_LENGTH_MEASURE(2.E-2),#1);
#2111=PRESENTATION_STYLE_ASSIGNMENT((#2110));
#2112=STYLED_ITEM('',(#2111),#2109);
#2113=DIRECTION('',(8.715574274764E-2,0.E0,9.961946980917E-1));
#2114=VECTOR('',#2113,2.680198966241E0);
#2115=CARTESIAN_POINT('',(-2.233594731614E0,1.04E1,-7.9E0));
#2116=LINE('',#2115,#2114);
#2117=CURVE_STYLE('',#14,POSITIVE_LENGTH_MEASURE(2.E-2),#1);
#2118=PRESENTATION_STYLE_ASSIGNMENT((#2117));
#2119=STYLED_ITEM('',(#2118),#2116);
#2120=DIRECTION('',(1.E0,0.E0,0.E0));
#2121=VECTOR('',#2120,4.E0);
#2122=CARTESIAN_POINT('',(-2.E0,1.04E1,-5.23E0));
#2123=LINE('',#2122,#2121);
#2124=CURVE_STYLE('',#14,POSITIVE_LENGTH_MEASURE(2.E-2),#1);
#2125=PRESENTATION_STYLE_ASSIGNMENT((#2124));
#2126=STYLED_ITEM('',(#2125),#2123);
#2127=DIRECTION('',(-1.118216683880E-7,-1.E0,4.276164752561E-8));
#2128=VECTOR('',#2127,2.592186659193E0);
#2129=CARTESIAN_POINT('',(-2.E0,1.04E1,-5.23E0));
#2130=LINE('',#2129,#2128);
#2131=CURVE_STYLE('',#14,POSITIVE_LENGTH_MEASURE(2.E-2),#1);
#2132=PRESENTATION_STYLE_ASSIGNMENT((#2131));
#2133=STYLED_ITEM('',(#2132),#2130);
#2134=CARTESIAN_POINT('',(-2.000000289863E0,7.807813340807E0,
-5.229999889154E0));
#2135=CARTESIAN_POINT('',(-2.011026693503E0,7.807483462485E0,
-5.356032259479E0));
#2136=CARTESIAN_POINT('',(-2.033067048376E0,7.805970164751E0,
-5.607970726687E0));
#2137=CARTESIAN_POINT('',(-2.066105719488E0,7.807170024337E0,
-5.985552747390E0));
#2138=CARTESIAN_POINT('',(-2.088091992306E0,7.805483696508E0,
-6.236978852394E0));
#2139=CARTESIAN_POINT('',(-2.099087443220E0,7.805250175805E0,
-6.362657431432E0));
#2141=CURVE_STYLE('',#14,POSITIVE_LENGTH_MEASURE(2.E-2),#1);
#2142=PRESENTATION_STYLE_ASSIGNMENT((#2141));
#2143=STYLED_ITEM('',(#2142),#2140);
#2144=CARTESIAN_POINT('',(-2.099087443220E0,7.805250175805E0,
-6.362657431432E0));
#2145=CARTESIAN_POINT('',(-1.828086148166E0,7.802946868042E0,
-6.452092199405E0));
#2146=CARTESIAN_POINT('',(-1.274873352818E0,7.798245556205E0,
-6.596047920212E0));
#2147=CARTESIAN_POINT('',(-4.272603538807E-1,7.791048503248E0,
-6.704700546785E0));
#2148=CARTESIAN_POINT('',(4.307772200563E-1,7.783781869883E0,
-6.704166055095E0));
#2149=CARTESIAN_POINT('',(1.277706074541E0,7.776563023751E0,-6.595681073877E0));
#2150=CARTESIAN_POINT('',(1.829145932019E0,7.771998021519E0,-6.451722026386E0));
#2151=CARTESIAN_POINT('',(2.099082006631E0,7.769713373513E0,-6.362641937331E0));
#2153=CURVE_STYLE('',#14,POSITIVE_LENGTH_MEASURE(2.E-2),#1);
#2154=PRESENTATION_STYLE_ASSIGNMENT((#2153));
#2155=STYLED_ITEM('',(#2154),#2152);
#2156=CARTESIAN_POINT('',(2.099082006631E0,7.769713373513E0,-6.362641937331E0));
#2157=CARTESIAN_POINT('',(2.088086667716E0,7.769480832338E0,-6.236964638444E0));
#2158=CARTESIAN_POINT('',(2.066108479713E0,7.767841958117E0,-5.985562985424E0));
#2159=CARTESIAN_POINT('',(2.033066720401E0,7.769041103383E0,-5.607971598476E0));
#2160=CARTESIAN_POINT('',(2.011026515974E0,7.767482256895E0,-5.356033656652E0));
#2161=CARTESIAN_POINT('',(1.999999999801E0,7.767153978511E0,-5.230000000076E0));
#2163=CURVE_STYLE('',#14,POSITIVE_LENGTH_MEASURE(2.E-2),#1);
#2164=PRESENTATION_STYLE_ASSIGNMENT((#2163));
#2165=STYLED_ITEM('',(#2164),#2162);
#2166=CARTESIAN_POINT('',(1.999999999801E0,7.767153978511E0,-5.230000000076E0));
#2167=CARTESIAN_POINT('',(1.727145514824E0,7.769563783333E0,-5.230000000076E0));
#2168=CARTESIAN_POINT('',(1.184943226531E0,7.775058622414E0,-5.229999998904E0));
#2169=CARTESIAN_POINT('',(4.097945469024E-1,7.783095022237E0,
-5.230000003722E0));
#2170=CARTESIAN_POINT('',(-4.101556457606E-1,7.791904559292E0,
-5.229999986208E0));
#2171=CARTESIAN_POINT('',(-1.185106135312E0,7.799964038161E0,
-5.230000051446E0));
#2172=CARTESIAN_POINT('',(-1.727204549068E0,7.805392289041E0,
-5.229999889154E0));
#2173=CARTESIAN_POINT('',(-2.000000289863E0,7.807813340807E0,
-5.229999889154E0));
#2175=CURVE_STYLE('',#14,POSITIVE_LENGTH_MEASURE(2.E-2),#1);
#2176=PRESENTATION_STYLE_ASSIGNMENT((#2175));
#2177=STYLED_ITEM('',(#2176),#2174);
#2178=DIRECTION('',(0.E0,-1.E0,0.E0));
#2179=VECTOR('',#2178,3.000000000007E-1);
#2180=CARTESIAN_POINT('',(-2.099087443220E0,7.805250175805E0,
-6.362657431432E0));
#2181=LINE('',#2180,#2179);
#2182=CURVE_STYLE('',#14,POSITIVE_LENGTH_MEASURE(2.E-2),#1);
#2183=PRESENTATION_STYLE_ASSIGNMENT((#2182));
#2184=STYLED_ITEM('',(#2183),#2181);
#2185=CARTESIAN_POINT('',(-2.099087443220E0,7.505250175804E0,
-6.362657431432E0));
#2186=CARTESIAN_POINT('',(-1.827967192944E0,7.502945857011E0,
-6.452131456534E0));
#2187=CARTESIAN_POINT('',(-1.274864893576E0,7.497993538697E0,
-6.596035880871E0));
#2188=CARTESIAN_POINT('',(-4.276635411533E-1,7.490993633284E0,
-6.704468763475E0));
#2189=CARTESIAN_POINT('',(4.268422137785E-1,7.483870785539E0,
-6.704643663981E0));
#2190=CARTESIAN_POINT('',(1.277275245672E0,7.476801446083E0,-6.595646627742E0));
#2191=CARTESIAN_POINT('',(1.828994944157E0,7.471974383614E0,-6.451797072876E0));
#2192=CARTESIAN_POINT('',(2.099089509950E0,7.469688418706E0,-6.362664681036E0));
#2194=CURVE_STYLE('',#14,POSITIVE_LENGTH_MEASURE(2.E-2),#1);
#2195=PRESENTATION_STYLE_ASSIGNMENT((#2194));
#2196=STYLED_ITEM('',(#2195),#2193);
#2197=DIRECTION('',(-2.500898207298E-5,9.999999968140E-1,7.580604500626E-5));
#2198=VECTOR('',#2197,3.000249557625E-1);
#2199=CARTESIAN_POINT('',(2.099089509950E0,7.469688418706E0,-6.362664681036E0));
#2200=LINE('',#2199,#2198);
#2201=CURVE_STYLE('',#14,POSITIVE_LENGTH_MEASURE(2.E-2),#1);
#2202=PRESENTATION_STYLE_ASSIGNMENT((#2201));
#2203=STYLED_ITEM('',(#2202),#2200);
#2204=CARTESIAN_POINT('',(-2.099087443220E0,7.505250175804E0,
-6.362657431432E0));
#2205=CARTESIAN_POINT('',(-2.088091992272E0,7.505483696509E0,
-6.236978852007E0));
#2206=CARTESIAN_POINT('',(-2.066105719409E0,7.507170024335E0,
-5.985552746485E0));
#2207=CARTESIAN_POINT('',(-2.033067048297E0,7.505970164749E0,
-5.607970725782E0));
#2208=CARTESIAN_POINT('',(-2.011026693469E0,7.507483462486E0,
-5.356032259091E0));
#2209=CARTESIAN_POINT('',(-2.000000289863E0,7.507813340806E0,
-5.229999889154E0));
#2211=CURVE_STYLE('',#14,POSITIVE_LENGTH_MEASURE(2.E-2),#1);
#2212=PRESENTATION_STYLE_ASSIGNMENT((#2211));
#2213=STYLED_ITEM('',(#2212),#2210);
#2214=CARTESIAN_POINT('',(-2.000000289863E0,7.507813340806E0,
-5.229999889154E0));
#2215=CARTESIAN_POINT('',(-1.727204548646E0,7.505392289036E0,
-5.229999889154E0));
#2216=CARTESIAN_POINT('',(-1.185106134211E0,7.499964038149E0,
-5.230000051446E0));
#2217=CARTESIAN_POINT('',(-4.101556441287E-1,7.491904559274E0,
-5.229999986208E0));
#2218=CARTESIAN_POINT('',(4.097945485346E-1,7.483095022219E0,
-5.230000003722E0));
#2219=CARTESIAN_POINT('',(1.184943227632E0,7.475058622402E0,-5.229999998904E0));
#2220=CARTESIAN_POINT('',(1.727145515247E0,7.469563783328E0,-5.230000000076E0));
#2221=CARTESIAN_POINT('',(1.999999999801E0,7.467153978510E0,-5.230000000076E0));
#2223=CURVE_STYLE('',#14,POSITIVE_LENGTH_MEASURE(2.E-2),#1);
#2224=PRESENTATION_STYLE_ASSIGNMENT((#2223));
#2225=STYLED_ITEM('',(#2224),#2222);
#2226=CARTESIAN_POINT('',(1.999999999801E0,7.467153978510E0,-5.230000000076E0));
#2227=CARTESIAN_POINT('',(2.011026516009E0,7.467482256895E0,-5.356033657050E0));
#2228=CARTESIAN_POINT('',(2.033067720925E0,7.469037776406E0,-5.607974631899E0));
#2229=CARTESIAN_POINT('',(2.066104978246E0,7.467853602528E0,-5.985552372626E0));
#2230=CARTESIAN_POINT('',(2.088094171069E0,7.469455880026E0,-6.236987382543E0));
#2231=CARTESIAN_POINT('',(2.099089509950E0,7.469688418706E0,-6.362664681036E0));
#2233=CURVE_STYLE('',#14,POSITIVE_LENGTH_MEASURE(2.E-2),#1);
#2234=PRESENTATION_STYLE_ASSIGNMENT((#2233));
#2235=STYLED_ITEM('',(#2234),#2232);
#2236=DIRECTION('',(1.885276029869E-6,-9.999999999980E-1,-7.209473431955E-7));
#2237=VECTOR('',#2236,4.998934067752E-2);
#2238=CARTESIAN_POINT('',(-2.000000289863E0,7.507813340806E0,
-5.229999889154E0));
#2239=LINE('',#2238,#2237);
#2240=CURVE_STYLE('',#14,POSITIVE_LENGTH_MEASURE(2.E-2),#1);
#2241=PRESENTATION_STYLE_ASSIGNMENT((#2240));
#2242=STYLED_ITEM('',(#2241),#2239);
#2243=CARTESIAN_POINT('',(-2.000000195619E0,7.457824000129E0,
-5.229999925194E0));
#2244=CARTESIAN_POINT('',(-2.011025995500E0,7.457493487213E0,
-5.356025394513E0));
#2245=CARTESIAN_POINT('',(-2.033066985942E0,7.455967310528E0,
-5.607958607484E0));
#2246=CARTESIAN_POINT('',(-2.066099741591E0,7.457164977012E0,
-5.985522669344E0));
#2247=CARTESIAN_POINT('',(-2.088101153470E0,7.455497376407E0,
-6.237001919557E0));
#2248=CARTESIAN_POINT('',(-2.099097207915E0,7.455263420145E0,
-6.362687396983E0));
#2250=CURVE_STYLE('',#14,POSITIVE_LENGTH_MEASURE(2.E-2),#1);
#2251=PRESENTATION_STYLE_ASSIGNMENT((#2250));
#2252=STYLED_ITEM('',(#2251),#2249);
#2253=CARTESIAN_POINT('',(-2.099097207915E0,7.455263420145E0,
-6.362687396983E0));
#2254=CARTESIAN_POINT('',(-1.828520819890E0,7.452959814908E0,
-6.451881420333E0));
#2255=CARTESIAN_POINT('',(-1.276279502330E0,7.448279650067E0,
-6.595676933424E0));
#2256=CARTESIAN_POINT('',(-4.275762198450E-1,7.441057082632E0,
-6.704676935621E0));
#2257=CARTESIAN_POINT('',(4.262917428807E-1,7.433819897918E0,
-6.704542889562E0));
#2258=CARTESIAN_POINT('',(1.277767779024E0,7.426568819094E0,-6.595624855839E0));
#2259=CARTESIAN_POINT('',(1.829189256200E0,7.421978939412E0,-6.451730450900E0));
#2260=CARTESIAN_POINT('',(2.099107466012E0,7.419695096644E0,-6.362719552924E0));
#2262=CURVE_STYLE('',#14,POSITIVE_LENGTH_MEASURE(2.E-2),#1);
#2263=PRESENTATION_STYLE_ASSIGNMENT((#2262));
#2264=STYLED_ITEM('',(#2263),#2261);
#2265=CARTESIAN_POINT('',(2.099107466012E0,7.419695096644E0,-6.362719552924E0));
#2266=CARTESIAN_POINT('',(2.088111992875E0,7.419462602991E0,-6.237040719877E0));
#2267=CARTESIAN_POINT('',(2.066096285429E0,7.417850441133E0,-5.985523185378E0));
#2268=CARTESIAN_POINT('',(2.033069802102E0,7.419038756839E0,-5.607978367774E0));
#2269=CARTESIAN_POINT('',(2.011026381224E0,7.417482076814E0,-5.356032123256E0));
#2270=CARTESIAN_POINT('',(1.999999999225E0,7.417153916204E0,-5.230000000296E0));
#2272=CURVE_STYLE('',#14,POSITIVE_LENGTH_MEASURE(2.E-2),#1);
#2273=PRESENTATION_STYLE_ASSIGNMENT((#2272));
#2274=STYLED_ITEM('',(#2273),#2271);
#2275=CARTESIAN_POINT('',(1.999999999225E0,7.417153916204E0,-5.230000000296E0));
#2276=CARTESIAN_POINT('',(1.727187364687E0,7.419562516343E0,-5.230000000296E0));
#2277=CARTESIAN_POINT('',(1.185046950309E0,7.425058501363E0,-5.229999999147E0));
#2278=CARTESIAN_POINT('',(4.098288520053E-1,7.433093914939E0,
-5.230000002542E0));
#2279=CARTESIAN_POINT('',(-4.100630560474E-1,7.441904753441E0,
-5.229999990684E0));
#2280=CARTESIAN_POINT('',(-1.185125093840E0,7.449961058761E0,
-5.230000034722E0));
#2281=CARTESIAN_POINT('',(-1.727213844369E0,7.455398241070E0,
-5.229999925194E0));
#2282=CARTESIAN_POINT('',(-2.000000195619E0,7.457824000129E0,
-5.229999925194E0));
#2284=CURVE_STYLE('',#14,POSITIVE_LENGTH_MEASURE(2.E-2),#1);
#2285=PRESENTATION_STYLE_ASSIGNMENT((#2284));
#2286=STYLED_ITEM('',(#2285),#2283);
#2287=DIRECTION('',(1.E0,0.E0,0.E0));
#2288=VECTOR('',#2287,2.6E0);
#2289=CARTESIAN_POINT('',(-6.7E0,7.875E0,7.43E0));
#2290=LINE('',#2289,#2288);
#2291=CURVE_STYLE('',#14,POSITIVE_LENGTH_MEASURE(2.E-2),#1);
#2292=PRESENTATION_STYLE_ASSIGNMENT((#2291));
#2293=STYLED_ITEM('',(#2292),#2290);
#2294=DIRECTION('',(-1.322818922958E-14,0.E0,-1.E0));
#2295=VECTOR('',#2294,4.7E-1);
#2296=CARTESIAN_POINT('',(-6.7E0,7.875E0,7.9E0));
#2297=LINE('',#2296,#2295);
#2298=CURVE_STYLE('',#14,POSITIVE_LENGTH_MEASURE(2.E-2),#1);
#2299=PRESENTATION_STYLE_ASSIGNMENT((#2298));
#2300=STYLED_ITEM('',(#2299),#2297);
#2301=DIRECTION('',(1.E0,0.E0,0.E0));
#2302=VECTOR('',#2301,2.6E0);
#2303=CARTESIAN_POINT('',(-6.7E0,7.875E0,7.9E0));
#2304=LINE('',#2303,#2302);
#2305=CURVE_STYLE('',#14,POSITIVE_LENGTH_MEASURE(2.E-2),#1);
#2306=PRESENTATION_STYLE_ASSIGNMENT((#2305));
#2307=STYLED_ITEM('',(#2306),#2304);
#2308=DIRECTION('',(-1.E0,0.E0,0.E0));
#2309=VECTOR('',#2308,2.6E0);
#2310=CARTESIAN_POINT('',(-4.1E0,7.375E0,8.4E0));
#2311=LINE('',#2310,#2309);
#2312=CURVE_STYLE('',#14,POSITIVE_LENGTH_MEASURE(2.E-2),#1);
#2313=PRESENTATION_STYLE_ASSIGNMENT((#2312));
#2314=STYLED_ITEM('',(#2313),#2311);
#2315=DIRECTION('',(0.E0,-1.E0,-3.236135232175E-14));
#2316=VECTOR('',#2315,7.575E0);
#2317=CARTESIAN_POINT('',(-4.1E0,7.375E0,8.4E0));
#2318=LINE('',#2317,#2316);
#2319=CURVE_STYLE('',#14,POSITIVE_LENGTH_MEASURE(2.E-2),#1);
#2320=PRESENTATION_STYLE_ASSIGNMENT((#2319));
#2321=STYLED_ITEM('',(#2320),#2318);
#2322=DIRECTION('',(0.E0,1.E0,3.212684976869E-14));
#2323=VECTOR('',#2322,7.575E0);
#2324=CARTESIAN_POINT('',(-6.7E0,-2.E-1,8.4E0));
#2325=LINE('',#2324,#2323);
#2326=CURVE_STYLE('',#14,POSITIVE_LENGTH_MEASURE(2.E-2),#1);
#2327=PRESENTATION_STYLE_ASSIGNMENT((#2326));
#2328=STYLED_ITEM('',(#2327),#2325);
#2329=DIRECTION('',(-1.E0,0.E0,0.E0));
#2330=VECTOR('',#2329,2.6E0);
#2331=CARTESIAN_POINT('',(-4.1E0,-7.E-1,7.9E0));
#2332=LINE('',#2331,#2330);
#2333=CURVE_STYLE('',#14,POSITIVE_LENGTH_MEASURE(2.E-2),#1);
#2334=PRESENTATION_STYLE_ASSIGNMENT((#2333));
#2335=STYLED_ITEM('',(#2334),#2332);
#2336=DIRECTION('',(1.E0,0.E0,0.E0));
#2337=VECTOR('',#2336,2.6E0);
#2338=CARTESIAN_POINT('',(-6.7E0,-2.E-1,8.4E0));
#2339=LINE('',#2338,#2337);
#2340=CURVE_STYLE('',#14,POSITIVE_LENGTH_MEASURE(2.E-2),#1);
#2341=PRESENTATION_STYLE_ASSIGNMENT((#2340));
#2342=STYLED_ITEM('',(#2341),#2339);
#2343=DIRECTION('',(0.E0,0.E0,-1.E0));
#2344=VECTOR('',#2343,2.5E0);
#2345=CARTESIAN_POINT('',(-4.1E0,-7.E-1,7.9E0));
#2346=LINE('',#2345,#2344);
#2347=CURVE_STYLE('',#14,POSITIVE_LENGTH_MEASURE(2.E-2),#1);
#2348=PRESENTATION_STYLE_ASSIGNMENT((#2347));
#2349=STYLED_ITEM('',(#2348),#2346);
#2350=DIRECTION('',(-1.E0,0.E0,0.E0));
#2351=VECTOR('',#2350,2.6E0);
#2352=CARTESIAN_POINT('',(-4.1E0,-7.E-1,5.4E0));
#2353=LINE('',#2352,#2351);
#2354=CURVE_STYLE('',#14,POSITIVE_LENGTH_MEASURE(2.E-2),#1);
#2355=PRESENTATION_STYLE_ASSIGNMENT((#2354));
#2356=STYLED_ITEM('',(#2355),#2353);
#2357=DIRECTION('',(0.E0,0.E0,1.E0));
#2358=VECTOR('',#2357,2.5E0);
#2359=CARTESIAN_POINT('',(-6.7E0,-7.E-1,5.4E0));
#2360=LINE('',#2359,#2358);
#2361=CURVE_STYLE('',#14,POSITIVE_LENGTH_MEASURE(2.E-2),#1);
#2362=PRESENTATION_STYLE_ASSIGNMENT((#2361));
#2363=STYLED_ITEM('',(#2362),#2360);
#2364=DIRECTION('',(-1.E0,0.E0,0.E0));
#2365=VECTOR('',#2364,2.6E0);
#2366=CARTESIAN_POINT('',(-4.1E0,-4.E-1,5.4E0));
#2367=LINE('',#2366,#2365);
#2368=CURVE_STYLE('',#14,POSITIVE_LENGTH_MEASURE(2.E-2),#1);
#2369=PRESENTATION_STYLE_ASSIGNMENT((#2368));
#2370=STYLED_ITEM('',(#2369),#2367);
#2371=DIRECTION('',(-5.625129991434E-14,-1.E0,2.072416312634E-14));
#2372=VECTOR('',#2371,3.E-1);
#2373=CARTESIAN_POINT('',(-6.7E0,-4.E-1,5.4E0));
#2374=LINE('',#2373,#2372);
#2375=CURVE_STYLE('',#14,POSITIVE_LENGTH_MEASURE(2.E-2),#1);
#2376=PRESENTATION_STYLE_ASSIGNMENT((#2375));
#2377=STYLED_ITEM('',(#2376),#2374);
#2378=DIRECTION('',(0.E0,0.E0,-1.E0));
#2379=VECTOR('',#2378,2.4E0);
#2380=CARTESIAN_POINT('',(-4.05E0,-4.E-1,7.5E0));
#2381=LINE('',#2380,#2379);
#2382=CURVE_STYLE('',#14,POSITIVE_LENGTH_MEASURE(2.E-2),#1);
#2383=PRESENTATION_STYLE_ASSIGNMENT((#2382));
#2384=STYLED_ITEM('',(#2383),#2381);
#2385=DIRECTION('',(-1.E0,0.E0,0.E0));
#2386=VECTOR('',#2385,2.8E0);
#2387=CARTESIAN_POINT('',(-4.05E0,-4.E-1,5.1E0));
#2388=LINE('',#2387,#2386);
#2389=CURVE_STYLE('',#14,POSITIVE_LENGTH_MEASURE(2.E-2),#1);
#2390=PRESENTATION_STYLE_ASSIGNMENT((#2389));
#2391=STYLED_ITEM('',(#2390),#2388);
#2392=DIRECTION('',(0.E0,0.E0,1.E0));
#2393=VECTOR('',#2392,2.4E0);
#2394=CARTESIAN_POINT('',(-6.85E0,-4.E-1,5.1E0));
#2395=LINE('',#2394,#2393);
#2396=CURVE_STYLE('',#14,POSITIVE_LENGTH_MEASURE(2.E-2),#1);
#2397=PRESENTATION_STYLE_ASSIGNMENT((#2396));
#2398=STYLED_ITEM('',(#2397),#2395);
#2399=DIRECTION('',(0.E0,0.E0,-1.E0));
#2400=VECTOR('',#2399,2.1E0);
#2401=CARTESIAN_POINT('',(-6.7E0,-4.E-1,7.5E0));
#2402=LINE('',#2401,#2400);
#2403=CURVE_STYLE('',#14,POSITIVE_LENGTH_MEASURE(2.E-2),#1);
#2404=PRESENTATION_STYLE_ASSIGNMENT((#2403));
#2405=STYLED_ITEM('',(#2404),#2402);
#2406=DIRECTION('',(1.E0,0.E0,0.E0));
#2407=VECTOR('',#2406,2.6E0);
#2408=CARTESIAN_POINT('',(-6.7E0,2.E-1,8.1E0));
#2409=LINE('',#2408,#2407);
#2410=CURVE_STYLE('',#14,POSITIVE_LENGTH_MEASURE(2.E-2),#1);
#2411=PRESENTATION_STYLE_ASSIGNMENT((#2410));
#2412=STYLED_ITEM('',(#2411),#2409);
#2413=DIRECTION('',(1.E0,0.E0,-2.548685900017E-13));
#2414=VECTOR('',#2413,1.045454545451E-1);
#2415=CARTESIAN_POINT('',(-4.1E0,2.E-1,8.1E0));
#2416=LINE('',#2415,#2414);
#2417=CURVE_STYLE('',#14,POSITIVE_LENGTH_MEASURE(2.E-2),#1);
#2418=PRESENTATION_STYLE_ASSIGNMENT((#2417));
#2419=STYLED_ITEM('',(#2418),#2416);
#2420=CARTESIAN_POINT('',(-3.995454545455E0,2.E-1,8.1E0));
#2421=CARTESIAN_POINT('',(-3.995454545455E0,9.979381355824E-2,8.1E0));
#2422=CARTESIAN_POINT('',(-3.999412832983E0,-5.689784456262E-2,
8.056458837186E0));
#2423=CARTESIAN_POINT('',(-4.010652229802E0,-2.333732084023E-1,
7.932825472173E0));
#2424=CARTESIAN_POINT('',(-4.026700991431E0,-3.567274016669E-1,
7.756289094264E0));
#2425=CARTESIAN_POINT('',(-4.040927758152E0,-4.E-1,7.599794660323E0));
#2426=CARTESIAN_POINT('',(-4.05E0,-4.E-1,7.5E0));
#2428=CURVE_STYLE('',#14,POSITIVE_LENGTH_MEASURE(2.E-2),#1);
#2429=PRESENTATION_STYLE_ASSIGNMENT((#2428));
#2430=STYLED_ITEM('',(#2429),#2427);
#2431=DIRECTION('',(-1.E0,0.E0,-8.881784197007E-14));
#2432=VECTOR('',#2431,4.999999999997E-2);
#2433=CARTESIAN_POINT('',(-4.05E0,-4.E-1,7.5E0));
#2434=LINE('',#2433,#2432);
#2435=CURVE_STYLE('',#14,POSITIVE_LENGTH_MEASURE(2.E-2),#1);
#2436=PRESENTATION_STYLE_ASSIGNMENT((#2435));
#2437=STYLED_ITEM('',(#2436),#2434);
#2438=DIRECTION('',(-1.E0,0.E0,0.E0));
#2439=VECTOR('',#2438,2.6E0);
#2440=CARTESIAN_POINT('',(-4.1E0,-4.E-1,7.5E0));
#2441=LINE('',#2440,#2439);
#2442=CURVE_STYLE('',#14,POSITIVE_LENGTH_MEASURE(2.E-2),#1);
#2443=PRESENTATION_STYLE_ASSIGNMENT((#2442));
#2444=STYLED_ITEM('',(#2443),#2441);
#2445=DIRECTION('',(-1.E0,0.E0,4.736951571733E-14));
#2446=VECTOR('',#2445,1.5E-1);
#2447=CARTESIAN_POINT('',(-6.7E0,-4.E-1,7.5E0));
#2448=LINE('',#2447,#2446);
#2449=CURVE_STYLE('',#14,POSITIVE_LENGTH_MEASURE(2.E-2),#1);
#2450=PRESENTATION_STYLE_ASSIGNMENT((#2449));
#2451=STYLED_ITEM('',(#2450),#2448);
#2452=CARTESIAN_POINT('',(-6.85E0,-4.E-1,7.5E0));
#2453=CARTESIAN_POINT('',(-6.859072241848E0,-4.E-1,7.599794660323E0));
#2454=CARTESIAN_POINT('',(-6.873299008569E0,-3.567274016670E-1,
7.756289094264E0));
#2455=CARTESIAN_POINT('',(-6.889347770198E0,-2.333732084023E-1,
7.932825472173E0));
#2456=CARTESIAN_POINT('',(-6.900587167017E0,-5.689784456262E-2,
8.056458837186E0));
#2457=CARTESIAN_POINT('',(-6.904545454545E0,9.979381355824E-2,8.1E0));
#2458=CARTESIAN_POINT('',(-6.904545454545E0,2.E-1,8.1E0));
#2460=CURVE_STYLE('',#14,POSITIVE_LENGTH_MEASURE(2.E-2),#1);
#2461=PRESENTATION_STYLE_ASSIGNMENT((#2460));
#2462=STYLED_ITEM('',(#2461),#2459);
#2463=DIRECTION('',(1.E0,0.E0,2.084258691565E-13));
#2464=VECTOR('',#2463,2.045454545453E-1);
#2465=CARTESIAN_POINT('',(-6.904545454545E0,2.E-1,8.1E0));
#2466=LINE('',#2465,#2464);
#2467=CURVE_STYLE('',#14,POSITIVE_LENGTH_MEASURE(2.E-2),#1);
#2468=PRESENTATION_STYLE_ASSIGNMENT((#2467));
#2469=STYLED_ITEM('',(#2468),#2466);
#2470=DIRECTION('',(-1.E0,4.190024395821E-14,1.571392588700E-14));
#2471=VECTOR('',#2470,2.6E0);
#2472=CARTESIAN_POINT('',(-4.1E0,-1.E-1,8.1E0));
#2473=LINE('',#2472,#2471);
#2474=CURVE_STYLE('',#14,POSITIVE_LENGTH_MEASURE(2.E-2),#1);
#2475=PRESENTATION_STYLE_ASSIGNMENT((#2474));
#2476=STYLED_ITEM('',(#2475),#2473);
#2477=DIRECTION('',(1.E0,0.E0,-1.024821253500E-14));
#2478=VECTOR('',#2477,2.6E0);
#2479=CARTESIAN_POINT('',(-6.7E0,-4.E-1,7.8E0));
#2480=LINE('',#2479,#2478);
#2481=CURVE_STYLE('',#14,POSITIVE_LENGTH_MEASURE(2.E-2),#1);
#2482=PRESENTATION_STYLE_ASSIGNMENT((#2481));
#2483=STYLED_ITEM('',(#2482),#2480);
#2484=DIRECTION('',(-1.E0,0.E0,0.E0));
#2485=VECTOR('',#2484,2.6E0);
#2486=CARTESIAN_POINT('',(-4.1E0,7.575E0,7.43E0));
#2487=LINE('',#2486,#2485);
#2488=CURVE_STYLE('',#14,POSITIVE_LENGTH_MEASURE(2.E-2),#1);
#2489=PRESENTATION_STYLE_ASSIGNMENT((#2488));
#2490=STYLED_ITEM('',(#2489),#2487);
#2491=DIRECTION('',(0.E0,0.E0,-1.E0));
#2492=VECTOR('',#2491,3.699999999999E-1);
#2493=CARTESIAN_POINT('',(-4.1E0,7.575E0,7.8E0));
#2494=LINE('',#2493,#2492);
#2495=CURVE_STYLE('',#14,POSITIVE_LENGTH_MEASURE(2.E-2),#1);
#2496=PRESENTATION_STYLE_ASSIGNMENT((#2495));
#2497=STYLED_ITEM('',(#2496),#2494);
#2498=DIRECTION('',(-1.E0,0.E0,0.E0));
#2499=VECTOR('',#2498,2.6E0);
#2500=CARTESIAN_POINT('',(-4.1E0,7.575E0,7.8E0));
#2501=LINE('',#2500,#2499);
#2502=CURVE_STYLE('',#14,POSITIVE_LENGTH_MEASURE(2.E-2),#1);
#2503=PRESENTATION_STYLE_ASSIGNMENT((#2502));
#2504=STYLED_ITEM('',(#2503),#2501);
#2505=DIRECTION('',(1.E0,0.E0,0.E0));
#2506=VECTOR('',#2505,2.6E0);
#2507=CARTESIAN_POINT('',(-6.7E0,7.275E0,8.1E0));
#2508=LINE('',#2507,#2506);
#2509=CURVE_STYLE('',#14,POSITIVE_LENGTH_MEASURE(2.E-2),#1);
#2510=PRESENTATION_STYLE_ASSIGNMENT((#2509));
#2511=STYLED_ITEM('',(#2510),#2508);
#2512=DIRECTION('',(-1.E0,0.E0,0.E0));
#2513=VECTOR('',#2512,2.6E0);
#2514=CARTESIAN_POINT('',(6.7E0,2.5E0,7.43E0));
#2515=LINE('',#2514,#2513);
#2516=CURVE_STYLE('',#14,POSITIVE_LENGTH_MEASURE(2.E-2),#1);
#2517=PRESENTATION_STYLE_ASSIGNMENT((#2516));
#2518=STYLED_ITEM('',(#2517),#2515);
#2519=DIRECTION('',(0.E0,0.E0,-1.E0));
#2520=VECTOR('',#2519,3.699999999998E-1);
#2521=CARTESIAN_POINT('',(6.7E0,2.5E0,7.8E0));
#2522=LINE('',#2521,#2520);
#2523=CURVE_STYLE('',#14,POSITIVE_LENGTH_MEASURE(2.E-2),#1);
#2524=PRESENTATION_STYLE_ASSIGNMENT((#2523));
#2525=STYLED_ITEM('',(#2524),#2522);
#2526=DIRECTION('',(-3.813942625771E-14,1.E0,-8.254834724272E-14));
#2527=VECTOR('',#2526,1.7E0);
#2528=CARTESIAN_POINT('',(4.1E0,5.E-1,8.1E0));
#2529=LINE('',#2528,#2527);
#2530=CURVE_STYLE('',#14,POSITIVE_LENGTH_MEASURE(2.E-2),#1);
#2531=PRESENTATION_STYLE_ASSIGNMENT((#2530));
#2532=STYLED_ITEM('',(#2531),#2529);
#2533=CARTESIAN_POINT('',(4.1E0,2.2E0,7.8E0));
#2534=DIRECTION('',(-1.E0,0.E0,1.426639894605E-14));
#2535=DIRECTION('',(1.480297366167E-14,-3.345472047537E-13,1.E0));
#2536=AXIS2_PLACEMENT_3D('',#2533,#2534,#2535);
#2538=CURVE_STYLE('',#14,POSITIVE_LENGTH_MEASURE(2.E-2),#1);
#2539=PRESENTATION_STYLE_ASSIGNMENT((#2538));
#2540=STYLED_ITEM('',(#2539),#2537);
#2541=DIRECTION('',(0.E0,0.E0,-1.E0));
#2542=VECTOR('',#2541,3.699999999999E-1);
#2543=CARTESIAN_POINT('',(4.1E0,2.5E0,7.8E0));
#2544=LINE('',#2543,#2542);
#2545=CURVE_STYLE('',#14,POSITIVE_LENGTH_MEASURE(2.E-2),#1);
#2546=PRESENTATION_STYLE_ASSIGNMENT((#2545));
#2547=STYLED_ITEM('',(#2546),#2544);
#2548=CARTESIAN_POINT('',(4.1E0,2.3E0,7.9E0));
#2549=DIRECTION('',(1.E0,0.E0,-1.426639894605E-14));
#2550=DIRECTION('',(0.E0,1.E0,-6.146194664325E-13));
#2551=AXIS2_PLACEMENT_3D('',#2548,#2549,#2550);
#2553=CURVE_STYLE('',#14,POSITIVE_LENGTH_MEASURE(2.E-2),#1);
#2554=PRESENTATION_STYLE_ASSIGNMENT((#2553));
#2555=STYLED_ITEM('',(#2554),#2552);
#2556=CARTESIAN_POINT('',(4.1E0,-2.E-1,7.9E0));
#2557=DIRECTION('',(1.E0,0.E0,-1.426639894605E-14));
#2558=DIRECTION('',(1.421085471520E-14,0.E0,1.E0));
#2559=AXIS2_PLACEMENT_3D('',#2556,#2557,#2558);
#2561=CURVE_STYLE('',#14,POSITIVE_LENGTH_MEASURE(2.E-2),#1);
#2562=PRESENTATION_STYLE_ASSIGNMENT((#2561));
#2563=STYLED_ITEM('',(#2562),#2560);
#2564=DIRECTION('',(2.368475785867E-14,0.E0,1.E0));
#2565=VECTOR('',#2564,3.E-1);
#2566=CARTESIAN_POINT('',(4.1E0,-4.E-1,7.5E0));
#2567=LINE('',#2566,#2565);
#2568=CURVE_STYLE('',#14,POSITIVE_LENGTH_MEASURE(2.E-2),#1);
#2569=PRESENTATION_STYLE_ASSIGNMENT((#2568));
#2570=STYLED_ITEM('',(#2569),#2567);
#2571=CARTESIAN_POINT('',(4.1E0,-1.E-1,7.8E0));
#2572=DIRECTION('',(-1.E0,0.E0,1.426639894605E-14));
#2573=DIRECTION('',(0.E0,-1.E0,1.429967255717E-12));
#2574=AXIS2_PLACEMENT_3D('',#2571,#2572,#2573);
#2576=CURVE_STYLE('',#14,POSITIVE_LENGTH_MEASURE(2.E-2),#1);
#2577=PRESENTATION_STYLE_ASSIGNMENT((#2576));
#2578=STYLED_ITEM('',(#2577),#2575);
#2579=DIRECTION('',(-3.552713678800E-14,1.E0,5.033011044967E-13));
#2580=VECTOR('',#2579,3.E-1);
#2581=CARTESIAN_POINT('',(4.1E0,-1.E-1,8.1E0));
#2582=LINE('',#2581,#2580);
#2583=CURVE_STYLE('',#14,POSITIVE_LENGTH_MEASURE(2.E-2),#1);
#2584=PRESENTATION_STYLE_ASSIGNMENT((#2583));
#2585=STYLED_ITEM('',(#2584),#2582);
#2586=DIRECTION('',(-2.486899575160E-13,-1.E0,0.E0));
#2587=VECTOR('',#2586,3.E-1);
#2588=CARTESIAN_POINT('',(4.1E0,5.E-1,8.1E0));
#2589=LINE('',#2588,#2587);
#2590=CURVE_STYLE('',#14,POSITIVE_LENGTH_MEASURE(2.E-2),#1);
#2591=PRESENTATION_STYLE_ASSIGNMENT((#2590));
#2592=STYLED_ITEM('',(#2591),#2589);
#2593=DIRECTION('',(-9.089025828265E-13,1.E0,-1.776356839400E-14));
#2594=VECTOR('',#2593,3.E-1);
#2595=CARTESIAN_POINT('',(3.995454545455E0,2.E-1,8.1E0));
#2596=LINE('',#2595,#2594);
#2597=CURVE_STYLE('',#14,POSITIVE_LENGTH_MEASURE(2.E-2),#1);
#2598=PRESENTATION_STYLE_ASSIGNMENT((#2597));
#2599=STYLED_ITEM('',(#2598),#2596);
#2600=DIRECTION('',(1.E0,0.E0,0.E0));
#2601=VECTOR('',#2600,2.6E0);
#2602=CARTESIAN_POINT('',(4.1E0,2.E-1,8.1E0));
#2603=LINE('',#2602,#2601);
#2604=CURVE_STYLE('',#14,POSITIVE_LENGTH_MEASURE(2.E-2),#1);
#2605=PRESENTATION_STYLE_ASSIGNMENT((#2604));
#2606=STYLED_ITEM('',(#2605),#2603);
#2607=DIRECTION('',(1.E0,0.E0,3.473764485943E-14));
#2608=VECTOR('',#2607,2.045454545452E-1);
#2609=CARTESIAN_POINT('',(6.7E0,2.E-1,8.1E0));
#2610=LINE('',#2609,#2608);
#2611=CURVE_STYLE('',#14,POSITIVE_LENGTH_MEASURE(2.E-2),#1);
#2612=PRESENTATION_STYLE_ASSIGNMENT((#2611));
#2613=STYLED_ITEM('',(#2612),#2610);
#2614=CARTESIAN_POINT('',(6.904545454545E0,2.E-1,8.1E0));
#2615=CARTESIAN_POINT('',(6.904545454545E0,9.979381355824E-2,8.1E0));
#2616=CARTESIAN_POINT('',(6.900587167017E0,-5.689784456262E-2,
8.056458837186E0));
#2617=CARTESIAN_POINT('',(6.889347770198E0,-2.333732084023E-1,
7.932825472173E0));
#2618=CARTESIAN_POINT('',(6.873299008569E0,-3.567274016670E-1,
7.756289094264E0));
#2619=CARTESIAN_POINT('',(6.859072241848E0,-4.E-1,7.599794660323E0));
#2620=CARTESIAN_POINT('',(6.85E0,-4.E-1,7.5E0));
#2622=CURVE_STYLE('',#14,POSITIVE_LENGTH_MEASURE(2.E-2),#1);
#2623=PRESENTATION_STYLE_ASSIGNMENT((#2622));
#2624=STYLED_ITEM('',(#2623),#2621);
#2625=DIRECTION('',(-1.E0,0.E0,-2.960594732335E-14));
#2626=VECTOR('',#2625,1.5E-1);
#2627=CARTESIAN_POINT('',(6.85E0,-4.E-1,7.5E0));
#2628=LINE('',#2627,#2626);
#2629=CURVE_STYLE('',#14,POSITIVE_LENGTH_MEASURE(2.E-2),#1);
#2630=PRESENTATION_STYLE_ASSIGNMENT((#2629));
#2631=STYLED_ITEM('',(#2630),#2628);
#2632=DIRECTION('',(-1.E0,0.E0,0.E0));
#2633=VECTOR('',#2632,2.6E0);
#2634=CARTESIAN_POINT('',(6.7E0,-4.E-1,7.5E0));
#2635=LINE('',#2634,#2633);
#2636=CURVE_STYLE('',#14,POSITIVE_LENGTH_MEASURE(2.E-2),#1);
#2637=PRESENTATION_STYLE_ASSIGNMENT((#2636));
#2638=STYLED_ITEM('',(#2637),#2635);
#2639=DIRECTION('',(-1.E0,0.E0,-3.552713678798E-13));
#2640=VECTOR('',#2639,5.000000000003E-2);
#2641=CARTESIAN_POINT('',(4.1E0,-4.E-1,7.5E0));
#2642=LINE('',#2641,#2640);
#2643=CURVE_STYLE('',#14,POSITIVE_LENGTH_MEASURE(2.E-2),#1);
#2644=PRESENTATION_STYLE_ASSIGNMENT((#2643));
#2645=STYLED_ITEM('',(#2644),#2642);
#2646=CARTESIAN_POINT('',(4.05E0,-4.E-1,7.5E0));
#2647=CARTESIAN_POINT('',(4.040927758152E0,-4.E-1,7.599794660323E0));
#2648=CARTESIAN_POINT('',(4.026700991431E0,-3.567274016670E-1,
7.756289094264E0));
#2649=CARTESIAN_POINT('',(4.010652229802E0,-2.333732084023E-1,
7.932825472173E0));
#2650=CARTESIAN_POINT('',(3.999412832983E0,-5.689784456262E-2,
8.056458837186E0));
#2651=CARTESIAN_POINT('',(3.995454545455E0,9.979381355824E-2,8.1E0));
#2652=CARTESIAN_POINT('',(3.995454545455E0,2.E-1,8.1E0));
#2654=CURVE_STYLE('',#14,POSITIVE_LENGTH_MEASURE(2.E-2),#1);
#2655=PRESENTATION_STYLE_ASSIGNMENT((#2654));
#2656=STYLED_ITEM('',(#2655),#2653);
#2657=DIRECTION('',(1.E0,0.E0,-3.398247866688E-14));
#2658=VECTOR('',#2657,1.045454545452E-1);
#2659=CARTESIAN_POINT('',(3.995454545455E0,2.E-1,8.1E0));
#2660=LINE('',#2659,#2658);
#2661=CURVE_STYLE('',#14,POSITIVE_LENGTH_MEASURE(2.E-2),#1);
#2662=PRESENTATION_STYLE_ASSIGNMENT((#2661));
#2663=STYLED_ITEM('',(#2662),#2660);
#2664=DIRECTION('',(-1.E0,-4.230056476036E-14,0.E0));
#2665=VECTOR('',#2664,2.6E0);
#2666=CARTESIAN_POINT('',(6.7E0,-9.999999999993E-2,8.1E0));
#2667=LINE('',#2666,#2665);
#2668=CURVE_STYLE('',#14,POSITIVE_LENGTH_MEASURE(2.E-2),#1);
#2669=PRESENTATION_STYLE_ASSIGNMENT((#2668));
#2670=STYLED_ITEM('',(#2669),#2667);
#2671=DIRECTION('',(1.E0,0.E0,-1.058981961950E-14));
#2672=VECTOR('',#2671,2.6E0);
#2673=CARTESIAN_POINT('',(4.1E0,-4.E-1,7.8E0));
#2674=LINE('',#2673,#2672);
#2675=CURVE_STYLE('',#14,POSITIVE_LENGTH_MEASURE(2.E-2),#1);
#2676=PRESENTATION_STYLE_ASSIGNMENT((#2675));
#2677=STYLED_ITEM('',(#2676),#2674);
#2678=DIRECTION('',(-1.243449787580E-13,-1.E0,1.184237892934E-14));
#2679=VECTOR('',#2678,3.E-1);
#2680=CARTESIAN_POINT('',(6.7E0,5.E-1,8.1E0));
#2681=LINE('',#2680,#2679);
#2682=CURVE_STYLE('',#14,POSITIVE_LENGTH_MEASURE(2.E-2),#1);
#2683=PRESENTATION_STYLE_ASSIGNMENT((#2682));
#2684=STYLED_ITEM('',(#2683),#2681);
#2685=DIRECTION('',(1.598721155461E-13,-1.E0,-5.151434834262E-13));
#2686=VECTOR('',#2685,2.999999999999E-1);
#2687=CARTESIAN_POINT('',(6.7E0,2.E-1,8.1E0));
#2688=LINE('',#2687,#2686);
#2689=CURVE_STYLE('',#14,POSITIVE_LENGTH_MEASURE(2.E-2),#1);
#2690=PRESENTATION_STYLE_ASSIGNMENT((#2689));
#2691=STYLED_ITEM('',(#2690),#2688);
#2692=CARTESIAN_POINT('',(6.7E0,-1.E-1,7.8E0));
#2693=DIRECTION('',(1.E0,0.E0,-1.426639894605E-14));
#2694=DIRECTION('',(1.480297366167E-14,6.702971511174E-13,1.E0));
#2695=AXIS2_PLACEMENT_3D('',#2692,#2693,#2694);
#2697=CURVE_STYLE('',#14,POSITIVE_LENGTH_MEASURE(2.E-2),#1);
#2698=PRESENTATION_STYLE_ASSIGNMENT((#2697));
#2699=STYLED_ITEM('',(#2698),#2696);
#2700=DIRECTION('',(1.776356839400E-14,0.E0,-1.E0));
#2701=VECTOR('',#2700,3.E-1);
#2702=CARTESIAN_POINT('',(6.7E0,-4.E-1,7.8E0));
#2703=LINE('',#2702,#2701);
#2704=CURVE_STYLE('',#14,POSITIVE_LENGTH_MEASURE(2.E-2),#1);
#2705=PRESENTATION_STYLE_ASSIGNMENT((#2704));
#2706=STYLED_ITEM('',(#2705),#2703);
#2707=DIRECTION('',(0.E0,0.E0,-1.E0));
#2708=VECTOR('',#2707,2.1E0);
#2709=CARTESIAN_POINT('',(6.7E0,-4.E-1,7.5E0));
#2710=LINE('',#2709,#2708);
#2711=CURVE_STYLE('',#14,POSITIVE_LENGTH_MEASURE(2.E-2),#1);
#2712=PRESENTATION_STYLE_ASSIGNMENT((#2711));
#2713=STYLED_ITEM('',(#2712),#2710);
#2714=DIRECTION('',(4.144832625267E-14,-1.E0,-2.368475785867E-14));
#2715=VECTOR('',#2714,3.E-1);
#2716=CARTESIAN_POINT('',(6.7E0,-4.E-1,5.4E0));
#2717=LINE('',#2716,#2715);
#2718=CURVE_STYLE('',#14,POSITIVE_LENGTH_MEASURE(2.E-2),#1);
#2719=PRESENTATION_STYLE_ASSIGNMENT((#2718));
#2720=STYLED_ITEM('',(#2719),#2717);
#2721=CARTESIAN_POINT('',(6.7E0,-2.E-1,7.9E0));
#2722=DIRECTION('',(-1.E0,0.E0,1.426639894605E-14));
#2723=DIRECTION('',(0.E0,-1.E0,9.219291996487E-13));
#2724=AXIS2_PLACEMENT_3D('',#2721,#2722,#2723);
#2726=CURVE_STYLE('',#14,POSITIVE_LENGTH_MEASURE(2.E-2),#1);
#2727=PRESENTATION_STYLE_ASSIGNMENT((#2726));
#2728=STYLED_ITEM('',(#2727),#2725);
#2729=CARTESIAN_POINT('',(6.7E0,2.3E0,7.9E0));
#2730=DIRECTION('',(-1.E0,0.E0,1.426639894605E-14));
#2731=DIRECTION('',(1.421085471520E-14,0.E0,1.E0));
#2732=AXIS2_PLACEMENT_3D('',#2729,#2730,#2731);
#2734=CURVE_STYLE('',#14,POSITIVE_LENGTH_MEASURE(2.E-2),#1);
#2735=PRESENTATION_STYLE_ASSIGNMENT((#2734));
#2736=STYLED_ITEM('',(#2735),#2733);
#2737=DIRECTION('',(0.E0,0.E0,-1.E0));
#2738=VECTOR('',#2737,4.7E-1);
#2739=CARTESIAN_POINT('',(6.7E0,2.8E0,7.9E0));
#2740=LINE('',#2739,#2738);
#2741=CURVE_STYLE('',#14,POSITIVE_LENGTH_MEASURE(2.E-2),#1);
#2742=PRESENTATION_STYLE_ASSIGNMENT((#2741));
#2743=STYLED_ITEM('',(#2742),#2740);
#2744=DIRECTION('',(0.E0,-1.E0,0.E0));
#2745=VECTOR('',#2744,3.E-1);
#2746=CARTESIAN_POINT('',(6.7E0,2.8E0,7.43E0));
#2747=LINE('',#2746,#2745);
#2748=CURVE_STYLE('',#14,POSITIVE_LENGTH_MEASURE(2.E-2),#1);
#2749=PRESENTATION_STYLE_ASSIGNMENT((#2748));
#2750=STYLED_ITEM('',(#2749),#2747);
#2751=CARTESIAN_POINT('',(6.7E0,2.2E0,7.8E0));
#2752=DIRECTION('',(1.E0,0.E0,-1.426639894605E-14));
#2753=DIRECTION('',(0.E0,1.E0,1.536548666081E-12));
#2754=AXIS2_PLACEMENT_3D('',#2751,#2752,#2753);
#2756=CURVE_STYLE('',#14,POSITIVE_LENGTH_MEASURE(2.E-2),#1);
#2757=PRESENTATION_STYLE_ASSIGNMENT((#2756));
#2758=STYLED_ITEM('',(#2757),#2755);
#2759=DIRECTION('',(0.E0,-1.E0,1.003119156367E-13));
#2760=VECTOR('',#2759,1.7E0);
#2761=CARTESIAN_POINT('',(6.7E0,2.2E0,8.1E0));
#2762=LINE('',#2761,#2760);
#2763=CURVE_STYLE('',#14,POSITIVE_LENGTH_MEASURE(2.E-2),#1);
#2764=PRESENTATION_STYLE_ASSIGNMENT((#2763));
#2765=STYLED_ITEM('',(#2764),#2762);
#2766=DIRECTION('',(0.E0,-1.E0,-2.368475785867E-14));
#2767=VECTOR('',#2766,3.E-1);
#2768=CARTESIAN_POINT('',(6.904545454545E0,5.E-1,8.1E0));
#2769=LINE('',#2768,#2767);
#2770=CURVE_STYLE('',#14,POSITIVE_LENGTH_MEASURE(2.E-2),#1);
#2771=PRESENTATION_STYLE_ASSIGNMENT((#2770));
#2772=STYLED_ITEM('',(#2771),#2769);
#2773=DIRECTION('',(0.E0,0.E0,-1.E0));
#2774=VECTOR('',#2773,2.4E0);
#2775=CARTESIAN_POINT('',(6.85E0,-4.E-1,7.5E0));
#2776=LINE('',#2775,#2774);
#2777=CURVE_STYLE('',#14,POSITIVE_LENGTH_MEASURE(2.E-2),#1);
#2778=PRESENTATION_STYLE_ASSIGNMENT((#2777));
#2779=STYLED_ITEM('',(#2778),#2776);
#2780=DIRECTION('',(-1.E0,0.E0,0.E0));
#2781=VECTOR('',#2780,2.8E0);
#2782=CARTESIAN_POINT('',(6.85E0,-4.E-1,5.1E0));
#2783=LINE('',#2782,#2781);
#2784=CURVE_STYLE('',#14,POSITIVE_LENGTH_MEASURE(2.E-2),#1);
#2785=PRESENTATION_STYLE_ASSIGNMENT((#2784));
#2786=STYLED_ITEM('',(#2785),#2783);
#2787=DIRECTION('',(0.E0,0.E0,1.E0));
#2788=VECTOR('',#2787,2.4E0);
#2789=CARTESIAN_POINT('',(4.05E0,-4.E-1,5.1E0));
#2790=LINE('',#2789,#2788);
#2791=CURVE_STYLE('',#14,POSITIVE_LENGTH_MEASURE(2.E-2),#1);
#2792=PRESENTATION_STYLE_ASSIGNMENT((#2791));
#2793=STYLED_ITEM('',(#2792),#2790);
#2794=DIRECTION('',(0.E0,0.E0,-1.E0));
#2795=VECTOR('',#2794,2.1E0);
#2796=CARTESIAN_POINT('',(4.1E0,-4.E-1,7.5E0));
#2797=LINE('',#2796,#2795);
#2798=CURVE_STYLE('',#14,POSITIVE_LENGTH_MEASURE(2.E-2),#1);
#2799=PRESENTATION_STYLE_ASSIGNMENT((#2798));
#2800=STYLED_ITEM('',(#2799),#2797);
#2801=DIRECTION('',(-1.E0,0.E0,0.E0));
#2802=VECTOR('',#2801,2.6E0);
#2803=CARTESIAN_POINT('',(6.7E0,-4.E-1,5.4E0));
#2804=LINE('',#2803,#2802);
#2805=CURVE_STYLE('',#14,POSITIVE_LENGTH_MEASURE(2.E-2),#1);
#2806=PRESENTATION_STYLE_ASSIGNMENT((#2805));
#2807=STYLED_ITEM('',(#2806),#2804);
#2808=DIRECTION('',(-1.154631945610E-13,-1.E0,2.368475785867E-14));
#2809=VECTOR('',#2808,3.E-1);
#2810=CARTESIAN_POINT('',(4.1E0,-4.E-1,5.4E0));
#2811=LINE('',#2810,#2809);
#2812=CURVE_STYLE('',#14,POSITIVE_LENGTH_MEASURE(2.E-2),#1);
#2813=PRESENTATION_STYLE_ASSIGNMENT((#2812));
#2814=STYLED_ITEM('',(#2813),#2811);
#2815=DIRECTION('',(0.E0,0.E0,-1.E0));
#2816=VECTOR('',#2815,2.5E0);
#2817=CARTESIAN_POINT('',(6.7E0,-7.E-1,7.9E0));
#2818=LINE('',#2817,#2816);
#2819=CURVE_STYLE('',#14,POSITIVE_LENGTH_MEASURE(2.E-2),#1);
#2820=PRESENTATION_STYLE_ASSIGNMENT((#2819));
#2821=STYLED_ITEM('',(#2820),#2818);
#2822=DIRECTION('',(-1.E0,0.E0,0.E0));
#2823=VECTOR('',#2822,2.6E0);
#2824=CARTESIAN_POINT('',(6.7E0,-7.E-1,5.4E0));
#2825=LINE('',#2824,#2823);
#2826=CURVE_STYLE('',#14,POSITIVE_LENGTH_MEASURE(2.E-2),#1);
#2827=PRESENTATION_STYLE_ASSIGNMENT((#2826));
#2828=STYLED_ITEM('',(#2827),#2825);
#2829=DIRECTION('',(0.E0,0.E0,1.E0));
#2830=VECTOR('',#2829,2.5E0);
#2831=CARTESIAN_POINT('',(4.1E0,-7.E-1,5.4E0));
#2832=LINE('',#2831,#2830);
#2833=CURVE_STYLE('',#14,POSITIVE_LENGTH_MEASURE(2.E-2),#1);
#2834=PRESENTATION_STYLE_ASSIGNMENT((#2833));
#2835=STYLED_ITEM('',(#2834),#2832);
#2836=DIRECTION('',(-1.E0,0.E0,0.E0));
#2837=VECTOR('',#2836,2.6E0);
#2838=CARTESIAN_POINT('',(6.7E0,-7.E-1,7.9E0));
#2839=LINE('',#2838,#2837);
#2840=CURVE_STYLE('',#14,POSITIVE_LENGTH_MEASURE(2.E-2),#1);
#2841=PRESENTATION_STYLE_ASSIGNMENT((#2840));
#2842=STYLED_ITEM('',(#2841),#2839);
#2843=DIRECTION('',(1.E0,0.E0,0.E0));
#2844=VECTOR('',#2843,2.6E0);
#2845=CARTESIAN_POINT('',(4.1E0,-2.E-1,8.4E0));
#2846=LINE('',#2845,#2844);
#2847=CURVE_STYLE('',#14,POSITIVE_LENGTH_MEASURE(2.E-2),#1);
#2848=PRESENTATION_STYLE_ASSIGNMENT((#2847));
#2849=STYLED_ITEM('',(#2848),#2846);
#2850=DIRECTION('',(0.E0,-1.E0,-9.734435479913E-14));
#2851=VECTOR('',#2850,2.5E0);
#2852=CARTESIAN_POINT('',(6.7E0,2.3E0,8.4E0));
#2853=LINE('',#2852,#2851);
#2854=CURVE_STYLE('',#14,POSITIVE_LENGTH_MEASURE(2.E-2),#1);
#2855=PRESENTATION_STYLE_ASSIGNMENT((#2854));
#2856=STYLED_ITEM('',(#2855),#2853);
#2857=DIRECTION('',(0.E0,1.E0,9.805489753489E-14));
#2858=VECTOR('',#2857,2.5E0);
#2859=CARTESIAN_POINT('',(4.1E0,-2.E-1,8.4E0));
#2860=LINE('',#2859,#2858);
#2861=CURVE_STYLE('',#14,POSITIVE_LENGTH_MEASURE(2.E-2),#1);
#2862=PRESENTATION_STYLE_ASSIGNMENT((#2861));
#2863=STYLED_ITEM('',(#2862),#2860);
#2864=DIRECTION('',(1.E0,0.E0,0.E0));
#2865=VECTOR('',#2864,2.6E0);
#2866=CARTESIAN_POINT('',(4.1E0,2.8E0,7.9E0));
#2867=LINE('',#2866,#2865);
#2868=CURVE_STYLE('',#14,POSITIVE_LENGTH_MEASURE(2.E-2),#1);
#2869=PRESENTATION_STYLE_ASSIGNMENT((#2868));
#2870=STYLED_ITEM('',(#2869),#2867);
#2871=DIRECTION('',(-1.E0,0.E0,1.024821253500E-14));
#2872=VECTOR('',#2871,2.6E0);
#2873=CARTESIAN_POINT('',(6.7E0,2.3E0,8.4E0));
#2874=LINE('',#2873,#2872);
#2875=CURVE_STYLE('',#14,POSITIVE_LENGTH_MEASURE(2.E-2),#1);
#2876=PRESENTATION_STYLE_ASSIGNMENT((#2875));
#2877=STYLED_ITEM('',(#2876),#2874);
#2878=DIRECTION('',(1.E0,0.E0,0.E0));
#2879=VECTOR('',#2878,2.6E0);
#2880=CARTESIAN_POINT('',(4.1E0,2.8E0,7.43E0));
#2881=LINE('',#2880,#2879);
#2882=CURVE_STYLE('',#14,POSITIVE_LENGTH_MEASURE(2.E-2),#1);
#2883=PRESENTATION_STYLE_ASSIGNMENT((#2882));
#2884=STYLED_ITEM('',(#2883),#2881);
#2885=DIRECTION('',(-1.133844791106E-14,0.E0,-1.E0));
#2886=VECTOR('',#2885,4.7E-1);
#2887=CARTESIAN_POINT('',(4.1E0,2.8E0,7.9E0));
#2888=LINE('',#2887,#2886);
#2889=CURVE_STYLE('',#14,POSITIVE_LENGTH_MEASURE(2.E-2),#1);
#2890=PRESENTATION_STYLE_ASSIGNMENT((#2889));
#2891=STYLED_ITEM('',(#2890),#2888);
#2892=DIRECTION('',(-1.E0,0.E0,0.E0));
#2893=VECTOR('',#2892,2.6E0);
#2894=CARTESIAN_POINT('',(6.7E0,2.5E0,7.8E0));
#2895=LINE('',#2894,#2893);
#2896=CURVE_STYLE('',#14,POSITIVE_LENGTH_MEASURE(2.E-2),#1);
#2897=PRESENTATION_STYLE_ASSIGNMENT((#2896));
#2898=STYLED_ITEM('',(#2897),#2895);
#2899=DIRECTION('',(1.E0,3.142785177400E-14,-1.434749754900E-14));
#2900=VECTOR('',#2899,2.6E0);
#2901=CARTESIAN_POINT('',(4.1E0,2.2E0,8.1E0));
#2902=LINE('',#2901,#2900);
#2903=CURVE_STYLE('',#14,POSITIVE_LENGTH_MEASURE(2.E-2),#1);
#2904=PRESENTATION_STYLE_ASSIGNMENT((#2903));
#2905=STYLED_ITEM('',(#2904),#2902);
#2906=CARTESIAN_POINT('',(-2.099097207915E0,7.155263420144E0,
-6.362687396983E0));
#2907=CARTESIAN_POINT('',(-2.088101153439E0,7.155497376407E0,
-6.237001919193E0));
#2908=CARTESIAN_POINT('',(-2.066099741517E0,7.157164977010E0,
-5.985522668496E0));
#2909=CARTESIAN_POINT('',(-2.033066985868E0,7.155967310527E0,
-5.607958606635E0));
#2910=CARTESIAN_POINT('',(-2.011025995468E0,7.157493487212E0,
-5.356025394150E0));
#2911=CARTESIAN_POINT('',(-2.000000195619E0,7.157824000127E0,
-5.229999925194E0));
#2913=CURVE_STYLE('',#14,POSITIVE_LENGTH_MEASURE(2.E-2),#1);
#2914=PRESENTATION_STYLE_ASSIGNMENT((#2913));
#2915=STYLED_ITEM('',(#2914),#2912);
#2916=CARTESIAN_POINT('',(-2.000000195619E0,7.157824000127E0,
-5.229999925194E0));
#2917=CARTESIAN_POINT('',(-1.727213844070E0,7.155398241065E0,
-5.229999925194E0));
#2918=CARTESIAN_POINT('',(-1.185125093060E0,7.149961058752E0,
-5.230000034722E0));
#2919=CARTESIAN_POINT('',(-4.100630548917E-1,7.141904753427E0,
-5.229999990684E0));
#2920=CARTESIAN_POINT('',(4.098288531610E-1,7.133093914925E0,
-5.230000002542E0));
#2921=CARTESIAN_POINT('',(1.185046951088E0,7.125058501353E0,-5.229999999147E0));
#2922=CARTESIAN_POINT('',(1.727187364986E0,7.119562516339E0,-5.230000000296E0));
#2923=CARTESIAN_POINT('',(1.999999999225E0,7.117153916203E0,-5.230000000296E0));
#2925=CURVE_STYLE('',#14,POSITIVE_LENGTH_MEASURE(2.E-2),#1);
#2926=PRESENTATION_STYLE_ASSIGNMENT((#2925));
#2927=STYLED_ITEM('',(#2926),#2924);
#2928=CARTESIAN_POINT('',(1.999999999225E0,7.117153916203E0,-5.230000000296E0));
#2929=CARTESIAN_POINT('',(2.011026381259E0,7.117482076814E0,-5.356032123656E0));
#2930=CARTESIAN_POINT('',(2.033068392305E0,7.119038756524E0,-5.607974095148E0));
#2931=CARTESIAN_POINT('',(2.066101220087E0,7.117850442224E0,-5.985538143763E0));
#2932=CARTESIAN_POINT('',(2.088101418817E0,7.119462600648E0,-6.237008668589E0));
#2933=CARTESIAN_POINT('',(2.099096891918E0,7.119695096642E0,-6.362687501232E0));
#2935=CURVE_STYLE('',#14,POSITIVE_LENGTH_MEASURE(2.E-2),#1);
#2936=PRESENTATION_STYLE_ASSIGNMENT((#2935));
#2937=STYLED_ITEM('',(#2936),#2934);
#2938=CARTESIAN_POINT('',(2.099096891918E0,7.119695096642E0,-6.362687501232E0));
#2939=CARTESIAN_POINT('',(1.829202401702E0,7.121978851196E0,-6.451726117898E0));
#2940=CARTESIAN_POINT('',(1.277790248307E0,7.126568618079E0,-6.595620155090E0));
#2941=CARTESIAN_POINT('',(4.263123973869E-1,7.133819725457E0,
-6.704542826368E0));
#2942=CARTESIAN_POINT('',(-4.275918070065E-1,7.141057214230E0,
-6.704676169353E0));
#2943=CARTESIAN_POINT('',(-1.276269388798E0,7.148279564351E0,
-6.595678041203E0));
#2944=CARTESIAN_POINT('',(-1.828517286424E0,7.152959784821E0,
-6.451882586376E0));
#2945=CARTESIAN_POINT('',(-2.099097207915E0,7.155263420144E0,
-6.362687396983E0));
#2947=CURVE_STYLE('',#14,POSITIVE_LENGTH_MEASURE(2.E-2),#1);
#2948=PRESENTATION_STYLE_ASSIGNMENT((#2947));
#2949=STYLED_ITEM('',(#2948),#2946);
#2950=DIRECTION('',(-7.916694322807E-7,-9.999999999996E-1,3.027420688280E-7));
#2951=VECTOR('',#2950,5.000464019874E-2);
#2952=CARTESIAN_POINT('',(-2.000000195619E0,7.157824000127E0,
-5.229999925194E0));
#2953=LINE('',#2952,#2951);
#2954=CURVE_STYLE('',#14,POSITIVE_LENGTH_MEASURE(2.E-2),#1);
#2955=PRESENTATION_STYLE_ASSIGNMENT((#2954));
#2956=STYLED_ITEM('',(#2955),#2953);
#2957=CARTESIAN_POINT('',(-2.000000235206E0,7.107819359928E0,
-5.229999910055E0));
#2958=CARTESIAN_POINT('',(-2.011026617227E0,7.107491140571E0,
-5.356032033270E0));
#2959=CARTESIAN_POINT('',(-2.033068323154E0,7.105968376854E0,
-5.607974123839E0));
#2960=CARTESIAN_POINT('',(-2.066101108168E0,7.107164764836E0,
-5.985538179009E0));
#2961=CARTESIAN_POINT('',(-2.088101726067E0,7.105497160601E0,
-6.237008567280E0));
#2962=CARTESIAN_POINT('',(-2.099097199163E0,7.105264639794E0,
-6.362687399870E0));
#2964=CURVE_STYLE('',#14,POSITIVE_LENGTH_MEASURE(2.E-2),#1);
#2965=PRESENTATION_STYLE_ASSIGNMENT((#2964));
#2966=STYLED_ITEM('',(#2965),#2963);
#2967=CARTESIAN_POINT('',(-2.099097199163E0,7.105264639794E0,
-6.362687399870E0));
#2968=CARTESIAN_POINT('',(-1.829202706993E0,7.102980643181E0,
-6.451726046773E0));
#2969=CARTESIAN_POINT('',(-1.277791023943E0,7.098332201594E0,
-6.595619997703E0));
#2970=CARTESIAN_POINT('',(-4.263129076564E-1,7.091104568408E0,
-6.704542770668E0));
#2971=CARTESIAN_POINT('',(4.275908711867E-1,7.083868627212E0,
-6.704676310569E0));
#2972=CARTESIAN_POINT('',(1.276270016561E0,7.076631749072E0,-6.595677763387E0));
#2973=CARTESIAN_POINT('',(1.828514232837E0,7.072004317613E0,-6.451883568640E0));
#2974=CARTESIAN_POINT('',(2.099107752704E0,7.069702525621E0,-6.362720237772E0));
#2976=CURVE_STYLE('',#14,POSITIVE_LENGTH_MEASURE(2.E-2),#1);
#2977=PRESENTATION_STYLE_ASSIGNMENT((#2976));
#2978=STYLED_ITEM('',(#2977),#2975);
#2979=CARTESIAN_POINT('',(2.099107752704E0,7.069702525621E0,-6.362720237772E0));
#2980=CARTESIAN_POINT('',(2.088111698196E0,7.069468759074E0,-6.237034759624E0));
#2981=CARTESIAN_POINT('',(2.066094794547E0,7.067847854027E0,-5.985507353017E0));
#2982=CARTESIAN_POINT('',(2.033068483120E0,7.069038577591E0,-5.607962950072E0));
#2983=CARTESIAN_POINT('',(2.011025799855E0,7.067484219801E0,-5.356025469721E0));
#2984=CARTESIAN_POINT('',(1.999999999941E0,7.067153995090E0,-5.230000000023E0));
#2986=CURVE_STYLE('',#14,POSITIVE_LENGTH_MEASURE(2.E-2),#1);
#2987=PRESENTATION_STYLE_ASSIGNMENT((#2986));
#2988=STYLED_ITEM('',(#2987),#2985);
#2989=CARTESIAN_POINT('',(1.999999999941E0,7.067153995090E0,-5.230000000023E0));
#2990=CARTESIAN_POINT('',(1.727213629595E0,7.069577639653E0,-5.230000000023E0));
#2991=CARTESIAN_POINT('',(1.185125190301E0,7.075049875511E0,-5.229999999129E0));
#2992=CARTESIAN_POINT('',(4.100630362346E-1,7.083093155539E0,
-5.230000003015E0));
#2993=CARTESIAN_POINT('',(-4.098288758135E-1,7.091903514913E0,
-5.229999988810E0));
#2994=CARTESIAN_POINT('',(-1.185046841862E0,7.099953870294E0,
-5.230000041745E0));
#2995=CARTESIAN_POINT('',(-1.727187604765E0,7.105410329902E0,
-5.229999910055E0));
#2996=CARTESIAN_POINT('',(-2.000000235206E0,7.107819359928E0,
-5.229999910055E0));
#2998=CURVE_STYLE('',#14,POSITIVE_LENGTH_MEASURE(2.E-2),#1);
#2999=PRESENTATION_STYLE_ASSIGNMENT((#2998));
#3000=STYLED_ITEM('',(#2999),#2997);
#3001=CARTESIAN_POINT('',(-2.099097199163E0,6.805264639793E0,
-6.362687399870E0));
#3002=CARTESIAN_POINT('',(-2.088101726032E0,6.805497160601E0,
-6.237008566881E0));
#3003=CARTESIAN_POINT('',(-2.066101108087E0,6.807164764836E0,
-5.985538178077E0));
#3004=CARTESIAN_POINT('',(-2.033068323073E0,6.805968376853E0,
-5.607974122907E0));
#3005=CARTESIAN_POINT('',(-2.011026617193E0,6.807491140572E0,
-5.356032032870E0));
#3006=CARTESIAN_POINT('',(-2.000000235206E0,6.807819359928E0,
-5.229999910055E0));
#3008=CURVE_STYLE('',#14,POSITIVE_LENGTH_MEASURE(2.E-2),#1);
#3009=PRESENTATION_STYLE_ASSIGNMENT((#3008));
#3010=STYLED_ITEM('',(#3009),#3007);
#3011=CARTESIAN_POINT('',(-2.000000235206E0,6.807819359928E0,
-5.229999910055E0));
#3012=CARTESIAN_POINT('',(-1.727187604466E0,6.805410329900E0,
-5.229999910055E0));
#3013=CARTESIAN_POINT('',(-1.185046841082E0,6.799953870285E0,
-5.230000041745E0));
#3014=CARTESIAN_POINT('',(-4.098288746581E-1,6.791903514900E0,
-5.229999988810E0));
#3015=CARTESIAN_POINT('',(4.100630373898E-1,6.783093155526E0,
-5.230000003015E0));
#3016=CARTESIAN_POINT('',(1.185125191080E0,6.775049875503E0,-5.229999999129E0));
#3017=CARTESIAN_POINT('',(1.727213629894E0,6.769577639650E0,-5.230000000023E0));
#3018=CARTESIAN_POINT('',(1.999999999941E0,6.767153995090E0,-5.230000000023E0));
#3020=CURVE_STYLE('',#14,POSITIVE_LENGTH_MEASURE(2.E-2),#1);
#3021=PRESENTATION_STYLE_ASSIGNMENT((#3020));
#3022=STYLED_ITEM('',(#3021),#3019);
#3023=CARTESIAN_POINT('',(1.999999999941E0,6.767153995090E0,-5.230000000023E0));
#3024=CARTESIAN_POINT('',(2.011025799887E0,6.767484219802E0,-5.356025470085E0));
#3025=CARTESIAN_POINT('',(2.033067042395E0,6.769038577269E0,-5.607958583641E0));
#3026=CARTESIAN_POINT('',(2.066099837417E0,6.767847855149E0,-5.985522639353E0));
#3027=CARTESIAN_POINT('',(2.088100892236E0,6.769468756668E0,-6.237002005377E0));
#3028=CARTESIAN_POINT('',(2.099096946712E0,6.769702525620E0,-6.362687483156E0));
#3030=CURVE_STYLE('',#14,POSITIVE_LENGTH_MEASURE(2.E-2),#1);
#3031=PRESENTATION_STYLE_ASSIGNMENT((#3030));
#3032=STYLED_ITEM('',(#3031),#3029);
#3033=CARTESIAN_POINT('',(2.099096946712E0,6.769702525620E0,-6.362687483156E0));
#3034=CARTESIAN_POINT('',(1.828520551902E0,6.772004287551E0,-6.451881483536E0));
#3035=CARTESIAN_POINT('',(1.276278811240E0,6.776631663400E0,-6.595677073571E0));
#3036=CARTESIAN_POINT('',(4.275757216354E-1,6.783868758756E0,
-6.704676992554E0));
#3037=CARTESIAN_POINT('',(-4.262926847213E-1,6.791104396010E0,
-6.704542753026E0));
#3038=CARTESIAN_POINT('',(-1.277767265984E0,6.798332000590E0,
-6.595625106086E0));
#3039=CARTESIAN_POINT('',(-1.829192280685E0,6.802980554957E0,
-6.451729482529E0));
#3040=CARTESIAN_POINT('',(-2.099097199163E0,6.805264639793E0,
-6.362687399870E0));
#3042=CURVE_STYLE('',#14,POSITIVE_LENGTH_MEASURE(2.E-2),#1);
#3043=PRESENTATION_STYLE_ASSIGNMENT((#3042));
#3044=STYLED_ITEM('',(#3043),#3041);
#3045=DIRECTION('',(-1.505117362937E-6,-9.999999999987E-1,5.755711225253E-7));
#3046=VECTOR('',#3045,5.000849697062E-2);
#3047=CARTESIAN_POINT('',(-2.000000235206E0,6.807819359928E0,
-5.229999910055E0));
#3048=LINE('',#3047,#3046);
#3049=CURVE_STYLE('',#14,POSITIVE_LENGTH_MEASURE(2.E-2),#1);
#3050=PRESENTATION_STYLE_ASSIGNMENT((#3049));
#3051=STYLED_ITEM('',(#3050),#3048);
#3052=CARTESIAN_POINT('',(-2.000000310475E0,6.757810862958E0,
-5.229999881272E0));
#3053=CARTESIAN_POINT('',(-2.011026826645E0,6.757482415862E0,
-5.356033537812E0));
#3054=CARTESIAN_POINT('',(-2.033067029267E0,6.755970655809E0,
-5.607972909646E0));
#3055=CARTESIAN_POINT('',(-2.066106933099E0,6.757169875566E0,
-5.985558579397E0));
#3056=CARTESIAN_POINT('',(-2.088090070852E0,6.755483716267E0,
-6.236974048264E0));
#3057=CARTESIAN_POINT('',(-2.099085409717E0,6.755251079143E0,
-6.362651346574E0));
#3059=CURVE_STYLE('',#14,POSITIVE_LENGTH_MEASURE(2.E-2),#1);
#3060=PRESENTATION_STYLE_ASSIGNMENT((#3059));
#3061=STYLED_ITEM('',(#3060),#3058);
#3062=CARTESIAN_POINT('',(-2.099085409717E0,6.755251079143E0,
-6.362651346574E0));
#3063=CARTESIAN_POINT('',(-1.829152898371E0,6.752965432874E0,
-6.451765152770E0));
#3064=CARTESIAN_POINT('',(-1.277691926709E0,6.748295514073E0,
-6.595662491026E0));
#3065=CARTESIAN_POINT('',(-4.307938622203E-1,6.741115392516E0,
-6.704170748920E0));
#3066=CARTESIAN_POINT('',(4.272812103751E-1,6.733849036204E0,
-6.704698332234E0));
#3067=CARTESIAN_POINT('',(1.274896115301E0,6.726618885740E0,-6.596046410469E0));
#3068=CARTESIAN_POINT('',(1.828097229010E0,6.722017804661E0,-6.452082075380E0));
#3069=CARTESIAN_POINT('',(2.099074608315E0,6.719716517429E0,-6.362619395483E0));
#3071=CURVE_STYLE('',#14,POSITIVE_LENGTH_MEASURE(2.E-2),#1);
#3072=PRESENTATION_STYLE_ASSIGNMENT((#3071));
#3073=STYLED_ITEM('',(#3072),#3070);
#3074=CARTESIAN_POINT('',(2.099074608315E0,6.719716517429E0,-6.362619395483E0));
#3075=CARTESIAN_POINT('',(2.088079157336E0,6.719483190330E0,-6.236940815698E0));
#3076=CARTESIAN_POINT('',(2.066111670524E0,6.717841045178E0,-5.985570511600E0));
#3077=CARTESIAN_POINT('',(2.033065471797E0,6.719040761683E0,-5.607965602320E0));
#3078=CARTESIAN_POINT('',(2.011026404558E0,6.717483662821E0,-5.356032370412E0));
#3079=CARTESIAN_POINT('',(2.000000000880E0,6.717154097677E0,-5.229999999663E0));
#3081=CURVE_STYLE('',#14,POSITIVE_LENGTH_MEASURE(2.E-2),#1);
#3082=PRESENTATION_STYLE_ASSIGNMENT((#3081));
#3083=STYLED_ITEM('',(#3082),#3080);
#3084=CARTESIAN_POINT('',(2.000000000880E0,6.717154097677E0,-5.229999999663E0));
#3085=CARTESIAN_POINT('',(1.727204239284E0,6.719572852209E0,-5.229999999663E0));
#3086=CARTESIAN_POINT('',(1.185106274712E0,6.725051792033E0,-5.229999999020E0));
#3087=CARTESIAN_POINT('',(4.101556164132E-1,6.733092323212E0,
-5.230000003935E0));
#3088=CARTESIAN_POINT('',(-4.097945781826E-1,6.741901617641E0,
-5.229999985241E0));
#3089=CARTESIAN_POINT('',(-1.184943081334E0,6.749957935656E0,
-5.230000055100E0));
#3090=CARTESIAN_POINT('',(-1.727145836847E0,6.755399821285E0,
-5.229999881272E0));
#3091=CARTESIAN_POINT('',(-2.000000310475E0,6.757810862958E0,
-5.229999881272E0));
#3093=CURVE_STYLE('',#14,POSITIVE_LENGTH_MEASURE(2.E-2),#1);
#3094=PRESENTATION_STYLE_ASSIGNMENT((#3093));
#3095=STYLED_ITEM('',(#3094),#3092);
#3096=DIRECTION('',(-1.113183619360E-12,-1.E0,0.E0));
#3097=VECTOR('',#3096,2.999999999993E-1);
#3098=CARTESIAN_POINT('',(-2.099085409717E0,6.755251079143E0,
-6.362651346574E0));
#3099=LINE('',#3098,#3097);
#3100=CURVE_STYLE('',#14,POSITIVE_LENGTH_MEASURE(2.E-2),#1);
#3101=PRESENTATION_STYLE_ASSIGNMENT((#3100));
#3102=STYLED_ITEM('',(#3101),#3099);
#3103=CARTESIAN_POINT('',(-2.099085409717E0,6.455251079143E0,
-6.362651346574E0));
#3104=CARTESIAN_POINT('',(-1.829008326030E0,6.452964208712E0,
-6.451812880965E0));
#3105=CARTESIAN_POINT('',(-1.277295765837E0,6.448009282104E0,
-6.595674504703E0));
#3106=CARTESIAN_POINT('',(-4.268779812984E-1,6.440987980537E0,
-6.704729745454E0));
#3107=CARTESIAN_POINT('',(4.276900883165E-1,6.433864957828E0,
-6.704554722195E0));
#3108=CARTESIAN_POINT('',(1.274875298912E0,6.426816390158E0,-6.596060634721E0));
#3109=CARTESIAN_POINT('',(1.827977045129E0,6.421994025128E0,-6.452147322761E0));
#3110=CARTESIAN_POINT('',(2.099082215161E0,6.419691677658E0,-6.362642452992E0));
#3112=CURVE_STYLE('',#14,POSITIVE_LENGTH_MEASURE(2.E-2),#1);
#3113=PRESENTATION_STYLE_ASSIGNMENT((#3112));
#3114=STYLED_ITEM('',(#3113),#3111);
#3115=DIRECTION('',(-2.535405204819E-5,9.999999967255E-1,7.685200165635E-5));
#3116=VECTOR('',#3115,3.000248407538E-1);
#3117=CARTESIAN_POINT('',(2.099082215161E0,6.419691677658E0,-6.362642452992E0));
#3118=LINE('',#3117,#3116);
#3119=CURVE_STYLE('',#14,POSITIVE_LENGTH_MEASURE(2.E-2),#1);
#3120=PRESENTATION_STYLE_ASSIGNMENT((#3119));
#3121=STYLED_ITEM('',(#3120),#3118);
#3122=CARTESIAN_POINT('',(-2.099085409717E0,6.455251079143E0,
-6.362651346574E0));
#3123=CARTESIAN_POINT('',(-2.088090070818E0,6.455483716269E0,
-6.236974047866E0));
#3124=CARTESIAN_POINT('',(-2.066106933017E0,6.457169875566E0,
-5.985558578467E0));
#3125=CARTESIAN_POINT('',(-2.033067029185E0,6.455970655810E0,
-5.607972908715E0));
#3126=CARTESIAN_POINT('',(-2.011026826610E0,6.457482415863E0,
-5.356033537413E0));
#3127=CARTESIAN_POINT('',(-2.000000310475E0,6.457810862958E0,
-5.229999881272E0));
#3129=CURVE_STYLE('',#14,POSITIVE_LENGTH_MEASURE(2.E-2),#1);
#3130=PRESENTATION_STYLE_ASSIGNMENT((#3129));
#3131=STYLED_ITEM('',(#3130),#3128);
#3132=CARTESIAN_POINT('',(-2.000000310475E0,6.457810862958E0,
-5.229999881272E0));
#3133=CARTESIAN_POINT('',(-1.727145836425E0,6.455399821281E0,
-5.229999881272E0));
#3134=CARTESIAN_POINT('',(-1.184943080233E0,6.449957935646E0,
-5.230000055100E0));
#3135=CARTESIAN_POINT('',(-4.097945765501E-1,6.441901617625E0,
-5.229999985241E0));
#3136=CARTESIAN_POINT('',(4.101556180455E-1,6.433092323196E0,
-5.230000003935E0));
#3137=CARTESIAN_POINT('',(1.185106275813E0,6.425051792022E0,-5.229999999020E0));
#3138=CARTESIAN_POINT('',(1.727204239707E0,6.419572852206E0,-5.229999999663E0));
#3139=CARTESIAN_POINT('',(2.000000000880E0,6.417154097678E0,-5.229999999663E0));
#3141=CURVE_STYLE('',#14,POSITIVE_LENGTH_MEASURE(2.E-2),#1);
#3142=PRESENTATION_STYLE_ASSIGNMENT((#3141));
#3143=STYLED_ITEM('',(#3142),#3140);
#3144=CARTESIAN_POINT('',(2.000000000880E0,6.417154097678E0,-5.229999999663E0));
#3145=CARTESIAN_POINT('',(2.011026404592E0,6.417483662823E0,-5.356032370800E0));
#3146=CARTESIAN_POINT('',(2.033066486123E0,6.419037450052E0,-5.607968677559E0));
#3147=CARTESIAN_POINT('',(2.066108120743E0,6.417852635888E0,-5.985559752337E0));
#3148=CARTESIAN_POINT('',(2.088086764215E0,6.419458353096E0,-6.236963873591E0));
#3149=CARTESIAN_POINT('',(2.099082215161E0,6.419691677658E0,-6.362642452992E0));
#3151=CURVE_STYLE('',#14,POSITIVE_LENGTH_MEASURE(2.E-2),#1);
#3152=PRESENTATION_STYLE_ASSIGNMENT((#3151));
#3153=STYLED_ITEM('',(#3152),#3150);
#3154=DIRECTION('',(4.326853575089E-7,-9.999999999999E-1,-1.654631706634E-7));
#3155=VECTOR('',#3154,4.999742654460E-2);
#3156=CARTESIAN_POINT('',(-2.000000310475E0,6.457810862958E0,
-5.229999881272E0));
#3157=LINE('',#3156,#3155);
#3158=CURVE_STYLE('',#14,POSITIVE_LENGTH_MEASURE(2.E-2),#1);
#3159=PRESENTATION_STYLE_ASSIGNMENT((#3158));
#3160=STYLED_ITEM('',(#3159),#3157);
#3161=CARTESIAN_POINT('',(-2.000000288842E0,6.407813436413E0,
-5.229999889544E0));
#3162=CARTESIAN_POINT('',(-2.011026686388E0,6.407483752915E0,
-5.356032190206E0));
#3163=CARTESIAN_POINT('',(-2.033067120141E0,6.405970087141E0,
-5.607970824364E0));
#3164=CARTESIAN_POINT('',(-2.066105405314E0,6.407169860319E0,
-5.985551667374E0));
#3165=CARTESIAN_POINT('',(-2.088092628421E0,6.405484130953E0,
-6.236980745918E0));
#3166=CARTESIAN_POINT('',(-2.099088085493E0,6.405250729040E0,
-6.362659395350E0));
#3168=CURVE_STYLE('',#14,POSITIVE_LENGTH_MEASURE(2.E-2),#1);
#3169=PRESENTATION_STYLE_ASSIGNMENT((#3168));
#3170=STYLED_ITEM('',(#3169),#3167);
#3171=CARTESIAN_POINT('',(-2.099088085493E0,6.405250729040E0,
-6.362659395350E0));
#3172=CARTESIAN_POINT('',(-1.828161218028E0,6.402949228524E0,
-6.452068802415E0));
#3173=CARTESIAN_POINT('',(-1.275044326330E0,6.398252215403E0,
-6.596033425136E0));
#3174=CARTESIAN_POINT('',(-4.272770436881E-1,6.391054686187E0,
-6.704682103146E0));
#3175=CARTESIAN_POINT('',(4.309109963526E-1,6.383786768575E0,
-6.704183072915E0));
#3176=CARTESIAN_POINT('',(1.277563920842E0,6.376569281163E0,-6.595684868733E0));
#3177=CARTESIAN_POINT('',(1.829087465487E0,6.372000205585E0,-6.451737871838E0));
#3178=CARTESIAN_POINT('',(2.099080620368E0,6.369713864345E0,-6.362637722813E0));
#3180=CURVE_STYLE('',#14,POSITIVE_LENGTH_MEASURE(2.E-2),#1);
#3181=PRESENTATION_STYLE_ASSIGNMENT((#3180));
#3182=STYLED_ITEM('',(#3181),#3179);
#3183=CARTESIAN_POINT('',(2.099080620368E0,6.369713864345E0,-6.362637722813E0));
#3184=CARTESIAN_POINT('',(2.088085276930E0,6.369481200239E0,-6.236960372225E0));
#3185=CARTESIAN_POINT('',(2.066109116042E0,6.367841815686E0,-5.985564830851E0));
#3186=CARTESIAN_POINT('',(2.033066524905E0,6.369041050037E0,-5.607970915621E0));
#3187=CARTESIAN_POINT('',(2.011026511554E0,6.367482476321E0,-5.356033604116E0));
#3188=CARTESIAN_POINT('',(1.999999999972E0,6.367153997264E0,-5.230000000011E0));
#3190=CURVE_STYLE('',#14,POSITIVE_LENGTH_MEASURE(2.E-2),#1);
#3191=PRESENTATION_STYLE_ASSIGNMENT((#3190));
#3192=STYLED_ITEM('',(#3191),#3189);
#3193=CARTESIAN_POINT('',(1.999999999972E0,6.367153997264E0,-5.230000000011E0));
#3194=CARTESIAN_POINT('',(1.727151878388E0,6.369565219934E0,-5.230000000011E0));
#3195=CARTESIAN_POINT('',(1.184961500621E0,6.375057610307E0,-5.229999998938E0));
#3196=CARTESIAN_POINT('',(4.098450164781E-1,6.383094664427E0,
-5.230000003701E0));
#3197=CARTESIAN_POINT('',(-4.101084941898E-1,6.391904211373E0,
-5.229999986259E0));
#3198=CARTESIAN_POINT('',(-1.185079791834E0,6.399963024016E0,
-5.230000051264E0));
#3199=CARTESIAN_POINT('',(-1.727194799106E0,6.405393726723E0,
-5.229999889544E0));
#3200=CARTESIAN_POINT('',(-2.000000288842E0,6.407813436413E0,
-5.229999889544E0));
#3202=CURVE_STYLE('',#14,POSITIVE_LENGTH_MEASURE(2.E-2),#1);
#3203=PRESENTATION_STYLE_ASSIGNMENT((#3202));
#3204=STYLED_ITEM('',(#3203),#3201);
#3205=DIRECTION('',(0.E0,-1.E0,0.E0));
#3206=VECTOR('',#3205,2.999999999993E-1);
#3207=CARTESIAN_POINT('',(-2.099088085493E0,6.405250729040E0,
-6.362659395350E0));
#3208=LINE('',#3207,#3206);
#3209=CURVE_STYLE('',#14,POSITIVE_LENGTH_MEASURE(2.E-2),#1);
#3210=PRESENTATION_STYLE_ASSIGNMENT((#3209));
#3211=STYLED_ITEM('',(#3210),#3208);
#3212=CARTESIAN_POINT('',(-2.099088085493E0,6.105250729041E0,
-6.362659395350E0));
#3213=CARTESIAN_POINT('',(-1.828036056601E0,6.102948165289E0,
-6.452110107322E0));
#3214=CARTESIAN_POINT('',(-1.274991992524E0,6.097993827126E0,
-6.596017017480E0));
#3215=CARTESIAN_POINT('',(-4.276085012805E-1,6.090993305293E0,
-6.704494396306E0));
#3216=CARTESIAN_POINT('',(4.273612044625E-1,6.083866672895E0,
-6.704605140586E0));
#3217=CARTESIAN_POINT('',(1.277212433353E0,6.076801118888E0,-6.595631169926E0));
#3218=CARTESIAN_POINT('',(1.828968627651E0,6.071976304596E0,-6.451803942107E0));
#3219=CARTESIAN_POINT('',(2.099088609488E0,6.069688915484E0,-6.362661939056E0));
#3221=CURVE_STYLE('',#14,POSITIVE_LENGTH_MEASURE(2.E-2),#1);
#3222=PRESENTATION_STYLE_ASSIGNMENT((#3221));
#3223=STYLED_ITEM('',(#3222),#3220);
#3224=DIRECTION('',(-2.662818503160E-5,9.999999963881E-1,8.071409708314E-5));
#3225=VECTOR('',#3224,3.000249499439E-1);
#3226=CARTESIAN_POINT('',(2.099088609488E0,6.069688915484E0,-6.362661939056E0));
#3227=LINE('',#3226,#3225);
#3228=CURVE_STYLE('',#14,POSITIVE_LENGTH_MEASURE(2.E-2),#1);
#3229=PRESENTATION_STYLE_ASSIGNMENT((#3228));
#3230=STYLED_ITEM('',(#3229),#3227);
#3231=CARTESIAN_POINT('',(-2.099088085493E0,6.105250729041E0,
-6.362659395350E0));
#3232=CARTESIAN_POINT('',(-2.088092628387E0,6.105484130955E0,
-6.236980745529E0));
#3233=CARTESIAN_POINT('',(-2.066105405235E0,6.107169860319E0,
-5.985551666466E0));
#3234=CARTESIAN_POINT('',(-2.033067120062E0,6.105970087142E0,
-5.607970823457E0));
#3235=CARTESIAN_POINT('',(-2.011026686353E0,6.107483752917E0,
-5.356032189817E0));
#3236=CARTESIAN_POINT('',(-2.000000288842E0,6.107813436414E0,
-5.229999889544E0));
#3238=CURVE_STYLE('',#14,POSITIVE_LENGTH_MEASURE(2.E-2),#1);
#3239=PRESENTATION_STYLE_ASSIGNMENT((#3238));
#3240=STYLED_ITEM('',(#3239),#3237);
#3241=CARTESIAN_POINT('',(-2.000000288842E0,6.107813436414E0,
-5.229999889544E0));
#3242=CARTESIAN_POINT('',(-1.727194798866E0,6.105393726722E0,
-5.229999889544E0));
#3243=CARTESIAN_POINT('',(-1.185079791210E0,6.099963024010E0,
-5.230000051264E0));
#3244=CARTESIAN_POINT('',(-4.101084932642E-1,6.091904211363E0,
-5.229999986259E0));
#3245=CARTESIAN_POINT('',(4.098450174038E-1,6.083094664417E0,
-5.230000003701E0));
#3246=CARTESIAN_POINT('',(1.184961501245E0,6.075057610302E0,-5.229999998938E0));
#3247=CARTESIAN_POINT('',(1.727151878627E0,6.069565219933E0,-5.230000000011E0));
#3248=CARTESIAN_POINT('',(1.999999999972E0,6.067153997265E0,-5.230000000011E0));
#3250=CURVE_STYLE('',#14,POSITIVE_LENGTH_MEASURE(2.E-2),#1);
#3251=PRESENTATION_STYLE_ASSIGNMENT((#3250));
#3252=STYLED_ITEM('',(#3251),#3249);
#3253=CARTESIAN_POINT('',(1.999999999972E0,6.067153997265E0,-5.230000000011E0));
#3254=CARTESIAN_POINT('',(2.011026511589E0,6.067482476323E0,-5.356033604513E0));
#3255=CARTESIAN_POINT('',(2.033067590202E0,6.069037723877E0,-5.607974145379E0));
#3256=CARTESIAN_POINT('',(2.066105387868E0,6.067853457249E0,-5.985553530866E0));
#3257=CARTESIAN_POINT('',(2.088093266084E0,6.069456254036E0,-6.236984588860E0));
#3258=CARTESIAN_POINT('',(2.099088609488E0,6.069688915484E0,-6.362661939056E0));
#3260=CURVE_STYLE('',#14,POSITIVE_LENGTH_MEASURE(2.E-2),#1);
#3261=PRESENTATION_STYLE_ASSIGNMENT((#3260));
#3262=STYLED_ITEM('',(#3261),#3259);
#3263=DIRECTION('',(-3.127288297666E-7,-9.999999999999E-1,1.195905836832E-7));
#3264=VECTOR('',#3263,5.000183181609E-2);
#3265=CARTESIAN_POINT('',(-2.000000288842E0,6.107813436414E0,
-5.229999889544E0));
#3266=LINE('',#3265,#3264);
#3267=CURVE_STYLE('',#14,POSITIVE_LENGTH_MEASURE(2.E-2),#1);
#3268=PRESENTATION_STYLE_ASSIGNMENT((#3267));
#3269=STYLED_ITEM('',(#3268),#3266);
#3270=CARTESIAN_POINT('',(-2.000000304479E0,6.057811604598E0,
-5.229999883565E0));
#3271=CARTESIAN_POINT('',(-2.011026797980E0,6.057482568862E0,
-5.356033281002E0));
#3272=CARTESIAN_POINT('',(-2.033068566192E0,6.055970513245E0,
-5.607977110604E0));
#3273=CARTESIAN_POINT('',(-2.066101326446E0,6.057170145034E0,
-5.985541170447E0));
#3274=CARTESIAN_POINT('',(-2.088101948180E0,6.055483182547E0,
-6.237009808311E0));
#3275=CARTESIAN_POINT('',(-2.099097309515E0,6.055250183949E0,
-6.362687363464E0));
#3277=CURVE_STYLE('',#14,POSITIVE_LENGTH_MEASURE(2.E-2),#1);
#3278=PRESENTATION_STYLE_ASSIGNMENT((#3277));
#3279=STYLED_ITEM('',(#3278),#3276);
#3280=CARTESIAN_POINT('',(-2.099097309515E0,6.055250183949E0,
-6.362687363464E0));
#3281=CARTESIAN_POINT('',(-1.828752503745E0,6.052957512117E0,
-6.451930236458E0));
#3282=CARTESIAN_POINT('',(-1.276593289167E0,6.048274453324E0,
-6.595809936324E0));
#3283=CARTESIAN_POINT('',(-4.295382901504E-1,6.041089549347E0,
-6.704365310013E0));
#3284=CARTESIAN_POINT('',(4.286906147293E-1,6.033819096368E0,
-6.704482790625E0));
#3285=CARTESIAN_POINT('',(1.276029876818E0,6.026603632381E0,-6.595893626992E0));
#3286=CARTESIAN_POINT('',(1.828543452689E0,6.021992654330E0,-6.451981768529E0));
#3287=CARTESIAN_POINT('',(2.099083902985E0,6.019698268803E0,-6.362648051170E0));
#3289=CURVE_STYLE('',#14,POSITIVE_LENGTH_MEASURE(2.E-2),#1);
#3290=PRESENTATION_STYLE_ASSIGNMENT((#3289));
#3291=STYLED_ITEM('',(#3290),#3288);
#3292=CARTESIAN_POINT('',(2.099083902985E0,6.019698268803E0,-6.362648051170E0));
#3293=CARTESIAN_POINT('',(2.088088514311E0,6.019465271018E0,-6.236970183534E0));
#3294=CARTESIAN_POINT('',(2.066107478496E0,6.017849329190E0,-5.985558802557E0));
#3295=CARTESIAN_POINT('',(2.033066856750E0,6.019038646603E0,-5.607971085500E0));
#3296=CARTESIAN_POINT('',(2.011026466587E0,6.017483075330E0,-5.356033084786E0));
#3297=CARTESIAN_POINT('',(2.000000000425E0,6.017154047285E0,-5.229999999838E0));
#3299=CURVE_STYLE('',#14,POSITIVE_LENGTH_MEASURE(2.E-2),#1);
#3300=PRESENTATION_STYLE_ASSIGNMENT((#3299));
#3301=STYLED_ITEM('',(#3300),#3298);
#3302=CARTESIAN_POINT('',(2.000000000425E0,6.017154047285E0,-5.229999999838E0));
#3303=CARTESIAN_POINT('',(1.727174848016E0,6.019569106440E0,-5.229999999838E0));
#3304=CARTESIAN_POINT('',(1.185026947489E0,6.025054605694E0,-5.229999998961E0));
#3305=CARTESIAN_POINT('',(4.100147539952E-1,6.033093428084E0,
-5.230000003880E0));
#3306=CARTESIAN_POINT('',(-4.099454057326E-1,6.041902752657E0,
-5.229999985521E0));
#3307=CARTESIAN_POINT('',(-1.184995689598E0,6.049960550874E0,
-5.230000054038E0));
#3308=CARTESIAN_POINT('',(-1.727163979124E0,6.055396397421E0,
-5.229999883565E0));
#3309=CARTESIAN_POINT('',(-2.000000304479E0,6.057811604598E0,
-5.229999883565E0));
#3311=CURVE_STYLE('',#14,POSITIVE_LENGTH_MEASURE(2.E-2),#1);
#3312=PRESENTATION_STYLE_ASSIGNMENT((#3311));
#3313=STYLED_ITEM('',(#3312),#3310);
#3314=CARTESIAN_POINT('',(-2.099097309515E0,5.755250183949E0,
-6.362687363464E0));
#3315=CARTESIAN_POINT('',(-2.088101948145E0,5.755483182548E0,
-6.237009807918E0));
#3316=CARTESIAN_POINT('',(-2.066101326366E0,5.757170145034E0,
-5.985541169528E0));
#3317=CARTESIAN_POINT('',(-2.033068566112E0,5.755970513244E0,
-5.607977109685E0));
#3318=CARTESIAN_POINT('',(-2.011026797946E0,5.757482568864E0,
-5.356033280608E0));
#3319=CARTESIAN_POINT('',(-2.000000304479E0,5.757811604599E0,
-5.229999883565E0));
#3321=CURVE_STYLE('',#14,POSITIVE_LENGTH_MEASURE(2.E-2),#1);
#3322=PRESENTATION_STYLE_ASSIGNMENT((#3321));
#3323=STYLED_ITEM('',(#3322),#3320);
#3324=CARTESIAN_POINT('',(-2.000000304479E0,5.757811604599E0,
-5.229999883565E0));
#3325=CARTESIAN_POINT('',(-1.727163979107E0,5.755396397422E0,
-5.229999883565E0));
#3326=CARTESIAN_POINT('',(-1.184995689555E0,5.749960550875E0,
-5.230000054038E0));
#3327=CARTESIAN_POINT('',(-4.099454056690E-1,5.741902752657E0,
-5.229999985521E0));
#3328=CARTESIAN_POINT('',(4.100147540587E-1,5.733093428083E0,
-5.230000003880E0));
#3329=CARTESIAN_POINT('',(1.185026947532E0,5.725054605694E0,-5.229999998961E0));
#3330=CARTESIAN_POINT('',(1.727174848033E0,5.719569106441E0,-5.229999999838E0));
#3331=CARTESIAN_POINT('',(2.000000000425E0,5.717154047286E0,-5.229999999838E0));
#3333=CURVE_STYLE('',#14,POSITIVE_LENGTH_MEASURE(2.E-2),#1);
#3334=PRESENTATION_STYLE_ASSIGNMENT((#3333));
#3335=STYLED_ITEM('',(#3334),#3332);
#3336=CARTESIAN_POINT('',(2.000000000425E0,5.717154047286E0,-5.229999999838E0));
#3337=CARTESIAN_POINT('',(2.011026466621E0,5.717483075332E0,-5.356033085179E0));
#3338=CARTESIAN_POINT('',(2.033068591806E0,5.719038646988E0,-5.607976345396E0));
#3339=CARTESIAN_POINT('',(2.066101406158E0,5.717849327842E0,-5.985540397049E0));
#3340=CARTESIAN_POINT('',(2.088101526670E0,5.719465273908E0,-6.237009626267E0));
#3341=CARTESIAN_POINT('',(2.099096915310E0,5.719698268804E0,-6.362687493515E0));
#3343=CURVE_STYLE('',#14,POSITIVE_LENGTH_MEASURE(2.E-2),#1);
#3344=PRESENTATION_STYLE_ASSIGNMENT((#3343));
#3345=STYLED_ITEM('',(#3344),#3342);
#3346=CARTESIAN_POINT('',(2.099096915310E0,5.719698268804E0,-6.362687493515E0));
#3347=CARTESIAN_POINT('',(1.828529607270E0,5.721992743304E0,-6.451986340707E0));
#3348=CARTESIAN_POINT('',(1.276005984457E0,5.726603848204E0,-6.595898093906E0));
#3349=CARTESIAN_POINT('',(4.286786825894E-1,5.733819194017E0,
-6.704482834898E0));
#3350=CARTESIAN_POINT('',(-4.295427173188E-1,5.741089587845E0,
-6.704365503118E0));
#3351=CARTESIAN_POINT('',(-1.276615864024E0,5.748274644499E0,
-6.595805790468E0));
#3352=CARTESIAN_POINT('',(-1.828761549072E0,5.752957588829E0,
-6.451927249634E0));
#3353=CARTESIAN_POINT('',(-2.099097309515E0,5.755250183949E0,
-6.362687363464E0));
#3355=CURVE_STYLE('',#14,POSITIVE_LENGTH_MEASURE(2.E-2),#1);
#3356=PRESENTATION_STYLE_ASSIGNMENT((#3355));
#3357=STYLED_ITEM('',(#3356),#3354);
#3358=DIRECTION('',(4.688616182466E-8,-1.E0,-1.792960651568E-8));
#3359=VECTOR('',#3358,4.999979614117E-2);
#3360=CARTESIAN_POINT('',(-2.000000304479E0,5.757811604599E0,
-5.229999883565E0));
#3361=LINE('',#3360,#3359);
#3362=CURVE_STYLE('',#14,POSITIVE_LENGTH_MEASURE(2.E-2),#1);
#3363=PRESENTATION_STYLE_ASSIGNMENT((#3362));
#3364=STYLED_ITEM('',(#3363),#3361);
#3365=CARTESIAN_POINT('',(-2.000000302134E0,5.707811808458E0,
-5.229999884461E0));
#3366=CARTESIAN_POINT('',(-2.011026811304E0,5.707483345389E0,
-5.356033460988E0));
#3367=CARTESIAN_POINT('',(-2.033068601106E0,5.705970414174E0,
-5.607977524609E0));
#3368=CARTESIAN_POINT('',(-2.066101370712E0,5.707169326995E0,
-5.985541582575E0));
#3369=CARTESIAN_POINT('',(-2.088101945886E0,5.705485157354E0,
-6.237009991062E0));
#3370=CARTESIAN_POINT('',(-2.099097291746E0,5.705252508272E0,
-6.362687369327E0));
#3372=CURVE_STYLE('',#14,POSITIVE_LENGTH_MEASURE(2.E-2),#1);
#3373=PRESENTATION_STYLE_ASSIGNMENT((#3372));
#3374=STYLED_ITEM('',(#3373),#3371);
#3375=CARTESIAN_POINT('',(-2.099097291746E0,5.705252508272E0,
-6.362687369327E0));
#3376=CARTESIAN_POINT('',(-1.829127702680E0,5.702966403961E0,
-6.451824540355E0));
#3377=CARTESIAN_POINT('',(-1.277592995573E0,5.698297546969E0,
-6.595668437569E0));
#3378=CARTESIAN_POINT('',(-4.301983428506E-1,5.691112627E0,-6.704209235318E0));
#3379=CARTESIAN_POINT('',(4.272194556307E-1,5.683849027314E0,
-6.704710999342E0));
#3380=CARTESIAN_POINT('',(1.274938067830E0,5.676626953496E0,-6.596012675878E0));
#3381=CARTESIAN_POINT('',(1.828094689678E0,5.672001861612E0,-6.452076276787E0));
#3382=CARTESIAN_POINT('',(2.099089464242E0,5.669700351052E0,-6.362664856525E0));
#3384=CURVE_STYLE('',#14,POSITIVE_LENGTH_MEASURE(2.E-2),#1);
#3385=PRESENTATION_STYLE_ASSIGNMENT((#3384));
#3386=STYLED_ITEM('',(#3385),#3383);
#3387=CARTESIAN_POINT('',(2.099089464242E0,5.669700351052E0,-6.362664856525E0));
#3388=CARTESIAN_POINT('',(2.088093934165E0,5.669467000009E0,-6.236985372643E0));
#3389=CARTESIAN_POINT('',(2.066104553166E0,5.667848603268E0,-5.985547186732E0));
#3390=CARTESIAN_POINT('',(2.033067268071E0,5.669038593845E0,-5.607969554087E0));
#3391=CARTESIAN_POINT('',(2.011026325325E0,5.667483682380E0,-5.356031466215E0));
#3392=CARTESIAN_POINT('',(2.000000000758E0,5.667154084890E0,-5.229999999710E0));
#3394=CURVE_STYLE('',#14,POSITIVE_LENGTH_MEASURE(2.E-2),#1);
#3395=PRESENTATION_STYLE_ASSIGNMENT((#3394));
#3396=STYLED_ITEM('',(#3395),#3393);
#3397=CARTESIAN_POINT('',(2.000000000758E0,5.667154084890E0,-5.229999999710E0));
#3398=CARTESIAN_POINT('',(1.727200542828E0,5.669573126954E0,-5.229999999710E0));
#3399=CARTESIAN_POINT('',(1.185096303036E0,5.675051772097E0,-5.229999999029E0));
#3400=CARTESIAN_POINT('',(4.101335212055E-1,5.683092540282E0,
-5.230000003834E0));
#3401=CARTESIAN_POINT('',(-4.098132380479E-1,5.691901962048E0,
-5.229999985636E0));
#3402=CARTESIAN_POINT('',(-1.184963811608E0,5.699957715088E0,
-5.230000053621E0));
#3403=CARTESIAN_POINT('',(-1.727154074611E0,5.705400720869E0,
-5.229999884461E0));
#3404=CARTESIAN_POINT('',(-2.000000302134E0,5.707811808458E0,
-5.229999884461E0));
#3406=CURVE_STYLE('',#14,POSITIVE_LENGTH_MEASURE(2.E-2),#1);
#3407=PRESENTATION_STYLE_ASSIGNMENT((#3406));
#3408=STYLED_ITEM('',(#3407),#3405);
#3409=CARTESIAN_POINT('',(-2.099097291746E0,5.405252508273E0,
-6.362687369327E0));
#3410=CARTESIAN_POINT('',(-2.088101945852E0,5.405485157356E0,
-6.237009990663E0));
#3411=CARTESIAN_POINT('',(-2.066101370630E0,5.407169326995E0,
-5.985541581644E0));
#3412=CARTESIAN_POINT('',(-2.033068601024E0,5.405970414174E0,
-5.607977523678E0));
#3413=CARTESIAN_POINT('',(-2.011026811269E0,5.407483345391E0,
-5.356033460589E0));
#3414=CARTESIAN_POINT('',(-2.000000302134E0,5.407811808458E0,
-5.229999884461E0));
#3416=CURVE_STYLE('',#14,POSITIVE_LENGTH_MEASURE(2.E-2),#1);
#3417=PRESENTATION_STYLE_ASSIGNMENT((#3416));
#3418=STYLED_ITEM('',(#3417),#3415);
#3419=CARTESIAN_POINT('',(-2.000000302134E0,5.407811808458E0,
-5.229999884461E0));
#3420=CARTESIAN_POINT('',(-1.727154074203E0,5.405400720866E0,
-5.229999884461E0));
#3421=CARTESIAN_POINT('',(-1.184963810545E0,5.399957715079E0,
-5.230000053621E0));
#3422=CARTESIAN_POINT('',(-4.098132364721E-1,5.391901962032E0,
-5.229999985636E0));
#3423=CARTESIAN_POINT('',(4.101335227811E-1,5.383092540266E0,
-5.230000003834E0));
#3424=CARTESIAN_POINT('',(1.185096304099E0,5.375051772086E0,-5.229999999029E0));
#3425=CARTESIAN_POINT('',(1.727200543236E0,5.369573126951E0,-5.229999999710E0));
#3426=CARTESIAN_POINT('',(2.000000000758E0,5.367154084891E0,-5.229999999710E0));
#3428=CURVE_STYLE('',#14,POSITIVE_LENGTH_MEASURE(2.E-2),#1);
#3429=PRESENTATION_STYLE_ASSIGNMENT((#3428));
#3430=STYLED_ITEM('',(#3429),#3427);
#3431=CARTESIAN_POINT('',(2.000000000758E0,5.367154084891E0,-5.229999999710E0));
#3432=CARTESIAN_POINT('',(2.011026325359E0,5.367483682381E0,-5.356031466600E0));
#3433=CARTESIAN_POINT('',(2.033068263675E0,5.369038594067E0,-5.607972572574E0));
#3434=CARTESIAN_POINT('',(2.066101068906E0,5.367848602494E0,-5.985536626068E0));
#3435=CARTESIAN_POINT('',(2.088101400638E0,5.369467001670E0,-6.237008004945E0));
#3436=CARTESIAN_POINT('',(2.099096930682E0,5.369700351053E0,-6.362687488444E0));
#3438=CURVE_STYLE('',#14,POSITIVE_LENGTH_MEASURE(2.E-2),#1);
#3439=PRESENTATION_STYLE_ASSIGNMENT((#3438));
#3440=STYLED_ITEM('',(#3439),#3437);
#3441=CARTESIAN_POINT('',(2.099096930682E0,5.369700351053E0,-6.362687488444E0));
#3442=CARTESIAN_POINT('',(1.828083082090E0,5.372001943831E0,-6.452080110858E0));
#3443=CARTESIAN_POINT('',(1.274917020997E0,5.376627139767E0,-6.596017244128E0));
#3444=CARTESIAN_POINT('',(4.271971543393E-1,5.383849214408E0,
-6.704711209888E0));
#3445=CARTESIAN_POINT('',(-4.301828385381E-1,5.391112496087E0,
-6.704209833520E0));
#3446=CARTESIAN_POINT('',(-1.277599691284E0,5.398297603577E0,
-6.595667948015E0));
#3447=CARTESIAN_POINT('',(-1.829129759517E0,5.402966421378E0,
-6.451823861778E0));
#3448=CARTESIAN_POINT('',(-2.099097291746E0,5.405252508273E0,
-6.362687369327E0));
#3450=CURVE_STYLE('',#14,POSITIVE_LENGTH_MEASURE(2.E-2),#1);
#3451=PRESENTATION_STYLE_ASSIGNMENT((#3450));
#3452=STYLED_ITEM('',(#3451),#3449);
#3453=DIRECTION('',(6.051047162330E-6,-9.999999999790E-1,-2.313977098191E-6));
#3454=VECTOR('',#3453,4.996578714979E-2);
#3455=CARTESIAN_POINT('',(-2.000000302134E0,5.407811808458E0,
-5.229999884461E0));
#3456=LINE('',#3455,#3454);
#3457=CURVE_STYLE('',#14,POSITIVE_LENGTH_MEASURE(2.E-2),#1);
#3458=PRESENTATION_STYLE_ASSIGNMENT((#3457));
#3459=STYLED_ITEM('',(#3458),#3456);
#3460=CARTESIAN_POINT('',(1.999999999789E0,5.317153978690E0,-5.230000000081E0));
#3461=CARTESIAN_POINT('',(1.781995032255E0,5.319164205430E0,-5.230000000081E0));
#3462=CARTESIAN_POINT('',(1.343174327779E0,5.323440135147E0,-5.229999999962E0));
#3463=CARTESIAN_POINT('',(6.764996730980E-1,5.330277017226E0,
-5.230000000011E0));
#3464=CARTESIAN_POINT('',(2.264371027073E-1,5.335123778185E0,-5.23E0));
#3465=CARTESIAN_POINT('',(-1.374299253819E-10,5.337500000001E0,-5.23E0));
#3467=CURVE_STYLE('',#14,POSITIVE_LENGTH_MEASURE(2.E-2),#1);
#3468=PRESENTATION_STYLE_ASSIGNMENT((#3467));
#3469=STYLED_ITEM('',(#3468),#3466);
#3470=CARTESIAN_POINT('',(-2.281656423366E-8,5.337498565294E0,
-6.699957975263E0));
#3471=CARTESIAN_POINT('',(2.379462435032E-1,5.335549415750E0,
-6.700012566060E0));
#3472=CARTESIAN_POINT('',(7.133382594884E-1,5.331615156809E0,
-6.674459761597E0));
#3473=CARTESIAN_POINT('',(1.417484911103E0,5.325651689034E0,-6.561392127071E0));
#3474=CARTESIAN_POINT('',(1.874700507686E0,5.321707917389E0,-6.436741925002E0));
#3475=CARTESIAN_POINT('',(2.099086898319E0,5.319745425450E0,-6.362655945726E0));
#3477=CURVE_STYLE('',#14,POSITIVE_LENGTH_MEASURE(2.E-2),#1);
#3478=PRESENTATION_STYLE_ASSIGNMENT((#3477));
#3479=STYLED_ITEM('',(#3478),#3476);
#3480=CARTESIAN_POINT('',(2.099086898319E0,5.319745425450E0,-6.362655945726E0));
#3481=CARTESIAN_POINT('',(2.088091511164E0,5.319505136612E0,-6.236978095458E0));
#3482=CARTESIAN_POINT('',(2.066106080374E0,5.317832544710E0,-5.985555116009E0));
#3483=CARTESIAN_POINT('',(2.033067258864E0,5.319037593900E0,-5.607972165887E0));
#3484=CARTESIAN_POINT('',(2.011026463121E0,5.317496721295E0,-5.356033052680E0));
#3485=CARTESIAN_POINT('',(1.999999999789E0,5.317153978690E0,-5.230000000081E0));
#3487=CURVE_STYLE('',#14,POSITIVE_LENGTH_MEASURE(2.E-2),#1);
#3488=PRESENTATION_STYLE_ASSIGNMENT((#3487));
#3489=STYLED_ITEM('',(#3488),#3486);
#3490=CARTESIAN_POINT('',(-1.999999999789E0,5.357846021310E0,
-5.230000000081E0));
#3491=CARTESIAN_POINT('',(-2.011026463156E0,5.357503278703E0,
-5.356033053079E0));
#3492=CARTESIAN_POINT('',(-2.033067310422E0,5.355962406082E0,
-5.607972322852E0));
#3493=CARTESIAN_POINT('',(-2.066105900288E0,5.357167455352E0,
-5.985554570825E0));
#3494=CARTESIAN_POINT('',(-2.088091897272E0,5.355494863255E0,
-6.236979266105E0));
#3495=CARTESIAN_POINT('',(-2.099087284392E0,5.355254574550E0,
-6.362657115974E0));
#3497=CURVE_STYLE('',#14,POSITIVE_LENGTH_MEASURE(2.E-2),#1);
#3498=PRESENTATION_STYLE_ASSIGNMENT((#3497));
#3499=STYLED_ITEM('',(#3498),#3496);
#3500=CARTESIAN_POINT('',(-2.099087284392E0,5.355254574550E0,
-6.362657115974E0));
#3501=CARTESIAN_POINT('',(-1.874695689151E0,5.353292038174E0,
-6.436744813665E0));
#3502=CARTESIAN_POINT('',(-1.417472806648E0,5.349347826672E0,
-6.561393542943E0));
#3503=CARTESIAN_POINT('',(-7.133546720277E-1,5.343386321041E0,
-6.674457633209E0));
#3504=CARTESIAN_POINT('',(-2.379537081559E-1,5.339447774317E0,
-6.700012564541E0));
#3505=CARTESIAN_POINT('',(-2.281656423366E-8,5.337498565294E0,
-6.699957975263E0));
#3507=CURVE_STYLE('',#14,POSITIVE_LENGTH_MEASURE(2.E-2),#1);
#3508=PRESENTATION_STYLE_ASSIGNMENT((#3507));
#3509=STYLED_ITEM('',(#3508),#3506);
#3510=DIRECTION('',(1.542842359437E-8,9.760190267313E-7,9.999999999995E-1));
#3511=VECTOR('',#3510,1.469957975263E0);
#3512=CARTESIAN_POINT('',(-2.281656423366E-8,5.337498565294E0,
-6.699957975263E0));
#3513=LINE('',#3512,#3511);
#3514=CURVE_STYLE('',#14,POSITIVE_LENGTH_MEASURE(2.E-2),#1);
#3515=PRESENTATION_STYLE_ASSIGNMENT((#3514));
#3516=STYLED_ITEM('',(#3515),#3513);
#3517=CARTESIAN_POINT('',(-1.374299253819E-10,5.337500000001E0,-5.23E0));
#3518=CARTESIAN_POINT('',(-2.264366954787E-1,5.339876217541E0,-5.23E0));
#3519=CARTESIAN_POINT('',(-6.764987221232E-1,5.344722972674E0,
-5.230000000011E0));
#3520=CARTESIAN_POINT('',(-1.343173376421E0,5.351559855377E0,
-5.229999999962E0));
#3521=CARTESIAN_POINT('',(-1.781994624508E0,5.355835790810E0,
-5.230000000081E0));
#3522=CARTESIAN_POINT('',(-1.999999999789E0,5.357846021310E0,
-5.230000000081E0));
#3524=CURVE_STYLE('',#14,POSITIVE_LENGTH_MEASURE(2.E-2),#1);
#3525=PRESENTATION_STYLE_ASSIGNMENT((#3524));
#3526=STYLED_ITEM('',(#3525),#3523);
#3527=DIRECTION('',(1.110223024625E-12,-1.E0,0.E0));
#3528=VECTOR('',#3527,3.E-1);
#3529=CARTESIAN_POINT('',(-2.099087284392E0,5.355254574550E0,
-6.362657115974E0));
#3530=LINE('',#3529,#3528);
#3531=CURVE_STYLE('',#14,POSITIVE_LENGTH_MEASURE(2.E-2),#1);
#3532=PRESENTATION_STYLE_ASSIGNMENT((#3531));
#3533=STYLED_ITEM('',(#3532),#3530);
#3534=CARTESIAN_POINT('',(-2.099087284392E0,5.055254574550E0,
-6.362657115974E0));
#3535=CARTESIAN_POINT('',(-1.874679999091E0,5.053291900948E0,
-6.436749994075E0));
#3536=CARTESIAN_POINT('',(-1.417399077635E0,5.049337123698E0,
-6.561252133299E0));
#3537=CARTESIAN_POINT('',(-7.133728434321E-1,5.043438582960E0,
-6.674662930226E0));
#3538=CARTESIAN_POINT('',(-2.379472909961E-1,5.039447807775E0,
-6.700012563080E0));
#3539=CARTESIAN_POINT('',(3.034381304194E-10,5.037498649835E0,
-6.699957975268E0));
#3541=CURVE_STYLE('',#14,POSITIVE_LENGTH_MEASURE(2.E-2),#1);
#3542=PRESENTATION_STYLE_ASSIGNMENT((#3541));
#3543=STYLED_ITEM('',(#3542),#3540);
#3544=DIRECTION('',(-7.706669626445E-8,1.E0,1.707967582391E-11));
#3545=VECTOR('',#3544,2.999999154595E-1);
#3546=CARTESIAN_POINT('',(3.034381304194E-10,5.037498649835E0,
-6.699957975268E0));
#3547=LINE('',#3546,#3545);
#3548=CURVE_STYLE('',#14,POSITIVE_LENGTH_MEASURE(2.E-2),#1);
#3549=PRESENTATION_STYLE_ASSIGNMENT((#3548));
#3550=STYLED_ITEM('',(#3549),#3547);
#3551=CARTESIAN_POINT('',(-2.099087284392E0,5.055254574550E0,
-6.362657115974E0));
#3552=CARTESIAN_POINT('',(-2.088091897237E0,5.055494863255E0,
-6.236979265705E0));
#3553=CARTESIAN_POINT('',(-2.066105900207E0,5.057167455351E0,
-5.985554569893E0));
#3554=CARTESIAN_POINT('',(-2.033067310341E0,5.055962406082E0,
-5.607972321919E0));
#3555=CARTESIAN_POINT('',(-2.011026463121E0,5.057503278704E0,
-5.356033052679E0));
#3556=CARTESIAN_POINT('',(-1.999999999789E0,5.057846021310E0,
-5.230000000081E0));
#3558=CURVE_STYLE('',#14,POSITIVE_LENGTH_MEASURE(2.E-2),#1);
#3559=PRESENTATION_STYLE_ASSIGNMENT((#3558));
#3560=STYLED_ITEM('',(#3559),#3557);
#3561=CARTESIAN_POINT('',(-1.999999999789E0,5.057846021310E0,
-5.230000000081E0));
#3562=CARTESIAN_POINT('',(-1.781995032254E0,5.055835794570E0,
-5.230000000081E0));
#3563=CARTESIAN_POINT('',(-1.343174327797E0,5.051559864853E0,
-5.229999999962E0));
#3564=CARTESIAN_POINT('',(-6.764996730331E-1,5.044722982773E0,
-5.230000000011E0));
#3565=CARTESIAN_POINT('',(-2.264371028444E-1,5.039876221816E0,-5.23E0));
#3566=CARTESIAN_POINT('',(-3.851096475024E-14,5.0375E0,-5.23E0));
#3568=CURVE_STYLE('',#14,POSITIVE_LENGTH_MEASURE(2.E-2),#1);
#3569=PRESENTATION_STYLE_ASSIGNMENT((#3568));
#3570=STYLED_ITEM('',(#3569),#3567);
#3571=DIRECTION('',(2.064525969382E-10,-9.185058649834E-7,-9.999999999996E-1));
#3572=VECTOR('',#3571,1.469957975268E0);
#3573=CARTESIAN_POINT('',(-3.851096475024E-14,5.0375E0,-5.23E0));
#3574=LINE('',#3573,#3572);
#3575=CURVE_STYLE('',#14,POSITIVE_LENGTH_MEASURE(2.E-2),#1);
#3576=PRESENTATION_STYLE_ASSIGNMENT((#3575));
#3577=STYLED_ITEM('',(#3576),#3574);
#3578=DIRECTION('',(-5.569408679907E-6,-9.999999999822E-1,2.129793713049E-6));
#3579=VECTOR('',#3578,5.003139028312E-2);
#3580=CARTESIAN_POINT('',(-1.999999999789E0,5.057846021310E0,
-5.230000000081E0));
#3581=LINE('',#3580,#3579);
#3582=CURVE_STYLE('',#14,POSITIVE_LENGTH_MEASURE(2.E-2),#1);
#3583=PRESENTATION_STYLE_ASSIGNMENT((#3582));
#3584=STYLED_ITEM('',(#3583),#3581);
#3585=CARTESIAN_POINT('',(-2.000000278434E0,5.007814631027E0,
-5.229999893524E0));
#3586=CARTESIAN_POINT('',(-2.011026602963E0,5.007484718951E0,
-5.356031359600E0));
#3587=CARTESIAN_POINT('',(-2.033068183200E0,5.005969771572E0,
-5.607972606375E0));
#3588=CARTESIAN_POINT('',(-2.066100934163E0,5.007169515764E0,
-5.985536668297E0));
#3589=CARTESIAN_POINT('',(-2.088101768689E0,5.005485145297E0,
-6.237007883900E0));
#3590=CARTESIAN_POINT('',(-2.099097298701E0,5.005251598262E0,
-6.362687367032E0));
#3592=CURVE_STYLE('',#14,POSITIVE_LENGTH_MEASURE(2.E-2),#1);
#3593=PRESENTATION_STYLE_ASSIGNMENT((#3592));
#3594=STYLED_ITEM('',(#3593),#3591);
#3595=CARTESIAN_POINT('',(-2.099097298701E0,5.005251598262E0,
-6.362687367032E0));
#3596=CARTESIAN_POINT('',(-1.828083805786E0,5.002948060405E0,
-6.452079973382E0));
#3597=CARTESIAN_POINT('',(-1.274917779683E0,4.998249698560E0,
-6.596017047600E0));
#3598=CARTESIAN_POINT('',(-4.271981049072E-1,4.991050485148E0,
-6.704711196888E0));
#3599=CARTESIAN_POINT('',(4.301823871893E-1,4.983786345839E0,
-6.704209762964E0));
#3600=CARTESIAN_POINT('',(1.277597365068E0,4.976573025062E0,-6.595668568982E0));
#3601=CARTESIAN_POINT('',(1.829132221654E0,4.971980870449E0,-6.451823092711E0));
#3602=CARTESIAN_POINT('',(2.099087082555E0,4.969695644411E0,-6.362657753897E0));
#3604=CURVE_STYLE('',#14,POSITIVE_LENGTH_MEASURE(2.E-2),#1);
#3605=PRESENTATION_STYLE_ASSIGNMENT((#3604));
#3606=STYLED_ITEM('',(#3605),#3603);
#3607=CARTESIAN_POINT('',(2.099087082555E0,4.969695644411E0,-6.362657753897E0));
#3608=CARTESIAN_POINT('',(2.088091736647E0,4.969463080703E0,-6.236980375074E0));
#3609=CARTESIAN_POINT('',(2.066106094614E0,4.967850246095E0,-5.985555417715E0));
#3610=CARTESIAN_POINT('',(2.033067380885E0,4.969038722914E0,-5.607973520785E0));
#3611=CARTESIAN_POINT('',(2.011026508938E0,4.967482286005E0,-5.356033576607E0));
#3612=CARTESIAN_POINT('',(1.999999999769E0,4.967153974876E0,-5.230000000088E0));
#3614=CURVE_STYLE('',#14,POSITIVE_LENGTH_MEASURE(2.E-2),#1);
#3615=PRESENTATION_STYLE_ASSIGNMENT((#3614));
#3616=STYLED_ITEM('',(#3615),#3613);
#3617=CARTESIAN_POINT('',(1.999999999769E0,4.967153974876E0,-5.230000000088E0));
#3618=CARTESIAN_POINT('',(1.727153761998E0,4.969563948773E0,-5.230000000088E0));
#3619=CARTESIAN_POINT('',(1.184963952590E0,4.975058360812E0,-5.229999998940E0));
#3620=CARTESIAN_POINT('',(4.098132076163E-1,4.983094767885E0,
-5.230000003577E0));
#3621=CARTESIAN_POINT('',(-4.101335494173E-1,4.991904464169E0,
-5.229999986751E0));
#3622=CARTESIAN_POINT('',(-1.185096168713E0,4.999963480250E0,
-5.230000049418E0));
#3623=CARTESIAN_POINT('',(-1.727200841385E0,5.005393281301E0,
-5.229999893524E0));
#3624=CARTESIAN_POINT('',(-2.000000278434E0,5.007814631027E0,
-5.229999893524E0));
#3626=CURVE_STYLE('',#14,POSITIVE_LENGTH_MEASURE(2.E-2),#1);
#3627=PRESENTATION_STYLE_ASSIGNMENT((#3626));
#3628=STYLED_ITEM('',(#3627),#3625);
#3629=CARTESIAN_POINT('',(-3.851096475024E-14,5.0375E0,-5.23E0));
#3630=CARTESIAN_POINT('',(2.264366953415E-1,5.035123782460E0,-5.23E0));
#3631=CARTESIAN_POINT('',(6.764987221880E-1,5.030277027325E0,
-5.230000000011E0));
#3632=CARTESIAN_POINT('',(1.343173376403E0,5.023440144622E0,-5.229999999962E0));
#3633=CARTESIAN_POINT('',(1.781994624508E0,5.019164209189E0,-5.230000000081E0));
#3634=CARTESIAN_POINT('',(1.999999999789E0,5.017153978690E0,-5.230000000081E0));
#3636=CURVE_STYLE('',#14,POSITIVE_LENGTH_MEASURE(2.E-2),#1);
#3637=PRESENTATION_STYLE_ASSIGNMENT((#3636));
#3638=STYLED_ITEM('',(#3637),#3635);
#3639=CARTESIAN_POINT('',(1.999999999789E0,5.017153978690E0,-5.230000000081E0));
#3640=CARTESIAN_POINT('',(2.011026463156E0,5.017496721297E0,-5.356033053079E0));
#3641=CARTESIAN_POINT('',(2.033067310422E0,5.019037593918E0,-5.607972322852E0));
#3642=CARTESIAN_POINT('',(2.066105900288E0,5.017832544648E0,-5.985554570826E0));
#3643=CARTESIAN_POINT('',(2.088091897273E0,5.019505136745E0,-6.236979266105E0));
#3644=CARTESIAN_POINT('',(2.099087284392E0,5.019745425450E0,-6.362657115973E0));
#3646=CURVE_STYLE('',#14,POSITIVE_LENGTH_MEASURE(2.E-2),#1);
#3647=PRESENTATION_STYLE_ASSIGNMENT((#3646));
#3648=STYLED_ITEM('',(#3647),#3645);
#3649=DIRECTION('',(-1.286910900796E-6,9.999999999916E-1,3.900825064411E-6));
#3650=VECTOR('',#3649,3.000000000025E-1);
#3651=CARTESIAN_POINT('',(2.099087284392E0,5.019745425450E0,-6.362657115973E0));
#3652=LINE('',#3651,#3650);
#3653=CURVE_STYLE('',#14,POSITIVE_LENGTH_MEASURE(2.E-2),#1);
#3654=PRESENTATION_STYLE_ASSIGNMENT((#3653));
#3655=STYLED_ITEM('',(#3654),#3652);
#3656=CARTESIAN_POINT('',(3.034381304194E-10,5.037498649835E0,
-6.699957975268E0));
#3657=CARTESIAN_POINT('',(2.379401229703E-1,5.035549551911E0,
-6.700012561423E0));
#3658=CARTESIAN_POINT('',(7.133565217183E-1,5.031547960146E0,
-6.674665202899E0));
#3659=CARTESIAN_POINT('',(1.417411096662E0,5.025647561549E0,-6.561250145925E0));
#3660=CARTESIAN_POINT('',(1.874685135301E0,5.021708054130E0,-6.436748298243E0));
#3661=CARTESIAN_POINT('',(2.099087284392E0,5.019745425450E0,-6.362657115973E0));
#3663=CURVE_STYLE('',#14,POSITIVE_LENGTH_MEASURE(2.E-2),#1);
#3664=PRESENTATION_STYLE_ASSIGNMENT((#3663));
#3665=STYLED_ITEM('',(#3664),#3662);
#3666=CARTESIAN_POINT('',(-2.099097298701E0,4.705251598262E0,
-6.362687367032E0));
#3667=CARTESIAN_POINT('',(-2.088101768656E0,4.705485145298E0,
-6.237007883516E0));
#3668=CARTESIAN_POINT('',(-2.066100934084E0,4.707169515764E0,
-5.985536667400E0));
#3669=CARTESIAN_POINT('',(-2.033068183122E0,4.705969771571E0,
-5.607972605479E0));
#3670=CARTESIAN_POINT('',(-2.011026602930E0,4.707484718952E0,
-5.356031359216E0));
#3671=CARTESIAN_POINT('',(-2.000000278434E0,4.707814631027E0,
-5.229999893524E0));
#3673=CURVE_STYLE('',#14,POSITIVE_LENGTH_MEASURE(2.E-2),#1);
#3674=PRESENTATION_STYLE_ASSIGNMENT((#3673));
#3675=STYLED_ITEM('',(#3674),#3672);
#3676=CARTESIAN_POINT('',(-2.000000278434E0,4.707814631027E0,
-5.229999893524E0));
#3677=CARTESIAN_POINT('',(-1.727200840977E0,4.705393281298E0,
-5.229999893524E0));
#3678=CARTESIAN_POINT('',(-1.185096167649E0,4.699963480239E0,
-5.230000049418E0));
#3679=CARTESIAN_POINT('',(-4.101335478407E-1,4.691904464152E0,
-5.229999986751E0));
#3680=CARTESIAN_POINT('',(4.098132091931E-1,4.683094767868E0,
-5.230000003577E0));
#3681=CARTESIAN_POINT('',(1.184963953653E0,4.675058360801E0,-5.229999998940E0));
#3682=CARTESIAN_POINT('',(1.727153762406E0,4.669563948769E0,-5.230000000088E0));
#3683=CARTESIAN_POINT('',(1.999999999769E0,4.667153974876E0,-5.230000000088E0));
#3685=CURVE_STYLE('',#14,POSITIVE_LENGTH_MEASURE(2.E-2),#1);
#3686=PRESENTATION_STYLE_ASSIGNMENT((#3685));
#3687=STYLED_ITEM('',(#3686),#3684);
#3688=CARTESIAN_POINT('',(1.999999999769E0,4.667153974876E0,-5.230000000088E0));
#3689=CARTESIAN_POINT('',(2.011026508972E0,4.667482286006E0,-5.356033577006E0));
#3690=CARTESIAN_POINT('',(2.033068689423E0,4.669038723204E0,-5.607977487848E0));
#3691=CARTESIAN_POINT('',(2.066101515097E0,4.667850245080E0,-5.985541537183E0));
#3692=CARTESIAN_POINT('',(2.088101550108E0,4.669463082878E0,-6.237010121465E0));
#3693=CARTESIAN_POINT('',(2.099096895982E0,4.669695644411E0,-6.362687499892E0));
#3695=CURVE_STYLE('',#14,POSITIVE_LENGTH_MEASURE(2.E-2),#1);
#3696=PRESENTATION_STYLE_ASSIGNMENT((#3695));
#3697=STYLED_ITEM('',(#3696),#3694);
#3698=CARTESIAN_POINT('',(2.099096895982E0,4.669695644411E0,-6.362687499892E0));
#3699=CARTESIAN_POINT('',(1.829127640466E0,4.671980887858E0,-6.451824604262E0));
#3700=CARTESIAN_POINT('',(1.277591859389E0,4.676573081673E0,-6.595668678031E0));
#3701=CARTESIAN_POINT('',(4.301975128990E-1,4.683786214909E0,
-6.704209247070E0));
#3702=CARTESIAN_POINT('',(-4.272200818305E-1,4.691050672281E0,
-6.704711037620E0));
#3703=CARTESIAN_POINT('',(-1.274939745382E0,4.698249884947E0,
-6.596012191915E0));
#3704=CARTESIAN_POINT('',(-1.828093485597E0,4.702948142693E0,
-6.452076775801E0));
#3705=CARTESIAN_POINT('',(-2.099097298701E0,4.705251598262E0,
-6.362687367032E0));
#3707=CURVE_STYLE('',#14,POSITIVE_LENGTH_MEASURE(2.E-2),#1);
#3708=PRESENTATION_STYLE_ASSIGNMENT((#3707));
#3709=STYLED_ITEM('',(#3708),#3706);
#3710=DIRECTION('',(-4.401087543624E-7,-9.999999999999E-1,1.683018504519E-7));
#3711=VECTOR('',#3710,5.000254425087E-2);
#3712=CARTESIAN_POINT('',(-2.000000278434E0,4.707814631027E0,
-5.229999893524E0));
#3713=LINE('',#3712,#3711);
#3714=CURVE_STYLE('',#14,POSITIVE_LENGTH_MEASURE(2.E-2),#1);
#3715=PRESENTATION_STYLE_ASSIGNMENT((#3714));
#3716=STYLED_ITEM('',(#3715),#3713);
#3717=CARTESIAN_POINT('',(-2.000000300441E0,4.657812086776E0,
-5.229999885109E0));
#3718=CARTESIAN_POINT('',(-2.011026766580E0,4.657482802164E0,
-5.356032969790E0));
#3719=CARTESIAN_POINT('',(-2.033068504555E0,4.655970403611E0,
-5.607976381901E0));
#3720=CARTESIAN_POINT('',(-2.066101261605E0,4.657170178805E0,
-5.985540442418E0));
#3721=CARTESIAN_POINT('',(-2.088101922132E0,4.655483176842E0,
-6.237009496105E0));
#3722=CARTESIAN_POINT('',(-2.099097310746E0,4.655250024189E0,
-6.362687363058E0));
#3724=CURVE_STYLE('',#14,POSITIVE_LENGTH_MEASURE(2.E-2),#1);
#3725=PRESENTATION_STYLE_ASSIGNMENT((#3724));
#3726=STYLED_ITEM('',(#3725),#3723);
#3727=CARTESIAN_POINT('',(-2.099097310746E0,4.655250024189E0,
-6.362687363058E0));
#3728=CARTESIAN_POINT('',(-1.828530072529E0,4.652953998549E0,
-6.451986235722E0));
#3729=CARTESIAN_POINT('',(-1.276006931913E0,4.648265159350E0,
-6.595897863053E0));
#3730=CARTESIAN_POINT('',(-4.286796588272E-1,4.641075960935E0,
-6.704482834766E0));
#3731=CARTESIAN_POINT('',(4.295423037971E-1,4.633805421134E0,
-6.704365398257E0));
#3732=CARTESIAN_POINT('',(1.276613216329E0,4.626593306123E0,-6.595806547705E0));
#3733=CARTESIAN_POINT('',(1.828764652268E0,4.621988691335E0,-6.451926201259E0));
#3734=CARTESIAN_POINT('',(2.099083486357E0,4.619697462716E0,-6.362646808276E0));
#3736=CURVE_STYLE('',#14,POSITIVE_LENGTH_MEASURE(2.E-2),#1);
#3737=PRESENTATION_STYLE_ASSIGNMENT((#3736));
#3738=STYLED_ITEM('',(#3737),#3735);
#3739=CARTESIAN_POINT('',(2.099083486357E0,4.619697462716E0,-6.362646808276E0));
#3740=CARTESIAN_POINT('',(2.088088124965E0,4.619464600176E0,-6.236969252474E0));
#3741=CARTESIAN_POINT('',(2.066107736628E0,4.617849610493E0,-5.985560110978E0));
#3742=CARTESIAN_POINT('',(2.033066864959E0,4.619038668314E0,-5.607971647717E0));
#3743=CARTESIAN_POINT('',(2.011026493790E0,4.617482837139E0,-5.356033397528E0));
#3744=CARTESIAN_POINT('',(2.000000000271E0,4.617154030332E0,-5.229999999896E0));
#3746=CURVE_STYLE('',#14,POSITIVE_LENGTH_MEASURE(2.E-2),#1);
#3747=PRESENTATION_STYLE_ASSIGNMENT((#3746));
#3748=STYLED_ITEM('',(#3747),#3745);
#3749=CARTESIAN_POINT('',(2.000000000271E0,4.617154030332E0,-5.229999999896E0));
#3750=CARTESIAN_POINT('',(1.727163660042E0,4.619567558596E0,-5.229999999896E0));
#3751=CARTESIAN_POINT('',(1.184995834603E0,4.625055835587E0,-5.229999998949E0));
#3752=CARTESIAN_POINT('',(4.099453765780E-1,4.633093960693E0,
-5.230000003835E0));
#3753=CARTESIAN_POINT('',(-4.100147827734E-1,4.641903332046E0,
-5.229999985711E0));
#3754=CARTESIAN_POINT('',(-1.185026803613E0,4.649961640427E0,
-5.230000053322E0));
#3755=CARTESIAN_POINT('',(-1.727175164714E0,4.655395145849E0,
-5.229999885109E0));
#3756=CARTESIAN_POINT('',(-2.000000300441E0,4.657812086776E0,
-5.229999885109E0));
#3758=CURVE_STYLE('',#14,POSITIVE_LENGTH_MEASURE(2.E-2),#1);
#3759=PRESENTATION_STYLE_ASSIGNMENT((#3758));
#3760=STYLED_ITEM('',(#3759),#3757);
#3761=CARTESIAN_POINT('',(-2.099097310747E0,4.355250024189E0,
-6.362687363058E0));
#3762=CARTESIAN_POINT('',(-2.088101922098E0,4.355483176842E0,
-6.237009495712E0));
#3763=CARTESIAN_POINT('',(-2.066101261524E0,4.357170178805E0,
-5.985540441500E0));
#3764=CARTESIAN_POINT('',(-2.033068504475E0,4.355970403611E0,
-5.607976380983E0));
#3765=CARTESIAN_POINT('',(-2.011026766545E0,4.357482802165E0,
-5.356032969396E0));
#3766=CARTESIAN_POINT('',(-2.000000300441E0,4.357812086776E0,
-5.229999885109E0));
#3768=CURVE_STYLE('',#14,POSITIVE_LENGTH_MEASURE(2.E-2),#1);
#3769=PRESENTATION_STYLE_ASSIGNMENT((#3768));
#3770=STYLED_ITEM('',(#3769),#3767);
#3771=CARTESIAN_POINT('',(-2.000000300441E0,4.357812086776E0,
-5.229999885109E0));
#3772=CARTESIAN_POINT('',(-1.727175164698E0,4.355395145849E0,
-5.229999885109E0));
#3773=CARTESIAN_POINT('',(-1.185026803571E0,4.349961640427E0,
-5.230000053322E0));
#3774=CARTESIAN_POINT('',(-4.100147827105E-1,4.341903332045E0,
-5.229999985711E0));
#3775=CARTESIAN_POINT('',(4.099453766409E-1,4.333093960692E0,
-5.230000003835E0));
#3776=CARTESIAN_POINT('',(1.184995834645E0,4.325055835587E0,-5.229999998949E0));
#3777=CARTESIAN_POINT('',(1.727163660058E0,4.319567558595E0,-5.229999999896E0));
#3778=CARTESIAN_POINT('',(2.000000000271E0,4.317154030332E0,-5.229999999896E0));
#3780=CURVE_STYLE('',#14,POSITIVE_LENGTH_MEASURE(2.E-2),#1);
#3781=PRESENTATION_STYLE_ASSIGNMENT((#3780));
#3782=STYLED_ITEM('',(#3781),#3779);
#3783=CARTESIAN_POINT('',(2.000000000271E0,4.317154030332E0,-5.229999999896E0));
#3784=CARTESIAN_POINT('',(2.011026493824E0,4.317482837140E0,-5.356033397922E0));
#3785=CARTESIAN_POINT('',(2.033068654774E0,4.319038668711E0,-5.607977073596E0));
#3786=CARTESIAN_POINT('',(2.066101472637E0,4.317849609103E0,-5.985541124540E0));
#3787=CARTESIAN_POINT('',(2.088101548011E0,4.319464603155E0,-6.237009940062E0));
#3788=CARTESIAN_POINT('',(2.099096909369E0,4.319697462716E0,-6.362687495475E0));
#3790=CURVE_STYLE('',#14,POSITIVE_LENGTH_MEASURE(2.E-2),#1);
#3791=PRESENTATION_STYLE_ASSIGNMENT((#3790));
#3792=STYLED_ITEM('',(#3791),#3789);
#3793=CARTESIAN_POINT('',(2.099096909369E0,4.319697462716E0,-6.362687495475E0));
#3794=CARTESIAN_POINT('',(1.828752149471E0,4.321988768001E0,-6.451930329121E0));
#3795=CARTESIAN_POINT('',(1.276592278229E0,4.326593497236E0,-6.595810174580E0));
#3796=CARTESIAN_POINT('',(4.295373341614E-1,4.333805459636E0,
-6.704365310018E0));
#3797=CARTESIAN_POINT('',(-4.286910578777E-1,4.341076058585E0,
-6.704482890002E0));
#3798=CARTESIAN_POINT('',(-1.276032414164E0,4.348265375262E0,
-6.595892893229E0));
#3799=CARTESIAN_POINT('',(-1.828540563593E0,4.352954087582E0,
-6.451982770652E0));
#3800=CARTESIAN_POINT('',(-2.099097310747E0,4.355250024189E0,
-6.362687363058E0));
#3802=CURVE_STYLE('',#14,POSITIVE_LENGTH_MEASURE(2.E-2),#1);
#3803=PRESENTATION_STYLE_ASSIGNMENT((#3802));
#3804=STYLED_ITEM('',(#3803),#3801);
#3805=DIRECTION('',(-9.833467673287E-8,-1.E0,3.760420735993E-8));
#3806=VECTOR('',#3805,5.000062169851E-2);
#3807=CARTESIAN_POINT('',(-2.000000300441E0,4.357812086776E0,
-5.229999885109E0));
#3808=LINE('',#3807,#3806);
#3809=CURVE_STYLE('',#14,POSITIVE_LENGTH_MEASURE(2.E-2),#1);
#3810=PRESENTATION_STYLE_ASSIGNMENT((#3809));
#3811=STYLED_ITEM('',(#3810),#3808);
#3812=CARTESIAN_POINT('',(-2.000000305358E0,4.307811465078E0,
-5.229999883228E0));
#3813=CARTESIAN_POINT('',(-2.011026816934E0,4.307482804328E0,
-5.356033487264E0));
#3814=CARTESIAN_POINT('',(-2.033066890072E0,4.305970505125E0,
-5.607972391002E0));
#3815=CARTESIAN_POINT('',(-2.066107380308E0,4.307169820264E0,
-5.985559847107E0));
#3816=CARTESIAN_POINT('',(-2.088089083812E0,4.305483945763E0,
-6.236971020584E0));
#3817=CARTESIAN_POINT('',(-2.099084427198E0,4.305251176998E0,
-6.362648370578E0));
#3819=CURVE_STYLE('',#14,POSITIVE_LENGTH_MEASURE(2.E-2),#1);
#3820=PRESENTATION_STYLE_ASSIGNMENT((#3819));
#3821=STYLED_ITEM('',(#3820),#3818);
#3822=CARTESIAN_POINT('',(-2.099084427198E0,4.305251176998E0,
-6.362648370578E0));
#3823=CARTESIAN_POINT('',(-1.829092660047E0,4.302963735757E0,
-6.451781935144E0));
#3824=CARTESIAN_POINT('',(-1.277545721442E0,4.298291274415E0,
-6.595667167236E0));
#3825=CARTESIAN_POINT('',(-4.309195484133E-1,4.291111542397E0,
-6.704188109071E0));
#3826=CARTESIAN_POINT('',(4.272963517424E-1,4.283843865102E0,
-6.704679870540E0));
#3827=CARTESIAN_POINT('',(1.275067157084E0,4.276613035312E0,-6.596031519508E0));
#3828=CARTESIAN_POINT('',(1.828172288706E0,4.272015685489E0,-6.452059784931E0));
#3829=CARTESIAN_POINT('',(2.099075996619E0,4.269716089229E0,-6.362623616284E0));
#3831=CURVE_STYLE('',#14,POSITIVE_LENGTH_MEASURE(2.E-2),#1);
#3832=PRESENTATION_STYLE_ASSIGNMENT((#3831));
#3833=STYLED_ITEM('',(#3832),#3830);
#3834=CARTESIAN_POINT('',(2.099075996619E0,4.269716089229E0,-6.362623616284E0));
#3835=CARTESIAN_POINT('',(2.088080539483E0,4.269482869484E0,-6.236944966124E0));
#3836=CARTESIAN_POINT('',(2.066111008320E0,4.267841169482E0,-5.985568378304E0));
#3837=CARTESIAN_POINT('',(2.033065642615E0,4.269040807892E0,-5.607966001093E0));
#3838=CARTESIAN_POINT('',(2.011026398338E0,4.267483472133E0,-5.356032300746E0));
#3839=CARTESIAN_POINT('',(2.000000000759E0,4.267154084324E0,-5.229999999710E0));
#3841=CURVE_STYLE('',#14,POSITIVE_LENGTH_MEASURE(2.E-2),#1);
#3842=PRESENTATION_STYLE_ASSIGNMENT((#3841));
#3843=STYLED_ITEM('',(#3842),#3840);
#3844=CARTESIAN_POINT('',(2.000000000759E0,4.267154084324E0,-5.229999999710E0));
#3845=CARTESIAN_POINT('',(1.727194491554E0,4.269571625076E0,-5.229999999710E0));
#3846=CARTESIAN_POINT('',(1.185079930800E0,4.275052713482E0,-5.229999999017E0));
#3847=CARTESIAN_POINT('',(4.101084656522E-1,4.283092679715E0,
-5.230000003875E0));
#3848=CARTESIAN_POINT('',(-4.098450465709E-1,4.291902033773E0,
-5.229999985483E0));
#3849=CARTESIAN_POINT('',(-1.184961356989E0,4.299958705852E0,
-5.230000054193E0));
#3850=CARTESIAN_POINT('',(-1.727152195790E0,4.305398910244E0,
-5.229999883228E0));
#3851=CARTESIAN_POINT('',(-2.000000305358E0,4.307811465078E0,
-5.229999883228E0));
#3853=CURVE_STYLE('',#14,POSITIVE_LENGTH_MEASURE(2.E-2),#1);
#3854=PRESENTATION_STYLE_ASSIGNMENT((#3853));
#3855=STYLED_ITEM('',(#3854),#3852);
#3856=DIRECTION('',(1.110223024625E-12,-1.E0,0.E0));
#3857=VECTOR('',#3856,3.E-1);
#3858=CARTESIAN_POINT('',(-2.099084427198E0,4.305251176998E0,
-6.362648370578E0));
#3859=LINE('',#3858,#3857);
#3860=CURVE_STYLE('',#14,POSITIVE_LENGTH_MEASURE(2.E-2),#1);
#3861=PRESENTATION_STYLE_ASSIGNMENT((#3860));
#3862=STYLED_ITEM('',(#3861),#3859);
#3863=CARTESIAN_POINT('',(-2.099084427198E0,4.005251176998E0,
-6.362648370578E0));
#3864=CARTESIAN_POINT('',(-1.828980103188E0,4.002962782145E0,
-6.451819094033E0));
#3865=CARTESIAN_POINT('',(-1.277228572100E0,3.998009345076E0,
-6.595656446192E0));
#3866=CARTESIAN_POINT('',(-4.273932523787E-1,3.990992119764E0,
-6.704687253115E0));
#3867=CARTESIAN_POINT('',(4.276331370494E-1,3.983865311300E0,
-6.704576713043E0));
#3868=CARTESIAN_POINT('',(1.275003767969E0,3.976815983899E0,-6.596040540655E0));
#3869=CARTESIAN_POINT('',(1.828046195562E0,3.971991947063E0,-6.452125145425E0));
#3870=CARTESIAN_POINT('',(2.099083057025E0,3.969691243730E0,-6.362645017455E0));
#3872=CURVE_STYLE('',#14,POSITIVE_LENGTH_MEASURE(2.E-2),#1);
#3873=PRESENTATION_STYLE_ASSIGNMENT((#3872));
#3874=STYLED_ITEM('',(#3873),#3871);
#3875=DIRECTION('',(-2.353273935701E-5,9.999999971790E-1,7.133133079427E-5));
#3876=VECTOR('',#3875,3.000248463449E-1);
#3877=CARTESIAN_POINT('',(2.099083057025E0,3.969691243730E0,-6.362645017455E0));
#3878=LINE('',#3877,#3876);
#3879=CURVE_STYLE('',#14,POSITIVE_LENGTH_MEASURE(2.E-2),#1);
#3880=PRESENTATION_STYLE_ASSIGNMENT((#3879));
#3881=STYLED_ITEM('',(#3880),#3878);
#3882=CARTESIAN_POINT('',(-2.099084427198E0,4.005251176998E0,
-6.362648370578E0));
#3883=CARTESIAN_POINT('',(-2.088089083777E0,4.005483945764E0,
-6.236971020186E0));
#3884=CARTESIAN_POINT('',(-2.066107380227E0,4.007169820264E0,
-5.985559846180E0));
#3885=CARTESIAN_POINT('',(-2.033066889991E0,4.005970505125E0,
-5.607972390075E0));
#3886=CARTESIAN_POINT('',(-2.011026816899E0,4.007482804329E0,
-5.356033486867E0));
#3887=CARTESIAN_POINT('',(-2.000000305358E0,4.007811465078E0,
-5.229999883228E0));
#3889=CURVE_STYLE('',#14,POSITIVE_LENGTH_MEASURE(2.E-2),#1);
#3890=PRESENTATION_STYLE_ASSIGNMENT((#3889));
#3891=STYLED_ITEM('',(#3890),#3888);
#3892=CARTESIAN_POINT('',(-2.000000305358E0,4.007811465078E0,
-5.229999883228E0));
#3893=CARTESIAN_POINT('',(-1.727152195551E0,4.005398910242E0,
-5.229999883228E0));
#3894=CARTESIAN_POINT('',(-1.184961356365E0,3.999958705845E0,
-5.230000054193E0));
#3895=CARTESIAN_POINT('',(-4.098450456449E-1,3.991902033763E0,
-5.229999985483E0));
#3896=CARTESIAN_POINT('',(4.101084665781E-1,3.983092679705E0,
-5.230000003875E0));
#3897=CARTESIAN_POINT('',(1.185079931424E0,3.975052713476E0,-5.229999999017E0));
#3898=CARTESIAN_POINT('',(1.727194491793E0,3.969571625073E0,-5.229999999710E0));
#3899=CARTESIAN_POINT('',(2.000000000759E0,3.967154084324E0,-5.229999999710E0));
#3901=CURVE_STYLE('',#14,POSITIVE_LENGTH_MEASURE(2.E-2),#1);
#3902=PRESENTATION_STYLE_ASSIGNMENT((#3901));
#3903=STYLED_ITEM('',(#3902),#3900);
#3904=CARTESIAN_POINT('',(2.000000000759E0,3.967154084324E0,-5.229999999710E0));
#3905=CARTESIAN_POINT('',(2.011026398372E0,3.967483472134E0,-5.356032301134E0));
#3906=CARTESIAN_POINT('',(2.033066584081E0,3.969037495473E0,-5.607968855488E0));
#3907=CARTESIAN_POINT('',(2.066107713544E0,3.967852762950E0,-5.985558391998E0));
#3908=CARTESIAN_POINT('',(2.088087599923E0,3.969458026339E0,-6.236966367680E0));
#3909=CARTESIAN_POINT('',(2.099083057025E0,3.969691243730E0,-6.362645017455E0));
#3911=CURVE_STYLE('',#14,POSITIVE_LENGTH_MEASURE(2.E-2),#1);
#3912=PRESENTATION_STYLE_ASSIGNMENT((#3911));
#3913=STYLED_ITEM('',(#3912),#3910);
#3914=DIRECTION('',(3.099103106506E-7,-9.999999999999E-1,-1.185128312877E-7));
#3915=VECTOR('',#3914,4.999812427041E-2);
#3916=CARTESIAN_POINT('',(-2.000000305358E0,4.007811465078E0,
-5.229999883228E0));
#3917=LINE('',#3916,#3915);
#3918=CURVE_STYLE('',#14,POSITIVE_LENGTH_MEASURE(2.E-2),#1);
#3919=PRESENTATION_STYLE_ASSIGNMENT((#3918));
#3920=STYLED_ITEM('',(#3919),#3917);
#3921=CARTESIAN_POINT('',(-2.000000289863E0,3.957813340807E0,
-5.229999889154E0));
#3922=CARTESIAN_POINT('',(-2.011026693503E0,3.957483462486E0,
-5.356032259478E0));
#3923=CARTESIAN_POINT('',(-2.033067048376E0,3.955970164751E0,
-5.607970726686E0));
#3924=CARTESIAN_POINT('',(-2.066105719488E0,3.957170024337E0,
-5.985552747389E0));
#3925=CARTESIAN_POINT('',(-2.088091992306E0,3.955483696509E0,
-6.236978852394E0));
#3926=CARTESIAN_POINT('',(-2.099087443220E0,3.955250175806E0,
-6.362657431432E0));
#3928=CURVE_STYLE('',#14,POSITIVE_LENGTH_MEASURE(2.E-2),#1);
#3929=PRESENTATION_STYLE_ASSIGNMENT((#3928));
#3930=STYLED_ITEM('',(#3929),#3927);
#3931=CARTESIAN_POINT('',(-2.099087443220E0,3.955250175806E0,
-6.362657431432E0));
#3932=CARTESIAN_POINT('',(-1.828086148166E0,3.952946868043E0,
-6.452092199405E0));
#3933=CARTESIAN_POINT('',(-1.274873352817E0,3.948245556205E0,
-6.596047920211E0));
#3934=CARTESIAN_POINT('',(-4.272603538789E-1,3.941048503249E0,
-6.704700546785E0));
#3935=CARTESIAN_POINT('',(4.307772200575E-1,3.933781869883E0,
-6.704166055095E0));
#3936=CARTESIAN_POINT('',(1.277706074541E0,3.926563023752E0,-6.595681073877E0));
#3937=CARTESIAN_POINT('',(1.829145932019E0,3.921998021520E0,-6.451722026386E0));
#3938=CARTESIAN_POINT('',(2.099082006630E0,3.919713373514E0,-6.362641937331E0));
#3940=CURVE_STYLE('',#14,POSITIVE_LENGTH_MEASURE(2.E-2),#1);
#3941=PRESENTATION_STYLE_ASSIGNMENT((#3940));
#3942=STYLED_ITEM('',(#3941),#3939);
#3943=CARTESIAN_POINT('',(2.099082006630E0,3.919713373514E0,-6.362641937331E0));
#3944=CARTESIAN_POINT('',(2.088086667715E0,3.919480832339E0,-6.236964638445E0));
#3945=CARTESIAN_POINT('',(2.066108479713E0,3.917841958118E0,-5.985562985425E0));
#3946=CARTESIAN_POINT('',(2.033066720401E0,3.919041103384E0,-5.607971598478E0));
#3947=CARTESIAN_POINT('',(2.011026515974E0,3.917482256896E0,-5.356033656653E0));
#3948=CARTESIAN_POINT('',(1.999999999801E0,3.917153978512E0,-5.230000000076E0));
#3950=CURVE_STYLE('',#14,POSITIVE_LENGTH_MEASURE(2.E-2),#1);
#3951=PRESENTATION_STYLE_ASSIGNMENT((#3950));
#3952=STYLED_ITEM('',(#3951),#3949);
#3953=CARTESIAN_POINT('',(1.999999999801E0,3.917153978512E0,-5.230000000076E0));
#3954=CARTESIAN_POINT('',(1.727145514825E0,3.919563783334E0,-5.230000000076E0));
#3955=CARTESIAN_POINT('',(1.184943226531E0,3.925058622415E0,-5.229999998904E0));
#3956=CARTESIAN_POINT('',(4.097945469029E-1,3.933095022238E0,
-5.230000003722E0));
#3957=CARTESIAN_POINT('',(-4.101556457600E-1,3.941904559293E0,
-5.229999986208E0));
#3958=CARTESIAN_POINT('',(-1.185106135312E0,3.949964038161E0,
-5.230000051446E0));
#3959=CARTESIAN_POINT('',(-1.727204549068E0,3.955392289041E0,
-5.229999889154E0));
#3960=CARTESIAN_POINT('',(-2.000000289863E0,3.957813340807E0,
-5.229999889154E0));
#3962=CURVE_STYLE('',#14,POSITIVE_LENGTH_MEASURE(2.E-2),#1);
#3963=PRESENTATION_STYLE_ASSIGNMENT((#3962));
#3964=STYLED_ITEM('',(#3963),#3961);
#3965=DIRECTION('',(1.776356839400E-14,-1.E0,0.E0));
#3966=VECTOR('',#3965,3.E-1);
#3967=CARTESIAN_POINT('',(-2.099087443220E0,3.955250175806E0,
-6.362657431432E0));
#3968=LINE('',#3967,#3966);
#3969=CURVE_STYLE('',#14,POSITIVE_LENGTH_MEASURE(2.E-2),#1);
#3970=PRESENTATION_STYLE_ASSIGNMENT((#3969));
#3971=STYLED_ITEM('',(#3970),#3968);
#3972=CARTESIAN_POINT('',(-2.099087443220E0,3.655250175806E0,
-6.362657431432E0));
#3973=CARTESIAN_POINT('',(-1.827967192944E0,3.652945857012E0,
-6.452131456534E0));
#3974=CARTESIAN_POINT('',(-1.274864893575E0,3.647993538698E0,
-6.596035880871E0));
#3975=CARTESIAN_POINT('',(-4.276635411526E-1,3.640993633286E0,
-6.704468763475E0));
#3976=CARTESIAN_POINT('',(4.268422137788E-1,3.633870785541E0,
-6.704643663981E0));
#3977=CARTESIAN_POINT('',(1.277275245673E0,3.626801446084E0,-6.595646627743E0));
#3978=CARTESIAN_POINT('',(1.828994944157E0,3.621974383616E0,-6.451797072876E0));
#3979=CARTESIAN_POINT('',(2.099089509950E0,3.619688418708E0,-6.362664681036E0));
#3981=CURVE_STYLE('',#14,POSITIVE_LENGTH_MEASURE(2.E-2),#1);
#3982=PRESENTATION_STYLE_ASSIGNMENT((#3981));
#3983=STYLED_ITEM('',(#3982),#3980);
#3984=DIRECTION('',(-2.500898417933E-5,9.999999968140E-1,7.580604466011E-5));
#3985=VECTOR('',#3984,3.000249557617E-1);
#3986=CARTESIAN_POINT('',(2.099089509950E0,3.619688418708E0,-6.362664681036E0));
#3987=LINE('',#3986,#3985);
#3988=CURVE_STYLE('',#14,POSITIVE_LENGTH_MEASURE(2.E-2),#1);
#3989=PRESENTATION_STYLE_ASSIGNMENT((#3988));
#3990=STYLED_ITEM('',(#3989),#3987);
#3991=CARTESIAN_POINT('',(-2.099087443220E0,3.655250175806E0,
-6.362657431432E0));
#3992=CARTESIAN_POINT('',(-2.088091992272E0,3.655483696510E0,
-6.236978852006E0));
#3993=CARTESIAN_POINT('',(-2.066105719409E0,3.657170024337E0,
-5.985552746483E0));
#3994=CARTESIAN_POINT('',(-2.033067048297E0,3.655970164751E0,
-5.607970725780E0));
#3995=CARTESIAN_POINT('',(-2.011026693469E0,3.657483462487E0,
-5.356032259090E0));
#3996=CARTESIAN_POINT('',(-2.000000289863E0,3.657813340807E0,
-5.229999889154E0));
#3998=CURVE_STYLE('',#14,POSITIVE_LENGTH_MEASURE(2.E-2),#1);
#3999=PRESENTATION_STYLE_ASSIGNMENT((#3998));
#4000=STYLED_ITEM('',(#3999),#3997);
#4001=CARTESIAN_POINT('',(-2.000000289863E0,3.657813340807E0,
-5.229999889154E0));
#4002=CARTESIAN_POINT('',(-1.727204548645E0,3.655392289037E0,
-5.229999889154E0));
#4003=CARTESIAN_POINT('',(-1.185106134210E0,3.649964038150E0,
-5.230000051446E0));
#4004=CARTESIAN_POINT('',(-4.101556441267E-1,3.641904559275E0,
-5.229999986208E0));
#4005=CARTESIAN_POINT('',(4.097945485365E-1,3.633095022221E0,
-5.230000003722E0));
#4006=CARTESIAN_POINT('',(1.184943227633E0,3.625058622404E0,-5.229999998904E0));
#4007=CARTESIAN_POINT('',(1.727145515247E0,3.619563783330E0,-5.230000000076E0));
#4008=CARTESIAN_POINT('',(1.999999999801E0,3.617153978512E0,-5.230000000076E0));
#4010=CURVE_STYLE('',#14,POSITIVE_LENGTH_MEASURE(2.E-2),#1);
#4011=PRESENTATION_STYLE_ASSIGNMENT((#4010));
#4012=STYLED_ITEM('',(#4011),#4009);
#4013=CARTESIAN_POINT('',(1.999999999801E0,3.617153978512E0,-5.230000000076E0));
#4014=CARTESIAN_POINT('',(2.011026516009E0,3.617482256897E0,-5.356033657051E0));
#4015=CARTESIAN_POINT('',(2.033067720925E0,3.619037776408E0,-5.607974631901E0));
#4016=CARTESIAN_POINT('',(2.066104978246E0,3.617853602530E0,-5.985552372628E0));
#4017=CARTESIAN_POINT('',(2.088094171069E0,3.619455880028E0,-6.236987382544E0));
#4018=CARTESIAN_POINT('',(2.099089509950E0,3.619688418708E0,-6.362664681036E0));
#4020=CURVE_STYLE('',#14,POSITIVE_LENGTH_MEASURE(2.E-2),#1);
#4021=PRESENTATION_STYLE_ASSIGNMENT((#4020));
#4022=STYLED_ITEM('',(#4021),#4019);
#4023=DIRECTION('',(1.885276074333E-6,-9.999999999980E-1,-7.209473609801E-7));
#4024=VECTOR('',#4023,4.998934067633E-2);
#4025=CARTESIAN_POINT('',(-2.000000289863E0,3.657813340807E0,
-5.229999889154E0));
#4026=LINE('',#4025,#4024);
#4027=CURVE_STYLE('',#14,POSITIVE_LENGTH_MEASURE(2.E-2),#1);
#4028=PRESENTATION_STYLE_ASSIGNMENT((#4027));
#4029=STYLED_ITEM('',(#4028),#4026);
#4030=CARTESIAN_POINT('',(-2.000000195619E0,3.607824000131E0,
-5.229999925194E0));
#4031=CARTESIAN_POINT('',(-2.011025995500E0,3.607493487215E0,
-5.356025394510E0));
#4032=CARTESIAN_POINT('',(-2.033066985941E0,3.605967310531E0,
-5.607958607476E0));
#4033=CARTESIAN_POINT('',(-2.066099741591E0,3.607164977014E0,
-5.985522669337E0));
#4034=CARTESIAN_POINT('',(-2.088101153470E0,3.605497376410E0,
-6.237001919553E0));
#4035=CARTESIAN_POINT('',(-2.099097207915E0,3.605263420148E0,
-6.362687396983E0));
#4037=CURVE_STYLE('',#14,POSITIVE_LENGTH_MEASURE(2.E-2),#1);
#4038=PRESENTATION_STYLE_ASSIGNMENT((#4037));
#4039=STYLED_ITEM('',(#4038),#4036);
#4040=CARTESIAN_POINT('',(-2.099097207915E0,3.605263420148E0,
-6.362687396983E0));
#4041=CARTESIAN_POINT('',(-1.828520819890E0,3.602959814911E0,
-6.451881420333E0));
#4042=CARTESIAN_POINT('',(-1.276279502332E0,3.598279650070E0,
-6.595676933424E0));
#4043=CARTESIAN_POINT('',(-4.275762198476E-1,3.591057082635E0,
-6.704676935621E0));
#4044=CARTESIAN_POINT('',(4.262917428769E-1,3.583819897921E0,
-6.704542889562E0));
#4045=CARTESIAN_POINT('',(1.277767779021E0,3.576568819097E0,-6.595624855838E0));
#4046=CARTESIAN_POINT('',(1.829189256199E0,3.571978939415E0,-6.451730450900E0));
#4047=CARTESIAN_POINT('',(2.099107466012E0,3.569695096647E0,-6.362719552923E0));
#4049=CURVE_STYLE('',#14,POSITIVE_LENGTH_MEASURE(2.E-2),#1);
#4050=PRESENTATION_STYLE_ASSIGNMENT((#4049));
#4051=STYLED_ITEM('',(#4050),#4048);
#4052=CARTESIAN_POINT('',(2.099107466012E0,3.569695096647E0,-6.362719552923E0));
#4053=CARTESIAN_POINT('',(2.088111992875E0,3.569462602994E0,-6.237040719880E0));
#4054=CARTESIAN_POINT('',(2.066096285430E0,3.567850441136E0,-5.985523185385E0));
#4055=CARTESIAN_POINT('',(2.033069802103E0,3.569038756842E0,-5.607978367781E0));
#4056=CARTESIAN_POINT('',(2.011026381225E0,3.567482076817E0,-5.356032123259E0));
#4057=CARTESIAN_POINT('',(1.999999999225E0,3.567153916207E0,-5.230000000296E0));
#4059=CURVE_STYLE('',#14,POSITIVE_LENGTH_MEASURE(2.E-2),#1);
#4060=PRESENTATION_STYLE_ASSIGNMENT((#4059));
#4061=STYLED_ITEM('',(#4060),#4058);
#4062=CARTESIAN_POINT('',(1.999999999225E0,3.567153916207E0,-5.230000000296E0));
#4063=CARTESIAN_POINT('',(1.727187364688E0,3.569562516346E0,-5.230000000296E0));
#4064=CARTESIAN_POINT('',(1.185046950311E0,3.575058501365E0,-5.229999999147E0));
#4065=CARTESIAN_POINT('',(4.098288520079E-1,3.583093914942E0,
-5.230000002542E0));
#4066=CARTESIAN_POINT('',(-4.100630560446E-1,3.591904753444E0,
-5.229999990684E0));
#4067=CARTESIAN_POINT('',(-1.185125093838E0,3.599961058764E0,
-5.230000034722E0));
#4068=CARTESIAN_POINT('',(-1.727213844368E0,3.605398241072E0,
-5.229999925194E0));
#4069=CARTESIAN_POINT('',(-2.000000195619E0,3.607824000131E0,
-5.229999925194E0));
#4071=CURVE_STYLE('',#14,POSITIVE_LENGTH_MEASURE(2.E-2),#1);
#4072=PRESENTATION_STYLE_ASSIGNMENT((#4071));
#4073=STYLED_ITEM('',(#4072),#4070);
#4074=CARTESIAN_POINT('',(-2.099097207915E0,3.305263420148E0,
-6.362687396983E0));
#4075=CARTESIAN_POINT('',(-2.088101153439E0,3.305497376411E0,
-6.237001919189E0));
#4076=CARTESIAN_POINT('',(-2.066099741516E0,3.307164977014E0,
-5.985522668487E0));
#4077=CARTESIAN_POINT('',(-2.033066985867E0,3.305967310531E0,
-5.607958606627E0));
#4078=CARTESIAN_POINT('',(-2.011025995468E0,3.307493487216E0,
-5.356025394146E0));
#4079=CARTESIAN_POINT('',(-2.000000195619E0,3.307824000131E0,
-5.229999925194E0));
#4081=CURVE_STYLE('',#14,POSITIVE_LENGTH_MEASURE(2.E-2),#1);
#4082=PRESENTATION_STYLE_ASSIGNMENT((#4081));
#4083=STYLED_ITEM('',(#4082),#4080);
#4084=CARTESIAN_POINT('',(-2.000000195619E0,3.307824000131E0,
-5.229999925194E0));
#4085=CARTESIAN_POINT('',(-1.727213844069E0,3.305398241069E0,
-5.229999925194E0));
#4086=CARTESIAN_POINT('',(-1.185125093059E0,3.299961058757E0,
-5.230000034722E0));
#4087=CARTESIAN_POINT('',(-4.100630548890E-1,3.291904753431E0,
-5.229999990684E0));
#4088=CARTESIAN_POINT('',(4.098288531636E-1,3.283093914930E0,
-5.230000002542E0));
#4089=CARTESIAN_POINT('',(1.185046951090E0,3.275058501357E0,-5.229999999147E0));
#4090=CARTESIAN_POINT('',(1.727187364987E0,3.269562516343E0,-5.230000000296E0));
#4091=CARTESIAN_POINT('',(1.999999999225E0,3.267153916207E0,-5.230000000296E0));
#4093=CURVE_STYLE('',#14,POSITIVE_LENGTH_MEASURE(2.E-2),#1);
#4094=PRESENTATION_STYLE_ASSIGNMENT((#4093));
#4095=STYLED_ITEM('',(#4094),#4092);
#4096=CARTESIAN_POINT('',(1.999999999225E0,3.267153916207E0,-5.230000000296E0));
#4097=CARTESIAN_POINT('',(2.011026381260E0,3.267482076818E0,-5.356032123659E0));
#4098=CARTESIAN_POINT('',(2.033068392305E0,3.269038756528E0,-5.607974095156E0));
#4099=CARTESIAN_POINT('',(2.066101220088E0,3.267850442228E0,-5.985538143772E0));
#4100=CARTESIAN_POINT('',(2.088101418817E0,3.269462600652E0,-6.237008668593E0));
#4101=CARTESIAN_POINT('',(2.099096891918E0,3.269695096646E0,-6.362687501232E0));
#4103=CURVE_STYLE('',#14,POSITIVE_LENGTH_MEASURE(2.E-2),#1);
#4104=PRESENTATION_STYLE_ASSIGNMENT((#4103));
#4105=STYLED_ITEM('',(#4104),#4102);
#4106=CARTESIAN_POINT('',(2.099096891918E0,3.269695096646E0,-6.362687501232E0));
#4107=CARTESIAN_POINT('',(1.829202401701E0,3.271978851200E0,-6.451726117898E0));
#4108=CARTESIAN_POINT('',(1.277790248304E0,3.276568618083E0,-6.595620155089E0));
#4109=CARTESIAN_POINT('',(4.263123973835E-1,3.283819725462E0,
-6.704542826369E0));
#4110=CARTESIAN_POINT('',(-4.275918070087E-1,3.291057214234E0,
-6.704676169353E0));
#4111=CARTESIAN_POINT('',(-1.276269388800E0,3.298279564355E0,
-6.595678041203E0));
#4112=CARTESIAN_POINT('',(-1.828517286425E0,3.302959784825E0,
-6.451882586376E0));
#4113=CARTESIAN_POINT('',(-2.099097207915E0,3.305263420148E0,
-6.362687396983E0));
#4115=CURVE_STYLE('',#14,POSITIVE_LENGTH_MEASURE(2.E-2),#1);
#4116=PRESENTATION_STYLE_ASSIGNMENT((#4115));
#4117=STYLED_ITEM('',(#4116),#4114);
#4118=DIRECTION('',(-7.916693967248E-7,-9.999999999996E-1,3.027420688157E-7));
#4119=VECTOR('',#4118,5.000464020076E-2);
#4120=CARTESIAN_POINT('',(-2.000000195619E0,3.307824000131E0,
-5.229999925194E0));
#4121=LINE('',#4120,#4119);
#4122=CURVE_STYLE('',#14,POSITIVE_LENGTH_MEASURE(2.E-2),#1);
#4123=PRESENTATION_STYLE_ASSIGNMENT((#4122));
#4124=STYLED_ITEM('',(#4123),#4121);
#4125=CARTESIAN_POINT('',(-2.000000235206E0,3.257819359930E0,
-5.229999910055E0));
#4126=CARTESIAN_POINT('',(-2.011026617227E0,3.257491140573E0,
-5.356032033268E0));
#4127=CARTESIAN_POINT('',(-2.033068323154E0,3.255968376856E0,
-5.607974123834E0));
#4128=CARTESIAN_POINT('',(-2.066101108168E0,3.257164764838E0,
-5.985538179004E0));
#4129=CARTESIAN_POINT('',(-2.088101726066E0,3.255497160603E0,
-6.237008567278E0));
#4130=CARTESIAN_POINT('',(-2.099097199163E0,3.255264639796E0,
-6.362687399870E0));
#4132=CURVE_STYLE('',#14,POSITIVE_LENGTH_MEASURE(2.E-2),#1);
#4133=PRESENTATION_STYLE_ASSIGNMENT((#4132));
#4134=STYLED_ITEM('',(#4133),#4131);
#4135=CARTESIAN_POINT('',(-2.099097199163E0,3.255264639796E0,
-6.362687399870E0));
#4136=CARTESIAN_POINT('',(-1.829202706994E0,3.252980643184E0,
-6.451726046773E0));
#4137=CARTESIAN_POINT('',(-1.277791023944E0,3.248332201596E0,
-6.595619997704E0));
#4138=CARTESIAN_POINT('',(-4.263129076579E-1,3.241104568410E0,
-6.704542770668E0));
#4139=CARTESIAN_POINT('',(4.275908711853E-1,3.233868627214E0,
-6.704676310569E0));
#4140=CARTESIAN_POINT('',(1.276270016561E0,3.226631749074E0,-6.595677763386E0));
#4141=CARTESIAN_POINT('',(1.828514232837E0,3.222004317615E0,-6.451883568640E0));
#4142=CARTESIAN_POINT('',(2.099107752705E0,3.219702525622E0,-6.362720237772E0));
#4144=CURVE_STYLE('',#14,POSITIVE_LENGTH_MEASURE(2.E-2),#1);
#4145=PRESENTATION_STYLE_ASSIGNMENT((#4144));
#4146=STYLED_ITEM('',(#4145),#4143);
#4147=CARTESIAN_POINT('',(2.099107752705E0,3.219702525622E0,-6.362720237772E0));
#4148=CARTESIAN_POINT('',(2.088111698197E0,3.219468759076E0,-6.237034759626E0));
#4149=CARTESIAN_POINT('',(2.066094794547E0,3.217847854029E0,-5.985507353020E0));
#4150=CARTESIAN_POINT('',(2.033068483120E0,3.219038577593E0,-5.607962950076E0));
#4151=CARTESIAN_POINT('',(2.011025799855E0,3.217484219803E0,-5.356025469722E0));
#4152=CARTESIAN_POINT('',(1.999999999941E0,3.217153995092E0,-5.230000000023E0));
#4154=CURVE_STYLE('',#14,POSITIVE_LENGTH_MEASURE(2.E-2),#1);
#4155=PRESENTATION_STYLE_ASSIGNMENT((#4154));
#4156=STYLED_ITEM('',(#4155),#4153);
#4157=CARTESIAN_POINT('',(1.999999999941E0,3.217153995092E0,-5.230000000023E0));
#4158=CARTESIAN_POINT('',(1.727213629595E0,3.219577639655E0,-5.230000000023E0));
#4159=CARTESIAN_POINT('',(1.185125190303E0,3.225049875513E0,-5.229999999129E0));
#4160=CARTESIAN_POINT('',(4.100630362365E-1,3.233093155541E0,
-5.230000003015E0));
#4161=CARTESIAN_POINT('',(-4.098288758114E-1,3.241903514915E0,
-5.229999988810E0));
#4162=CARTESIAN_POINT('',(-1.185046841860E0,3.249953870296E0,
-5.230000041745E0));
#4163=CARTESIAN_POINT('',(-1.727187604764E0,3.255410329905E0,
-5.229999910055E0));
#4164=CARTESIAN_POINT('',(-2.000000235206E0,3.257819359930E0,
-5.229999910055E0));
#4166=CURVE_STYLE('',#14,POSITIVE_LENGTH_MEASURE(2.E-2),#1);
#4167=PRESENTATION_STYLE_ASSIGNMENT((#4166));
#4168=STYLED_ITEM('',(#4167),#4165);
#4169=CARTESIAN_POINT('',(-2.099097199163E0,2.955264639796E0,
-6.362687399870E0));
#4170=CARTESIAN_POINT('',(-2.088101726031E0,2.955497160603E0,
-6.237008566878E0));
#4171=CARTESIAN_POINT('',(-2.066101108086E0,2.957164764838E0,
-5.985538178072E0));
#4172=CARTESIAN_POINT('',(-2.033068323072E0,2.955968376856E0,
-5.607974122902E0));
#4173=CARTESIAN_POINT('',(-2.011026617192E0,2.957491140574E0,
-5.356032032868E0));
#4174=CARTESIAN_POINT('',(-2.000000235206E0,2.957819359930E0,
-5.229999910055E0));
#4176=CURVE_STYLE('',#14,POSITIVE_LENGTH_MEASURE(2.E-2),#1);
#4177=PRESENTATION_STYLE_ASSIGNMENT((#4176));
#4178=STYLED_ITEM('',(#4177),#4175);
#4179=CARTESIAN_POINT('',(-2.000000235206E0,2.957819359930E0,
-5.229999910055E0));
#4180=CARTESIAN_POINT('',(-1.727187604465E0,2.955410329902E0,
-5.229999910055E0));
#4181=CARTESIAN_POINT('',(-1.185046841080E0,2.949953870287E0,
-5.230000041745E0));
#4182=CARTESIAN_POINT('',(-4.098288746553E-1,2.941903514902E0,
-5.229999988810E0));
#4183=CARTESIAN_POINT('',(4.100630373925E-1,2.933093155528E0,
-5.230000003015E0));
#4184=CARTESIAN_POINT('',(1.185125191083E0,2.925049875505E0,-5.229999999129E0));
#4185=CARTESIAN_POINT('',(1.727213629895E0,2.919577639652E0,-5.230000000023E0));
#4186=CARTESIAN_POINT('',(1.999999999941E0,2.917153995092E0,-5.230000000023E0));
#4188=CURVE_STYLE('',#14,POSITIVE_LENGTH_MEASURE(2.E-2),#1);
#4189=PRESENTATION_STYLE_ASSIGNMENT((#4188));
#4190=STYLED_ITEM('',(#4189),#4187);
#4191=CARTESIAN_POINT('',(1.999999999941E0,2.917153995092E0,-5.230000000023E0));
#4192=CARTESIAN_POINT('',(2.011025799887E0,2.917484219804E0,-5.356025470087E0));
#4193=CARTESIAN_POINT('',(2.033067042395E0,2.919038577271E0,-5.607958583646E0));
#4194=CARTESIAN_POINT('',(2.066099837418E0,2.917847855151E0,-5.985522639357E0));
#4195=CARTESIAN_POINT('',(2.088100892236E0,2.919468756670E0,-6.237002005379E0));
#4196=CARTESIAN_POINT('',(2.099096946711E0,2.919702525622E0,-6.362687483156E0));
#4198=CURVE_STYLE('',#14,POSITIVE_LENGTH_MEASURE(2.E-2),#1);
#4199=PRESENTATION_STYLE_ASSIGNMENT((#4198));
#4200=STYLED_ITEM('',(#4199),#4197);
#4201=CARTESIAN_POINT('',(2.099096946711E0,2.919702525622E0,-6.362687483156E0));
#4202=CARTESIAN_POINT('',(1.828520551901E0,2.922004287553E0,-6.451881483536E0));
#4203=CARTESIAN_POINT('',(1.276278811239E0,2.926631663402E0,-6.595677073571E0));
#4204=CARTESIAN_POINT('',(4.275757216337E-1,2.933868758758E0,
-6.704676992554E0));
#4205=CARTESIAN_POINT('',(-4.262926847231E-1,2.941104396012E0,
-6.704542753026E0));
#4206=CARTESIAN_POINT('',(-1.277767265984E0,2.948332000592E0,
-6.595625106086E0));
#4207=CARTESIAN_POINT('',(-1.829192280685E0,2.952980554960E0,
-6.451729482529E0));
#4208=CARTESIAN_POINT('',(-2.099097199163E0,2.955264639796E0,
-6.362687399870E0));
#4210=CURVE_STYLE('',#14,POSITIVE_LENGTH_MEASURE(2.E-2),#1);
#4211=PRESENTATION_STYLE_ASSIGNMENT((#4210));
#4212=STYLED_ITEM('',(#4211),#4209);
#4213=DIRECTION('',(-1.505117327358E-6,-9.999999999987E-1,5.755711402638E-7));
#4214=VECTOR('',#4213,5.000849697253E-2);
#4215=CARTESIAN_POINT('',(-2.000000235206E0,2.957819359930E0,
-5.229999910055E0));
#4216=LINE('',#4215,#4214);
#4217=CURVE_STYLE('',#14,POSITIVE_LENGTH_MEASURE(2.E-2),#1);
#4218=PRESENTATION_STYLE_ASSIGNMENT((#4217));
#4219=STYLED_ITEM('',(#4218),#4216);
#4220=CARTESIAN_POINT('',(-1.5E0,-4.E-1,-7.1E0));
#4221=DIRECTION('',(1.E0,0.E0,0.E0));
#4222=DIRECTION('',(0.E0,-3.333333333333E-1,-9.428090415821E-1));
#4223=AXIS2_PLACEMENT_3D('',#4220,#4221,#4222);
#4225=CURVE_STYLE('',#14,POSITIVE_LENGTH_MEASURE(2.E-2),#1);
#4226=PRESENTATION_STYLE_ASSIGNMENT((#4225));
#4227=STYLED_ITEM('',(#4226),#4224);
#4228=DIRECTION('',(0.E0,-1.E0,0.E0));
#4229=VECTOR('',#4228,2.E-1);
#4230=CARTESIAN_POINT('',(-1.5E0,-5.E-1,-4.4E0));
#4231=LINE('',#4230,#4229);
#4232=CURVE_STYLE('',#14,POSITIVE_LENGTH_MEASURE(2.E-2),#1);
#4233=PRESENTATION_STYLE_ASSIGNMENT((#4232));
#4234=STYLED_ITEM('',(#4233),#4231);
#4235=DIRECTION('',(0.E0,0.E0,-1.E0));
#4236=VECTOR('',#4235,2.7E0);
#4237=CARTESIAN_POINT('',(-1.5E0,-7.E-1,-4.4E0));
#4238=LINE('',#4237,#4236);
#4239=CURVE_STYLE('',#14,POSITIVE_LENGTH_MEASURE(2.E-2),#1);
#4240=PRESENTATION_STYLE_ASSIGNMENT((#4239));
#4241=STYLED_ITEM('',(#4240),#4238);
#4242=CARTESIAN_POINT('',(-1.5E0,-4.E-1,-7.1E0));
#4243=DIRECTION('',(1.E0,0.E0,0.E0));
#4244=DIRECTION('',(0.E0,-1.E0,0.E0));
#4245=AXIS2_PLACEMENT_3D('',#4242,#4243,#4244);
#4247=CURVE_STYLE('',#14,POSITIVE_LENGTH_MEASURE(2.E-2),#1);
#4248=PRESENTATION_STYLE_ASSIGNMENT((#4247));
#4249=STYLED_ITEM('',(#4248),#4246);
#4250=DIRECTION('',(1.E0,0.E0,0.E0));
#4251=VECTOR('',#4250,3.E0);
#4252=CARTESIAN_POINT('',(-1.5E0,-5.E-1,-4.4E0));
#4253=LINE('',#4252,#4251);
#4254=CURVE_STYLE('',#14,POSITIVE_LENGTH_MEASURE(2.E-2),#1);
#4255=PRESENTATION_STYLE_ASSIGNMENT((#4254));
#4256=STYLED_ITEM('',(#4255),#4253);
#4257=DIRECTION('',(0.E0,-1.E0,0.E0));
#4258=VECTOR('',#4257,2.E-1);
#4259=CARTESIAN_POINT('',(1.5E0,-5.E-1,-4.4E0));
#4260=LINE('',#4259,#4258);
#4261=CURVE_STYLE('',#14,POSITIVE_LENGTH_MEASURE(2.E-2),#1);
#4262=PRESENTATION_STYLE_ASSIGNMENT((#4261));
#4263=STYLED_ITEM('',(#4262),#4260);
#4264=DIRECTION('',(1.E0,0.E0,0.E0));
#4265=VECTOR('',#4264,3.E0);
#4266=CARTESIAN_POINT('',(-1.5E0,-7.E-1,-4.4E0));
#4267=LINE('',#4266,#4265);
#4268=CURVE_STYLE('',#14,POSITIVE_LENGTH_MEASURE(2.E-2),#1);
#4269=PRESENTATION_STYLE_ASSIGNMENT((#4268));
#4270=STYLED_ITEM('',(#4269),#4267);
#4271=DIRECTION('',(0.E0,0.E0,-1.E0));
#4272=VECTOR('',#4271,2.7E0);
#4273=CARTESIAN_POINT('',(1.5E0,-7.E-1,-4.4E0));
#4274=LINE('',#4273,#4272);
#4275=CURVE_STYLE('',#14,POSITIVE_LENGTH_MEASURE(2.E-2),#1);
#4276=PRESENTATION_STYLE_ASSIGNMENT((#4275));
#4277=STYLED_ITEM('',(#4276),#4274);
#4278=CARTESIAN_POINT('',(-2.099097199163E0,2.955264639796E0,
-6.362687399870E0));
#4279=CARTESIAN_POINT('',(-2.099097199163E0,3.255264639796E0,
-6.362687399870E0));
#4280=VERTEX_POINT('',#4278);
#4281=VERTEX_POINT('',#4279);
#4282=CARTESIAN_POINT('',(-2.099097207915E0,3.305263420148E0,
-6.362687396983E0));
#4283=CARTESIAN_POINT('',(-2.099097207915E0,3.605263420148E0,
-6.362687396983E0));
#4284=VERTEX_POINT('',#4282);
#4285=VERTEX_POINT('',#4283);
#4286=CARTESIAN_POINT('',(-2.099097310747E0,4.355250024189E0,
-6.362687363058E0));
#4287=CARTESIAN_POINT('',(-2.099097310746E0,4.655250024189E0,
-6.362687363058E0));
#4288=VERTEX_POINT('',#4286);
#4289=VERTEX_POINT('',#4287);
#4290=CARTESIAN_POINT('',(-2.099097298701E0,4.705251598262E0,
-6.362687367032E0));
#4291=CARTESIAN_POINT('',(-2.099097298701E0,5.005251598262E0,
-6.362687367032E0));
#4292=VERTEX_POINT('',#4290);
#4293=VERTEX_POINT('',#4291);
#4294=CARTESIAN_POINT('',(-2.099097291746E0,5.405252508273E0,
-6.362687369327E0));
#4295=CARTESIAN_POINT('',(-2.099097291746E0,5.705252508272E0,
-6.362687369327E0));
#4296=VERTEX_POINT('',#4294);
#4297=VERTEX_POINT('',#4295);
#4298=CARTESIAN_POINT('',(-2.099097309515E0,5.755250183949E0,
-6.362687363464E0));
#4299=CARTESIAN_POINT('',(-2.099097309515E0,6.055250183949E0,
-6.362687363464E0));
#4300=VERTEX_POINT('',#4298);
#4301=VERTEX_POINT('',#4299);
#4302=CARTESIAN_POINT('',(-2.099097199163E0,6.805264639793E0,
-6.362687399870E0));
#4303=CARTESIAN_POINT('',(-2.099097199163E0,7.105264639794E0,
-6.362687399870E0));
#4304=VERTEX_POINT('',#4302);
#4305=VERTEX_POINT('',#4303);
#4306=CARTESIAN_POINT('',(-2.099097207915E0,7.155263420144E0,
-6.362687396983E0));
#4307=CARTESIAN_POINT('',(-2.099097207915E0,7.455263420145E0,
-6.362687396983E0));
#4308=VERTEX_POINT('',#4306);
#4309=VERTEX_POINT('',#4307);
#4310=VERTEX_POINT('',#4142);
#4311=VERTEX_POINT('',#4047);
#4312=CARTESIAN_POINT('',(2.099096946711E0,2.919702525622E0,-6.362687483156E0));
#4313=VERTEX_POINT('',#4312);
#4314=CARTESIAN_POINT('',(2.099096891918E0,3.269695096646E0,-6.362687501232E0));
#4315=VERTEX_POINT('',#4314);
#4316=CARTESIAN_POINT('',(2.099107466012E0,7.419695096644E0,-6.362719552924E0));
#4317=CARTESIAN_POINT('',(2.099096891918E0,7.119695096642E0,-6.362687501232E0));
#4318=VERTEX_POINT('',#4316);
#4319=VERTEX_POINT('',#4317);
#4320=CARTESIAN_POINT('',(2.099107752704E0,7.069702525621E0,-6.362720237772E0));
#4321=CARTESIAN_POINT('',(2.099096946712E0,6.769702525620E0,-6.362687483156E0));
#4322=VERTEX_POINT('',#4320);
#4323=VERTEX_POINT('',#4321);
#4324=CARTESIAN_POINT('',(2.099083902985E0,6.019698268803E0,-6.362648051170E0));
#4325=CARTESIAN_POINT('',(2.099096915310E0,5.719698268804E0,-6.362687493515E0));
#4326=VERTEX_POINT('',#4324);
#4327=VERTEX_POINT('',#4325);
#4328=CARTESIAN_POINT('',(2.099089464242E0,5.669700351052E0,-6.362664856525E0));
#4329=CARTESIAN_POINT('',(2.099096930682E0,5.369700351053E0,-6.362687488444E0));
#4330=VERTEX_POINT('',#4328);
#4331=VERTEX_POINT('',#4329);
#4332=CARTESIAN_POINT('',(2.099087082555E0,4.969695644411E0,-6.362657753897E0));
#4333=CARTESIAN_POINT('',(2.099096895982E0,4.669695644411E0,-6.362687499892E0));
#4334=VERTEX_POINT('',#4332);
#4335=VERTEX_POINT('',#4333);
#4336=CARTESIAN_POINT('',(2.099083486357E0,4.619697462716E0,-6.362646808276E0));
#4337=CARTESIAN_POINT('',(2.099096909369E0,4.319697462716E0,-6.362687495475E0));
#4338=VERTEX_POINT('',#4336);
#4339=VERTEX_POINT('',#4337);
#4340=CARTESIAN_POINT('',(1.5E0,-5.E-1,-4.4E0));
#4341=CARTESIAN_POINT('',(1.5E0,-5.E-1,-7.382842712475E0));
#4342=VERTEX_POINT('',#4340);
#4343=VERTEX_POINT('',#4341);
#4344=CARTESIAN_POINT('',(-1.5E0,-5.E-1,-4.4E0));
#4345=VERTEX_POINT('',#4344);
#4346=CARTESIAN_POINT('',(-1.5E0,-5.E-1,-7.382842712475E0));
#4347=VERTEX_POINT('',#4346);
#4348=CARTESIAN_POINT('',(-1.5E0,-5.E-1,-7.4E0));
#4349=VERTEX_POINT('',#4348);
#4350=CARTESIAN_POINT('',(-7.75E0,-5.E-1,-7.4E0));
#4351=VERTEX_POINT('',#4350);
#4352=CARTESIAN_POINT('',(-8.25E0,-5.E-1,-6.9E0));
#4353=VERTEX_POINT('',#4352);
#4354=CARTESIAN_POINT('',(-8.25E0,-5.E-1,-5.691581256928E0));
#4355=VERTEX_POINT('',#4354);
#4356=CARTESIAN_POINT('',(-7.961309130870E0,-5.E-1,-5.238427363410E0));
#4357=VERTEX_POINT('',#4356);
#4358=CARTESIAN_POINT('',(-7.738690869131E0,-5.E-1,-5.134618763115E0));
#4359=VERTEX_POINT('',#4358);
#4360=CARTESIAN_POINT('',(-7.45E0,-5.E-1,-4.681464869596E0));
#4361=VERTEX_POINT('',#4360);
#4362=CARTESIAN_POINT('',(-7.45E0,-5.E-1,4.681464869596E0));
#4363=VERTEX_POINT('',#4362);
#4364=CARTESIAN_POINT('',(-7.738690869130E0,-5.E-1,5.134618763114E0));
#4365=VERTEX_POINT('',#4364);
#4366=CARTESIAN_POINT('',(-7.961309130869E0,-5.E-1,5.238427363409E0));
#4367=VERTEX_POINT('',#4366);
#4368=CARTESIAN_POINT('',(-8.25E0,-5.E-1,5.691581256928E0));
#4369=VERTEX_POINT('',#4368);
#4370=CARTESIAN_POINT('',(-8.25E0,-5.E-1,8.1E0));
#4371=VERTEX_POINT('',#4370);
#4372=CARTESIAN_POINT('',(-7.75E0,-5.E-1,8.6E0));
#4373=VERTEX_POINT('',#4372);
#4374=CARTESIAN_POINT('',(-7.25E0,-5.E-1,8.6E0));
#4375=VERTEX_POINT('',#4374);
#4376=CARTESIAN_POINT('',(-6.936419638094E0,-5.E-1,8.450616019030E0));
#4377=VERTEX_POINT('',#4376);
#4378=CARTESIAN_POINT('',(-6.85E0,-5.E-1,7.5E0));
#4379=VERTEX_POINT('',#4378);
#4380=CARTESIAN_POINT('',(-6.85E0,-5.E-1,5.1E0));
#4381=VERTEX_POINT('',#4380);
#4382=CARTESIAN_POINT('',(-4.05E0,-5.E-1,5.1E0));
#4383=VERTEX_POINT('',#4382);
#4384=CARTESIAN_POINT('',(-4.05E0,-5.E-1,7.499999999999E0));
#4385=VERTEX_POINT('',#4384);
#4386=CARTESIAN_POINT('',(-3.963580361906E0,-5.E-1,8.450616019030E0));
#4387=VERTEX_POINT('',#4386);
#4388=CARTESIAN_POINT('',(-3.65E0,-5.E-1,8.6E0));
#4389=VERTEX_POINT('',#4388);
#4390=CARTESIAN_POINT('',(3.65E0,-5.E-1,8.6E0));
#4391=VERTEX_POINT('',#4390);
#4392=CARTESIAN_POINT('',(3.963580361906E0,-5.E-1,8.450616019030E0));
#4393=VERTEX_POINT('',#4392);
#4394=CARTESIAN_POINT('',(4.05E0,-5.E-1,7.5E0));
#4395=VERTEX_POINT('',#4394);
#4396=CARTESIAN_POINT('',(4.05E0,-5.E-1,5.1E0));
#4397=VERTEX_POINT('',#4396);
#4398=CARTESIAN_POINT('',(6.85E0,-5.E-1,5.1E0));
#4399=VERTEX_POINT('',#4398);
#4400=CARTESIAN_POINT('',(6.85E0,-5.E-1,7.499999999999E0));
#4401=VERTEX_POINT('',#4400);
#4402=CARTESIAN_POINT('',(6.936419638094E0,-5.E-1,8.450616019030E0));
#4403=VERTEX_POINT('',#4402);
#4404=CARTESIAN_POINT('',(7.25E0,-5.E-1,8.6E0));
#4405=VERTEX_POINT('',#4404);
#4406=CARTESIAN_POINT('',(7.75E0,-5.E-1,8.6E0));
#4407=VERTEX_POINT('',#4406);
#4408=CARTESIAN_POINT('',(8.25E0,-5.E-1,8.1E0));
#4409=VERTEX_POINT('',#4408);
#4410=CARTESIAN_POINT('',(8.25E0,-5.E-1,5.691581256928E0));
#4411=VERTEX_POINT('',#4410);
#4412=CARTESIAN_POINT('',(7.961309130870E0,-5.E-1,5.238427363410E0));
#4413=VERTEX_POINT('',#4412);
#4414=CARTESIAN_POINT('',(7.738690869131E0,-5.E-1,5.134618763115E0));
#4415=VERTEX_POINT('',#4414);
#4416=CARTESIAN_POINT('',(7.45E0,-5.E-1,4.681464869596E0));
#4417=VERTEX_POINT('',#4416);
#4418=CARTESIAN_POINT('',(7.45E0,-5.E-1,-4.681464869596E0));
#4419=VERTEX_POINT('',#4418);
#4420=CARTESIAN_POINT('',(7.738690869130E0,-5.E-1,-5.134618763114E0));
#4421=VERTEX_POINT('',#4420);
#4422=CARTESIAN_POINT('',(7.961309130869E0,-5.E-1,-5.238427363409E0));
#4423=VERTEX_POINT('',#4422);
#4424=CARTESIAN_POINT('',(8.25E0,-5.E-1,-5.691581256928E0));
#4425=VERTEX_POINT('',#4424);
#4426=CARTESIAN_POINT('',(8.25E0,-5.E-1,-6.9E0));
#4427=VERTEX_POINT('',#4426);
#4428=CARTESIAN_POINT('',(7.75E0,-5.E-1,-7.4E0));
#4429=VERTEX_POINT('',#4428);
#4430=CARTESIAN_POINT('',(1.5E0,-5.E-1,-7.4E0));
#4431=VERTEX_POINT('',#4430);
#4432=CARTESIAN_POINT('',(1.5E0,-7.E-1,-7.1E0));
#4433=VERTEX_POINT('',#4432);
#4434=CARTESIAN_POINT('',(1.5E0,-7.E-1,-4.4E0));
#4435=VERTEX_POINT('',#4434);
#4436=CARTESIAN_POINT('',(1.5E0,1.15E0,-5.440192378865E0));
#4437=CARTESIAN_POINT('',(1.5E0,1.E0,-5.4E0));
#4438=VERTEX_POINT('',#4436);
#4439=VERTEX_POINT('',#4437);
#4440=CARTESIAN_POINT('',(1.5E0,1.15E0,-5.4E0));
#4441=VERTEX_POINT('',#4440);
#4442=CARTESIAN_POINT('',(1.5E0,-4.E-1,-7.4E0));
#4443=VERTEX_POINT('',#4442);
#4444=CARTESIAN_POINT('',(-1.5E0,-4.E-1,-7.4E0));
#4445=VERTEX_POINT('',#4444);
#4446=CARTESIAN_POINT('',(-1.5E0,-7.E-1,-7.1E0));
#4447=VERTEX_POINT('',#4446);
#4448=CARTESIAN_POINT('',(1.5E0,1.15E0,-5.8E0));
#4449=CARTESIAN_POINT('',(1.5E0,1.3E0,-5.8E0));
#4450=VERTEX_POINT('',#4448);
#4451=VERTEX_POINT('',#4449);
#4452=CARTESIAN_POINT('',(1.5E0,1.3E0,-5.7E0));
#4453=VERTEX_POINT('',#4452);
#4454=CARTESIAN_POINT('',(1.5E0,8.5E-1,-5.4E0));
#4455=CARTESIAN_POINT('',(1.5E0,8.5E-1,-5.8E0));
#4456=VERTEX_POINT('',#4454);
#4457=VERTEX_POINT('',#4455);
#4458=CARTESIAN_POINT('',(1.5E0,8.E-1,-5.4E0));
#4459=VERTEX_POINT('',#4458);
#4460=CARTESIAN_POINT('',(1.5E0,8.E-1,-5.8E0));
#4461=VERTEX_POINT('',#4460);
#4462=CARTESIAN_POINT('',(2.189850399851E0,5.E-1,-7.4E0));
#4463=CARTESIAN_POINT('',(7.75E0,5.E-1,-7.4E0));
#4464=VERTEX_POINT('',#4462);
#4465=VERTEX_POINT('',#4463);
#4466=CARTESIAN_POINT('',(2.E0,5.E-1,-7.4E0));
#4467=VERTEX_POINT('',#4466);
#4468=CARTESIAN_POINT('',(2.E0,1.E0,-7.4E0));
#4469=VERTEX_POINT('',#4468);
#4470=CARTESIAN_POINT('',(-2.E0,1.E0,-7.4E0));
#4471=VERTEX_POINT('',#4470);
#4472=CARTESIAN_POINT('',(-2.E0,5.E-1,-7.4E0));
#4473=VERTEX_POINT('',#4472);
#4474=CARTESIAN_POINT('',(-2.189850399851E0,5.E-1,-7.4E0));
#4475=VERTEX_POINT('',#4474);
#4476=CARTESIAN_POINT('',(-7.75E0,5.E-1,-7.4E0));
#4477=VERTEX_POINT('',#4476);
#4478=CARTESIAN_POINT('',(-8.25E0,5.E-1,-5.691581256928E0));
#4479=CARTESIAN_POINT('',(-8.25E0,5.E-1,-6.9E0));
#4480=VERTEX_POINT('',#4478);
#4481=VERTEX_POINT('',#4479);
#4482=CARTESIAN_POINT('',(-2.233594731614E0,5.E-1,-7.9E0));
#4483=VERTEX_POINT('',#4482);
#4484=CARTESIAN_POINT('',(-8.65E0,5.E-1,-7.9E0));
#4485=VERTEX_POINT('',#4484);
#4486=CARTESIAN_POINT('',(-8.65E0,5.E-1,7.43E0));
#4487=VERTEX_POINT('',#4486);
#4488=CARTESIAN_POINT('',(-8.25E0,5.E-1,7.43E0));
#4489=VERTEX_POINT('',#4488);
#4490=CARTESIAN_POINT('',(-8.25E0,5.E-1,5.691581256928E0));
#4491=VERTEX_POINT('',#4490);
#4492=CARTESIAN_POINT('',(-7.961309130867E0,5.E-1,5.238427363408E0));
#4493=VERTEX_POINT('',#4492);
#4494=CARTESIAN_POINT('',(-7.738690869130E0,5.E-1,5.134618763115E0));
#4495=VERTEX_POINT('',#4494);
#4496=CARTESIAN_POINT('',(-7.45E0,5.E-1,4.681464869596E0));
#4497=VERTEX_POINT('',#4496);
#4498=CARTESIAN_POINT('',(-7.45E0,5.E-1,-4.681464869596E0));
#4499=VERTEX_POINT('',#4498);
#4500=CARTESIAN_POINT('',(-7.738690869133E0,5.E-1,-5.134618763116E0));
#4501=VERTEX_POINT('',#4500);
#4502=CARTESIAN_POINT('',(-7.961309130870E0,5.E-1,-5.238427363409E0));
#4503=VERTEX_POINT('',#4502);
#4504=CARTESIAN_POINT('',(8.25E0,5.E-1,-5.691581256928E0));
#4505=CARTESIAN_POINT('',(8.25E0,5.E-1,-6.9E0));
#4506=VERTEX_POINT('',#4504);
#4507=VERTEX_POINT('',#4505);
#4508=CARTESIAN_POINT('',(7.961309130867E0,5.E-1,-5.238427363408E0));
#4509=VERTEX_POINT('',#4508);
#4510=CARTESIAN_POINT('',(7.738690869130E0,5.E-1,-5.134618763115E0));
#4511=VERTEX_POINT('',#4510);
#4512=CARTESIAN_POINT('',(7.45E0,5.E-1,-4.681464869596E0));
#4513=VERTEX_POINT('',#4512);
#4514=CARTESIAN_POINT('',(7.45E0,5.E-1,4.681464869596E0));
#4515=VERTEX_POINT('',#4514);
#4516=CARTESIAN_POINT('',(7.738690869133E0,5.E-1,5.134618763116E0));
#4517=VERTEX_POINT('',#4516);
#4518=CARTESIAN_POINT('',(7.961309130870E0,5.E-1,5.238427363409E0));
#4519=VERTEX_POINT('',#4518);
#4520=CARTESIAN_POINT('',(8.25E0,5.E-1,5.691581256928E0));
#4521=VERTEX_POINT('',#4520);
#4522=CARTESIAN_POINT('',(8.25E0,5.E-1,7.43E0));
#4523=VERTEX_POINT('',#4522);
#4524=CARTESIAN_POINT('',(8.65E0,5.E-1,7.43E0));
#4525=VERTEX_POINT('',#4524);
#4526=CARTESIAN_POINT('',(8.65E0,5.E-1,-7.9E0));
#4527=VERTEX_POINT('',#4526);
#4528=CARTESIAN_POINT('',(2.233594731614E0,5.E-1,-7.9E0));
#4529=VERTEX_POINT('',#4528);
#4530=CARTESIAN_POINT('',(-8.25E0,5.E-1,8.1E0));
#4531=VERTEX_POINT('',#4530);
#4532=CARTESIAN_POINT('',(-2.E0,5.E-1,-5.23E0));
#4533=VERTEX_POINT('',#4532);
#4534=CARTESIAN_POINT('',(-1.825022672948E0,5.E-1,-5.4E0));
#4535=VERTEX_POINT('',#4534);
#4536=CARTESIAN_POINT('',(1.825022672948E0,5.E-1,-5.4E0));
#4537=VERTEX_POINT('',#4536);
#4538=CARTESIAN_POINT('',(2.E0,5.E-1,-5.23E0));
#4539=VERTEX_POINT('',#4538);
#4540=CARTESIAN_POINT('',(-6.7E0,5.E-1,8.1E0));
#4541=CARTESIAN_POINT('',(-6.904545454545E0,5.E-1,8.1E0));
#4542=VERTEX_POINT('',#4540);
#4543=VERTEX_POINT('',#4541);
#4544=CARTESIAN_POINT('',(-6.936419638094E0,5.E-1,8.450616019030E0));
#4545=VERTEX_POINT('',#4544);
#4546=CARTESIAN_POINT('',(-7.25E0,5.E-1,8.6E0));
#4547=VERTEX_POINT('',#4546);
#4548=CARTESIAN_POINT('',(-7.75E0,5.E-1,8.6E0));
#4549=VERTEX_POINT('',#4548);
#4550=CARTESIAN_POINT('',(8.25E0,5.E-1,8.1E0));
#4551=VERTEX_POINT('',#4550);
#4552=CARTESIAN_POINT('',(7.75E0,5.E-1,8.6E0));
#4553=VERTEX_POINT('',#4552);
#4554=CARTESIAN_POINT('',(7.25E0,5.E-1,8.6E0));
#4555=VERTEX_POINT('',#4554);
#4556=CARTESIAN_POINT('',(6.936419638094E0,5.E-1,8.450616019030E0));
#4557=VERTEX_POINT('',#4556);
#4558=CARTESIAN_POINT('',(6.904545454545E0,5.E-1,8.1E0));
#4559=VERTEX_POINT('',#4558);
#4560=CARTESIAN_POINT('',(6.7E0,5.E-1,8.1E0));
#4561=VERTEX_POINT('',#4560);
#4562=CARTESIAN_POINT('',(4.1E0,5.E-1,8.1E0));
#4563=VERTEX_POINT('',#4562);
#4564=CARTESIAN_POINT('',(3.995454545455E0,5.E-1,8.1E0));
#4565=VERTEX_POINT('',#4564);
#4566=CARTESIAN_POINT('',(3.963580361906E0,5.E-1,8.450616019030E0));
#4567=VERTEX_POINT('',#4566);
#4568=CARTESIAN_POINT('',(3.65E0,5.E-1,8.6E0));
#4569=VERTEX_POINT('',#4568);
#4570=CARTESIAN_POINT('',(-3.65E0,5.E-1,8.6E0));
#4571=VERTEX_POINT('',#4570);
#4572=CARTESIAN_POINT('',(-3.963580361906E0,5.E-1,8.450616019030E0));
#4573=VERTEX_POINT('',#4572);
#4574=CARTESIAN_POINT('',(-3.995454545455E0,5.E-1,8.1E0));
#4575=VERTEX_POINT('',#4574);
#4576=CARTESIAN_POINT('',(-4.1E0,5.E-1,8.1E0));
#4577=VERTEX_POINT('',#4576);
#4578=VERTEX_POINT('',#1221);
#4579=VERTEX_POINT('',#1226);
#4580=CARTESIAN_POINT('',(-2.000000235206E0,2.957819359930E0,
-5.229999910055E0));
#4581=VERTEX_POINT('',#4580);
#4582=VERTEX_POINT('',#4125);
#4583=CARTESIAN_POINT('',(-2.000000195619E0,3.307824000131E0,
-5.229999925194E0));
#4584=VERTEX_POINT('',#4583);
#4585=VERTEX_POINT('',#4030);
#4586=CARTESIAN_POINT('',(-2.000000289863E0,3.657813340807E0,
-5.229999889154E0));
#4587=VERTEX_POINT('',#4586);
#4588=VERTEX_POINT('',#3991);
#4589=CARTESIAN_POINT('',(-2.099087443220E0,3.955250175806E0,
-6.362657431432E0));
#4590=VERTEX_POINT('',#4589);
#4591=VERTEX_POINT('',#3921);
#4592=CARTESIAN_POINT('',(-2.000000305358E0,4.007811465078E0,
-5.229999883228E0));
#4593=VERTEX_POINT('',#4592);
#4594=VERTEX_POINT('',#3882);
#4595=CARTESIAN_POINT('',(-2.099084427198E0,4.305251176998E0,
-6.362648370578E0));
#4596=VERTEX_POINT('',#4595);
#4597=VERTEX_POINT('',#3812);
#4598=CARTESIAN_POINT('',(-2.000000300441E0,4.357812086776E0,
-5.229999885109E0));
#4599=VERTEX_POINT('',#4598);
#4600=VERTEX_POINT('',#3717);
#4601=CARTESIAN_POINT('',(-2.000000278434E0,4.707814631027E0,
-5.229999893524E0));
#4602=VERTEX_POINT('',#4601);
#4603=VERTEX_POINT('',#3585);
#4604=CARTESIAN_POINT('',(-1.999999999789E0,5.057846021310E0,
-5.230000000081E0));
#4605=VERTEX_POINT('',#4604);
#4606=VERTEX_POINT('',#3551);
#4607=CARTESIAN_POINT('',(-2.099087284392E0,5.355254574550E0,
-6.362657115974E0));
#4608=VERTEX_POINT('',#4607);
#4609=VERTEX_POINT('',#3490);
#4610=CARTESIAN_POINT('',(-2.000000302134E0,5.407811808458E0,
-5.229999884461E0));
#4611=VERTEX_POINT('',#4610);
#4612=VERTEX_POINT('',#3365);
#4613=CARTESIAN_POINT('',(-2.000000304479E0,5.757811604599E0,
-5.229999883565E0));
#4614=VERTEX_POINT('',#4613);
#4615=VERTEX_POINT('',#3270);
#4616=CARTESIAN_POINT('',(-2.000000288842E0,6.107813436414E0,
-5.229999889544E0));
#4617=VERTEX_POINT('',#4616);
#4618=VERTEX_POINT('',#3231);
#4619=CARTESIAN_POINT('',(-2.099088085493E0,6.405250729040E0,
-6.362659395350E0));
#4620=VERTEX_POINT('',#4619);
#4621=VERTEX_POINT('',#3161);
#4622=CARTESIAN_POINT('',(-2.000000310475E0,6.457810862958E0,
-5.229999881272E0));
#4623=VERTEX_POINT('',#4622);
#4624=VERTEX_POINT('',#3122);
#4625=CARTESIAN_POINT('',(-2.099085409717E0,6.755251079143E0,
-6.362651346574E0));
#4626=VERTEX_POINT('',#4625);
#4627=VERTEX_POINT('',#3052);
#4628=CARTESIAN_POINT('',(-2.000000235206E0,6.807819359928E0,
-5.229999910055E0));
#4629=VERTEX_POINT('',#4628);
#4630=VERTEX_POINT('',#2957);
#4631=CARTESIAN_POINT('',(-2.000000195619E0,7.157824000127E0,
-5.229999925194E0));
#4632=VERTEX_POINT('',#4631);
#4633=VERTEX_POINT('',#2243);
#4634=CARTESIAN_POINT('',(-2.000000289863E0,7.507813340806E0,
-5.229999889154E0));
#4635=VERTEX_POINT('',#4634);
#4636=VERTEX_POINT('',#2204);
#4637=CARTESIAN_POINT('',(-2.099087443220E0,7.805250175805E0,
-6.362657431432E0));
#4638=VERTEX_POINT('',#4637);
#4639=VERTEX_POINT('',#2134);
#4640=CARTESIAN_POINT('',(-2.E0,1.04E1,-5.23E0));
#4641=VERTEX_POINT('',#4640);
#4642=CARTESIAN_POINT('',(-2.233594731614E0,1.04E1,-7.9E0));
#4643=VERTEX_POINT('',#4642);
#4644=CARTESIAN_POINT('',(-2.000000310475E0,2.607810862958E0,
-5.229999881272E0));
#4645=VERTEX_POINT('',#4644);
#4646=VERTEX_POINT('',#1291);
#4647=VERTEX_POINT('',#1238);
#4648=VERTEX_POINT('',#1248);
#4649=VERTEX_POINT('',#4152);
#4650=VERTEX_POINT('',#4057);
#4651=VERTEX_POINT('',#3938);
#4652=VERTEX_POINT('',#3948);
#4653=VERTEX_POINT('',#1279);
#4654=VERTEX_POINT('',#3979);
#4655=VERTEX_POINT('',#1308);
#4656=VERTEX_POINT('',#4186);
#4657=VERTEX_POINT('',#4091);
#4658=VERTEX_POINT('',#4008);
#4659=CARTESIAN_POINT('',(2.000000000759E0,3.967154084324E0,-5.229999999710E0));
#4660=VERTEX_POINT('',#4659);
#4661=VERTEX_POINT('',#3844);
#4662=CARTESIAN_POINT('',(2.000000000271E0,4.317154030332E0,-5.229999999896E0));
#4663=VERTEX_POINT('',#4662);
#4664=VERTEX_POINT('',#3749);
#4665=CARTESIAN_POINT('',(1.999999999769E0,4.667153974876E0,-5.230000000088E0));
#4666=VERTEX_POINT('',#4665);
#4667=VERTEX_POINT('',#3617);
#4668=CARTESIAN_POINT('',(1.999999999789E0,5.017153978690E0,-5.230000000081E0));
#4669=VERTEX_POINT('',#4668);
#4670=VERTEX_POINT('',#3629);
#4671=VERTEX_POINT('',#3460);
#4672=VERTEX_POINT('',#3465);
#4673=CARTESIAN_POINT('',(2.000000000758E0,5.367154084891E0,-5.229999999710E0));
#4674=VERTEX_POINT('',#4673);
#4675=VERTEX_POINT('',#3397);
#4676=CARTESIAN_POINT('',(2.000000000425E0,5.717154047286E0,-5.229999999838E0));
#4677=VERTEX_POINT('',#4676);
#4678=VERTEX_POINT('',#3302);
#4679=CARTESIAN_POINT('',(1.999999999972E0,6.067153997265E0,-5.230000000011E0));
#4680=VERTEX_POINT('',#4679);
#4681=VERTEX_POINT('',#3193);
#4682=CARTESIAN_POINT('',(2.000000000880E0,6.417154097678E0,-5.229999999663E0));
#4683=VERTEX_POINT('',#4682);
#4684=VERTEX_POINT('',#3084);
#4685=CARTESIAN_POINT('',(1.999999999941E0,6.767153995090E0,-5.230000000023E0));
#4686=VERTEX_POINT('',#4685);
#4687=VERTEX_POINT('',#2989);
#4688=CARTESIAN_POINT('',(1.999999999225E0,7.117153916203E0,-5.230000000296E0));
#4689=VERTEX_POINT('',#4688);
#4690=VERTEX_POINT('',#2275);
#4691=CARTESIAN_POINT('',(1.999999999801E0,7.467153978510E0,-5.230000000076E0));
#4692=VERTEX_POINT('',#4691);
#4693=VERTEX_POINT('',#2166);
#4694=CARTESIAN_POINT('',(2.E0,1.04E1,-5.23E0));
#4695=VERTEX_POINT('',#4694);
#4696=CARTESIAN_POINT('',(2.233594731614E0,1.04E1,-7.9E0));
#4697=VERTEX_POINT('',#4696);
#4698=VERTEX_POINT('',#2156);
#4699=CARTESIAN_POINT('',(2.099089509950E0,7.469688418706E0,-6.362664681036E0));
#4700=VERTEX_POINT('',#4699);
#4701=VERTEX_POINT('',#3074);
#4702=CARTESIAN_POINT('',(2.099082215161E0,6.419691677658E0,-6.362642452992E0));
#4703=VERTEX_POINT('',#4702);
#4704=VERTEX_POINT('',#3183);
#4705=CARTESIAN_POINT('',(2.099088609488E0,6.069688915484E0,-6.362661939056E0));
#4706=VERTEX_POINT('',#4705);
#4707=VERTEX_POINT('',#3480);
#4708=CARTESIAN_POINT('',(2.099087284392E0,5.019745425450E0,-6.362657115973E0));
#4709=VERTEX_POINT('',#4708);
#4710=VERTEX_POINT('',#3834);
#4711=CARTESIAN_POINT('',(2.099083057025E0,3.969691243730E0,-6.362645017455E0));
#4712=VERTEX_POINT('',#4711);
#4713=CARTESIAN_POINT('',(-8.65E0,1.04E1,-7.9E0));
#4714=VERTEX_POINT('',#4713);
#4715=CARTESIAN_POINT('',(8.65E0,1.04E1,-7.9E0));
#4716=VERTEX_POINT('',#4715);
#4717=CARTESIAN_POINT('',(8.65E0,1.04E1,7.43E0));
#4718=VERTEX_POINT('',#4717);
#4719=CARTESIAN_POINT('',(-8.65E0,1.04E1,7.43E0));
#4720=VERTEX_POINT('',#4719);
#4721=CARTESIAN_POINT('',(-4.1E0,7.875E0,7.43E0));
#4722=CARTESIAN_POINT('',(-4.1E0,7.575E0,7.43E0));
#4723=VERTEX_POINT('',#4721);
#4724=VERTEX_POINT('',#4722);
#4725=CARTESIAN_POINT('',(-6.7E0,7.875E0,7.43E0));
#4726=VERTEX_POINT('',#4725);
#4727=CARTESIAN_POINT('',(-6.7E0,7.575E0,7.43E0));
#4728=VERTEX_POINT('',#4727);
#4729=CARTESIAN_POINT('',(6.7E0,2.5E0,7.43E0));
#4730=CARTESIAN_POINT('',(4.1E0,2.5E0,7.43E0));
#4731=VERTEX_POINT('',#4729);
#4732=VERTEX_POINT('',#4730);
#4733=CARTESIAN_POINT('',(6.7E0,2.8E0,7.43E0));
#4734=VERTEX_POINT('',#4733);
#4735=CARTESIAN_POINT('',(4.1E0,2.8E0,7.43E0));
#4736=VERTEX_POINT('',#4735);
#4737=CARTESIAN_POINT('',(-4.1E0,2.E-1,8.1E0));
#4738=VERTEX_POINT('',#4737);
#4739=CARTESIAN_POINT('',(-4.1E0,-1.E-1,8.1E0));
#4740=VERTEX_POINT('',#4739);
#4741=CARTESIAN_POINT('',(-4.1E0,-4.E-1,7.8E0));
#4742=VERTEX_POINT('',#4741);
#4743=CARTESIAN_POINT('',(-4.1E0,-4.E-1,7.5E0));
#4744=VERTEX_POINT('',#4743);
#4745=CARTESIAN_POINT('',(-4.1E0,-4.E-1,5.4E0));
#4746=VERTEX_POINT('',#4745);
#4747=CARTESIAN_POINT('',(-4.1E0,-7.E-1,5.4E0));
#4748=VERTEX_POINT('',#4747);
#4749=CARTESIAN_POINT('',(-4.1E0,-7.E-1,7.9E0));
#4750=VERTEX_POINT('',#4749);
#4751=CARTESIAN_POINT('',(-4.1E0,-2.E-1,8.4E0));
#4752=VERTEX_POINT('',#4751);
#4753=CARTESIAN_POINT('',(-4.1E0,7.375E0,8.4E0));
#4754=VERTEX_POINT('',#4753);
#4755=CARTESIAN_POINT('',(-4.1E0,7.875E0,7.9E0));
#4756=VERTEX_POINT('',#4755);
#4757=CARTESIAN_POINT('',(-4.1E0,7.575E0,7.8E0));
#4758=VERTEX_POINT('',#4757);
#4759=CARTESIAN_POINT('',(-4.1E0,7.275E0,8.1E0));
#4760=VERTEX_POINT('',#4759);
#4761=CARTESIAN_POINT('',(-3.995454545455E0,2.E-1,8.1E0));
#4762=VERTEX_POINT('',#4761);
#4763=CARTESIAN_POINT('',(-6.7E0,2.E-1,8.1E0));
#4764=VERTEX_POINT('',#4763);
#4765=CARTESIAN_POINT('',(-6.904545454545E0,2.E-1,8.1E0));
#4766=VERTEX_POINT('',#4765);
#4767=CARTESIAN_POINT('',(-4.05E0,-4.E-1,7.5E0));
#4768=VERTEX_POINT('',#4767);
#4769=CARTESIAN_POINT('',(6.85E0,-4.E-1,7.5E0));
#4770=VERTEX_POINT('',#4769);
#4771=VERTEX_POINT('',#2614);
#4772=CARTESIAN_POINT('',(6.85E0,-4.E-1,5.1E0));
#4773=VERTEX_POINT('',#4772);
#4774=CARTESIAN_POINT('',(4.05E0,-4.E-1,5.1E0));
#4775=VERTEX_POINT('',#4774);
#4776=CARTESIAN_POINT('',(4.05E0,-4.E-1,7.5E0));
#4777=VERTEX_POINT('',#4776);
#4778=CARTESIAN_POINT('',(3.995454545455E0,2.E-1,8.1E0));
#4779=VERTEX_POINT('',#4778);
#4780=CARTESIAN_POINT('',(6.7E0,2.E-1,8.1E0));
#4781=VERTEX_POINT('',#4780);
#4782=CARTESIAN_POINT('',(4.1E0,2.E-1,8.1E0));
#4783=VERTEX_POINT('',#4782);
#4784=CARTESIAN_POINT('',(6.7E0,-9.999999999993E-2,8.1E0));
#4785=VERTEX_POINT('',#4784);
#4786=CARTESIAN_POINT('',(6.7E0,-4.E-1,7.8E0));
#4787=VERTEX_POINT('',#4786);
#4788=CARTESIAN_POINT('',(6.7E0,-4.E-1,7.5E0));
#4789=VERTEX_POINT('',#4788);
#4790=CARTESIAN_POINT('',(6.7E0,-4.E-1,5.4E0));
#4791=VERTEX_POINT('',#4790);
#4792=CARTESIAN_POINT('',(6.7E0,-7.E-1,5.4E0));
#4793=VERTEX_POINT('',#4792);
#4794=CARTESIAN_POINT('',(6.7E0,-7.E-1,7.9E0));
#4795=VERTEX_POINT('',#4794);
#4796=CARTESIAN_POINT('',(6.7E0,-2.E-1,8.4E0));
#4797=VERTEX_POINT('',#4796);
#4798=CARTESIAN_POINT('',(6.7E0,2.3E0,8.4E0));
#4799=VERTEX_POINT('',#4798);
#4800=CARTESIAN_POINT('',(6.7E0,2.8E0,7.9E0));
#4801=VERTEX_POINT('',#4800);
#4802=CARTESIAN_POINT('',(6.7E0,2.5E0,7.8E0));
#4803=VERTEX_POINT('',#4802);
#4804=CARTESIAN_POINT('',(6.7E0,2.2E0,8.1E0));
#4805=VERTEX_POINT('',#4804);
#4806=CARTESIAN_POINT('',(-6.7E0,7.275E0,8.1E0));
#4807=VERTEX_POINT('',#4806);
#4808=CARTESIAN_POINT('',(4.1E0,2.2E0,8.1E0));
#4809=VERTEX_POINT('',#4808);
#4810=CARTESIAN_POINT('',(-6.7E0,-9.999999999993E-2,8.1E0));
#4811=VERTEX_POINT('',#4810);
#4812=CARTESIAN_POINT('',(4.1E0,-1.E-1,8.1E0));
#4813=VERTEX_POINT('',#4812);
#4814=CARTESIAN_POINT('',(-6.7E0,7.575E0,7.8E0));
#4815=VERTEX_POINT('',#4814);
#4816=CARTESIAN_POINT('',(-6.7E0,7.875E0,7.9E0));
#4817=VERTEX_POINT('',#4816);
#4818=CARTESIAN_POINT('',(-6.7E0,7.375E0,8.4E0));
#4819=VERTEX_POINT('',#4818);
#4820=CARTESIAN_POINT('',(-6.7E0,-2.E-1,8.4E0));
#4821=VERTEX_POINT('',#4820);
#4822=CARTESIAN_POINT('',(-6.7E0,-7.E-1,7.9E0));
#4823=VERTEX_POINT('',#4822);
#4824=CARTESIAN_POINT('',(-6.7E0,-7.E-1,5.4E0));
#4825=VERTEX_POINT('',#4824);
#4826=CARTESIAN_POINT('',(-6.7E0,-4.E-1,5.4E0));
#4827=VERTEX_POINT('',#4826);
#4828=CARTESIAN_POINT('',(-6.7E0,-4.E-1,7.5E0));
#4829=VERTEX_POINT('',#4828);
#4830=CARTESIAN_POINT('',(-6.7E0,-4.E-1,7.8E0));
#4831=VERTEX_POINT('',#4830);
#4832=CARTESIAN_POINT('',(4.1E0,2.3E0,8.4E0));
#4833=VERTEX_POINT('',#4832);
#4834=CARTESIAN_POINT('',(4.1E0,-2.E-1,8.4E0));
#4835=VERTEX_POINT('',#4834);
#4836=CARTESIAN_POINT('',(4.1E0,-7.E-1,7.9E0));
#4837=VERTEX_POINT('',#4836);
#4838=CARTESIAN_POINT('',(4.1E0,-7.E-1,5.4E0));
#4839=VERTEX_POINT('',#4838);
#4840=CARTESIAN_POINT('',(4.1E0,2.5E0,7.8E0));
#4841=VERTEX_POINT('',#4840);
#4842=CARTESIAN_POINT('',(4.1E0,2.8E0,7.9E0));
#4843=VERTEX_POINT('',#4842);
#4844=CARTESIAN_POINT('',(4.1E0,-4.E-1,5.4E0));
#4845=VERTEX_POINT('',#4844);
#4846=CARTESIAN_POINT('',(4.1E0,-4.E-1,7.5E0));
#4847=VERTEX_POINT('',#4846);
#4848=CARTESIAN_POINT('',(4.1E0,-4.E-1,7.8E0));
#4849=VERTEX_POINT('',#4848);
#4850=CARTESIAN_POINT('',(-4.05E0,-4.E-1,5.1E0));
#4851=VERTEX_POINT('',#4850);
#4852=CARTESIAN_POINT('',(-6.85E0,-4.E-1,5.1E0));
#4853=VERTEX_POINT('',#4852);
#4854=CARTESIAN_POINT('',(-6.85E0,-4.E-1,7.5E0));
#4855=VERTEX_POINT('',#4854);
#4856=VERTEX_POINT('',#3505);
#4857=VERTEX_POINT('',#3539);
#4858=VERTEX_POINT('',#1411);
#4859=CARTESIAN_POINT('',(-1.851269272006E0,1.3E0,-5.7E0));
#4860=VERTEX_POINT('',#4859);
#4861=VERTEX_POINT('',#1520);
#4862=VERTEX_POINT('',#1399);
#4863=CARTESIAN_POINT('',(1.825022672948E0,1.E0,-5.4E0));
#4864=VERTEX_POINT('',#4863);
#4865=VERTEX_POINT('',#1689);
#4866=CARTESIAN_POINT('',(-1.5E0,1.E0,-5.4E0));
#4867=VERTEX_POINT('',#4866);
#4868=CARTESIAN_POINT('',(-1.5E0,1.15E0,-5.4E0));
#4869=VERTEX_POINT('',#4868);
#4870=CARTESIAN_POINT('',(-8.E-1,1.3E0,-5.4E0));
#4871=VERTEX_POINT('',#4870);
#4872=CARTESIAN_POINT('',(8.E-1,1.3E0,-5.4E0));
#4873=VERTEX_POINT('',#4872);
#4874=CARTESIAN_POINT('',(8.E-1,1.E0,-5.4E0));
#4875=VERTEX_POINT('',#4874);
#4876=CARTESIAN_POINT('',(-8.E-1,1.E0,-5.4E0));
#4877=VERTEX_POINT('',#4876);
#4878=CARTESIAN_POINT('',(-1.5E0,8.5E-1,-5.4E0));
#4879=VERTEX_POINT('',#4878);
#4880=CARTESIAN_POINT('',(-1.5E0,8.E-1,-5.4E0));
#4881=VERTEX_POINT('',#4880);
#4882=CARTESIAN_POINT('',(-1.5E0,1.15E0,-5.440192378865E0));
#4883=VERTEX_POINT('',#4882);
#4884=CARTESIAN_POINT('',(-1.5E0,1.3E0,-5.7E0));
#4885=VERTEX_POINT('',#4884);
#4886=CARTESIAN_POINT('',(-1.5E0,-7.E-1,-4.4E0));
#4887=VERTEX_POINT('',#4886);
#4888=CARTESIAN_POINT('',(-1.5E0,1.15E0,-5.8E0));
#4889=VERTEX_POINT('',#4888);
#4890=CARTESIAN_POINT('',(-8.E-1,1.3E0,-5.8E0));
#4891=VERTEX_POINT('',#4890);
#4892=CARTESIAN_POINT('',(-1.5E0,1.3E0,-5.8E0));
#4893=VERTEX_POINT('',#4892);
#4894=CARTESIAN_POINT('',(-1.5E0,8.5E-1,-5.8E0));
#4895=VERTEX_POINT('',#4894);
#4896=CARTESIAN_POINT('',(-1.5E0,8.E-1,-5.8E0));
#4897=VERTEX_POINT('',#4896);
#4898=CARTESIAN_POINT('',(8.E-1,1.3E0,-5.8E0));
#4899=VERTEX_POINT('',#4898);
#4900=CARTESIAN_POINT('',(-8.E-1,1.E0,-5.8E0));
#4901=VERTEX_POINT('',#4900);
#4902=CARTESIAN_POINT('',(8.E-1,1.E0,-5.8E0));
#4903=VERTEX_POINT('',#4902);
#4904=CARTESIAN_POINT('',(0.E0,-5.E-1,0.E0));
#4905=DIRECTION('',(0.E0,1.E0,0.E0));
#4906=DIRECTION('',(1.E0,0.E0,0.E0));
#4907=AXIS2_PLACEMENT_3D('',#4904,#4905,#4906);
#4908=PLANE('',#4907);
#4910=ORIENTED_EDGE('',*,*,#4909,.F.);
#4912=ORIENTED_EDGE('',*,*,#4911,.F.);
#4914=ORIENTED_EDGE('',*,*,#4913,.T.);
#4916=ORIENTED_EDGE('',*,*,#4915,.T.);
#4918=ORIENTED_EDGE('',*,*,#4917,.F.);
#4920=ORIENTED_EDGE('',*,*,#4919,.T.);
#4922=ORIENTED_EDGE('',*,*,#4921,.F.);
#4924=ORIENTED_EDGE('',*,*,#4923,.T.);
#4926=ORIENTED_EDGE('',*,*,#4925,.T.);
#4928=ORIENTED_EDGE('',*,*,#4927,.T.);
#4930=ORIENTED_EDGE('',*,*,#4929,.T.);
#4932=ORIENTED_EDGE('',*,*,#4931,.T.);
#4934=ORIENTED_EDGE('',*,*,#4933,.T.);
#4936=ORIENTED_EDGE('',*,*,#4935,.T.);
#4938=ORIENTED_EDGE('',*,*,#4937,.F.);
#4940=ORIENTED_EDGE('',*,*,#4939,.T.);
#4942=ORIENTED_EDGE('',*,*,#4941,.F.);
#4944=ORIENTED_EDGE('',*,*,#4943,.T.);
#4946=ORIENTED_EDGE('',*,*,#4945,.T.);
#4948=ORIENTED_EDGE('',*,*,#4947,.T.);
#4950=ORIENTED_EDGE('',*,*,#4949,.F.);
#4952=ORIENTED_EDGE('',*,*,#4951,.T.);
#4954=ORIENTED_EDGE('',*,*,#4953,.T.);
#4956=ORIENTED_EDGE('',*,*,#4955,.T.);
#4958=ORIENTED_EDGE('',*,*,#4957,.F.);
#4960=ORIENTED_EDGE('',*,*,#4959,.T.);
#4962=ORIENTED_EDGE('',*,*,#4961,.T.);
#4964=ORIENTED_EDGE('',*,*,#4963,.T.);
#4966=ORIENTED_EDGE('',*,*,#4965,.F.);
#4968=ORIENTED_EDGE('',*,*,#4967,.T.);
#4970=ORIENTED_EDGE('',*,*,#4969,.T.);
#4972=ORIENTED_EDGE('',*,*,#4971,.T.);
#4974=ORIENTED_EDGE('',*,*,#4973,.F.);
#4976=ORIENTED_EDGE('',*,*,#4975,.T.);
#4978=ORIENTED_EDGE('',*,*,#4977,.F.);
#4980=ORIENTED_EDGE('',*,*,#4979,.T.);
#4982=ORIENTED_EDGE('',*,*,#4981,.T.);
#4984=ORIENTED_EDGE('',*,*,#4983,.T.);
#4986=ORIENTED_EDGE('',*,*,#4985,.T.);
#4988=ORIENTED_EDGE('',*,*,#4987,.T.);
#4990=ORIENTED_EDGE('',*,*,#4989,.T.);
#4992=ORIENTED_EDGE('',*,*,#4991,.T.);
#4994=ORIENTED_EDGE('',*,*,#4993,.F.);
#4996=ORIENTED_EDGE('',*,*,#4995,.T.);
#4998=ORIENTED_EDGE('',*,*,#4997,.F.);
#5000=ORIENTED_EDGE('',*,*,#4999,.T.);
#5001=EDGE_LOOP('',(#4910,#4912,#4914,#4916,#4918,#4920,#4922,#4924,#4926,#4928,
#4930,#4932,#4934,#4936,#4938,#4940,#4942,#4944,#4946,#4948,#4950,#4952,#4954,
#4956,#4958,#4960,#4962,#4964,#4966,#4968,#4970,#4972,#4974,#4976,#4978,#4980,
#4982,#4984,#4986,#4988,#4990,#4992,#4994,#4996,#4998,#5000));
#5002=FACE_OUTER_BOUND('',#5001,.F.);
#5003=ADVANCED_FACE('',(#5002),#4908,.F.);
#5004=CARTESIAN_POINT('',(1.5E0,3.E-1,-7.1E0));
#5005=DIRECTION('',(-1.E0,0.E0,0.E0));
#5006=DIRECTION('',(0.E0,0.E0,1.E0));
#5007=AXIS2_PLACEMENT_3D('',#5004,#5005,#5006);
#5008=PLANE('',#5007);
#5009=ORIENTED_EDGE('',*,*,#4909,.T.);
#5011=ORIENTED_EDGE('',*,*,#5010,.T.);
#5013=ORIENTED_EDGE('',*,*,#5012,.F.);
#5015=ORIENTED_EDGE('',*,*,#5014,.F.);
#5016=EDGE_LOOP('',(#5009,#5011,#5013,#5015));
#5017=FACE_OUTER_BOUND('',#5016,.F.);
#5018=ADVANCED_FACE('',(#5017),#5008,.F.);
#5019=FILL_AREA_STYLE_COLOUR('',#8);
#5020=FILL_AREA_STYLE('',(#5019));
#5021=SURFACE_STYLE_FILL_AREA(#5020);
#5022=SURFACE_SIDE_STYLE('',(#5021));
#5023=SURFACE_STYLE_USAGE(.POSITIVE.,#5022);
#5024=PRESENTATION_STYLE_ASSIGNMENT((#5023));
#5025=OVER_RIDING_STYLED_ITEM('',(#5024),#5018,#9);
#5026=CARTESIAN_POINT('',(-5.4108E0,-4.E-1,-7.1E0));
#5027=DIRECTION('',(1.E0,0.E0,0.E0));
#5028=DIRECTION('',(0.E0,-1.E0,0.E0));
#5029=AXIS2_PLACEMENT_3D('',#5026,#5027,#5028);
#5030=CYLINDRICAL_SURFACE('',#5029,3.E-1);
#5032=ORIENTED_EDGE('',*,*,#5031,.F.);
#5034=ORIENTED_EDGE('',*,*,#5033,.T.);
#5036=ORIENTED_EDGE('',*,*,#5035,.F.);
#5038=ORIENTED_EDGE('',*,*,#5037,.F.);
#5040=ORIENTED_EDGE('',*,*,#5039,.T.);
#5041=ORIENTED_EDGE('',*,*,#5010,.F.);
#5042=EDGE_LOOP('',(#5032,#5034,#5036,#5038,#5040,#5041));
#5043=FACE_OUTER_BOUND('',#5042,.F.);
#5044=ADVANCED_FACE('',(#5043),#5030,.T.);
#5045=FILL_AREA_STYLE_COLOUR('',#8);
#5046=FILL_AREA_STYLE('',(#5045));
#5047=SURFACE_STYLE_FILL_AREA(#5046);
#5048=SURFACE_SIDE_STYLE('',(#5047));
#5049=SURFACE_STYLE_USAGE(.POSITIVE.,#5048);
#5050=PRESENTATION_STYLE_ASSIGNMENT((#5049));
#5051=OVER_RIDING_STYLED_ITEM('',(#5050),#5044,#9);
#5052=CARTESIAN_POINT('',(1.5E0,3.E-1,-7.1E0));
#5053=DIRECTION('',(-1.E0,0.E0,0.E0));
#5054=DIRECTION('',(0.E0,0.E0,1.E0));
#5055=AXIS2_PLACEMENT_3D('',#5052,#5053,#5054);
#5056=PLANE('',#5055);
#5057=ORIENTED_EDGE('',*,*,#5031,.T.);
#5058=ORIENTED_EDGE('',*,*,#4999,.F.);
#5060=ORIENTED_EDGE('',*,*,#5059,.F.);
#5061=EDGE_LOOP('',(#5057,#5058,#5060));
#5062=FACE_OUTER_BOUND('',#5061,.F.);
#5063=ADVANCED_FACE('',(#5062),#5056,.T.);
#5064=CARTESIAN_POINT('',(8.25E0,-5.E-1,-7.4E0));
#5065=DIRECTION('',(0.E0,0.E0,-1.E0));
#5066=DIRECTION('',(-1.E0,0.E0,0.E0));
#5067=AXIS2_PLACEMENT_3D('',#5064,#5065,#5066);
#5068=PLANE('',#5067);
#5070=ORIENTED_EDGE('',*,*,#5069,.F.);
#5072=ORIENTED_EDGE('',*,*,#5071,.F.);
#5074=ORIENTED_EDGE('',*,*,#5073,.F.);
#5076=ORIENTED_EDGE('',*,*,#5075,.F.);
#5078=ORIENTED_EDGE('',*,*,#5077,.T.);
#5080=ORIENTED_EDGE('',*,*,#5079,.F.);
#5082=ORIENTED_EDGE('',*,*,#5081,.F.);
#5084=ORIENTED_EDGE('',*,*,#5083,.F.);
#5085=ORIENTED_EDGE('',*,*,#4917,.T.);
#5087=ORIENTED_EDGE('',*,*,#5086,.T.);
#5088=ORIENTED_EDGE('',*,*,#5033,.F.);
#5089=ORIENTED_EDGE('',*,*,#5059,.T.);
#5090=ORIENTED_EDGE('',*,*,#4997,.T.);
#5092=ORIENTED_EDGE('',*,*,#5091,.F.);
#5093=EDGE_LOOP('',(#5070,#5072,#5074,#5076,#5078,#5080,#5082,#5084,#5085,#5087,
#5088,#5089,#5090,#5092));
#5094=FACE_OUTER_BOUND('',#5093,.F.);
#5095=ADVANCED_FACE('',(#5094),#5068,.T.);
#5096=CARTESIAN_POINT('',(0.E0,5.E-1,0.E0));
#5097=DIRECTION('',(0.E0,1.E0,0.E0));
#5098=DIRECTION('',(1.E0,0.E0,0.E0));
#5099=AXIS2_PLACEMENT_3D('',#5096,#5097,#5098);
#5100=PLANE('',#5099);
#5102=ORIENTED_EDGE('',*,*,#5101,.F.);
#5104=ORIENTED_EDGE('',*,*,#5103,.T.);
#5106=ORIENTED_EDGE('',*,*,#5105,.T.);
#5108=ORIENTED_EDGE('',*,*,#5107,.T.);
#5110=ORIENTED_EDGE('',*,*,#5109,.F.);
#5112=ORIENTED_EDGE('',*,*,#5111,.T.);
#5114=ORIENTED_EDGE('',*,*,#5113,.T.);
#5116=ORIENTED_EDGE('',*,*,#5115,.T.);
#5118=ORIENTED_EDGE('',*,*,#5117,.F.);
#5120=ORIENTED_EDGE('',*,*,#5119,.F.);
#5122=ORIENTED_EDGE('',*,*,#5121,.F.);
#5124=ORIENTED_EDGE('',*,*,#5123,.F.);
#5126=ORIENTED_EDGE('',*,*,#5125,.T.);
#5127=ORIENTED_EDGE('',*,*,#5069,.T.);
#5129=ORIENTED_EDGE('',*,*,#5128,.T.);
#5130=EDGE_LOOP('',(#5102,#5104,#5106,#5108,#5110,#5112,#5114,#5116,#5118,#5120,
#5122,#5124,#5126,#5127,#5129));
#5131=FACE_OUTER_BOUND('',#5130,.F.);
#5132=ADVANCED_FACE('',(#5131),#5100,.F.);
#5133=FILL_AREA_STYLE_COLOUR('',#3);
#5134=FILL_AREA_STYLE('',(#5133));
#5135=SURFACE_STYLE_FILL_AREA(#5134);
#5136=SURFACE_SIDE_STYLE('',(#5135));
#5137=SURFACE_STYLE_USAGE(.POSITIVE.,#5136);
#5138=PRESENTATION_STYLE_ASSIGNMENT((#5137));
#5139=OVER_RIDING_STYLED_ITEM('',(#5138),#5132,#9);
#5140=CARTESIAN_POINT('',(8.25E0,-5.E-1,7.4E0));
#5141=DIRECTION('',(1.E0,0.E0,0.E0));
#5142=DIRECTION('',(0.E0,0.E0,-1.E0));
#5143=AXIS2_PLACEMENT_3D('',#5140,#5141,#5142);
#5144=PLANE('',#5143);
#5145=ORIENTED_EDGE('',*,*,#5101,.T.);
#5147=ORIENTED_EDGE('',*,*,#5146,.F.);
#5148=ORIENTED_EDGE('',*,*,#4993,.T.);
#5150=ORIENTED_EDGE('',*,*,#5149,.F.);
#5151=EDGE_LOOP('',(#5145,#5147,#5148,#5150));
#5152=FACE_OUTER_BOUND('',#5151,.F.);
#5153=ADVANCED_FACE('',(#5152),#5144,.T.);
#5154=CARTESIAN_POINT('',(7.75E0,3.64648E0,-6.9E0));
#5155=DIRECTION('',(0.E0,-1.E0,0.E0));
#5156=DIRECTION('',(0.E0,0.E0,-1.E0));
#5157=AXIS2_PLACEMENT_3D('',#5154,#5155,#5156);
#5158=CYLINDRICAL_SURFACE('',#5157,5.E-1);
#5159=ORIENTED_EDGE('',*,*,#5128,.F.);
#5160=ORIENTED_EDGE('',*,*,#5091,.T.);
#5161=ORIENTED_EDGE('',*,*,#4995,.F.);
#5162=ORIENTED_EDGE('',*,*,#5146,.T.);
#5163=EDGE_LOOP('',(#5159,#5160,#5161,#5162));
#5164=FACE_OUTER_BOUND('',#5163,.F.);
#5165=ADVANCED_FACE('',(#5164),#5158,.T.);
#5166=CARTESIAN_POINT('',(7.75E0,3.64648E0,-5.691581256928E0));
#5167=DIRECTION('',(0.E0,-1.E0,0.E0));
#5168=DIRECTION('',(1.E0,0.E0,0.E0));
#5169=AXIS2_PLACEMENT_3D('',#5166,#5167,#5168);
#5170=CYLINDRICAL_SURFACE('',#5169,5.E-1);
#5171=ORIENTED_EDGE('',*,*,#5103,.F.);
#5172=ORIENTED_EDGE('',*,*,#5149,.T.);
#5173=ORIENTED_EDGE('',*,*,#4991,.F.);
#5175=ORIENTED_EDGE('',*,*,#5174,.T.);
#5176=EDGE_LOOP('',(#5171,#5172,#5173,#5175));
#5177=FACE_OUTER_BOUND('',#5176,.F.);
#5178=ADVANCED_FACE('',(#5177),#5170,.T.);
#5179=CARTESIAN_POINT('',(8.25E0,5.E-1,-5.373046126524E0));
#5180=DIRECTION('',(-4.226182617407E-1,0.E0,-9.063077870366E-1));
#5181=DIRECTION('',(-9.063077870366E-1,0.E0,4.226182617407E-1));
#5182=AXIS2_PLACEMENT_3D('',#5179,#5180,#5181);
#5183=PLANE('',#5182);
#5184=ORIENTED_EDGE('',*,*,#5105,.F.);
#5185=ORIENTED_EDGE('',*,*,#5174,.F.);
#5186=ORIENTED_EDGE('',*,*,#4989,.F.);
#5188=ORIENTED_EDGE('',*,*,#5187,.F.);
#5189=EDGE_LOOP('',(#5184,#5185,#5186,#5188));
#5190=FACE_OUTER_BOUND('',#5189,.F.);
#5191=ADVANCED_FACE('',(#5190),#5183,.F.);
#5192=CARTESIAN_POINT('',(7.95E0,3.64648E0,-4.681464869596E0));
#5193=DIRECTION('',(0.E0,-1.E0,0.E0));
#5194=DIRECTION('',(-1.E0,0.E0,0.E0));
#5195=AXIS2_PLACEMENT_3D('',#5192,#5193,#5194);
#5196=CYLINDRICAL_SURFACE('',#5195,5.E-1);
#5197=ORIENTED_EDGE('',*,*,#5107,.F.);
#5198=ORIENTED_EDGE('',*,*,#5187,.T.);
#5199=ORIENTED_EDGE('',*,*,#4987,.F.);
#5201=ORIENTED_EDGE('',*,*,#5200,.T.);
#5202=EDGE_LOOP('',(#5197,#5198,#5199,#5201));
#5203=FACE_OUTER_BOUND('',#5202,.F.);
#5204=ADVANCED_FACE('',(#5203),#5196,.F.);
#5205=CARTESIAN_POINT('',(7.45E0,5.E-1,-5.E0));
#5206=DIRECTION('',(-1.E0,0.E0,0.E0));
#5207=DIRECTION('',(0.E0,0.E0,1.E0));
#5208=AXIS2_PLACEMENT_3D('',#5205,#5206,#5207);
#5209=PLANE('',#5208);
#5210=ORIENTED_EDGE('',*,*,#5109,.T.);
#5211=ORIENTED_EDGE('',*,*,#5200,.F.);
#5212=ORIENTED_EDGE('',*,*,#4985,.F.);
#5214=ORIENTED_EDGE('',*,*,#5213,.F.);
#5215=EDGE_LOOP('',(#5210,#5211,#5212,#5214));
#5216=FACE_OUTER_BOUND('',#5215,.F.);
#5217=ADVANCED_FACE('',(#5216),#5209,.F.);
#5218=CARTESIAN_POINT('',(7.95E0,3.64648E0,4.681464869596E0));
#5219=DIRECTION('',(0.E0,-1.E0,0.E0));
#5220=DIRECTION('',(-4.226182617407E-1,0.E0,9.063077870367E-1));
#5221=AXIS2_PLACEMENT_3D('',#5218,#5219,#5220);
#5222=CYLINDRICAL_SURFACE('',#5221,5.E-1);
#5223=ORIENTED_EDGE('',*,*,#5111,.F.);
#5224=ORIENTED_EDGE('',*,*,#5213,.T.);
#5225=ORIENTED_EDGE('',*,*,#4983,.F.);
#5227=ORIENTED_EDGE('',*,*,#5226,.T.);
#5228=EDGE_LOOP('',(#5223,#5224,#5225,#5227));
#5229=FACE_OUTER_BOUND('',#5228,.F.);
#5230=ADVANCED_FACE('',(#5229),#5222,.F.);
#5231=CARTESIAN_POINT('',(7.45E0,5.E-1,5.E0));
#5232=DIRECTION('',(-4.226182617407E-1,0.E0,9.063077870366E-1));
#5233=DIRECTION('',(9.063077870366E-1,0.E0,4.226182617407E-1));
#5234=AXIS2_PLACEMENT_3D('',#5231,#5232,#5233);
#5235=PLANE('',#5234);
#5236=ORIENTED_EDGE('',*,*,#5113,.F.);
#5237=ORIENTED_EDGE('',*,*,#5226,.F.);
#5238=ORIENTED_EDGE('',*,*,#4981,.F.);
#5240=ORIENTED_EDGE('',*,*,#5239,.F.);
#5241=EDGE_LOOP('',(#5236,#5237,#5238,#5240));
#5242=FACE_OUTER_BOUND('',#5241,.F.);
#5243=ADVANCED_FACE('',(#5242),#5235,.F.);
#5244=CARTESIAN_POINT('',(7.75E0,-2.84648E0,5.691581256928E0));
#5245=DIRECTION('',(0.E0,1.E0,0.E0));
#5246=DIRECTION('',(1.E0,0.E0,0.E0));
#5247=AXIS2_PLACEMENT_3D('',#5244,#5245,#5246);
#5248=CYLINDRICAL_SURFACE('',#5247,5.E-1);
#5249=ORIENTED_EDGE('',*,*,#5115,.F.);
#5250=ORIENTED_EDGE('',*,*,#5239,.T.);
#5251=ORIENTED_EDGE('',*,*,#4979,.F.);
#5253=ORIENTED_EDGE('',*,*,#5252,.T.);
#5254=EDGE_LOOP('',(#5249,#5250,#5251,#5253));
#5255=FACE_OUTER_BOUND('',#5254,.F.);
#5256=ADVANCED_FACE('',(#5255),#5248,.T.);
#5257=CARTESIAN_POINT('',(8.25E0,-5.E-1,7.4E0));
#5258=DIRECTION('',(1.E0,0.E0,0.E0));
#5259=DIRECTION('',(0.E0,0.E0,-1.E0));
#5260=AXIS2_PLACEMENT_3D('',#5257,#5258,#5259);
#5261=PLANE('',#5260);
#5262=ORIENTED_EDGE('',*,*,#5117,.T.);
#5263=ORIENTED_EDGE('',*,*,#5252,.F.);
#5264=ORIENTED_EDGE('',*,*,#4977,.T.);
#5266=ORIENTED_EDGE('',*,*,#5265,.F.);
#5268=ORIENTED_EDGE('',*,*,#5267,.F.);
#5269=EDGE_LOOP('',(#5262,#5263,#5264,#5266,#5268));
#5270=FACE_OUTER_BOUND('',#5269,.F.);
#5271=ADVANCED_FACE('',(#5270),#5261,.T.);
#5272=CARTESIAN_POINT('',(7.75E0,3.64648E0,8.1E0));
#5273=DIRECTION('',(0.E0,-1.E0,0.E0));
#5274=DIRECTION('',(1.E0,0.E0,0.E0));
#5275=AXIS2_PLACEMENT_3D('',#5272,#5273,#5274);
#5276=CYLINDRICAL_SURFACE('',#5275,5.E-1);
#5277=ORIENTED_EDGE('',*,*,#4975,.F.);
#5279=ORIENTED_EDGE('',*,*,#5278,.T.);
#5281=ORIENTED_EDGE('',*,*,#5280,.F.);
#5282=ORIENTED_EDGE('',*,*,#5265,.T.);
#5283=EDGE_LOOP('',(#5277,#5279,#5281,#5282));
#5284=FACE_OUTER_BOUND('',#5283,.F.);
#5285=ADVANCED_FACE('',(#5284),#5276,.T.);
#5286=CARTESIAN_POINT('',(-8.25E0,5.E-1,8.6E0));
#5287=DIRECTION('',(0.E0,0.E0,1.E0));
#5288=DIRECTION('',(1.E0,0.E0,0.E0));
#5289=AXIS2_PLACEMENT_3D('',#5286,#5287,#5288);
#5290=PLANE('',#5289);
#5292=ORIENTED_EDGE('',*,*,#5291,.T.);
#5294=ORIENTED_EDGE('',*,*,#5293,.F.);
#5295=ORIENTED_EDGE('',*,*,#5278,.F.);
#5296=ORIENTED_EDGE('',*,*,#4973,.T.);
#5297=EDGE_LOOP('',(#5292,#5294,#5295,#5296));
#5298=FACE_OUTER_BOUND('',#5297,.F.);
#5299=ADVANCED_FACE('',(#5298),#5290,.T.);
#5300=CARTESIAN_POINT('',(7.093209819047E0,0.E0,8.525308009515E0));
#5301=DIRECTION('',(-4.300743826283E-1,0.E0,9.027934566704E-1));
#5302=DIRECTION('',(-9.027934566704E-1,0.E0,-4.300743826283E-1));
#5303=AXIS2_PLACEMENT_3D('',#5300,#5301,#5302);
#5304=PLANE('',#5303);
#5305=ORIENTED_EDGE('',*,*,#4971,.F.);
#5307=ORIENTED_EDGE('',*,*,#5306,.T.);
#5309=ORIENTED_EDGE('',*,*,#5308,.F.);
#5310=ORIENTED_EDGE('',*,*,#5291,.F.);
#5311=EDGE_LOOP('',(#5305,#5307,#5309,#5310));
#5312=FACE_OUTER_BOUND('',#5311,.F.);
#5313=ADVANCED_FACE('',(#5312),#5304,.T.);
#5314=CARTESIAN_POINT('',(6.9E0,-4.5E-1,8.05E0));
#5315=DIRECTION('',(-9.958932064677E-1,0.E0,9.053574604252E-2));
#5316=DIRECTION('',(-9.053574604252E-2,0.E0,-9.958932064677E-1));
#5317=AXIS2_PLACEMENT_3D('',#5314,#5315,#5316);
#5318=PLANE('',#5317);
#5319=ORIENTED_EDGE('',*,*,#5306,.F.);
#5320=ORIENTED_EDGE('',*,*,#4969,.F.);
#5322=ORIENTED_EDGE('',*,*,#5321,.T.);
#5324=ORIENTED_EDGE('',*,*,#5323,.F.);
#5326=ORIENTED_EDGE('',*,*,#5325,.F.);
#5328=ORIENTED_EDGE('',*,*,#5327,.F.);
#5329=EDGE_LOOP('',(#5319,#5320,#5322,#5324,#5326,#5328));
#5330=FACE_OUTER_BOUND('',#5329,.F.);
#5331=ADVANCED_FACE('',(#5330),#5318,.T.);
#5332=CARTESIAN_POINT('',(6.85E0,5.E-1,8.6E0));
#5333=DIRECTION('',(1.E0,0.E0,0.E0));
#5334=DIRECTION('',(0.E0,0.E0,-1.E0));
#5335=AXIS2_PLACEMENT_3D('',#5332,#5333,#5334);
#5336=PLANE('',#5335);
#5337=ORIENTED_EDGE('',*,*,#5321,.F.);
#5338=ORIENTED_EDGE('',*,*,#4967,.F.);
#5340=ORIENTED_EDGE('',*,*,#5339,.F.);
#5342=ORIENTED_EDGE('',*,*,#5341,.F.);
#5343=EDGE_LOOP('',(#5337,#5338,#5340,#5342));
#5344=FACE_OUTER_BOUND('',#5343,.F.);
#5345=ADVANCED_FACE('',(#5344),#5336,.F.);
#5346=CARTESIAN_POINT('',(4.05E0,-5.E-1,5.1E0));
#5347=DIRECTION('',(0.E0,0.E0,-1.E0));
#5348=DIRECTION('',(1.E0,0.E0,0.E0));
#5349=AXIS2_PLACEMENT_3D('',#5346,#5347,#5348);
#5350=PLANE('',#5349);
#5351=ORIENTED_EDGE('',*,*,#4965,.T.);
#5353=ORIENTED_EDGE('',*,*,#5352,.F.);
#5355=ORIENTED_EDGE('',*,*,#5354,.F.);
#5356=ORIENTED_EDGE('',*,*,#5339,.T.);
#5357=EDGE_LOOP('',(#5351,#5353,#5355,#5356));
#5358=FACE_OUTER_BOUND('',#5357,.F.);
#5359=ADVANCED_FACE('',(#5358),#5350,.F.);
#5360=CARTESIAN_POINT('',(4.05E0,5.E-1,8.1E0));
#5361=DIRECTION('',(-1.E0,0.E0,0.E0));
#5362=DIRECTION('',(0.E0,0.E0,1.E0));
#5363=AXIS2_PLACEMENT_3D('',#5360,#5361,#5362);
#5364=PLANE('',#5363);
#5366=ORIENTED_EDGE('',*,*,#5365,.F.);
#5368=ORIENTED_EDGE('',*,*,#5367,.F.);
#5369=ORIENTED_EDGE('',*,*,#5352,.T.);
#5370=ORIENTED_EDGE('',*,*,#4963,.F.);
#5371=EDGE_LOOP('',(#5366,#5368,#5369,#5370));
#5372=FACE_OUTER_BOUND('',#5371,.F.);
#5373=ADVANCED_FACE('',(#5372),#5364,.F.);
#5374=CARTESIAN_POINT('',(4.E0,-4.5E-1,8.05E0));
#5375=DIRECTION('',(9.958932064677E-1,0.E0,9.053574604252E-2));
#5376=DIRECTION('',(9.053574604252E-2,0.E0,-9.958932064677E-1));
#5377=AXIS2_PLACEMENT_3D('',#5374,#5375,#5376);
#5378=PLANE('',#5377);
#5380=ORIENTED_EDGE('',*,*,#5379,.F.);
#5382=ORIENTED_EDGE('',*,*,#5381,.F.);
#5384=ORIENTED_EDGE('',*,*,#5383,.F.);
#5386=ORIENTED_EDGE('',*,*,#5385,.F.);
#5387=ORIENTED_EDGE('',*,*,#5365,.T.);
#5388=ORIENTED_EDGE('',*,*,#4961,.F.);
#5389=EDGE_LOOP('',(#5380,#5382,#5384,#5386,#5387,#5388));
#5390=FACE_OUTER_BOUND('',#5389,.F.);
#5391=ADVANCED_FACE('',(#5390),#5378,.T.);
#5392=CARTESIAN_POINT('',(3.806790180953E0,0.E0,8.525308009515E0));
#5393=DIRECTION('',(4.300743826283E-1,0.E0,9.027934566704E-1));
#5394=DIRECTION('',(9.027934566704E-1,0.E0,-4.300743826283E-1));
#5395=AXIS2_PLACEMENT_3D('',#5392,#5393,#5394);
#5396=PLANE('',#5395);
#5398=ORIENTED_EDGE('',*,*,#5397,.F.);
#5399=ORIENTED_EDGE('',*,*,#5379,.T.);
#5400=ORIENTED_EDGE('',*,*,#4959,.F.);
#5402=ORIENTED_EDGE('',*,*,#5401,.F.);
#5403=EDGE_LOOP('',(#5398,#5399,#5400,#5402));
#5404=FACE_OUTER_BOUND('',#5403,.F.);
#5405=ADVANCED_FACE('',(#5404),#5396,.T.);
#5406=CARTESIAN_POINT('',(0.E0,5.E-1,0.E0));
#5407=DIRECTION('',(0.E0,1.E0,0.E0));
#5408=DIRECTION('',(1.E0,0.E0,0.E0));
#5409=AXIS2_PLACEMENT_3D('',#5406,#5407,#5408);
#5410=PLANE('',#5409);
#5412=ORIENTED_EDGE('',*,*,#5411,.T.);
#5414=ORIENTED_EDGE('',*,*,#5413,.T.);
#5416=ORIENTED_EDGE('',*,*,#5415,.T.);
#5418=ORIENTED_EDGE('',*,*,#5417,.T.);
#5420=ORIENTED_EDGE('',*,*,#5419,.T.);
#5422=ORIENTED_EDGE('',*,*,#5421,.T.);
#5424=ORIENTED_EDGE('',*,*,#5423,.F.);
#5425=ORIENTED_EDGE('',*,*,#5267,.T.);
#5426=ORIENTED_EDGE('',*,*,#5280,.T.);
#5427=ORIENTED_EDGE('',*,*,#5293,.T.);
#5428=ORIENTED_EDGE('',*,*,#5308,.T.);
#5429=ORIENTED_EDGE('',*,*,#5327,.T.);
#5431=ORIENTED_EDGE('',*,*,#5430,.T.);
#5433=ORIENTED_EDGE('',*,*,#5432,.T.);
#5435=ORIENTED_EDGE('',*,*,#5434,.T.);
#5436=ORIENTED_EDGE('',*,*,#5381,.T.);
#5437=ORIENTED_EDGE('',*,*,#5397,.T.);
#5439=ORIENTED_EDGE('',*,*,#5438,.T.);
#5441=ORIENTED_EDGE('',*,*,#5440,.T.);
#5443=ORIENTED_EDGE('',*,*,#5442,.T.);
#5445=ORIENTED_EDGE('',*,*,#5444,.T.);
#5447=ORIENTED_EDGE('',*,*,#5446,.T.);
#5448=EDGE_LOOP('',(#5412,#5414,#5416,#5418,#5420,#5422,#5424,#5425,#5426,#5427,
#5428,#5429,#5431,#5433,#5435,#5436,#5437,#5439,#5441,#5443,#5445,#5447));
#5449=FACE_OUTER_BOUND('',#5448,.F.);
#5450=ADVANCED_FACE('',(#5449),#5410,.T.);
#5451=CARTESIAN_POINT('',(-4.05E0,5.E-1,8.1E0));
#5452=DIRECTION('',(0.E0,0.E0,-1.E0));
#5453=DIRECTION('',(-1.E0,0.E0,0.E0));
#5454=AXIS2_PLACEMENT_3D('',#5451,#5452,#5453);
#5455=PLANE('',#5454);
#5457=ORIENTED_EDGE('',*,*,#5456,.T.);
#5459=ORIENTED_EDGE('',*,*,#5458,.F.);
#5461=ORIENTED_EDGE('',*,*,#5460,.T.);
#5462=ORIENTED_EDGE('',*,*,#5411,.F.);
#5463=EDGE_LOOP('',(#5457,#5459,#5461,#5462));
#5464=FACE_OUTER_BOUND('',#5463,.F.);
#5465=ADVANCED_FACE('',(#5464),#5455,.F.);
#5466=CARTESIAN_POINT('',(-6.7E0,7.875E0,9.615643616278E-14));
#5467=DIRECTION('',(-1.E0,0.E0,1.426636586643E-14));
#5468=DIRECTION('',(0.E0,-1.E0,0.E0));
#5469=AXIS2_PLACEMENT_3D('',#5466,#5467,#5468);
#5470=PLANE('',#5469);
#5471=ORIENTED_EDGE('',*,*,#5456,.F.);
#5473=ORIENTED_EDGE('',*,*,#5472,.T.);
#5475=ORIENTED_EDGE('',*,*,#5474,.T.);
#5477=ORIENTED_EDGE('',*,*,#5476,.T.);
#5479=ORIENTED_EDGE('',*,*,#5478,.F.);
#5481=ORIENTED_EDGE('',*,*,#5480,.F.);
#5483=ORIENTED_EDGE('',*,*,#5482,.T.);
#5485=ORIENTED_EDGE('',*,*,#5484,.F.);
#5487=ORIENTED_EDGE('',*,*,#5486,.T.);
#5489=ORIENTED_EDGE('',*,*,#5488,.F.);
#5491=ORIENTED_EDGE('',*,*,#5490,.F.);
#5493=ORIENTED_EDGE('',*,*,#5492,.F.);
#5495=ORIENTED_EDGE('',*,*,#5494,.T.);
#5497=ORIENTED_EDGE('',*,*,#5496,.T.);
#5499=ORIENTED_EDGE('',*,*,#5498,.T.);
#5500=EDGE_LOOP('',(#5471,#5473,#5475,#5477,#5479,#5481,#5483,#5485,#5487,#5489,
#5491,#5493,#5495,#5497,#5499));
#5501=FACE_OUTER_BOUND('',#5500,.F.);
#5502=ADVANCED_FACE('',(#5501),#5470,.T.);
#5503=FILL_AREA_STYLE_COLOUR('',#7);
#5504=FILL_AREA_STYLE('',(#5503));
#5505=SURFACE_STYLE_FILL_AREA(#5504);
#5506=SURFACE_SIDE_STYLE('',(#5505));
#5507=SURFACE_STYLE_USAGE(.POSITIVE.,#5506);
#5508=PRESENTATION_STYLE_ASSIGNMENT((#5507));
#5509=OVER_RIDING_STYLED_ITEM('',(#5508),#5502,#9);
#5510=CARTESIAN_POINT('',(1.155575735181E-13,2.5E0,8.1E0));
#5511=DIRECTION('',(1.426636586643E-14,0.E0,1.E0));
#5512=DIRECTION('',(1.E0,0.E0,-1.426636586643E-14));
#5513=AXIS2_PLACEMENT_3D('',#5510,#5511,#5512);
#5514=PLANE('',#5513);
#5515=ORIENTED_EDGE('',*,*,#5446,.F.);
#5517=ORIENTED_EDGE('',*,*,#5516,.F.);
#5519=ORIENTED_EDGE('',*,*,#5518,.F.);
#5520=ORIENTED_EDGE('',*,*,#5472,.F.);
#5521=EDGE_LOOP('',(#5515,#5517,#5519,#5520));
#5522=FACE_OUTER_BOUND('',#5521,.F.);
#5523=ADVANCED_FACE('',(#5522),#5514,.F.);
#5524=FILL_AREA_STYLE_COLOUR('',#7);
#5525=FILL_AREA_STYLE('',(#5524));
#5526=SURFACE_STYLE_FILL_AREA(#5525);
#5527=SURFACE_SIDE_STYLE('',(#5526));
#5528=SURFACE_STYLE_USAGE(.POSITIVE.,#5527);
#5529=PRESENTATION_STYLE_ASSIGNMENT((#5528));
#5530=OVER_RIDING_STYLED_ITEM('',(#5529),#5523,#9);
#5531=CARTESIAN_POINT('',(-4.1E0,7.575E0,5.906388491006E-14));
#5532=DIRECTION('',(1.E0,0.E0,-1.426636586643E-14));
#5533=DIRECTION('',(0.E0,1.E0,0.E0));
#5534=AXIS2_PLACEMENT_3D('',#5531,#5532,#5533);
#5535=PLANE('',#5534);
#5537=ORIENTED_EDGE('',*,*,#5536,.T.);
#5539=ORIENTED_EDGE('',*,*,#5538,.T.);
#5541=ORIENTED_EDGE('',*,*,#5540,.T.);
#5543=ORIENTED_EDGE('',*,*,#5542,.T.);
#5545=ORIENTED_EDGE('',*,*,#5544,.T.);
#5547=ORIENTED_EDGE('',*,*,#5546,.T.);
#5549=ORIENTED_EDGE('',*,*,#5548,.F.);
#5551=ORIENTED_EDGE('',*,*,#5550,.T.);
#5553=ORIENTED_EDGE('',*,*,#5552,.F.);
#5555=ORIENTED_EDGE('',*,*,#5554,.T.);
#5557=ORIENTED_EDGE('',*,*,#5556,.T.);
#5559=ORIENTED_EDGE('',*,*,#5558,.T.);
#5561=ORIENTED_EDGE('',*,*,#5560,.F.);
#5563=ORIENTED_EDGE('',*,*,#5562,.T.);
#5564=ORIENTED_EDGE('',*,*,#5516,.T.);
#5565=EDGE_LOOP('',(#5537,#5539,#5541,#5543,#5545,#5547,#5549,#5551,#5553,#5555,
#5557,#5559,#5561,#5563,#5564));
#5566=FACE_OUTER_BOUND('',#5565,.F.);
#5567=ADVANCED_FACE('',(#5566),#5535,.T.);
#5568=FILL_AREA_STYLE_COLOUR('',#7);
#5569=FILL_AREA_STYLE('',(#5568));
#5570=SURFACE_STYLE_FILL_AREA(#5569);
#5571=SURFACE_SIDE_STYLE('',(#5570));
#5572=SURFACE_STYLE_USAGE(.POSITIVE.,#5571);
#5573=PRESENTATION_STYLE_ASSIGNMENT((#5572));
#5574=OVER_RIDING_STYLED_ITEM('',(#5573),#5567,#9);
#5575=CARTESIAN_POINT('',(-4.05E0,5.E-1,8.1E0));
#5576=DIRECTION('',(0.E0,0.E0,-1.E0));
#5577=DIRECTION('',(-1.E0,0.E0,0.E0));
#5578=AXIS2_PLACEMENT_3D('',#5575,#5576,#5577);
#5579=PLANE('',#5578);
#5580=ORIENTED_EDGE('',*,*,#5536,.F.);
#5581=ORIENTED_EDGE('',*,*,#5444,.F.);
#5583=ORIENTED_EDGE('',*,*,#5582,.T.);
#5585=ORIENTED_EDGE('',*,*,#5584,.F.);
#5586=EDGE_LOOP('',(#5580,#5581,#5583,#5585));
#5587=FACE_OUTER_BOUND('',#5586,.F.);
#5588=ADVANCED_FACE('',(#5587),#5579,.F.);
#5589=CARTESIAN_POINT('',(-4.E0,-4.5E-1,8.05E0));
#5590=DIRECTION('',(-9.958932064677E-1,0.E0,9.053574604252E-2));
#5591=DIRECTION('',(-9.053574604252E-2,0.E0,-9.958932064677E-1));
#5592=AXIS2_PLACEMENT_3D('',#5589,#5590,#5591);
#5593=PLANE('',#5592);
#5595=ORIENTED_EDGE('',*,*,#5594,.F.);
#5596=ORIENTED_EDGE('',*,*,#4953,.F.);
#5598=ORIENTED_EDGE('',*,*,#5597,.T.);
#5600=ORIENTED_EDGE('',*,*,#5599,.F.);
#5601=ORIENTED_EDGE('',*,*,#5582,.F.);
#5602=ORIENTED_EDGE('',*,*,#5442,.F.);
#5603=EDGE_LOOP('',(#5595,#5596,#5598,#5600,#5601,#5602));
#5604=FACE_OUTER_BOUND('',#5603,.F.);
#5605=ADVANCED_FACE('',(#5604),#5593,.T.);
#5606=CARTESIAN_POINT('',(-3.806790180953E0,0.E0,8.525308009515E0));
#5607=DIRECTION('',(-4.300743826283E-1,0.E0,9.027934566704E-1));
#5608=DIRECTION('',(-9.027934566704E-1,0.E0,-4.300743826283E-1));
#5609=AXIS2_PLACEMENT_3D('',#5606,#5607,#5608);
#5610=PLANE('',#5609);
#5611=ORIENTED_EDGE('',*,*,#4955,.F.);
#5612=ORIENTED_EDGE('',*,*,#5594,.T.);
#5613=ORIENTED_EDGE('',*,*,#5440,.F.);
#5615=ORIENTED_EDGE('',*,*,#5614,.F.);
#5616=EDGE_LOOP('',(#5611,#5612,#5613,#5615));
#5617=FACE_OUTER_BOUND('',#5616,.F.);
#5618=ADVANCED_FACE('',(#5617),#5610,.T.);
#5619=CARTESIAN_POINT('',(-8.25E0,5.E-1,8.6E0));
#5620=DIRECTION('',(0.E0,0.E0,1.E0));
#5621=DIRECTION('',(1.E0,0.E0,0.E0));
#5622=AXIS2_PLACEMENT_3D('',#5619,#5620,#5621);
#5623=PLANE('',#5622);
#5624=ORIENTED_EDGE('',*,*,#5401,.T.);
#5625=ORIENTED_EDGE('',*,*,#4957,.T.);
#5626=ORIENTED_EDGE('',*,*,#5614,.T.);
#5627=ORIENTED_EDGE('',*,*,#5438,.F.);
#5628=EDGE_LOOP('',(#5624,#5625,#5626,#5627));
#5629=FACE_OUTER_BOUND('',#5628,.F.);
#5630=ADVANCED_FACE('',(#5629),#5623,.T.);
#5631=CARTESIAN_POINT('',(-4.05E0,5.E-1,8.6E0));
#5632=DIRECTION('',(1.E0,0.E0,0.E0));
#5633=DIRECTION('',(0.E0,0.E0,-1.E0));
#5634=AXIS2_PLACEMENT_3D('',#5631,#5632,#5633);
#5635=PLANE('',#5634);
#5636=ORIENTED_EDGE('',*,*,#5597,.F.);
#5637=ORIENTED_EDGE('',*,*,#4951,.F.);
#5639=ORIENTED_EDGE('',*,*,#5638,.F.);
#5641=ORIENTED_EDGE('',*,*,#5640,.F.);
#5642=EDGE_LOOP('',(#5636,#5637,#5639,#5641));
#5643=FACE_OUTER_BOUND('',#5642,.F.);
#5644=ADVANCED_FACE('',(#5643),#5635,.F.);
#5645=CARTESIAN_POINT('',(-6.85E0,-5.E-1,5.1E0));
#5646=DIRECTION('',(0.E0,0.E0,-1.E0));
#5647=DIRECTION('',(1.E0,0.E0,0.E0));
#5648=AXIS2_PLACEMENT_3D('',#5645,#5646,#5647);
#5649=PLANE('',#5648);
#5650=ORIENTED_EDGE('',*,*,#4949,.T.);
#5652=ORIENTED_EDGE('',*,*,#5651,.F.);
#5654=ORIENTED_EDGE('',*,*,#5653,.F.);
#5655=ORIENTED_EDGE('',*,*,#5638,.T.);
#5656=EDGE_LOOP('',(#5650,#5652,#5654,#5655));
#5657=FACE_OUTER_BOUND('',#5656,.F.);
#5658=ADVANCED_FACE('',(#5657),#5649,.F.);
#5659=CARTESIAN_POINT('',(-6.85E0,5.E-1,8.1E0));
#5660=DIRECTION('',(-1.E0,0.E0,0.E0));
#5661=DIRECTION('',(0.E0,0.E0,1.E0));
#5662=AXIS2_PLACEMENT_3D('',#5659,#5660,#5661);
#5663=PLANE('',#5662);
#5665=ORIENTED_EDGE('',*,*,#5664,.F.);
#5667=ORIENTED_EDGE('',*,*,#5666,.F.);
#5668=ORIENTED_EDGE('',*,*,#5651,.T.);
#5669=ORIENTED_EDGE('',*,*,#4947,.F.);
#5670=EDGE_LOOP('',(#5665,#5667,#5668,#5669));
#5671=FACE_OUTER_BOUND('',#5670,.F.);
#5672=ADVANCED_FACE('',(#5671),#5663,.F.);
#5673=CARTESIAN_POINT('',(-6.9E0,-4.5E-1,8.05E0));
#5674=DIRECTION('',(9.958932064677E-1,0.E0,9.053574604252E-2));
#5675=DIRECTION('',(9.053574604252E-2,0.E0,-9.958932064677E-1));
#5676=AXIS2_PLACEMENT_3D('',#5673,#5674,#5675);
#5677=PLANE('',#5676);
#5679=ORIENTED_EDGE('',*,*,#5678,.F.);
#5680=ORIENTED_EDGE('',*,*,#5413,.F.);
#5681=ORIENTED_EDGE('',*,*,#5460,.F.);
#5683=ORIENTED_EDGE('',*,*,#5682,.F.);
#5684=ORIENTED_EDGE('',*,*,#5664,.T.);
#5685=ORIENTED_EDGE('',*,*,#4945,.F.);
#5686=EDGE_LOOP('',(#5679,#5680,#5681,#5683,#5684,#5685));
#5687=FACE_OUTER_BOUND('',#5686,.F.);
#5688=ADVANCED_FACE('',(#5687),#5677,.T.);
#5689=CARTESIAN_POINT('',(-7.093209819047E0,0.E0,8.525308009515E0));
#5690=DIRECTION('',(4.300743826283E-1,0.E0,9.027934566704E-1));
#5691=DIRECTION('',(9.027934566704E-1,0.E0,-4.300743826283E-1));
#5692=AXIS2_PLACEMENT_3D('',#5689,#5690,#5691);
#5693=PLANE('',#5692);
#5694=ORIENTED_EDGE('',*,*,#5415,.F.);
#5695=ORIENTED_EDGE('',*,*,#5678,.T.);
#5696=ORIENTED_EDGE('',*,*,#4943,.F.);
#5698=ORIENTED_EDGE('',*,*,#5697,.F.);
#5699=EDGE_LOOP('',(#5694,#5695,#5696,#5698));
#5700=FACE_OUTER_BOUND('',#5699,.F.);
#5701=ADVANCED_FACE('',(#5700),#5693,.T.);
#5702=CARTESIAN_POINT('',(-8.25E0,5.E-1,8.6E0));
#5703=DIRECTION('',(0.E0,0.E0,1.E0));
#5704=DIRECTION('',(1.E0,0.E0,0.E0));
#5705=AXIS2_PLACEMENT_3D('',#5702,#5703,#5704);
#5706=PLANE('',#5705);
#5707=ORIENTED_EDGE('',*,*,#5697,.T.);
#5708=ORIENTED_EDGE('',*,*,#4941,.T.);
#5710=ORIENTED_EDGE('',*,*,#5709,.F.);
#5711=ORIENTED_EDGE('',*,*,#5417,.F.);
#5712=EDGE_LOOP('',(#5707,#5708,#5710,#5711));
#5713=FACE_OUTER_BOUND('',#5712,.F.);
#5714=ADVANCED_FACE('',(#5713),#5706,.T.);
#5715=CARTESIAN_POINT('',(-7.75E0,3.64648E0,8.1E0));
#5716=DIRECTION('',(0.E0,-1.E0,0.E0));
#5717=DIRECTION('',(0.E0,0.E0,1.E0));
#5718=AXIS2_PLACEMENT_3D('',#5715,#5716,#5717);
#5719=CYLINDRICAL_SURFACE('',#5718,5.E-1);
#5720=ORIENTED_EDGE('',*,*,#4939,.F.);
#5722=ORIENTED_EDGE('',*,*,#5721,.T.);
#5723=ORIENTED_EDGE('',*,*,#5419,.F.);
#5724=ORIENTED_EDGE('',*,*,#5709,.T.);
#5725=EDGE_LOOP('',(#5720,#5722,#5723,#5724));
#5726=FACE_OUTER_BOUND('',#5725,.F.);
#5727=ADVANCED_FACE('',(#5726),#5719,.T.);
#5728=CARTESIAN_POINT('',(-8.25E0,-5.E-1,-7.4E0));
#5729=DIRECTION('',(-1.E0,0.E0,0.E0));
#5730=DIRECTION('',(0.E0,0.E0,1.E0));
#5731=AXIS2_PLACEMENT_3D('',#5728,#5729,#5730);
#5732=PLANE('',#5731);
#5734=ORIENTED_EDGE('',*,*,#5733,.F.);
#5735=ORIENTED_EDGE('',*,*,#5421,.F.);
#5736=ORIENTED_EDGE('',*,*,#5721,.F.);
#5737=ORIENTED_EDGE('',*,*,#4937,.T.);
#5739=ORIENTED_EDGE('',*,*,#5738,.F.);
#5740=EDGE_LOOP('',(#5734,#5735,#5736,#5737,#5739));
#5741=FACE_OUTER_BOUND('',#5740,.F.);
#5742=ADVANCED_FACE('',(#5741),#5732,.T.);
#5743=CARTESIAN_POINT('',(0.E0,5.E-1,0.E0));
#5744=DIRECTION('',(0.E0,1.E0,0.E0));
#5745=DIRECTION('',(1.E0,0.E0,0.E0));
#5746=AXIS2_PLACEMENT_3D('',#5743,#5744,#5745);
#5747=PLANE('',#5746);
#5749=ORIENTED_EDGE('',*,*,#5748,.T.);
#5751=ORIENTED_EDGE('',*,*,#5750,.T.);
#5752=ORIENTED_EDGE('',*,*,#5081,.T.);
#5754=ORIENTED_EDGE('',*,*,#5753,.T.);
#5756=ORIENTED_EDGE('',*,*,#5755,.F.);
#5758=ORIENTED_EDGE('',*,*,#5757,.F.);
#5760=ORIENTED_EDGE('',*,*,#5759,.F.);
#5761=ORIENTED_EDGE('',*,*,#5733,.T.);
#5763=ORIENTED_EDGE('',*,*,#5762,.T.);
#5765=ORIENTED_EDGE('',*,*,#5764,.T.);
#5767=ORIENTED_EDGE('',*,*,#5766,.T.);
#5769=ORIENTED_EDGE('',*,*,#5768,.F.);
#5771=ORIENTED_EDGE('',*,*,#5770,.T.);
#5773=ORIENTED_EDGE('',*,*,#5772,.T.);
#5775=ORIENTED_EDGE('',*,*,#5774,.T.);
#5776=EDGE_LOOP('',(#5749,#5751,#5752,#5754,#5756,#5758,#5760,#5761,#5763,#5765,
#5767,#5769,#5771,#5773,#5775));
#5777=FACE_OUTER_BOUND('',#5776,.F.);
#5778=ADVANCED_FACE('',(#5777),#5747,.F.);
#5779=FILL_AREA_STYLE_COLOUR('',#3);
#5780=FILL_AREA_STYLE('',(#5779));
#5781=SURFACE_STYLE_FILL_AREA(#5780);
#5782=SURFACE_SIDE_STYLE('',(#5781));
#5783=SURFACE_STYLE_USAGE(.POSITIVE.,#5782);
#5784=PRESENTATION_STYLE_ASSIGNMENT((#5783));
#5785=OVER_RIDING_STYLED_ITEM('',(#5784),#5778,#9);
#5786=CARTESIAN_POINT('',(-8.25E0,-5.E-1,-7.4E0));
#5787=DIRECTION('',(-1.E0,0.E0,0.E0));
#5788=DIRECTION('',(0.E0,0.E0,1.E0));
#5789=AXIS2_PLACEMENT_3D('',#5786,#5787,#5788);
#5790=PLANE('',#5789);
#5791=ORIENTED_EDGE('',*,*,#5748,.F.);
#5793=ORIENTED_EDGE('',*,*,#5792,.F.);
#5794=ORIENTED_EDGE('',*,*,#4921,.T.);
#5796=ORIENTED_EDGE('',*,*,#5795,.F.);
#5797=EDGE_LOOP('',(#5791,#5793,#5794,#5796));
#5798=FACE_OUTER_BOUND('',#5797,.F.);
#5799=ADVANCED_FACE('',(#5798),#5790,.T.);
#5800=CARTESIAN_POINT('',(-7.75E0,-2.84648E0,-5.691581256928E0));
#5801=DIRECTION('',(0.E0,1.E0,0.E0));
#5802=DIRECTION('',(-1.E0,0.E0,0.E0));
#5803=AXIS2_PLACEMENT_3D('',#5800,#5801,#5802);
#5804=CYLINDRICAL_SURFACE('',#5803,5.E-1);
#5805=ORIENTED_EDGE('',*,*,#5774,.F.);
#5807=ORIENTED_EDGE('',*,*,#5806,.T.);
#5808=ORIENTED_EDGE('',*,*,#4923,.F.);
#5809=ORIENTED_EDGE('',*,*,#5792,.T.);
#5810=EDGE_LOOP('',(#5805,#5807,#5808,#5809));
#5811=FACE_OUTER_BOUND('',#5810,.F.);
#5812=ADVANCED_FACE('',(#5811),#5804,.T.);
#5813=CARTESIAN_POINT('',(-7.45E0,5.E-1,-5.E0));
#5814=DIRECTION('',(4.226182617407E-1,0.E0,-9.063077870367E-1));
#5815=DIRECTION('',(-9.063077870367E-1,0.E0,-4.226182617407E-1));
#5816=AXIS2_PLACEMENT_3D('',#5813,#5814,#5815);
#5817=PLANE('',#5816);
#5818=ORIENTED_EDGE('',*,*,#5772,.F.);
#5820=ORIENTED_EDGE('',*,*,#5819,.F.);
#5821=ORIENTED_EDGE('',*,*,#4925,.F.);
#5822=ORIENTED_EDGE('',*,*,#5806,.F.);
#5823=EDGE_LOOP('',(#5818,#5820,#5821,#5822));
#5824=FACE_OUTER_BOUND('',#5823,.F.);
#5825=ADVANCED_FACE('',(#5824),#5817,.F.);
#5826=CARTESIAN_POINT('',(-7.95E0,3.64648E0,-4.681464869596E0));
#5827=DIRECTION('',(0.E0,-1.E0,0.E0));
#5828=DIRECTION('',(4.226182617407E-1,0.E0,-9.063077870366E-1));
#5829=AXIS2_PLACEMENT_3D('',#5826,#5827,#5828);
#5830=CYLINDRICAL_SURFACE('',#5829,5.E-1);
#5831=ORIENTED_EDGE('',*,*,#5770,.F.);
#5833=ORIENTED_EDGE('',*,*,#5832,.T.);
#5834=ORIENTED_EDGE('',*,*,#4927,.F.);
#5835=ORIENTED_EDGE('',*,*,#5819,.T.);
#5836=EDGE_LOOP('',(#5831,#5833,#5834,#5835));
#5837=FACE_OUTER_BOUND('',#5836,.F.);
#5838=ADVANCED_FACE('',(#5837),#5830,.F.);
#5839=CARTESIAN_POINT('',(-7.45E0,5.E-1,5.E0));
#5840=DIRECTION('',(1.E0,0.E0,0.E0));
#5841=DIRECTION('',(0.E0,0.E0,-1.E0));
#5842=AXIS2_PLACEMENT_3D('',#5839,#5840,#5841);
#5843=PLANE('',#5842);
#5844=ORIENTED_EDGE('',*,*,#5768,.T.);
#5846=ORIENTED_EDGE('',*,*,#5845,.F.);
#5847=ORIENTED_EDGE('',*,*,#4929,.F.);
#5848=ORIENTED_EDGE('',*,*,#5832,.F.);
#5849=EDGE_LOOP('',(#5844,#5846,#5847,#5848));
#5850=FACE_OUTER_BOUND('',#5849,.F.);
#5851=ADVANCED_FACE('',(#5850),#5843,.F.);
#5852=CARTESIAN_POINT('',(-7.95E0,3.64648E0,4.681464869596E0));
#5853=DIRECTION('',(0.E0,-1.E0,0.E0));
#5854=DIRECTION('',(1.E0,0.E0,0.E0));
#5855=AXIS2_PLACEMENT_3D('',#5852,#5853,#5854);
#5856=CYLINDRICAL_SURFACE('',#5855,5.E-1);
#5857=ORIENTED_EDGE('',*,*,#5766,.F.);
#5859=ORIENTED_EDGE('',*,*,#5858,.T.);
#5860=ORIENTED_EDGE('',*,*,#4931,.F.);
#5861=ORIENTED_EDGE('',*,*,#5845,.T.);
#5862=EDGE_LOOP('',(#5857,#5859,#5860,#5861));
#5863=FACE_OUTER_BOUND('',#5862,.F.);
#5864=ADVANCED_FACE('',(#5863),#5856,.F.);
#5865=CARTESIAN_POINT('',(-8.25E0,5.E-1,5.373046126524E0));
#5866=DIRECTION('',(4.226182617407E-1,0.E0,9.063077870367E-1));
#5867=DIRECTION('',(9.063077870367E-1,0.E0,-4.226182617407E-1));
#5868=AXIS2_PLACEMENT_3D('',#5865,#5866,#5867);
#5869=PLANE('',#5868);
#5870=ORIENTED_EDGE('',*,*,#5764,.F.);
#5872=ORIENTED_EDGE('',*,*,#5871,.F.);
#5873=ORIENTED_EDGE('',*,*,#4933,.F.);
#5874=ORIENTED_EDGE('',*,*,#5858,.F.);
#5875=EDGE_LOOP('',(#5870,#5872,#5873,#5874));
#5876=FACE_OUTER_BOUND('',#5875,.F.);
#5877=ADVANCED_FACE('',(#5876),#5869,.F.);
#5878=CARTESIAN_POINT('',(-7.75E0,3.64648E0,5.691581256928E0));
#5879=DIRECTION('',(0.E0,-1.E0,0.E0));
#5880=DIRECTION('',(-1.E0,0.E0,0.E0));
#5881=AXIS2_PLACEMENT_3D('',#5878,#5879,#5880);
#5882=CYLINDRICAL_SURFACE('',#5881,5.E-1);
#5883=ORIENTED_EDGE('',*,*,#5762,.F.);
#5884=ORIENTED_EDGE('',*,*,#5738,.T.);
#5885=ORIENTED_EDGE('',*,*,#4935,.F.);
#5886=ORIENTED_EDGE('',*,*,#5871,.T.);
#5887=EDGE_LOOP('',(#5883,#5884,#5885,#5886));
#5888=FACE_OUTER_BOUND('',#5887,.F.);
#5889=ADVANCED_FACE('',(#5888),#5882,.T.);
#5890=CARTESIAN_POINT('',(-7.75E0,3.64648E0,-6.9E0));
#5891=DIRECTION('',(0.E0,-1.E0,0.E0));
#5892=DIRECTION('',(-1.E0,0.E0,0.E0));
#5893=AXIS2_PLACEMENT_3D('',#5890,#5891,#5892);
#5894=CYLINDRICAL_SURFACE('',#5893,5.E-1);
#5895=ORIENTED_EDGE('',*,*,#5750,.F.);
#5896=ORIENTED_EDGE('',*,*,#5795,.T.);
#5897=ORIENTED_EDGE('',*,*,#4919,.F.);
#5898=ORIENTED_EDGE('',*,*,#5083,.T.);
#5899=EDGE_LOOP('',(#5895,#5896,#5897,#5898));
#5900=FACE_OUTER_BOUND('',#5899,.F.);
#5901=ADVANCED_FACE('',(#5900),#5894,.T.);
#5902=CARTESIAN_POINT('',(-2.192475059757E0,2.5E0,-7.43E0));
#5903=DIRECTION('',(-9.961946980917E-1,0.E0,8.715574274766E-2));
#5904=DIRECTION('',(8.715574274766E-2,0.E0,9.961946980917E-1));
#5905=AXIS2_PLACEMENT_3D('',#5902,#5903,#5904);
#5906=PLANE('',#5905);
#5908=ORIENTED_EDGE('',*,*,#5907,.F.);
#5910=ORIENTED_EDGE('',*,*,#5909,.F.);
#5912=ORIENTED_EDGE('',*,*,#5911,.F.);
#5914=ORIENTED_EDGE('',*,*,#5913,.T.);
#5916=ORIENTED_EDGE('',*,*,#5915,.F.);
#5918=ORIENTED_EDGE('',*,*,#5917,.F.);
#5920=ORIENTED_EDGE('',*,*,#5919,.F.);
#5922=ORIENTED_EDGE('',*,*,#5921,.T.);
#5924=ORIENTED_EDGE('',*,*,#5923,.F.);
#5926=ORIENTED_EDGE('',*,*,#5925,.F.);
#5928=ORIENTED_EDGE('',*,*,#5927,.F.);
#5930=ORIENTED_EDGE('',*,*,#5929,.F.);
#5932=ORIENTED_EDGE('',*,*,#5931,.F.);
#5934=ORIENTED_EDGE('',*,*,#5933,.F.);
#5936=ORIENTED_EDGE('',*,*,#5935,.F.);
#5938=ORIENTED_EDGE('',*,*,#5937,.F.);
#5940=ORIENTED_EDGE('',*,*,#5939,.F.);
#5942=ORIENTED_EDGE('',*,*,#5941,.F.);
#5944=ORIENTED_EDGE('',*,*,#5943,.F.);
#5946=ORIENTED_EDGE('',*,*,#5945,.T.);
#5948=ORIENTED_EDGE('',*,*,#5947,.F.);
#5950=ORIENTED_EDGE('',*,*,#5949,.F.);
#5952=ORIENTED_EDGE('',*,*,#5951,.F.);
#5954=ORIENTED_EDGE('',*,*,#5953,.T.);
#5956=ORIENTED_EDGE('',*,*,#5955,.F.);
#5958=ORIENTED_EDGE('',*,*,#5957,.F.);
#5960=ORIENTED_EDGE('',*,*,#5959,.F.);
#5962=ORIENTED_EDGE('',*,*,#5961,.F.);
#5964=ORIENTED_EDGE('',*,*,#5963,.F.);
#5966=ORIENTED_EDGE('',*,*,#5965,.F.);
#5968=ORIENTED_EDGE('',*,*,#5967,.F.);
#5970=ORIENTED_EDGE('',*,*,#5969,.T.);
#5972=ORIENTED_EDGE('',*,*,#5971,.F.);
#5974=ORIENTED_EDGE('',*,*,#5973,.F.);
#5976=ORIENTED_EDGE('',*,*,#5975,.F.);
#5978=ORIENTED_EDGE('',*,*,#5977,.T.);
#5980=ORIENTED_EDGE('',*,*,#5979,.F.);
#5982=ORIENTED_EDGE('',*,*,#5981,.F.);
#5984=ORIENTED_EDGE('',*,*,#5983,.F.);
#5986=ORIENTED_EDGE('',*,*,#5985,.F.);
#5988=ORIENTED_EDGE('',*,*,#5987,.F.);
#5990=ORIENTED_EDGE('',*,*,#5989,.F.);
#5992=ORIENTED_EDGE('',*,*,#5991,.F.);
#5994=ORIENTED_EDGE('',*,*,#5993,.F.);
#5996=ORIENTED_EDGE('',*,*,#5995,.F.);
#5998=ORIENTED_EDGE('',*,*,#5997,.F.);
#6000=ORIENTED_EDGE('',*,*,#5999,.F.);
#6002=ORIENTED_EDGE('',*,*,#6001,.T.);
#6004=ORIENTED_EDGE('',*,*,#6003,.F.);
#6006=ORIENTED_EDGE('',*,*,#6005,.F.);
#6008=ORIENTED_EDGE('',*,*,#6007,.F.);
#6010=ORIENTED_EDGE('',*,*,#6009,.T.);
#6012=ORIENTED_EDGE('',*,*,#6011,.F.);
#6014=ORIENTED_EDGE('',*,*,#6013,.F.);
#6016=ORIENTED_EDGE('',*,*,#6015,.F.);
#6018=ORIENTED_EDGE('',*,*,#6017,.F.);
#6020=ORIENTED_EDGE('',*,*,#6019,.F.);
#6022=ORIENTED_EDGE('',*,*,#6021,.F.);
#6024=ORIENTED_EDGE('',*,*,#6023,.F.);
#6026=ORIENTED_EDGE('',*,*,#6025,.F.);
#6027=ORIENTED_EDGE('',*,*,#5753,.F.);
#6029=ORIENTED_EDGE('',*,*,#6028,.F.);
#6031=ORIENTED_EDGE('',*,*,#6030,.F.);
#6033=ORIENTED_EDGE('',*,*,#6032,.F.);
#6035=ORIENTED_EDGE('',*,*,#6034,.F.);
#6036=EDGE_LOOP('',(#5908,#5910,#5912,#5914,#5916,#5918,#5920,#5922,#5924,#5926,
#5928,#5930,#5932,#5934,#5936,#5938,#5940,#5942,#5944,#5946,#5948,#5950,#5952,
#5954,#5956,#5958,#5960,#5962,#5964,#5966,#5968,#5970,#5972,#5974,#5976,#5978,
#5980,#5982,#5984,#5986,#5988,#5990,#5992,#5994,#5996,#5998,#6000,#6002,#6004,
#6006,#6008,#6010,#6012,#6014,#6016,#6018,#6020,#6022,#6024,#6026,#6027,#6029,
#6031,#6033,#6035));
#6037=FACE_OUTER_BOUND('',#6036,.F.);
#6038=ADVANCED_FACE('',(#6037),#5906,.F.);
#6039=FILL_AREA_STYLE_COLOUR('',#3);
#6040=FILL_AREA_STYLE('',(#6039));
#6041=SURFACE_STYLE_FILL_AREA(#6040);
#6042=SURFACE_SIDE_STYLE('',(#6041));
#6043=SURFACE_STYLE_USAGE(.POSITIVE.,#6042);
#6044=PRESENTATION_STYLE_ASSIGNMENT((#6043));
#6045=OVER_RIDING_STYLED_ITEM('',(#6044),#6038,#9);
#6046=CARTESIAN_POINT('',(1.926325229514E0,2.866379871680E0,-4.824842353463E0));
#6047=CARTESIAN_POINT('',(2.116227104946E0,2.866379872336E0,-5.300487363690E0));
#6048=CARTESIAN_POINT('',(2.306128980378E0,2.866379872992E0,-5.776132373917E0));
#6049=CARTESIAN_POINT('',(2.496030855809E0,2.866379873647E0,-6.251777384144E0));
#6050=CARTESIAN_POINT('',(1.902829267563E0,2.866637278613E0,-4.834228009087E0));
#6051=CARTESIAN_POINT('',(2.090414878766E0,2.866637279046E0,-5.310798278859E0));
#6052=CARTESIAN_POINT('',(2.278000489969E0,2.866637279478E0,-5.787368548630E0));
#6053=CARTESIAN_POINT('',(2.465586101172E0,2.866637279911E0,-6.263938818401E0));
#6054=CARTESIAN_POINT('',(1.290158448418E0,2.873349064009E0,-5.073815098449E0));
#6055=CARTESIAN_POINT('',(1.417346090057E0,2.873349058950E0,-5.574004420489E0));
#6056=CARTESIAN_POINT('',(1.544533731695E0,2.873349053891E0,-6.074193742530E0));
#6057=CARTESIAN_POINT('',(1.671721373334E0,2.873349048832E0,-6.574383064571E0));
#6058=CARTESIAN_POINT('',(2.731991436633E-6,2.887469776190E0,
-5.312207308242E0));
#6059=CARTESIAN_POINT('',(3.058726876226E-6,2.887469775727E0,
-5.835898057579E0));
#6060=CARTESIAN_POINT('',(3.385462319261E-6,2.887469775264E0,
-6.359588806916E0));
#6061=CARTESIAN_POINT('',(3.712197759298E-6,2.887469774800E0,
-6.883279556253E0));
#6062=CARTESIAN_POINT('',(-1.290147387040E0,2.901567324541E0,
-5.073783465532E0));
#6063=CARTESIAN_POINT('',(-1.417333779674E0,2.901567328353E0,
-5.573969671862E0));
#6064=CARTESIAN_POINT('',(-1.544520172309E0,2.901567332164E0,
-6.074155878192E0));
#6065=CARTESIAN_POINT('',(-1.671706564944E0,2.901567335975E0,
-6.574342084522E0));
#6066=CARTESIAN_POINT('',(-1.902812581645E0,2.908255830826E0,
-4.834181356629E0));
#6067=CARTESIAN_POINT('',(-2.090396345421E0,2.908255828836E0,
-5.310747031350E0));
#6068=CARTESIAN_POINT('',(-2.277980109198E0,2.908255826845E0,
-5.787312706071E0));
#6069=CARTESIAN_POINT('',(-2.465563872974E0,2.908255824855E0,
-6.263878380791E0));
#6070=CARTESIAN_POINT('',(-1.926308318754E0,2.908512325767E0,
-4.824795126847E0));
#6071=CARTESIAN_POINT('',(-2.116208322872E0,2.908512323542E0,
-5.300435485473E0));
#6072=CARTESIAN_POINT('',(-2.306108326990E0,2.908512321317E0,
-5.776075844098E0));
#6073=CARTESIAN_POINT('',(-2.496008331108E0,2.908512319091E0,
-6.251716202723E0));
#6074=B_SPLINE_SURFACE_WITH_KNOTS('',3,3,((#6046,#6047,#6048,#6049),(#6050,
#6051,#6052,#6053),(#6054,#6055,#6056,#6057),(#6058,#6059,#6060,#6061),(#6062,
#6063,#6064,#6065),(#6066,#6067,#6068,#6069),(#6070,#6071,#6072,#6073)),
.UNSPECIFIED.,.F.,.F.,.F.,(4,1,1,1,4),(4,4),(-2.000000115744E-2,0.E0,5.E-1,1.E0,
1.019999997153E0),(-1.593466029492E-3,1.000097680194E0),.UNSPECIFIED.);
#6075=ORIENTED_EDGE('',*,*,#5907,.T.);
#6077=ORIENTED_EDGE('',*,*,#6076,.T.);
#6079=ORIENTED_EDGE('',*,*,#6078,.T.);
#6081=ORIENTED_EDGE('',*,*,#6080,.T.);
#6082=EDGE_LOOP('',(#6075,#6077,#6079,#6081));
#6083=FACE_OUTER_BOUND('',#6082,.F.);
#6084=ADVANCED_FACE('',(#6083),#6074,.F.);
#6085=CARTESIAN_POINT('',(2.179976854585E0,2.900754085770E0,-6.335261891409E0));
#6086=CARTESIAN_POINT('',(2.179976854585E0,2.779583574899E0,-6.335261891409E0));
#6087=CARTESIAN_POINT('',(2.179976854585E0,2.658413064027E0,-6.335261891409E0));
#6088=CARTESIAN_POINT('',(2.179976854585E0,2.537242553156E0,-6.335261891409E0));
#6089=CARTESIAN_POINT('',(2.153060542139E0,2.900982658796E0,-6.344530629386E0));
#6090=CARTESIAN_POINT('',(2.153060542139E0,2.779812147924E0,-6.344530629386E0));
#6091=CARTESIAN_POINT('',(2.153060542139E0,2.658641637053E0,-6.344530629386E0));
#6092=CARTESIAN_POINT('',(2.153060542139E0,2.537471126181E0,-6.344530629386E0));
#6093=CARTESIAN_POINT('',(1.451704243035E0,2.906937843391E0,-6.581073520986E0));
#6094=CARTESIAN_POINT('',(1.451704243035E0,2.785767332519E0,-6.581073520986E0));
#6095=CARTESIAN_POINT('',(1.451704243035E0,2.664596821648E0,-6.581073520986E0));
#6096=CARTESIAN_POINT('',(1.451704243035E0,2.543426310776E0,-6.581073520986E0));
#6097=CARTESIAN_POINT('',(-1.801256453549E-6,2.919226847807E0,
-6.814538581303E0));
#6098=CARTESIAN_POINT('',(-1.801256455658E-6,2.798056336935E0,
-6.814538581303E0));
#6099=CARTESIAN_POINT('',(-1.801256455991E-6,2.676885826064E0,
-6.814538581303E0));
#6100=CARTESIAN_POINT('',(-1.801256454548E-6,2.555715315192E0,
-6.814538581303E0));
#6101=CARTESIAN_POINT('',(-1.451710809282E0,2.931447764976E0,
-6.581091874967E0));
#6102=CARTESIAN_POINT('',(-1.451710809282E0,2.810277254105E0,
-6.581091874967E0));
#6103=CARTESIAN_POINT('',(-1.451710809282E0,2.689106743233E0,
-6.581091874967E0));
#6104=CARTESIAN_POINT('',(-1.451710809282E0,2.567936232362E0,
-6.581091874967E0));
#6105=CARTESIAN_POINT('',(-2.153070175625E0,2.937333963870E0,
-6.344558069919E0));
#6106=CARTESIAN_POINT('',(-2.153070175625E0,2.816163452998E0,
-6.344558069919E0));
#6107=CARTESIAN_POINT('',(-2.153070175625E0,2.694992942127E0,
-6.344558069919E0));
#6108=CARTESIAN_POINT('',(-2.153070175625E0,2.573822431255E0,
-6.344558069919E0));
#6109=CARTESIAN_POINT('',(-2.179986111092E0,2.937559829575E0,
-6.335289855827E0));
#6110=CARTESIAN_POINT('',(-2.179986111092E0,2.816389318704E0,
-6.335289855827E0));
#6111=CARTESIAN_POINT('',(-2.179986111092E0,2.695218807832E0,
-6.335289855827E0));
#6112=CARTESIAN_POINT('',(-2.179986111092E0,2.574048296961E0,
-6.335289855827E0));
#6113=B_SPLINE_SURFACE_WITH_KNOTS('',3,3,((#6085,#6086,#6087,#6088),(#6089,
#6090,#6091,#6092),(#6093,#6094,#6095,#6096),(#6097,#6098,#6099,#6100),(#6101,
#6102,#6103,#6104),(#6105,#6106,#6107,#6108),(#6109,#6110,#6111,#6112)),
.UNSPECIFIED.,.F.,.F.,.F.,(4,1,1,1,4),(4,4),(-1.999999204634E-2,0.E0,5.E-1,1.E0,
1.019999606638E0),(-1.709540212200E-4,1.000522949217E0),.UNSPECIFIED.);
#6114=ORIENTED_EDGE('',*,*,#6034,.T.);
#6116=ORIENTED_EDGE('',*,*,#6115,.T.);
#6118=ORIENTED_EDGE('',*,*,#6117,.T.);
#6119=ORIENTED_EDGE('',*,*,#6076,.F.);
#6120=EDGE_LOOP('',(#6114,#6116,#6118,#6119));
#6121=FACE_OUTER_BOUND('',#6120,.F.);
#6122=ADVANCED_FACE('',(#6121),#6113,.F.);
#6123=FILL_AREA_STYLE_COLOUR('',#7);
#6124=FILL_AREA_STYLE('',(#6123));
#6125=SURFACE_STYLE_FILL_AREA(#6124);
#6126=SURFACE_SIDE_STYLE('',(#6125));
#6127=SURFACE_STYLE_USAGE(.POSITIVE.,#6126);
#6128=PRESENTATION_STYLE_ASSIGNMENT((#6127));
#6129=OVER_RIDING_STYLED_ITEM('',(#6128),#6122,#9);
#6130=CARTESIAN_POINT('',(2.496030837364E0,2.566379873647E0,-6.251777337945E0));
#6131=CARTESIAN_POINT('',(2.306128968086E0,2.566379872991E0,-5.776132343129E0));
#6132=CARTESIAN_POINT('',(2.116227098808E0,2.566379872336E0,-5.300487348312E0));
#6133=CARTESIAN_POINT('',(1.926325229530E0,2.566379871680E0,-4.824842353496E0));
#6134=CARTESIAN_POINT('',(2.465586082952E0,2.566637279911E0,-6.263938772112E0));
#6135=CARTESIAN_POINT('',(2.278000477827E0,2.566637279478E0,-5.787368517782E0));
#6136=CARTESIAN_POINT('',(2.090414872702E0,2.566637279046E0,-5.310798263451E0));
#6137=CARTESIAN_POINT('',(1.902829267578E0,2.566637278613E0,-4.834228009120E0));
#6138=CARTESIAN_POINT('',(1.671721360980E0,2.573349048832E0,-6.574383015988E0));
#6139=CARTESIAN_POINT('',(1.544533723454E0,2.573349053891E0,-6.074193710154E0));
#6140=CARTESIAN_POINT('',(1.417346085928E0,2.573349058950E0,-5.574004404319E0));
#6141=CARTESIAN_POINT('',(1.290158448402E0,2.573349064009E0,-5.073815098485E0));
#6142=CARTESIAN_POINT('',(3.712197587546E-6,2.587469774800E0,
-6.883279505388E0));
#6143=CARTESIAN_POINT('',(3.385461421868E-6,2.587469775264E0,
-6.359588773017E0));
#6144=CARTESIAN_POINT('',(3.058725257410E-6,2.587469775727E0,
-5.835898040646E0));
#6145=CARTESIAN_POINT('',(2.731989088622E-6,2.587469776191E0,
-5.312207308275E0));
#6146=CARTESIAN_POINT('',(-1.671706552588E0,2.601567335975E0,
-6.574342035940E0));
#6147=CARTESIAN_POINT('',(-1.544520164068E0,2.601567332164E0,
-6.074155845816E0));
#6148=CARTESIAN_POINT('',(-1.417333775549E0,2.601567328352E0,
-5.573969655692E0));
#6149=CARTESIAN_POINT('',(-1.290147387029E0,2.601567324541E0,
-5.073783465568E0));
#6150=CARTESIAN_POINT('',(-2.465563854750E0,2.608255824855E0,
-6.263878334505E0));
#6151=CARTESIAN_POINT('',(-2.277980097055E0,2.608255826845E0,
-5.787312675224E0));
#6152=CARTESIAN_POINT('',(-2.090396339360E0,2.608255828836E0,
-5.310747015944E0));
#6153=CARTESIAN_POINT('',(-1.902812581665E0,2.608255830826E0,
-4.834181356663E0));
#6154=CARTESIAN_POINT('',(-2.496008312657E0,2.608512319091E0,
-6.251716156527E0));
#6155=CARTESIAN_POINT('',(-2.306108314696E0,2.608512321317E0,
-5.776075813312E0));
#6156=CARTESIAN_POINT('',(-2.116208316734E0,2.608512323542E0,
-5.300435470097E0));
#6157=CARTESIAN_POINT('',(-1.926308318773E0,2.608512325768E0,
-4.824795126882E0));
#6158=B_SPLINE_SURFACE_WITH_KNOTS('',3,3,((#6130,#6131,#6132,#6133),(#6134,
#6135,#6136,#6137),(#6138,#6139,#6140,#6141),(#6142,#6143,#6144,#6145),(#6146,
#6147,#6148,#6149),(#6150,#6151,#6152,#6153),(#6154,#6155,#6156,#6157)),
.UNSPECIFIED.,.F.,.F.,.F.,(4,1,1,1,4),(4,4),(-2.000000115744E-2,0.E0,5.E-1,1.E0,
1.019999997152E0),(-9.763743167070E-5,1.001487499493E0),.UNSPECIFIED.);
#6159=ORIENTED_EDGE('',*,*,#6032,.T.);
#6161=ORIENTED_EDGE('',*,*,#6160,.T.);
#6163=ORIENTED_EDGE('',*,*,#6162,.T.);
#6164=ORIENTED_EDGE('',*,*,#6115,.F.);
#6165=EDGE_LOOP('',(#6159,#6161,#6163,#6164));
#6166=FACE_OUTER_BOUND('',#6165,.F.);
#6167=ADVANCED_FACE('',(#6166),#6158,.F.);
#6168=FILL_AREA_STYLE_COLOUR('',#7);
#6169=FILL_AREA_STYLE('',(#6168));
#6170=SURFACE_STYLE_FILL_AREA(#6169);
#6171=SURFACE_SIDE_STYLE('',(#6170));
#6172=SURFACE_STYLE_USAGE(.POSITIVE.,#6171);
#6173=PRESENTATION_STYLE_ASSIGNMENT((#6172));
#6174=OVER_RIDING_STYLED_ITEM('',(#6173),#6167,#9);
#6175=CARTESIAN_POINT('',(-2.E0,2.5E0,-5.23E0));
#6176=DIRECTION('',(0.E0,0.E0,1.E0));
#6177=DIRECTION('',(1.E0,0.E0,0.E0));
#6178=AXIS2_PLACEMENT_3D('',#6175,#6176,#6177);
#6179=PLANE('',#6178);
#6180=ORIENTED_EDGE('',*,*,#6160,.F.);
#6181=ORIENTED_EDGE('',*,*,#6030,.T.);
#6183=ORIENTED_EDGE('',*,*,#6182,.F.);
#6185=ORIENTED_EDGE('',*,*,#6184,.F.);
#6186=EDGE_LOOP('',(#6180,#6181,#6183,#6185));
#6187=FACE_OUTER_BOUND('',#6186,.F.);
#6188=ADVANCED_FACE('',(#6187),#6179,.F.);
#6189=FILL_AREA_STYLE_COLOUR('',#3);
#6190=FILL_AREA_STYLE('',(#6189));
#6191=SURFACE_STYLE_FILL_AREA(#6190);
#6192=SURFACE_SIDE_STYLE('',(#6191));
#6193=SURFACE_STYLE_USAGE(.POSITIVE.,#6192);
#6194=PRESENTATION_STYLE_ASSIGNMENT((#6193));
#6195=OVER_RIDING_STYLED_ITEM('',(#6194),#6188,#9);
#6196=CARTESIAN_POINT('',(0.E0,5.E-1,0.E0));
#6197=DIRECTION('',(0.E0,1.E0,0.E0));
#6198=DIRECTION('',(1.E0,0.E0,0.E0));
#6199=AXIS2_PLACEMENT_3D('',#6196,#6197,#6198);
#6200=PLANE('',#6199);
#6201=ORIENTED_EDGE('',*,*,#6028,.T.);
#6202=ORIENTED_EDGE('',*,*,#5079,.T.);
#6204=ORIENTED_EDGE('',*,*,#6203,.T.);
#6206=ORIENTED_EDGE('',*,*,#6205,.F.);
#6208=ORIENTED_EDGE('',*,*,#6207,.T.);
#6209=ORIENTED_EDGE('',*,*,#5071,.T.);
#6211=ORIENTED_EDGE('',*,*,#6210,.T.);
#6212=ORIENTED_EDGE('',*,*,#6182,.T.);
#6213=EDGE_LOOP('',(#6201,#6202,#6204,#6206,#6208,#6209,#6211,#6212));
#6214=FACE_OUTER_BOUND('',#6213,.F.);
#6215=ADVANCED_FACE('',(#6214),#6200,.T.);
#6216=CARTESIAN_POINT('',(-2.E0,-7.925788263016E-1,-7.4E0));
#6217=DIRECTION('',(-9.961946980917E-1,0.E0,8.715574274766E-2));
#6218=DIRECTION('',(0.E0,1.E0,0.E0));
#6219=AXIS2_PLACEMENT_3D('',#6216,#6217,#6218);
#6220=PLANE('',#6219);
#6222=ORIENTED_EDGE('',*,*,#6221,.F.);
#6224=ORIENTED_EDGE('',*,*,#6223,.F.);
#6226=ORIENTED_EDGE('',*,*,#6225,.F.);
#6228=ORIENTED_EDGE('',*,*,#6227,.T.);
#6229=ORIENTED_EDGE('',*,*,#6203,.F.);
#6230=ORIENTED_EDGE('',*,*,#5077,.F.);
#6231=EDGE_LOOP('',(#6222,#6224,#6226,#6228,#6229,#6230));
#6232=FACE_OUTER_BOUND('',#6231,.F.);
#6233=ADVANCED_FACE('',(#6232),#6220,.T.);
#6234=CARTESIAN_POINT('',(2.97594E1,1.E0,-7.1E0));
#6235=DIRECTION('',(-1.E0,0.E0,0.E0));
#6236=DIRECTION('',(0.E0,1.E0,0.E0));
#6237=AXIS2_PLACEMENT_3D('',#6234,#6235,#6236);
#6238=CYLINDRICAL_SURFACE('',#6237,3.E-1);
#6239=ORIENTED_EDGE('',*,*,#5075,.T.);
#6241=ORIENTED_EDGE('',*,*,#6240,.T.);
#6243=ORIENTED_EDGE('',*,*,#6242,.T.);
#6244=ORIENTED_EDGE('',*,*,#6221,.T.);
#6245=EDGE_LOOP('',(#6239,#6241,#6243,#6244));
#6246=FACE_OUTER_BOUND('',#6245,.F.);
#6247=ADVANCED_FACE('',(#6246),#6238,.T.);
#6248=CARTESIAN_POINT('',(2.E0,2.074211736984E-1,-7.4E0));
#6249=DIRECTION('',(9.961946980917E-1,0.E0,8.715574274766E-2));
#6250=DIRECTION('',(0.E0,-1.E0,0.E0));
#6251=AXIS2_PLACEMENT_3D('',#6248,#6249,#6250);
#6252=PLANE('',#6251);
#6253=ORIENTED_EDGE('',*,*,#6240,.F.);
#6254=ORIENTED_EDGE('',*,*,#5073,.T.);
#6255=ORIENTED_EDGE('',*,*,#6207,.F.);
#6257=ORIENTED_EDGE('',*,*,#6256,.F.);
#6259=ORIENTED_EDGE('',*,*,#6258,.F.);
#6261=ORIENTED_EDGE('',*,*,#6260,.F.);
#6262=EDGE_LOOP('',(#6253,#6254,#6255,#6257,#6259,#6261));
#6263=FACE_OUTER_BOUND('',#6262,.F.);
#6264=ADVANCED_FACE('',(#6263),#6252,.T.);
#6265=CARTESIAN_POINT('',(-2.E0,5.E-1,-5.4E0));
#6266=DIRECTION('',(0.E0,0.E0,1.E0));
#6267=DIRECTION('',(1.E0,0.E0,0.E0));
#6268=AXIS2_PLACEMENT_3D('',#6265,#6266,#6267);
#6269=PLANE('',#6268);
#6271=ORIENTED_EDGE('',*,*,#6270,.F.);
#6273=ORIENTED_EDGE('',*,*,#6272,.T.);
#6275=ORIENTED_EDGE('',*,*,#6274,.T.);
#6277=ORIENTED_EDGE('',*,*,#6276,.T.);
#6279=ORIENTED_EDGE('',*,*,#6278,.T.);
#6281=ORIENTED_EDGE('',*,*,#6280,.T.);
#6283=ORIENTED_EDGE('',*,*,#6282,.F.);
#6284=ORIENTED_EDGE('',*,*,#6256,.T.);
#6285=ORIENTED_EDGE('',*,*,#6205,.T.);
#6286=ORIENTED_EDGE('',*,*,#6227,.F.);
#6287=EDGE_LOOP('',(#6271,#6273,#6275,#6277,#6279,#6281,#6283,#6284,#6285,
#6286));
#6288=FACE_OUTER_BOUND('',#6287,.F.);
#6290=ORIENTED_EDGE('',*,*,#6289,.T.);
#6292=ORIENTED_EDGE('',*,*,#6291,.T.);
#6294=ORIENTED_EDGE('',*,*,#6293,.F.);
#6296=ORIENTED_EDGE('',*,*,#6295,.T.);
#6298=ORIENTED_EDGE('',*,*,#6297,.T.);
#6300=ORIENTED_EDGE('',*,*,#6299,.T.);
#6301=EDGE_LOOP('',(#6290,#6292,#6294,#6296,#6298,#6300));
#6302=FACE_BOUND('',#6301,.F.);
#6303=ADVANCED_FACE('',(#6288,#6302),#6269,.T.);
#6304=CARTESIAN_POINT('',(-2.97594E1,1.E0,-5.7E0));
#6305=DIRECTION('',(1.E0,0.E0,0.E0));
#6306=DIRECTION('',(0.E0,1.E0,0.E0));
#6307=AXIS2_PLACEMENT_3D('',#6304,#6305,#6306);
#6308=CYLINDRICAL_SURFACE('',#6307,3.E-1);
#6310=ORIENTED_EDGE('',*,*,#6309,.F.);
#6311=ORIENTED_EDGE('',*,*,#6270,.T.);
#6312=ORIENTED_EDGE('',*,*,#6225,.T.);
#6314=ORIENTED_EDGE('',*,*,#6313,.T.);
#6316=ORIENTED_EDGE('',*,*,#6315,.F.);
#6317=EDGE_LOOP('',(#6310,#6311,#6312,#6314,#6316));
#6318=FACE_OUTER_BOUND('',#6317,.F.);
#6319=ADVANCED_FACE('',(#6318),#6308,.T.);
#6320=CARTESIAN_POINT('',(-1.5E0,3.E-1,-7.1E0));
#6321=DIRECTION('',(-1.E0,0.E0,0.E0));
#6322=DIRECTION('',(0.E0,0.E0,1.E0));
#6323=AXIS2_PLACEMENT_3D('',#6320,#6321,#6322);
#6324=PLANE('',#6323);
#6325=ORIENTED_EDGE('',*,*,#6309,.T.);
#6327=ORIENTED_EDGE('',*,*,#6326,.T.);
#6328=ORIENTED_EDGE('',*,*,#6272,.F.);
#6329=EDGE_LOOP('',(#6325,#6327,#6328));
#6330=FACE_OUTER_BOUND('',#6329,.F.);
#6331=ADVANCED_FACE('',(#6330),#6324,.T.);
#6332=FILL_AREA_STYLE_COLOUR('',#8);
#6333=FILL_AREA_STYLE('',(#6332));
#6334=SURFACE_STYLE_FILL_AREA(#6333);
#6335=SURFACE_SIDE_STYLE('',(#6334));
#6336=SURFACE_STYLE_USAGE(.POSITIVE.,#6335);
#6337=PRESENTATION_STYLE_ASSIGNMENT((#6336));
#6338=OVER_RIDING_STYLED_ITEM('',(#6337),#6331,#9);
#6339=CARTESIAN_POINT('',(-8.E-1,1.3E0,-5.4E0));
#6340=DIRECTION('',(-2.095290887309E-1,9.778024140774E-1,0.E0));
#6341=DIRECTION('',(-9.778024140774E-1,-2.095290887309E-1,0.E0));
#6342=AXIS2_PLACEMENT_3D('',#6339,#6340,#6341);
#6343=PLANE('',#6342);
#6345=ORIENTED_EDGE('',*,*,#6344,.T.);
#6347=ORIENTED_EDGE('',*,*,#6346,.F.);
#6349=ORIENTED_EDGE('',*,*,#6348,.T.);
#6350=ORIENTED_EDGE('',*,*,#6274,.F.);
#6351=ORIENTED_EDGE('',*,*,#6326,.F.);
#6352=EDGE_LOOP('',(#6345,#6347,#6349,#6350,#6351));
#6353=FACE_OUTER_BOUND('',#6352,.F.);
#6354=ADVANCED_FACE('',(#6353),#6343,.T.);
#6355=CARTESIAN_POINT('',(-1.5E0,3.E-1,-7.1E0));
#6356=DIRECTION('',(-1.E0,0.E0,0.E0));
#6357=DIRECTION('',(0.E0,0.E0,1.E0));
#6358=AXIS2_PLACEMENT_3D('',#6355,#6356,#6357);
#6359=PLANE('',#6358);
#6361=ORIENTED_EDGE('',*,*,#6360,.F.);
#6362=ORIENTED_EDGE('',*,*,#6344,.F.);
#6363=ORIENTED_EDGE('',*,*,#6315,.T.);
#6365=ORIENTED_EDGE('',*,*,#6364,.F.);
#6366=EDGE_LOOP('',(#6361,#6362,#6363,#6365));
#6367=FACE_OUTER_BOUND('',#6366,.F.);
#6368=ADVANCED_FACE('',(#6367),#6359,.F.);
#6369=CARTESIAN_POINT('',(-8.E-1,1.3E0,-5.8E0));
#6370=DIRECTION('',(0.E0,0.E0,-1.E0));
#6371=DIRECTION('',(-1.E0,0.E0,0.E0));
#6372=AXIS2_PLACEMENT_3D('',#6369,#6370,#6371);
#6373=PLANE('',#6372);
#6374=ORIENTED_EDGE('',*,*,#6360,.T.);
#6376=ORIENTED_EDGE('',*,*,#6375,.F.);
#6377=ORIENTED_EDGE('',*,*,#6346,.T.);
#6378=EDGE_LOOP('',(#6374,#6376,#6377));
#6379=FACE_OUTER_BOUND('',#6378,.F.);
#6380=ADVANCED_FACE('',(#6379),#6373,.F.);
#6381=CARTESIAN_POINT('',(0.E0,1.3E0,0.E0));
#6382=DIRECTION('',(0.E0,1.E0,0.E0));
#6383=DIRECTION('',(0.E0,0.E0,-1.E0));
#6384=AXIS2_PLACEMENT_3D('',#6381,#6382,#6383);
#6385=PLANE('',#6384);
#6387=ORIENTED_EDGE('',*,*,#6386,.T.);
#6389=ORIENTED_EDGE('',*,*,#6388,.F.);
#6391=ORIENTED_EDGE('',*,*,#6390,.T.);
#6392=ORIENTED_EDGE('',*,*,#6276,.F.);
#6393=ORIENTED_EDGE('',*,*,#6348,.F.);
#6394=ORIENTED_EDGE('',*,*,#6375,.T.);
#6395=ORIENTED_EDGE('',*,*,#6364,.T.);
#6396=ORIENTED_EDGE('',*,*,#6313,.F.);
#6397=ORIENTED_EDGE('',*,*,#6223,.T.);
#6398=ORIENTED_EDGE('',*,*,#6242,.F.);
#6399=ORIENTED_EDGE('',*,*,#6260,.T.);
#6401=ORIENTED_EDGE('',*,*,#6400,.F.);
#6402=EDGE_LOOP('',(#6387,#6389,#6391,#6392,#6393,#6394,#6395,#6396,#6397,#6398,
#6399,#6401));
#6403=FACE_OUTER_BOUND('',#6402,.F.);
#6404=ADVANCED_FACE('',(#6403),#6385,.T.);
#6405=CARTESIAN_POINT('',(1.5E0,3.E-1,-7.1E0));
#6406=DIRECTION('',(-1.E0,0.E0,0.E0));
#6407=DIRECTION('',(0.E0,0.E0,1.E0));
#6408=AXIS2_PLACEMENT_3D('',#6405,#6406,#6407);
#6409=PLANE('',#6408);
#6411=ORIENTED_EDGE('',*,*,#6410,.T.);
#6412=ORIENTED_EDGE('',*,*,#6386,.F.);
#6414=ORIENTED_EDGE('',*,*,#6413,.T.);
#6416=ORIENTED_EDGE('',*,*,#6415,.T.);
#6417=EDGE_LOOP('',(#6411,#6412,#6414,#6416));
#6418=FACE_OUTER_BOUND('',#6417,.F.);
#6419=ADVANCED_FACE('',(#6418),#6409,.T.);
#6420=CARTESIAN_POINT('',(1.5E0,1.3E0,-5.8E0));
#6421=DIRECTION('',(0.E0,0.E0,-1.E0));
#6422=DIRECTION('',(-1.E0,0.E0,0.E0));
#6423=AXIS2_PLACEMENT_3D('',#6420,#6421,#6422);
#6424=PLANE('',#6423);
#6425=ORIENTED_EDGE('',*,*,#6410,.F.);
#6427=ORIENTED_EDGE('',*,*,#6426,.T.);
#6428=ORIENTED_EDGE('',*,*,#6388,.T.);
#6429=EDGE_LOOP('',(#6425,#6427,#6428));
#6430=FACE_OUTER_BOUND('',#6429,.F.);
#6431=ADVANCED_FACE('',(#6430),#6424,.F.);
#6432=CARTESIAN_POINT('',(1.5E0,1.15E0,-5.4E0));
#6433=DIRECTION('',(2.095290887309E-1,9.778024140774E-1,0.E0));
#6434=DIRECTION('',(-9.778024140774E-1,2.095290887309E-1,0.E0));
#6435=AXIS2_PLACEMENT_3D('',#6432,#6433,#6434);
#6436=PLANE('',#6435);
#6437=ORIENTED_EDGE('',*,*,#6415,.F.);
#6439=ORIENTED_EDGE('',*,*,#6438,.T.);
#6440=ORIENTED_EDGE('',*,*,#6278,.F.);
#6441=ORIENTED_EDGE('',*,*,#6390,.F.);
#6442=ORIENTED_EDGE('',*,*,#6426,.F.);
#6443=EDGE_LOOP('',(#6437,#6439,#6440,#6441,#6442));
#6444=FACE_OUTER_BOUND('',#6443,.F.);
#6445=ADVANCED_FACE('',(#6444),#6436,.T.);
#6446=CARTESIAN_POINT('',(1.5E0,3.E-1,-7.1E0));
#6447=DIRECTION('',(-1.E0,0.E0,0.E0));
#6448=DIRECTION('',(0.E0,0.E0,1.E0));
#6449=AXIS2_PLACEMENT_3D('',#6446,#6447,#6448);
#6450=PLANE('',#6449);
#6452=ORIENTED_EDGE('',*,*,#6451,.T.);
#6453=ORIENTED_EDGE('',*,*,#6280,.F.);
#6454=ORIENTED_EDGE('',*,*,#6438,.F.);
#6455=EDGE_LOOP('',(#6452,#6453,#6454));
#6456=FACE_OUTER_BOUND('',#6455,.F.);
#6457=ADVANCED_FACE('',(#6456),#6450,.F.);
#6458=FILL_AREA_STYLE_COLOUR('',#8);
#6459=FILL_AREA_STYLE('',(#6458));
#6460=SURFACE_STYLE_FILL_AREA(#6459);
#6461=SURFACE_SIDE_STYLE('',(#6460));
#6462=SURFACE_STYLE_USAGE(.POSITIVE.,#6461);
#6463=PRESENTATION_STYLE_ASSIGNMENT((#6462));
#6464=OVER_RIDING_STYLED_ITEM('',(#6463),#6457,#9);
#6465=CARTESIAN_POINT('',(-2.97594E1,1.E0,-5.7E0));
#6466=DIRECTION('',(1.E0,0.E0,0.E0));
#6467=DIRECTION('',(0.E0,1.E0,0.E0));
#6468=AXIS2_PLACEMENT_3D('',#6465,#6466,#6467);
#6469=CYLINDRICAL_SURFACE('',#6468,3.E-1);
#6470=ORIENTED_EDGE('',*,*,#6451,.F.);
#6471=ORIENTED_EDGE('',*,*,#6413,.F.);
#6472=ORIENTED_EDGE('',*,*,#6400,.T.);
#6473=ORIENTED_EDGE('',*,*,#6258,.T.);
#6474=ORIENTED_EDGE('',*,*,#6282,.T.);
#6475=EDGE_LOOP('',(#6470,#6471,#6472,#6473,#6474));
#6476=FACE_OUTER_BOUND('',#6475,.F.);
#6477=ADVANCED_FACE('',(#6476),#6469,.T.);
#6478=CARTESIAN_POINT('',(1.5E0,3.E-1,-7.1E0));
#6479=DIRECTION('',(-1.E0,0.E0,0.E0));
#6480=DIRECTION('',(0.E0,0.E0,1.E0));
#6481=AXIS2_PLACEMENT_3D('',#6478,#6479,#6480);
#6482=PLANE('',#6481);
#6484=ORIENTED_EDGE('',*,*,#6483,.F.);
#6485=ORIENTED_EDGE('',*,*,#6289,.F.);
#6487=ORIENTED_EDGE('',*,*,#6486,.F.);
#6489=ORIENTED_EDGE('',*,*,#6488,.T.);
#6490=EDGE_LOOP('',(#6484,#6485,#6487,#6489));
#6491=FACE_OUTER_BOUND('',#6490,.F.);
#6492=ADVANCED_FACE('',(#6491),#6482,.T.);
#6493=CARTESIAN_POINT('',(8.E-1,1.E0,-5.4E0));
#6494=DIRECTION('',(-2.095290887309E-1,-9.778024140774E-1,0.E0));
#6495=DIRECTION('',(9.778024140774E-1,-2.095290887309E-1,0.E0));
#6496=AXIS2_PLACEMENT_3D('',#6493,#6494,#6495);
#6497=PLANE('',#6496);
#6498=ORIENTED_EDGE('',*,*,#6483,.T.);
#6500=ORIENTED_EDGE('',*,*,#6499,.F.);
#6502=ORIENTED_EDGE('',*,*,#6501,.T.);
#6503=ORIENTED_EDGE('',*,*,#6291,.F.);
#6504=EDGE_LOOP('',(#6498,#6500,#6502,#6503));
#6505=FACE_OUTER_BOUND('',#6504,.F.);
#6506=ADVANCED_FACE('',(#6505),#6497,.T.);
#6507=CARTESIAN_POINT('',(1.5E0,1.3E0,-5.8E0));
#6508=DIRECTION('',(0.E0,0.E0,-1.E0));
#6509=DIRECTION('',(-1.E0,0.E0,0.E0));
#6510=AXIS2_PLACEMENT_3D('',#6507,#6508,#6509);
#6511=PLANE('',#6510);
#6513=ORIENTED_EDGE('',*,*,#6512,.T.);
#6514=ORIENTED_EDGE('',*,*,#6499,.T.);
#6515=ORIENTED_EDGE('',*,*,#6488,.F.);
#6517=ORIENTED_EDGE('',*,*,#6516,.F.);
#6519=ORIENTED_EDGE('',*,*,#6518,.T.);
#6521=ORIENTED_EDGE('',*,*,#6520,.T.);
#6522=EDGE_LOOP('',(#6513,#6514,#6515,#6517,#6519,#6521));
#6523=FACE_OUTER_BOUND('',#6522,.F.);
#6524=ADVANCED_FACE('',(#6523),#6511,.F.);
#6525=CARTESIAN_POINT('',(1.5E0,1.E0,-7.1E0));
#6526=DIRECTION('',(0.E0,-1.E0,0.E0));
#6527=DIRECTION('',(0.E0,0.E0,1.E0));
#6528=AXIS2_PLACEMENT_3D('',#6525,#6526,#6527);
#6529=PLANE('',#6528);
#6530=ORIENTED_EDGE('',*,*,#6512,.F.);
#6532=ORIENTED_EDGE('',*,*,#6531,.T.);
#6533=ORIENTED_EDGE('',*,*,#6293,.T.);
#6534=ORIENTED_EDGE('',*,*,#6501,.F.);
#6535=EDGE_LOOP('',(#6530,#6532,#6533,#6534));
#6536=FACE_OUTER_BOUND('',#6535,.F.);
#6537=ADVANCED_FACE('',(#6536),#6529,.T.);
#6538=CARTESIAN_POINT('',(-1.5E0,8.5E-1,-5.4E0));
#6539=DIRECTION('',(2.095290887309E-1,-9.778024140774E-1,0.E0));
#6540=DIRECTION('',(9.778024140774E-1,2.095290887309E-1,0.E0));
#6541=AXIS2_PLACEMENT_3D('',#6538,#6539,#6540);
#6542=PLANE('',#6541);
#6544=ORIENTED_EDGE('',*,*,#6543,.F.);
#6545=ORIENTED_EDGE('',*,*,#6295,.F.);
#6546=ORIENTED_EDGE('',*,*,#6531,.F.);
#6547=ORIENTED_EDGE('',*,*,#6520,.F.);
#6548=EDGE_LOOP('',(#6544,#6545,#6546,#6547));
#6549=FACE_OUTER_BOUND('',#6548,.F.);
#6550=ADVANCED_FACE('',(#6549),#6542,.T.);
#6551=CARTESIAN_POINT('',(-1.5E0,3.E-1,-7.1E0));
#6552=DIRECTION('',(-1.E0,0.E0,0.E0));
#6553=DIRECTION('',(0.E0,0.E0,1.E0));
#6554=AXIS2_PLACEMENT_3D('',#6551,#6552,#6553);
#6555=PLANE('',#6554);
#6556=ORIENTED_EDGE('',*,*,#6543,.T.);
#6557=ORIENTED_EDGE('',*,*,#6518,.F.);
#6559=ORIENTED_EDGE('',*,*,#6558,.F.);
#6560=ORIENTED_EDGE('',*,*,#6297,.F.);
#6561=EDGE_LOOP('',(#6556,#6557,#6559,#6560));
#6562=FACE_OUTER_BOUND('',#6561,.F.);
#6563=ADVANCED_FACE('',(#6562),#6555,.F.);
#6564=CARTESIAN_POINT('',(0.E0,8.E-1,0.E0));
#6565=DIRECTION('',(0.E0,1.E0,0.E0));
#6566=DIRECTION('',(0.E0,0.E0,-1.E0));
#6567=AXIS2_PLACEMENT_3D('',#6564,#6565,#6566);
#6568=PLANE('',#6567);
#6569=ORIENTED_EDGE('',*,*,#6486,.T.);
#6570=ORIENTED_EDGE('',*,*,#6299,.F.);
#6571=ORIENTED_EDGE('',*,*,#6558,.T.);
#6572=ORIENTED_EDGE('',*,*,#6516,.T.);
#6573=EDGE_LOOP('',(#6569,#6570,#6571,#6572));
#6574=FACE_OUTER_BOUND('',#6573,.F.);
#6575=ADVANCED_FACE('',(#6574),#6568,.T.);
#6576=CARTESIAN_POINT('',(2.E0,2.5E0,-5.23E0));
#6577=DIRECTION('',(9.961946980917E-1,0.E0,8.715574274766E-2));
#6578=DIRECTION('',(8.715574274766E-2,0.E0,-9.961946980917E-1));
#6579=AXIS2_PLACEMENT_3D('',#6576,#6577,#6578);
#6580=PLANE('',#6579);
#6581=ORIENTED_EDGE('',*,*,#6078,.F.);
#6582=ORIENTED_EDGE('',*,*,#6117,.F.);
#6583=ORIENTED_EDGE('',*,*,#6162,.F.);
#6584=ORIENTED_EDGE('',*,*,#6184,.T.);
#6585=ORIENTED_EDGE('',*,*,#6210,.F.);
#6586=ORIENTED_EDGE('',*,*,#5125,.F.);
#6588=ORIENTED_EDGE('',*,*,#6587,.F.);
#6590=ORIENTED_EDGE('',*,*,#6589,.F.);
#6592=ORIENTED_EDGE('',*,*,#6591,.T.);
#6594=ORIENTED_EDGE('',*,*,#6593,.F.);
#6596=ORIENTED_EDGE('',*,*,#6595,.F.);
#6598=ORIENTED_EDGE('',*,*,#6597,.F.);
#6600=ORIENTED_EDGE('',*,*,#6599,.T.);
#6602=ORIENTED_EDGE('',*,*,#6601,.F.);
#6604=ORIENTED_EDGE('',*,*,#6603,.T.);
#6606=ORIENTED_EDGE('',*,*,#6605,.F.);
#6608=ORIENTED_EDGE('',*,*,#6607,.T.);
#6610=ORIENTED_EDGE('',*,*,#6609,.F.);
#6612=ORIENTED_EDGE('',*,*,#6611,.T.);
#6614=ORIENTED_EDGE('',*,*,#6613,.F.);
#6616=ORIENTED_EDGE('',*,*,#6615,.T.);
#6618=ORIENTED_EDGE('',*,*,#6617,.F.);
#6620=ORIENTED_EDGE('',*,*,#6619,.F.);
#6622=ORIENTED_EDGE('',*,*,#6621,.F.);
#6624=ORIENTED_EDGE('',*,*,#6623,.T.);
#6626=ORIENTED_EDGE('',*,*,#6625,.F.);
#6628=ORIENTED_EDGE('',*,*,#6627,.F.);
#6630=ORIENTED_EDGE('',*,*,#6629,.F.);
#6632=ORIENTED_EDGE('',*,*,#6631,.T.);
#6634=ORIENTED_EDGE('',*,*,#6633,.F.);
#6636=ORIENTED_EDGE('',*,*,#6635,.T.);
#6638=ORIENTED_EDGE('',*,*,#6637,.F.);
#6640=ORIENTED_EDGE('',*,*,#6639,.T.);
#6642=ORIENTED_EDGE('',*,*,#6641,.F.);
#6644=ORIENTED_EDGE('',*,*,#6643,.T.);
#6646=ORIENTED_EDGE('',*,*,#6645,.F.);
#6648=ORIENTED_EDGE('',*,*,#6647,.T.);
#6650=ORIENTED_EDGE('',*,*,#6649,.F.);
#6652=ORIENTED_EDGE('',*,*,#6651,.F.);
#6654=ORIENTED_EDGE('',*,*,#6653,.F.);
#6656=ORIENTED_EDGE('',*,*,#6655,.T.);
#6658=ORIENTED_EDGE('',*,*,#6657,.F.);
#6660=ORIENTED_EDGE('',*,*,#6659,.T.);
#6662=ORIENTED_EDGE('',*,*,#6661,.F.);
#6664=ORIENTED_EDGE('',*,*,#6663,.T.);
#6666=ORIENTED_EDGE('',*,*,#6665,.F.);
#6668=ORIENTED_EDGE('',*,*,#6667,.T.);
#6670=ORIENTED_EDGE('',*,*,#6669,.F.);
#6672=ORIENTED_EDGE('',*,*,#6671,.T.);
#6674=ORIENTED_EDGE('',*,*,#6673,.F.);
#6676=ORIENTED_EDGE('',*,*,#6675,.F.);
#6678=ORIENTED_EDGE('',*,*,#6677,.F.);
#6680=ORIENTED_EDGE('',*,*,#6679,.T.);
#6682=ORIENTED_EDGE('',*,*,#6681,.F.);
#6684=ORIENTED_EDGE('',*,*,#6683,.F.);
#6686=ORIENTED_EDGE('',*,*,#6685,.F.);
#6688=ORIENTED_EDGE('',*,*,#6687,.T.);
#6690=ORIENTED_EDGE('',*,*,#6689,.F.);
#6692=ORIENTED_EDGE('',*,*,#6691,.T.);
#6694=ORIENTED_EDGE('',*,*,#6693,.F.);
#6696=ORIENTED_EDGE('',*,*,#6695,.T.);
#6698=ORIENTED_EDGE('',*,*,#6697,.F.);
#6700=ORIENTED_EDGE('',*,*,#6699,.T.);
#6702=ORIENTED_EDGE('',*,*,#6701,.F.);
#6704=ORIENTED_EDGE('',*,*,#6703,.T.);
#6705=EDGE_LOOP('',(#6581,#6582,#6583,#6584,#6585,#6586,#6588,#6590,#6592,#6594,
#6596,#6598,#6600,#6602,#6604,#6606,#6608,#6610,#6612,#6614,#6616,#6618,#6620,
#6622,#6624,#6626,#6628,#6630,#6632,#6634,#6636,#6638,#6640,#6642,#6644,#6646,
#6648,#6650,#6652,#6654,#6656,#6658,#6660,#6662,#6664,#6666,#6668,#6670,#6672,
#6674,#6676,#6678,#6680,#6682,#6684,#6686,#6688,#6690,#6692,#6694,#6696,#6698,
#6700,#6702,#6704));
#6706=FACE_OUTER_BOUND('',#6705,.F.);
#6707=ADVANCED_FACE('',(#6706),#6580,.F.);
#6708=FILL_AREA_STYLE_COLOUR('',#3);
#6709=FILL_AREA_STYLE('',(#6708));
#6710=SURFACE_STYLE_FILL_AREA(#6709);
#6711=SURFACE_SIDE_STYLE('',(#6710));
#6712=SURFACE_STYLE_USAGE(.POSITIVE.,#6711);
#6713=PRESENTATION_STYLE_ASSIGNMENT((#6712));
#6714=OVER_RIDING_STYLED_ITEM('',(#6713),#6707,#9);
#6715=CARTESIAN_POINT('',(8.65E0,5.E-1,-7.9E0));
#6716=DIRECTION('',(0.E0,0.E0,-1.E0));
#6717=DIRECTION('',(-1.E0,0.E0,0.E0));
#6718=AXIS2_PLACEMENT_3D('',#6715,#6716,#6717);
#6719=PLANE('',#6718);
#6721=ORIENTED_EDGE('',*,*,#6720,.F.);
#6723=ORIENTED_EDGE('',*,*,#6722,.T.);
#6724=ORIENTED_EDGE('',*,*,#6587,.T.);
#6725=ORIENTED_EDGE('',*,*,#5123,.T.);
#6726=EDGE_LOOP('',(#6721,#6723,#6724,#6725));
#6727=FACE_OUTER_BOUND('',#6726,.F.);
#6728=ADVANCED_FACE('',(#6727),#6719,.T.);
#6729=FILL_AREA_STYLE_COLOUR('',#3);
#6730=FILL_AREA_STYLE('',(#6729));
#6731=SURFACE_STYLE_FILL_AREA(#6730);
#6732=SURFACE_SIDE_STYLE('',(#6731));
#6733=SURFACE_STYLE_USAGE(.POSITIVE.,#6732);
#6734=PRESENTATION_STYLE_ASSIGNMENT((#6733));
#6735=OVER_RIDING_STYLED_ITEM('',(#6734),#6728,#9);
#6736=CARTESIAN_POINT('',(8.65E0,5.E-1,7.43E0));
#6737=DIRECTION('',(1.E0,0.E0,0.E0));
#6738=DIRECTION('',(0.E0,0.E0,-1.E0));
#6739=AXIS2_PLACEMENT_3D('',#6736,#6737,#6738);
#6740=PLANE('',#6739);
#6742=ORIENTED_EDGE('',*,*,#6741,.T.);
#6744=ORIENTED_EDGE('',*,*,#6743,.T.);
#6745=ORIENTED_EDGE('',*,*,#6720,.T.);
#6746=ORIENTED_EDGE('',*,*,#5121,.T.);
#6747=EDGE_LOOP('',(#6742,#6744,#6745,#6746));
#6748=FACE_OUTER_BOUND('',#6747,.F.);
#6749=ADVANCED_FACE('',(#6748),#6740,.T.);
#6750=FILL_AREA_STYLE_COLOUR('',#3);
#6751=FILL_AREA_STYLE('',(#6750));
#6752=SURFACE_STYLE_FILL_AREA(#6751);
#6753=SURFACE_SIDE_STYLE('',(#6752));
#6754=SURFACE_STYLE_USAGE(.POSITIVE.,#6753);
#6755=PRESENTATION_STYLE_ASSIGNMENT((#6754));
#6756=OVER_RIDING_STYLED_ITEM('',(#6755),#6749,#9);
#6757=CARTESIAN_POINT('',(-8.65E0,5.E-1,7.43E0));
#6758=DIRECTION('',(0.E0,0.E0,1.E0));
#6759=DIRECTION('',(1.E0,0.E0,0.E0));
#6760=AXIS2_PLACEMENT_3D('',#6757,#6758,#6759);
#6761=PLANE('',#6760);
#6763=ORIENTED_EDGE('',*,*,#6762,.T.);
#6765=ORIENTED_EDGE('',*,*,#6764,.T.);
#6766=ORIENTED_EDGE('',*,*,#6741,.F.);
#6767=ORIENTED_EDGE('',*,*,#5119,.T.);
#6768=ORIENTED_EDGE('',*,*,#5423,.T.);
#6769=ORIENTED_EDGE('',*,*,#5759,.T.);
#6770=EDGE_LOOP('',(#6763,#6765,#6766,#6767,#6768,#6769));
#6771=FACE_OUTER_BOUND('',#6770,.F.);
#6772=ORIENTED_EDGE('',*,*,#5558,.F.);
#6774=ORIENTED_EDGE('',*,*,#6773,.F.);
#6775=ORIENTED_EDGE('',*,*,#5478,.T.);
#6777=ORIENTED_EDGE('',*,*,#6776,.F.);
#6778=EDGE_LOOP('',(#6772,#6774,#6775,#6777));
#6779=FACE_BOUND('',#6778,.F.);
#6781=ORIENTED_EDGE('',*,*,#6780,.F.);
#6783=ORIENTED_EDGE('',*,*,#6782,.F.);
#6785=ORIENTED_EDGE('',*,*,#6784,.F.);
#6787=ORIENTED_EDGE('',*,*,#6786,.T.);
#6788=EDGE_LOOP('',(#6781,#6783,#6785,#6787));
#6789=FACE_BOUND('',#6788,.F.);
#6790=ADVANCED_FACE('',(#6771,#6779,#6789),#6761,.T.);
#6791=FILL_AREA_STYLE_COLOUR('',#3);
#6792=FILL_AREA_STYLE('',(#6791));
#6793=SURFACE_STYLE_FILL_AREA(#6792);
#6794=SURFACE_SIDE_STYLE('',(#6793));
#6795=SURFACE_STYLE_USAGE(.POSITIVE.,#6794);
#6796=PRESENTATION_STYLE_ASSIGNMENT((#6795));
#6797=OVER_RIDING_STYLED_ITEM('',(#6796),#6790,#9);
#6798=CARTESIAN_POINT('',(-8.65E0,5.E-1,-7.43E0));
#6799=DIRECTION('',(-1.E0,0.E0,0.E0));
#6800=DIRECTION('',(0.E0,0.E0,1.E0));
#6801=AXIS2_PLACEMENT_3D('',#6798,#6799,#6800);
#6802=PLANE('',#6801);
#6804=ORIENTED_EDGE('',*,*,#6803,.T.);
#6806=ORIENTED_EDGE('',*,*,#6805,.T.);
#6807=ORIENTED_EDGE('',*,*,#6762,.F.);
#6808=ORIENTED_EDGE('',*,*,#5757,.T.);
#6809=EDGE_LOOP('',(#6804,#6806,#6807,#6808));
#6810=FACE_OUTER_BOUND('',#6809,.F.);
#6811=ADVANCED_FACE('',(#6810),#6802,.T.);
#6812=FILL_AREA_STYLE_COLOUR('',#3);
#6813=FILL_AREA_STYLE('',(#6812));
#6814=SURFACE_STYLE_FILL_AREA(#6813);
#6815=SURFACE_SIDE_STYLE('',(#6814));
#6816=SURFACE_STYLE_USAGE(.POSITIVE.,#6815);
#6817=PRESENTATION_STYLE_ASSIGNMENT((#6816));
#6818=OVER_RIDING_STYLED_ITEM('',(#6817),#6811,#9);
#6819=CARTESIAN_POINT('',(8.65E0,5.E-1,-7.9E0));
#6820=DIRECTION('',(0.E0,0.E0,-1.E0));
#6821=DIRECTION('',(-1.E0,0.E0,0.E0));
#6822=AXIS2_PLACEMENT_3D('',#6819,#6820,#6821);
#6823=PLANE('',#6822);
#6824=ORIENTED_EDGE('',*,*,#6025,.T.);
#6826=ORIENTED_EDGE('',*,*,#6825,.T.);
#6827=ORIENTED_EDGE('',*,*,#6803,.F.);
#6828=ORIENTED_EDGE('',*,*,#5755,.T.);
#6829=EDGE_LOOP('',(#6824,#6826,#6827,#6828));
#6830=FACE_OUTER_BOUND('',#6829,.F.);
#6831=ADVANCED_FACE('',(#6830),#6823,.T.);
#6832=FILL_AREA_STYLE_COLOUR('',#3);
#6833=FILL_AREA_STYLE('',(#6832));
#6834=SURFACE_STYLE_FILL_AREA(#6833);
#6835=SURFACE_SIDE_STYLE('',(#6834));
#6836=SURFACE_STYLE_USAGE(.POSITIVE.,#6835);
#6837=PRESENTATION_STYLE_ASSIGNMENT((#6836));
#6838=OVER_RIDING_STYLED_ITEM('',(#6837),#6831,#9);
#6839=CARTESIAN_POINT('',(0.E0,1.04E1,0.E0));
#6840=DIRECTION('',(0.E0,-1.E0,0.E0));
#6841=DIRECTION('',(-1.E0,0.E0,0.E0));
#6842=AXIS2_PLACEMENT_3D('',#6839,#6840,#6841);
#6843=PLANE('',#6842);
#6844=ORIENTED_EDGE('',*,*,#6589,.T.);
#6845=ORIENTED_EDGE('',*,*,#6722,.F.);
#6846=ORIENTED_EDGE('',*,*,#6743,.F.);
#6847=ORIENTED_EDGE('',*,*,#6764,.F.);
#6848=ORIENTED_EDGE('',*,*,#6805,.F.);
#6849=ORIENTED_EDGE('',*,*,#6825,.F.);
#6850=ORIENTED_EDGE('',*,*,#6023,.T.);
#6852=ORIENTED_EDGE('',*,*,#6851,.T.);
#6853=EDGE_LOOP('',(#6844,#6845,#6846,#6847,#6848,#6849,#6850,#6852));
#6854=FACE_OUTER_BOUND('',#6853,.F.);
#6855=ADVANCED_FACE('',(#6854),#6843,.F.);
#6856=FILL_AREA_STYLE_COLOUR('',#3);
#6857=FILL_AREA_STYLE('',(#6856));
#6858=SURFACE_STYLE_FILL_AREA(#6857);
#6859=SURFACE_SIDE_STYLE('',(#6858));
#6860=SURFACE_STYLE_USAGE(.POSITIVE.,#6859);
#6861=PRESENTATION_STYLE_ASSIGNMENT((#6860));
#6862=OVER_RIDING_STYLED_ITEM('',(#6861),#6855,#9);
#6863=CARTESIAN_POINT('',(-2.E0,2.5E0,-5.23E0));
#6864=DIRECTION('',(0.E0,0.E0,1.E0));
#6865=DIRECTION('',(1.E0,0.E0,0.E0));
#6866=AXIS2_PLACEMENT_3D('',#6863,#6864,#6865);
#6867=PLANE('',#6866);
#6869=ORIENTED_EDGE('',*,*,#6868,.F.);
#6870=ORIENTED_EDGE('',*,*,#6591,.F.);
#6871=ORIENTED_EDGE('',*,*,#6851,.F.);
#6872=ORIENTED_EDGE('',*,*,#6021,.T.);
#6873=EDGE_LOOP('',(#6869,#6870,#6871,#6872));
#6874=FACE_OUTER_BOUND('',#6873,.F.);
#6875=ADVANCED_FACE('',(#6874),#6867,.F.);
#6876=FILL_AREA_STYLE_COLOUR('',#3);
#6877=FILL_AREA_STYLE('',(#6876));
#6878=SURFACE_STYLE_FILL_AREA(#6877);
#6879=SURFACE_SIDE_STYLE('',(#6878));
#6880=SURFACE_STYLE_USAGE(.POSITIVE.,#6879);
#6881=PRESENTATION_STYLE_ASSIGNMENT((#6880));
#6882=OVER_RIDING_STYLED_ITEM('',(#6881),#6875,#9);
#6883=CARTESIAN_POINT('',(1.926335181201E0,7.766382614292E0,-4.824867218268E0));
#6884=CARTESIAN_POINT('',(2.116229896725E0,7.766382614959E0,-5.300494303607E0));
#6885=CARTESIAN_POINT('',(2.306124612249E0,7.766382615626E0,-5.776121388945E0));
#6886=CARTESIAN_POINT('',(2.496019327774E0,7.766382616294E0,-6.251748474284E0));
#6887=CARTESIAN_POINT('',(1.902838618686E0,7.766638967673E0,-4.834251713684E0));
#6888=CARTESIAN_POINT('',(2.090417111900E0,7.766638968102E0,-5.310803904055E0));
#6889=CARTESIAN_POINT('',(2.277995605113E0,7.766638968531E0,-5.787356094427E0));
#6890=CARTESIAN_POINT('',(2.465574098327E0,7.766638968960E0,-6.263908284798E0));
#6891=CARTESIAN_POINT('',(1.290152700672E0,7.773323881704E0,-5.073809417586E0));
#6892=CARTESIAN_POINT('',(1.417334371730E0,7.773323876250E0,-5.573976738764E0));
#6893=CARTESIAN_POINT('',(1.544516042788E0,7.773323870796E0,-6.074144059943E0));
#6894=CARTESIAN_POINT('',(1.671697713845E0,7.773323865342E0,-6.574311381121E0));
#6895=CARTESIAN_POINT('',(-3.811533061060E-6,7.787419027764E0,
-5.312185478036E0));
#6896=CARTESIAN_POINT('',(-4.032677413890E-6,7.787419026499E0,
-5.835851613501E0));
#6897=CARTESIAN_POINT('',(-4.253821756950E-6,7.787419025234E0,
-6.359517748966E0));
#6898=CARTESIAN_POINT('',(-4.474966106338E-6,7.787419023969E0,
-6.883183884431E0));
#6899=CARTESIAN_POINT('',(-1.290165540121E0,7.801547311635E0,
-5.073839628436E0));
#6900=CARTESIAN_POINT('',(-1.417348231104E0,7.801547315197E0,
-5.574009928475E0));
#6901=CARTESIAN_POINT('',(-1.544530922088E0,7.801547318758E0,
-6.074180228515E0));
#6902=CARTESIAN_POINT('',(-1.671713613071E0,7.801547322320E0,
-6.574350528554E0));
#6903=CARTESIAN_POINT('',(-1.902856700929E0,7.808265528862E0,
-4.834296272699E0));
#6904=CARTESIAN_POINT('',(-2.090436794622E0,7.808265527162E0,
-5.310852856673E0));
#6905=CARTESIAN_POINT('',(-2.278016888314E0,7.808265525463E0,
-5.787409440646E0));
#6906=CARTESIAN_POINT('',(-2.465596982006E0,7.808265523764E0,
-6.263966024620E0));
#6907=CARTESIAN_POINT('',(-1.926353466438E0,7.808523186845E0,
-4.824912328513E0));
#6908=CARTESIAN_POINT('',(-2.116249804949E0,7.808523184932E0,
-5.300543861805E0));
#6909=CARTESIAN_POINT('',(-2.306146143460E0,7.808523183019E0,
-5.776175395098E0));
#6910=CARTESIAN_POINT('',(-2.496042481970E0,7.808523181106E0,
-6.251806928390E0));
#6911=B_SPLINE_SURFACE_WITH_KNOTS('',3,3,((#6883,#6884,#6885,#6886),(#6887,
#6888,#6889,#6890),(#6891,#6892,#6893,#6894),(#6895,#6896,#6897,#6898),(#6899,
#6900,#6901,#6902),(#6903,#6904,#6905,#6906),(#6907,#6908,#6909,#6910)),
.UNSPECIFIED.,.F.,.F.,.F.,(4,1,1,1,4),(4,4),(-1.999999918521E-2,0.E0,5.E-1,1.E0,
1.019999997063E0),(-1.513222137068E-3,1.000090524627E0),.UNSPECIFIED.);
#6912=ORIENTED_EDGE('',*,*,#6019,.T.);
#6914=ORIENTED_EDGE('',*,*,#6913,.T.);
#6915=ORIENTED_EDGE('',*,*,#6593,.T.);
#6916=ORIENTED_EDGE('',*,*,#6868,.T.);
#6917=EDGE_LOOP('',(#6912,#6914,#6915,#6916));
#6918=FACE_OUTER_BOUND('',#6917,.F.);
#6919=ADVANCED_FACE('',(#6918),#6911,.F.);
#6920=FILL_AREA_STYLE_COLOUR('',#7);
#6921=FILL_AREA_STYLE('',(#6920));
#6922=SURFACE_STYLE_FILL_AREA(#6921);
#6923=SURFACE_SIDE_STYLE('',(#6922));
#6924=SURFACE_STYLE_USAGE(.POSITIVE.,#6923);
#6925=PRESENTATION_STYLE_ASSIGNMENT((#6924));
#6926=OVER_RIDING_STYLED_ITEM('',(#6925),#6919,#9);
#6927=CARTESIAN_POINT('',(2.180001992627E0,7.800789059090E0,-6.335339375821E0));
#6928=CARTESIAN_POINT('',(2.180001992627E0,7.679633160855E0,-6.335339375821E0));
#6929=CARTESIAN_POINT('',(2.180001992627E0,7.558477262621E0,-6.335339375821E0));
#6930=CARTESIAN_POINT('',(2.180001992627E0,7.437321364386E0,-6.335339375821E0));
#6931=CARTESIAN_POINT('',(2.153084573170E0,7.801014904452E0,-6.344604449404E0));
#6932=CARTESIAN_POINT('',(2.153084573170E0,7.679859006218E0,-6.344604449404E0));
#6933=CARTESIAN_POINT('',(2.153084573170E0,7.558703107983E0,-6.344604449404E0));
#6934=CARTESIAN_POINT('',(2.153084573170E0,7.437547209749E0,-6.344604449404E0));
#6935=CARTESIAN_POINT('',(1.451700693034E0,7.806900499686E0,-6.581053508671E0));
#6936=CARTESIAN_POINT('',(1.451700693034E0,7.685744601452E0,-6.581053508671E0));
#6937=CARTESIAN_POINT('',(1.451700693034E0,7.564588703217E0,-6.581053508671E0));
#6938=CARTESIAN_POINT('',(1.451700693034E0,7.443432804982E0,-6.581053508671E0));
#6939=CARTESIAN_POINT('',(-1.923559707073E-7,7.819122000508E0,
-6.814412714542E0));
#6940=CARTESIAN_POINT('',(-1.923559728167E-7,7.697966102274E0,
-6.814412714542E0));
#6941=CARTESIAN_POINT('',(-1.923559703743E-7,7.576810204039E0,
-6.814412714542E0));
#6942=CARTESIAN_POINT('',(-1.923559742600E-7,7.455654305804E0,
-6.814412714542E0));
#6943=CARTESIAN_POINT('',(-1.451697495132E0,7.831415828090E0,
-6.581038399042E0));
#6944=CARTESIAN_POINT('',(-1.451697495132E0,7.710259929855E0,
-6.581038399042E0));
#6945=CARTESIAN_POINT('',(-1.451697495132E0,7.589104031621E0,
-6.581038399042E0));
#6946=CARTESIAN_POINT('',(-1.451697495132E0,7.467948133386E0,
-6.581038399042E0));
#6947=CARTESIAN_POINT('',(-2.153077807377E0,7.837374706995E0,
-6.344582251159E0));
#6948=CARTESIAN_POINT('',(-2.153077807377E0,7.716218808760E0,
-6.344582251159E0));
#6949=CARTESIAN_POINT('',(-2.153077807377E0,7.595062910525E0,
-6.344582251159E0));
#6950=CARTESIAN_POINT('',(-2.153077807377E0,7.473907012291E0,
-6.344582251159E0));
#6951=CARTESIAN_POINT('',(-2.179994607200E0,7.837603419843E0,
-6.335317074528E0));
#6952=CARTESIAN_POINT('',(-2.179994607200E0,7.716447521608E0,
-6.335317074528E0));
#6953=CARTESIAN_POINT('',(-2.179994607200E0,7.595291623373E0,
-6.335317074528E0));
#6954=CARTESIAN_POINT('',(-2.179994607200E0,7.474135725139E0,
-6.335317074528E0));
#6955=B_SPLINE_SURFACE_WITH_KNOTS('',3,3,((#6927,#6928,#6929,#6930),(#6931,
#6932,#6933,#6934),(#6935,#6936,#6937,#6938),(#6939,#6940,#6941,#6942),(#6943,
#6944,#6945,#6946),(#6947,#6948,#6949,#6950),(#6951,#6952,#6953,#6954)),
.UNSPECIFIED.,.F.,.F.,.F.,(4,1,1,1,4),(4,4),(-1.999999270046E-2,0.E0,5.E-1,1.E0,
1.019999620743E0),(-2.465798630165E-4,1.000326644039E0),.UNSPECIFIED.);
#6956=ORIENTED_EDGE('',*,*,#6017,.T.);
#6958=ORIENTED_EDGE('',*,*,#6957,.T.);
#6959=ORIENTED_EDGE('',*,*,#6595,.T.);
#6960=ORIENTED_EDGE('',*,*,#6913,.F.);
#6961=EDGE_LOOP('',(#6956,#6958,#6959,#6960));
#6962=FACE_OUTER_BOUND('',#6961,.F.);
#6963=ADVANCED_FACE('',(#6962),#6955,.F.);
#6964=FILL_AREA_STYLE_COLOUR('',#7);
#6965=FILL_AREA_STYLE('',(#6964));
#6966=SURFACE_STYLE_FILL_AREA(#6965);
#6967=SURFACE_SIDE_STYLE('',(#6966));
#6968=SURFACE_STYLE_USAGE(.POSITIVE.,#6967);
#6969=PRESENTATION_STYLE_ASSIGNMENT((#6968));
#6970=OVER_RIDING_STYLED_ITEM('',(#6969),#6963,#9);
#6971=CARTESIAN_POINT('',(2.496026825767E0,7.466382616293E0,-6.251767254421E0));
#6972=CARTESIAN_POINT('',(2.306129610907E0,7.466382615625E0,-5.776133909026E0));
#6973=CARTESIAN_POINT('',(2.116232396048E0,7.466382614958E0,-5.300500563631E0));
#6974=CARTESIAN_POINT('',(1.926335181188E0,7.466382614291E0,-4.824867218236E0));
#6975=CARTESIAN_POINT('',(2.465581504864E0,7.466638968959E0,-6.263927101463E0));
#6976=CARTESIAN_POINT('',(2.278000542801E0,7.466638968530E0,-5.787368638859E0));
#6977=CARTESIAN_POINT('',(2.090419580737E0,7.466638968101E0,-5.310810176255E0));
#6978=CARTESIAN_POINT('',(1.902838618673E0,7.466638967672E0,-4.834251713652E0));
#6979=CARTESIAN_POINT('',(1.671702735614E0,7.473323865340E0,-6.574331130229E0));
#6980=CARTESIAN_POINT('',(1.544519390631E0,7.473323870795E0,-6.074157226004E0));
#6981=CARTESIAN_POINT('',(1.417336045648E0,7.473323876249E0,-5.573983321778E0));
#6982=CARTESIAN_POINT('',(1.290152700664E0,7.473323881703E0,-5.073809417553E0));
#6983=CARTESIAN_POINT('',(-4.474975061841E-6,7.487419023968E0,
-6.883204561390E0));
#6984=CARTESIAN_POINT('',(-4.253827675771E-6,7.487419025233E0,
-6.359531533593E0));
#6985=CARTESIAN_POINT('',(-4.032680287036E-6,7.487419026498E0,
-5.835858505798E0));
#6986=CARTESIAN_POINT('',(-3.811532899078E-6,7.487419027763E0,
-5.312185478002E0));
#6987=CARTESIAN_POINT('',(-1.671718634880E0,7.501547322319E0,
-6.574370277780E0));
#6988=CARTESIAN_POINT('',(-1.544534269958E0,7.501547318758E0,
-6.074193394654E0));
#6989=CARTESIAN_POINT('',(-1.417349905035E0,7.501547315196E0,
-5.574016511529E0));
#6990=CARTESIAN_POINT('',(-1.290165540113E0,7.501547311634E0,
-5.073839628403E0));
#6991=CARTESIAN_POINT('',(-2.465604388607E0,7.508265523764E0,
-6.263984841458E0));
#6992=CARTESIAN_POINT('',(-2.278021826044E0,7.508265525463E0,
-5.787421985194E0));
#6993=CARTESIAN_POINT('',(-2.090439263480E0,7.508265527162E0,
-5.310859128931E0));
#6994=CARTESIAN_POINT('',(-1.902856700916E0,7.508265528861E0,
-4.834296272667E0));
#6995=CARTESIAN_POINT('',(-2.496049980028E0,7.508523181105E0,
-6.251825708703E0));
#6996=CARTESIAN_POINT('',(-2.306151142160E0,7.508523183018E0,
-5.776187915295E0));
#6997=CARTESIAN_POINT('',(-2.116252304293E0,7.508523184931E0,
-5.300550121888E0));
#6998=CARTESIAN_POINT('',(-1.926353466425E0,7.508523186844E0,
-4.824912328481E0));
#6999=B_SPLINE_SURFACE_WITH_KNOTS('',3,3,((#6971,#6972,#6973,#6974),(#6975,
#6976,#6977,#6978),(#6979,#6980,#6981,#6982),(#6983,#6984,#6985,#6986),(#6987,
#6988,#6989,#6990),(#6991,#6992,#6993,#6994),(#6995,#6996,#6997,#6998)),
.UNSPECIFIED.,.F.,.F.,.F.,(4,1,1,1,4),(4,4),(-1.999999918524E-2,0.E0,5.E-1,1.E0,
1.019999997063E0),(-1.037076980073E-4,1.001516070667E0),.UNSPECIFIED.);
#7000=ORIENTED_EDGE('',*,*,#6015,.T.);
#7002=ORIENTED_EDGE('',*,*,#7001,.T.);
#7003=ORIENTED_EDGE('',*,*,#6597,.T.);
#7004=ORIENTED_EDGE('',*,*,#6957,.F.);
#7005=EDGE_LOOP('',(#7000,#7002,#7003,#7004));
#7006=FACE_OUTER_BOUND('',#7005,.F.);
#7007=ADVANCED_FACE('',(#7006),#6999,.F.);
#7008=CARTESIAN_POINT('',(-2.E0,2.5E0,-5.23E0));
#7009=DIRECTION('',(0.E0,0.E0,1.E0));
#7010=DIRECTION('',(1.E0,0.E0,0.E0));
#7011=AXIS2_PLACEMENT_3D('',#7008,#7009,#7010);
#7012=PLANE('',#7011);
#7014=ORIENTED_EDGE('',*,*,#7013,.F.);
#7015=ORIENTED_EDGE('',*,*,#6599,.F.);
#7016=ORIENTED_EDGE('',*,*,#7001,.F.);
#7017=ORIENTED_EDGE('',*,*,#6013,.T.);
#7018=EDGE_LOOP('',(#7014,#7015,#7016,#7017));
#7019=FACE_OUTER_BOUND('',#7018,.F.);
#7020=ADVANCED_FACE('',(#7019),#7012,.F.);
#7021=FILL_AREA_STYLE_COLOUR('',#3);
#7022=FILL_AREA_STYLE('',(#7021));
#7023=SURFACE_STYLE_FILL_AREA(#7022);
#7024=SURFACE_SIDE_STYLE('',(#7023));
#7025=SURFACE_STYLE_USAGE(.POSITIVE.,#7024);
#7026=PRESENTATION_STYLE_ASSIGNMENT((#7025));
#7027=OVER_RIDING_STYLED_ITEM('',(#7026),#7020,#9);
#7028=CARTESIAN_POINT('',(1.926401349584E0,7.416382719066E0,-4.825034500999E0));
#7029=CARTESIAN_POINT('',(2.116282627335E0,7.416382719718E0,-5.300628083541E0));
#7030=CARTESIAN_POINT('',(2.306163905086E0,7.416382720370E0,-5.776221666083E0));
#7031=CARTESIAN_POINT('',(2.496045182837E0,7.416382721021E0,-6.251815248625E0));
#7032=CARTESIAN_POINT('',(1.902903520431E0,7.416638969198E0,-4.834417638734E0));
#7033=CARTESIAN_POINT('',(2.090468694630E0,7.416638969610E0,-5.310936095019E0));
#7034=CARTESIAN_POINT('',(2.278033868828E0,7.416638970023E0,-5.787454551303E0));
#7035=CARTESIAN_POINT('',(2.465599043027E0,7.416638970435E0,-6.263973007587E0));
#7036=CARTESIAN_POINT('',(1.290185272559E0,7.423321354357E0,-5.073940631242E0));
#7037=CARTESIAN_POINT('',(1.417356789913E0,7.423321348859E0,-5.574068308836E0));
#7038=CARTESIAN_POINT('',(1.544528307267E0,7.423321343361E0,-6.074195986429E0));
#7039=CARTESIAN_POINT('',(1.671699824621E0,7.423321337864E0,-6.574323664023E0));
#7040=CARTESIAN_POINT('',(-4.717835088153E-6,7.437419636173E0,
-5.312281546292E0));
#7041=CARTESIAN_POINT('',(-5.028771381865E-6,7.437419634913E0,
-5.835902096336E0));
#7042=CARTESIAN_POINT('',(-5.339707675911E-6,7.437419633654E0,
-6.359522646379E0));
#7043=CARTESIAN_POINT('',(-5.650643968180E-6,7.437419632395E0,
-6.883143196423E0));
#7044=CARTESIAN_POINT('',(-1.290201486153E0,7.451566909874E0,
-5.073980237977E0));
#7045=CARTESIAN_POINT('',(-1.417374386233E0,7.451566913742E0,
-5.574111814897E0));
#7046=CARTESIAN_POINT('',(-1.544547286312E0,7.451566917609E0,
-6.074243391817E0));
#7047=CARTESIAN_POINT('',(-1.671720186392E0,7.451566921477E0,
-6.574374968737E0));
#7048=CARTESIAN_POINT('',(-1.902926546126E0,7.458298532061E0,
-4.834476055829E0));
#7049=CARTESIAN_POINT('',(-2.090493867732E0,7.458298530884E0,
-5.311000263311E0));
#7050=CARTESIAN_POINT('',(-2.278061189337E0,7.458298529707E0,
-5.787524470793E0));
#7051=CARTESIAN_POINT('',(-2.465628510942E0,7.458298528531E0,
-6.264048678276E0));
#7052=CARTESIAN_POINT('',(-1.926424640477E0,7.458556711E0,-4.825093640152E0));
#7053=CARTESIAN_POINT('',(-2.116308095427E0,7.458556709618E0,
-5.300693044979E0));
#7054=CARTESIAN_POINT('',(-2.306191550377E0,7.458556708236E0,
-5.776292449805E0));
#7055=CARTESIAN_POINT('',(-2.496075005326E0,7.458556706854E0,
-6.251891854632E0));
#7056=B_SPLINE_SURFACE_WITH_KNOTS('',3,3,((#7028,#7029,#7030,#7031),(#7032,
#7033,#7034,#7035),(#7036,#7037,#7038,#7039),(#7040,#7041,#7042,#7043),(#7044,
#7045,#7046,#7047),(#7048,#7049,#7050,#7051),(#7052,#7053,#7054,#7055)),
.UNSPECIFIED.,.F.,.F.,.F.,(4,1,1,1,4),(4,4),(-1.999999954443E-2,0.E0,5.E-1,1.E0,
1.019999998068E0),(-1.435709220753E-3,1.000085670410E0),.UNSPECIFIED.);
#7057=ORIENTED_EDGE('',*,*,#6011,.T.);
#7059=ORIENTED_EDGE('',*,*,#7058,.T.);
#7060=ORIENTED_EDGE('',*,*,#6601,.T.);
#7061=ORIENTED_EDGE('',*,*,#7013,.T.);
#7062=EDGE_LOOP('',(#7057,#7059,#7060,#7061));
#7063=FACE_OUTER_BOUND('',#7062,.F.);
#7064=ADVANCED_FACE('',(#7063),#7056,.F.);
#7065=FILL_AREA_STYLE_COLOUR('',#7);
#7066=FILL_AREA_STYLE('',(#7065));
#7067=SURFACE_STYLE_FILL_AREA(#7066);
#7068=SURFACE_SIDE_STYLE('',(#7067));
#7069=SURFACE_STYLE_USAGE(.POSITIVE.,#7068);
#7070=PRESENTATION_STYLE_ASSIGNMENT((#7069));
#7071=OVER_RIDING_STYLED_ITEM('',(#7070),#7064,#9);
#7072=CARTESIAN_POINT('',(-4.1E0,7.875E0,5.906388491006E-14));
#7073=DIRECTION('',(0.E0,1.E0,0.E0));
#7074=DIRECTION('',(-1.E0,0.E0,1.426636586643E-14));
#7075=AXIS2_PLACEMENT_3D('',#7072,#7073,#7074);
#7076=PLANE('',#7075);
#7077=ORIENTED_EDGE('',*,*,#6773,.T.);
#7078=ORIENTED_EDGE('',*,*,#5556,.F.);
#7080=ORIENTED_EDGE('',*,*,#7079,.F.);
#7081=ORIENTED_EDGE('',*,*,#5480,.T.);
#7082=EDGE_LOOP('',(#7077,#7078,#7080,#7081));
#7083=FACE_OUTER_BOUND('',#7082,.F.);
#7084=ADVANCED_FACE('',(#7083),#7076,.T.);
#7085=FILL_AREA_STYLE_COLOUR('',#7);
#7086=FILL_AREA_STYLE('',(#7085));
#7087=SURFACE_STYLE_FILL_AREA(#7086);
#7088=SURFACE_SIDE_STYLE('',(#7087));
#7089=SURFACE_STYLE_USAGE(.POSITIVE.,#7088);
#7090=PRESENTATION_STYLE_ASSIGNMENT((#7089));
#7091=OVER_RIDING_STYLED_ITEM('',(#7090),#7084,#9);
#7092=CARTESIAN_POINT('',(2.561831203784E1,7.375E0,7.9E0));
#7093=DIRECTION('',(-1.E0,0.E0,1.426639894605E-14));
#7094=DIRECTION('',(1.426639894605E-14,0.E0,1.E0));
#7095=AXIS2_PLACEMENT_3D('',#7092,#7093,#7094);
#7096=CYLINDRICAL_SURFACE('',#7095,5.E-1);
#7097=ORIENTED_EDGE('',*,*,#5482,.F.);
#7098=ORIENTED_EDGE('',*,*,#7079,.T.);
#7099=ORIENTED_EDGE('',*,*,#5554,.F.);
#7101=ORIENTED_EDGE('',*,*,#7100,.T.);
#7102=EDGE_LOOP('',(#7097,#7098,#7099,#7101));
#7103=FACE_OUTER_BOUND('',#7102,.F.);
#7104=ADVANCED_FACE('',(#7103),#7096,.T.);
#7105=FILL_AREA_STYLE_COLOUR('',#7);
#7106=FILL_AREA_STYLE('',(#7105));
#7107=SURFACE_STYLE_FILL_AREA(#7106);
#7108=SURFACE_SIDE_STYLE('',(#7107));
#7109=SURFACE_STYLE_USAGE(.POSITIVE.,#7108);
#7110=PRESENTATION_STYLE_ASSIGNMENT((#7109));
#7111=OVER_RIDING_STYLED_ITEM('',(#7110),#7104,#9);
#7112=CARTESIAN_POINT('',(1.198374832780E-13,2.5E0,8.4E0));
#7113=DIRECTION('',(1.426636586643E-14,0.E0,1.E0));
#7114=DIRECTION('',(1.E0,0.E0,-1.426636586643E-14));
#7115=AXIS2_PLACEMENT_3D('',#7112,#7113,#7114);
#7116=PLANE('',#7115);
#7117=ORIENTED_EDGE('',*,*,#7100,.F.);
#7118=ORIENTED_EDGE('',*,*,#5552,.T.);
#7120=ORIENTED_EDGE('',*,*,#7119,.F.);
#7121=ORIENTED_EDGE('',*,*,#5484,.T.);
#7122=EDGE_LOOP('',(#7117,#7118,#7120,#7121));
#7123=FACE_OUTER_BOUND('',#7122,.F.);
#7124=ADVANCED_FACE('',(#7123),#7116,.T.);
#7125=FILL_AREA_STYLE_COLOUR('',#7);
#7126=FILL_AREA_STYLE('',(#7125));
#7127=SURFACE_STYLE_FILL_AREA(#7126);
#7128=SURFACE_SIDE_STYLE('',(#7127));
#7129=SURFACE_STYLE_USAGE(.POSITIVE.,#7128);
#7130=PRESENTATION_STYLE_ASSIGNMENT((#7129));
#7131=OVER_RIDING_STYLED_ITEM('',(#7130),#7124,#9);
#7132=CARTESIAN_POINT('',(-2.561831203784E1,-2.E-1,7.9E0));
#7133=DIRECTION('',(1.E0,0.E0,-1.426639894605E-14));
#7134=DIRECTION('',(1.426639894605E-14,0.E0,1.E0));
#7135=AXIS2_PLACEMENT_3D('',#7132,#7133,#7134);
#7136=CYLINDRICAL_SURFACE('',#7135,5.E-1);
#7137=ORIENTED_EDGE('',*,*,#5550,.F.);
#7139=ORIENTED_EDGE('',*,*,#7138,.T.);
#7140=ORIENTED_EDGE('',*,*,#5486,.F.);
#7141=ORIENTED_EDGE('',*,*,#7119,.T.);
#7142=EDGE_LOOP('',(#7137,#7139,#7140,#7141));
#7143=FACE_OUTER_BOUND('',#7142,.F.);
#7144=ADVANCED_FACE('',(#7143),#7136,.T.);
#7145=FILL_AREA_STYLE_COLOUR('',#7);
#7146=FILL_AREA_STYLE('',(#7145));
#7147=SURFACE_STYLE_FILL_AREA(#7146);
#7148=SURFACE_SIDE_STYLE('',(#7147));
#7149=SURFACE_STYLE_USAGE(.POSITIVE.,#7148);
#7150=PRESENTATION_STYLE_ASSIGNMENT((#7149));
#7151=OVER_RIDING_STYLED_ITEM('',(#7150),#7144,#9);
#7152=CARTESIAN_POINT('',(-6.7E0,-7.E-1,8.4E0));
#7153=DIRECTION('',(0.E0,-1.E0,0.E0));
#7154=DIRECTION('',(1.E0,0.E0,-1.426636586643E-14));
#7155=AXIS2_PLACEMENT_3D('',#7152,#7153,#7154);
#7156=PLANE('',#7155);
#7157=ORIENTED_EDGE('',*,*,#7138,.F.);
#7158=ORIENTED_EDGE('',*,*,#5548,.T.);
#7160=ORIENTED_EDGE('',*,*,#7159,.T.);
#7161=ORIENTED_EDGE('',*,*,#5488,.T.);
#7162=EDGE_LOOP('',(#7157,#7158,#7160,#7161));
#7163=FACE_OUTER_BOUND('',#7162,.F.);
#7164=ADVANCED_FACE('',(#7163),#7156,.T.);
#7165=FILL_AREA_STYLE_COLOUR('',#7);
#7166=FILL_AREA_STYLE('',(#7165));
#7167=SURFACE_STYLE_FILL_AREA(#7166);
#7168=SURFACE_SIDE_STYLE('',(#7167));
#7169=SURFACE_STYLE_USAGE(.POSITIVE.,#7168);
#7170=PRESENTATION_STYLE_ASSIGNMENT((#7169));
#7171=OVER_RIDING_STYLED_ITEM('',(#7170),#7164,#9);
#7172=CARTESIAN_POINT('',(-6.7E0,-7.E-1,5.4E0));
#7173=DIRECTION('',(-1.426636586643E-14,0.E0,-1.E0));
#7174=DIRECTION('',(1.E0,0.E0,-1.426636586643E-14));
#7175=AXIS2_PLACEMENT_3D('',#7172,#7173,#7174);
#7176=PLANE('',#7175);
#7178=ORIENTED_EDGE('',*,*,#7177,.T.);
#7179=ORIENTED_EDGE('',*,*,#5490,.T.);
#7180=ORIENTED_EDGE('',*,*,#7159,.F.);
#7181=ORIENTED_EDGE('',*,*,#5546,.F.);
#7182=EDGE_LOOP('',(#7178,#7179,#7180,#7181));
#7183=FACE_OUTER_BOUND('',#7182,.F.);
#7184=ADVANCED_FACE('',(#7183),#7176,.T.);
#7185=FILL_AREA_STYLE_COLOUR('',#7);
#7186=FILL_AREA_STYLE('',(#7185));
#7187=SURFACE_STYLE_FILL_AREA(#7186);
#7188=SURFACE_SIDE_STYLE('',(#7187));
#7189=SURFACE_STYLE_USAGE(.POSITIVE.,#7188);
#7190=PRESENTATION_STYLE_ASSIGNMENT((#7189));
#7191=OVER_RIDING_STYLED_ITEM('',(#7190),#7184,#9);
#7192=CARTESIAN_POINT('',(0.E0,-4.E-1,0.E0));
#7193=DIRECTION('',(0.E0,-1.E0,0.E0));
#7194=DIRECTION('',(0.E0,0.E0,1.E0));
#7195=AXIS2_PLACEMENT_3D('',#7192,#7193,#7194);
#7196=PLANE('',#7195);
#7197=ORIENTED_EDGE('',*,*,#5544,.F.);
#7199=ORIENTED_EDGE('',*,*,#7198,.F.);
#7200=ORIENTED_EDGE('',*,*,#5640,.T.);
#7201=ORIENTED_EDGE('',*,*,#5653,.T.);
#7202=ORIENTED_EDGE('',*,*,#5666,.T.);
#7204=ORIENTED_EDGE('',*,*,#7203,.F.);
#7205=ORIENTED_EDGE('',*,*,#5492,.T.);
#7206=ORIENTED_EDGE('',*,*,#7177,.F.);
#7207=EDGE_LOOP('',(#7197,#7199,#7200,#7201,#7202,#7204,#7205,#7206));
#7208=FACE_OUTER_BOUND('',#7207,.F.);
#7209=ADVANCED_FACE('',(#7208),#7196,.T.);
#7210=CARTESIAN_POINT('',(-2.97594E1,2.E-1,7.5E0));
#7211=DIRECTION('',(1.E0,0.E0,0.E0));
#7212=DIRECTION('',(0.E0,0.E0,1.E0));
#7213=AXIS2_PLACEMENT_3D('',#7210,#7211,#7212);
#7214=CYLINDRICAL_SURFACE('',#7213,6.E-1);
#7216=ORIENTED_EDGE('',*,*,#7215,.T.);
#7217=ORIENTED_EDGE('',*,*,#5584,.T.);
#7218=ORIENTED_EDGE('',*,*,#5599,.T.);
#7219=ORIENTED_EDGE('',*,*,#7198,.T.);
#7221=ORIENTED_EDGE('',*,*,#7220,.T.);
#7222=ORIENTED_EDGE('',*,*,#7203,.T.);
#7223=ORIENTED_EDGE('',*,*,#5682,.T.);
#7224=ORIENTED_EDGE('',*,*,#5458,.T.);
#7225=EDGE_LOOP('',(#7216,#7217,#7218,#7219,#7221,#7222,#7223,#7224));
#7226=FACE_OUTER_BOUND('',#7225,.F.);
#7227=ADVANCED_FACE('',(#7226),#7214,.T.);
#7228=CARTESIAN_POINT('',(1.155575735181E-13,2.5E0,8.1E0));
#7229=DIRECTION('',(1.426636586643E-14,0.E0,1.E0));
#7230=DIRECTION('',(1.E0,0.E0,-1.426636586643E-14));
#7231=AXIS2_PLACEMENT_3D('',#7228,#7229,#7230);
#7232=PLANE('',#7231);
#7233=ORIENTED_EDGE('',*,*,#7215,.F.);
#7234=ORIENTED_EDGE('',*,*,#5498,.F.);
#7236=ORIENTED_EDGE('',*,*,#7235,.F.);
#7237=ORIENTED_EDGE('',*,*,#5538,.F.);
#7238=EDGE_LOOP('',(#7233,#7234,#7236,#7237));
#7239=FACE_OUTER_BOUND('',#7238,.F.);
#7240=ADVANCED_FACE('',(#7239),#7232,.F.);
#7241=FILL_AREA_STYLE_COLOUR('',#7);
#7242=FILL_AREA_STYLE('',(#7241));
#7243=SURFACE_STYLE_FILL_AREA(#7242);
#7244=SURFACE_SIDE_STYLE('',(#7243));
#7245=SURFACE_STYLE_USAGE(.POSITIVE.,#7244);
#7246=PRESENTATION_STYLE_ASSIGNMENT((#7245));
#7247=OVER_RIDING_STYLED_ITEM('',(#7246),#7240,#9);
#7248=CARTESIAN_POINT('',(-2.561831203784E1,-1.E-1,7.8E0));
#7249=DIRECTION('',(1.E0,0.E0,-1.426639894605E-14));
#7250=DIRECTION('',(1.426639894605E-14,0.E0,1.E0));
#7251=AXIS2_PLACEMENT_3D('',#7248,#7249,#7250);
#7252=CYLINDRICAL_SURFACE('',#7251,3.E-1);
#7253=ORIENTED_EDGE('',*,*,#7235,.T.);
#7254=ORIENTED_EDGE('',*,*,#5496,.F.);
#7256=ORIENTED_EDGE('',*,*,#7255,.T.);
#7257=ORIENTED_EDGE('',*,*,#5540,.F.);
#7258=EDGE_LOOP('',(#7253,#7254,#7256,#7257));
#7259=FACE_OUTER_BOUND('',#7258,.F.);
#7260=ADVANCED_FACE('',(#7259),#7252,.F.);
#7261=CARTESIAN_POINT('',(1.148038409899E-13,-4.E-1,8.1E0));
#7262=DIRECTION('',(0.E0,-1.E0,0.E0));
#7263=DIRECTION('',(1.426636586643E-14,0.E0,1.E0));
#7264=AXIS2_PLACEMENT_3D('',#7261,#7262,#7263);
#7265=PLANE('',#7264);
#7266=ORIENTED_EDGE('',*,*,#7220,.F.);
#7267=ORIENTED_EDGE('',*,*,#5542,.F.);
#7268=ORIENTED_EDGE('',*,*,#7255,.F.);
#7269=ORIENTED_EDGE('',*,*,#5494,.F.);
#7270=EDGE_LOOP('',(#7266,#7267,#7268,#7269));
#7271=FACE_OUTER_BOUND('',#7270,.F.);
#7272=ADVANCED_FACE('',(#7271),#7265,.F.);
#7273=CARTESIAN_POINT('',(-6.7E0,7.575E0,9.615643616278E-14));
#7274=DIRECTION('',(0.E0,-1.E0,0.E0));
#7275=DIRECTION('',(1.E0,0.E0,-1.426636586643E-14));
#7276=AXIS2_PLACEMENT_3D('',#7273,#7274,#7275);
#7277=PLANE('',#7276);
#7278=ORIENTED_EDGE('',*,*,#6776,.T.);
#7279=ORIENTED_EDGE('',*,*,#5476,.F.);
#7281=ORIENTED_EDGE('',*,*,#7280,.F.);
#7282=ORIENTED_EDGE('',*,*,#5560,.T.);
#7283=EDGE_LOOP('',(#7278,#7279,#7281,#7282));
#7284=FACE_OUTER_BOUND('',#7283,.F.);
#7285=ADVANCED_FACE('',(#7284),#7277,.T.);
#7286=FILL_AREA_STYLE_COLOUR('',#7);
#7287=FILL_AREA_STYLE('',(#7286));
#7288=SURFACE_STYLE_FILL_AREA(#7287);
#7289=SURFACE_SIDE_STYLE('',(#7288));
#7290=SURFACE_STYLE_USAGE(.POSITIVE.,#7289);
#7291=PRESENTATION_STYLE_ASSIGNMENT((#7290));
#7292=OVER_RIDING_STYLED_ITEM('',(#7291),#7285,#9);
#7293=CARTESIAN_POINT('',(-2.561831203784E1,7.275E0,7.8E0));
#7294=DIRECTION('',(1.E0,0.E0,-1.426639894605E-14));
#7295=DIRECTION('',(0.E0,1.E0,0.E0));
#7296=AXIS2_PLACEMENT_3D('',#7293,#7294,#7295);
#7297=CYLINDRICAL_SURFACE('',#7296,3.E-1);
#7298=ORIENTED_EDGE('',*,*,#7280,.T.);
#7299=ORIENTED_EDGE('',*,*,#5474,.F.);
#7300=ORIENTED_EDGE('',*,*,#5518,.T.);
#7301=ORIENTED_EDGE('',*,*,#5562,.F.);
#7302=EDGE_LOOP('',(#7298,#7299,#7300,#7301));
#7303=FACE_OUTER_BOUND('',#7302,.F.);
#7304=ADVANCED_FACE('',(#7303),#7297,.F.);
#7305=FILL_AREA_STYLE_COLOUR('',#7);
#7306=FILL_AREA_STYLE('',(#7305));
#7307=SURFACE_STYLE_FILL_AREA(#7306);
#7308=SURFACE_SIDE_STYLE('',(#7307));
#7309=SURFACE_STYLE_USAGE(.POSITIVE.,#7308);
#7310=PRESENTATION_STYLE_ASSIGNMENT((#7309));
#7311=OVER_RIDING_STYLED_ITEM('',(#7310),#7304,#9);
#7312=CARTESIAN_POINT('',(4.1E0,2.5E0,-5.792031519469E-14));
#7313=DIRECTION('',(0.E0,-1.E0,0.E0));
#7314=DIRECTION('',(1.E0,0.E0,-1.426636586643E-14));
#7315=AXIS2_PLACEMENT_3D('',#7312,#7313,#7314);
#7316=PLANE('',#7315);
#7317=ORIENTED_EDGE('',*,*,#6780,.T.);
#7319=ORIENTED_EDGE('',*,*,#7318,.F.);
#7321=ORIENTED_EDGE('',*,*,#7320,.F.);
#7323=ORIENTED_EDGE('',*,*,#7322,.T.);
#7324=EDGE_LOOP('',(#7317,#7319,#7321,#7323));
#7325=FACE_OUTER_BOUND('',#7324,.F.);
#7326=ADVANCED_FACE('',(#7325),#7316,.T.);
#7327=FILL_AREA_STYLE_COLOUR('',#7);
#7328=FILL_AREA_STYLE('',(#7327));
#7329=SURFACE_STYLE_FILL_AREA(#7328);
#7330=SURFACE_SIDE_STYLE('',(#7329));
#7331=SURFACE_STYLE_USAGE(.POSITIVE.,#7330);
#7332=PRESENTATION_STYLE_ASSIGNMENT((#7331));
#7333=OVER_RIDING_STYLED_ITEM('',(#7332),#7326,#9);
#7334=CARTESIAN_POINT('',(4.1E0,2.8E0,-5.792031519469E-14));
#7335=DIRECTION('',(-1.E0,0.E0,1.426636586643E-14));
#7336=DIRECTION('',(0.E0,-1.E0,0.E0));
#7337=AXIS2_PLACEMENT_3D('',#7334,#7335,#7336);
#7338=PLANE('',#7337);
#7340=ORIENTED_EDGE('',*,*,#7339,.F.);
#7342=ORIENTED_EDGE('',*,*,#7341,.T.);
#7344=ORIENTED_EDGE('',*,*,#7343,.T.);
#7345=ORIENTED_EDGE('',*,*,#7318,.T.);
#7346=ORIENTED_EDGE('',*,*,#6786,.F.);
#7348=ORIENTED_EDGE('',*,*,#7347,.F.);
#7350=ORIENTED_EDGE('',*,*,#7349,.T.);
#7352=ORIENTED_EDGE('',*,*,#7351,.F.);
#7354=ORIENTED_EDGE('',*,*,#7353,.T.);
#7356=ORIENTED_EDGE('',*,*,#7355,.F.);
#7358=ORIENTED_EDGE('',*,*,#7357,.F.);
#7360=ORIENTED_EDGE('',*,*,#7359,.F.);
#7362=ORIENTED_EDGE('',*,*,#7361,.T.);
#7364=ORIENTED_EDGE('',*,*,#7363,.T.);
#7366=ORIENTED_EDGE('',*,*,#7365,.T.);
#7367=EDGE_LOOP('',(#7340,#7342,#7344,#7345,#7346,#7348,#7350,#7352,#7354,#7356,
#7358,#7360,#7362,#7364,#7366));
#7368=FACE_OUTER_BOUND('',#7367,.F.);
#7369=ADVANCED_FACE('',(#7368),#7338,.T.);
#7370=FILL_AREA_STYLE_COLOUR('',#7);
#7371=FILL_AREA_STYLE('',(#7370));
#7372=SURFACE_STYLE_FILL_AREA(#7371);
#7373=SURFACE_SIDE_STYLE('',(#7372));
#7374=SURFACE_STYLE_USAGE(.POSITIVE.,#7373);
#7375=PRESENTATION_STYLE_ASSIGNMENT((#7374));
#7376=OVER_RIDING_STYLED_ITEM('',(#7375),#7369,#9);
#7377=CARTESIAN_POINT('',(6.85E0,5.E-1,8.1E0));
#7378=DIRECTION('',(0.E0,0.E0,-1.E0));
#7379=DIRECTION('',(-1.E0,0.E0,0.E0));
#7380=AXIS2_PLACEMENT_3D('',#7377,#7378,#7379);
#7381=PLANE('',#7380);
#7382=ORIENTED_EDGE('',*,*,#7339,.T.);
#7384=ORIENTED_EDGE('',*,*,#7383,.F.);
#7385=ORIENTED_EDGE('',*,*,#5383,.T.);
#7386=ORIENTED_EDGE('',*,*,#5434,.F.);
#7387=EDGE_LOOP('',(#7382,#7384,#7385,#7386));
#7388=FACE_OUTER_BOUND('',#7387,.F.);
#7389=ADVANCED_FACE('',(#7388),#7381,.F.);
#7390=CARTESIAN_POINT('',(2.97594E1,2.E-1,7.5E0));
#7391=DIRECTION('',(-1.E0,0.E0,0.E0));
#7392=DIRECTION('',(0.E0,-1.E0,0.E0));
#7393=AXIS2_PLACEMENT_3D('',#7390,#7391,#7392);
#7394=CYLINDRICAL_SURFACE('',#7393,6.E-1);
#7396=ORIENTED_EDGE('',*,*,#7395,.T.);
#7398=ORIENTED_EDGE('',*,*,#7397,.T.);
#7399=ORIENTED_EDGE('',*,*,#5323,.T.);
#7401=ORIENTED_EDGE('',*,*,#7400,.T.);
#7403=ORIENTED_EDGE('',*,*,#7402,.T.);
#7405=ORIENTED_EDGE('',*,*,#7404,.T.);
#7406=ORIENTED_EDGE('',*,*,#5385,.T.);
#7407=ORIENTED_EDGE('',*,*,#7383,.T.);
#7408=EDGE_LOOP('',(#7396,#7398,#7399,#7401,#7403,#7405,#7406,#7407));
#7409=FACE_OUTER_BOUND('',#7408,.F.);
#7410=ADVANCED_FACE('',(#7409),#7394,.T.);
#7411=CARTESIAN_POINT('',(1.155575735181E-13,2.5E0,8.1E0));
#7412=DIRECTION('',(1.426636586643E-14,0.E0,1.E0));
#7413=DIRECTION('',(1.E0,0.E0,-1.426636586643E-14));
#7414=AXIS2_PLACEMENT_3D('',#7411,#7412,#7413);
#7415=PLANE('',#7414);
#7416=ORIENTED_EDGE('',*,*,#7395,.F.);
#7417=ORIENTED_EDGE('',*,*,#7365,.F.);
#7419=ORIENTED_EDGE('',*,*,#7418,.F.);
#7421=ORIENTED_EDGE('',*,*,#7420,.F.);
#7422=EDGE_LOOP('',(#7416,#7417,#7419,#7421));
#7423=FACE_OUTER_BOUND('',#7422,.F.);
#7424=ADVANCED_FACE('',(#7423),#7415,.F.);
#7425=FILL_AREA_STYLE_COLOUR('',#7);
#7426=FILL_AREA_STYLE('',(#7425));
#7427=SURFACE_STYLE_FILL_AREA(#7426);
#7428=SURFACE_SIDE_STYLE('',(#7427));
#7429=SURFACE_STYLE_USAGE(.POSITIVE.,#7428);
#7430=PRESENTATION_STYLE_ASSIGNMENT((#7429));
#7431=OVER_RIDING_STYLED_ITEM('',(#7430),#7424,#9);
#7432=CARTESIAN_POINT('',(-2.561831203784E1,-1.E-1,7.8E0));
#7433=DIRECTION('',(1.E0,0.E0,-1.426639894605E-14));
#7434=DIRECTION('',(1.426639894605E-14,0.E0,1.E0));
#7435=AXIS2_PLACEMENT_3D('',#7432,#7433,#7434);
#7436=CYLINDRICAL_SURFACE('',#7435,3.E-1);
#7437=ORIENTED_EDGE('',*,*,#7418,.T.);
#7438=ORIENTED_EDGE('',*,*,#7363,.F.);
#7440=ORIENTED_EDGE('',*,*,#7439,.T.);
#7442=ORIENTED_EDGE('',*,*,#7441,.F.);
#7443=EDGE_LOOP('',(#7437,#7438,#7440,#7442));
#7444=FACE_OUTER_BOUND('',#7443,.F.);
#7445=ADVANCED_FACE('',(#7444),#7436,.F.);
#7446=CARTESIAN_POINT('',(1.148038409899E-13,-4.E-1,8.1E0));
#7447=DIRECTION('',(0.E0,-1.E0,0.E0));
#7448=DIRECTION('',(1.426636586643E-14,0.E0,1.E0));
#7449=AXIS2_PLACEMENT_3D('',#7446,#7447,#7448);
#7450=PLANE('',#7449);
#7451=ORIENTED_EDGE('',*,*,#7402,.F.);
#7453=ORIENTED_EDGE('',*,*,#7452,.F.);
#7454=ORIENTED_EDGE('',*,*,#7439,.F.);
#7455=ORIENTED_EDGE('',*,*,#7361,.F.);
#7456=EDGE_LOOP('',(#7451,#7453,#7454,#7455));
#7457=FACE_OUTER_BOUND('',#7456,.F.);
#7458=ADVANCED_FACE('',(#7457),#7450,.F.);
#7459=CARTESIAN_POINT('',(6.7E0,2.5E0,-9.501286644742E-14));
#7460=DIRECTION('',(1.E0,0.E0,-1.426636586643E-14));
#7461=DIRECTION('',(0.E0,1.E0,0.E0));
#7462=AXIS2_PLACEMENT_3D('',#7459,#7460,#7461);
#7463=PLANE('',#7462);
#7465=ORIENTED_EDGE('',*,*,#7464,.T.);
#7466=ORIENTED_EDGE('',*,*,#7420,.T.);
#7467=ORIENTED_EDGE('',*,*,#7441,.T.);
#7468=ORIENTED_EDGE('',*,*,#7452,.T.);
#7470=ORIENTED_EDGE('',*,*,#7469,.T.);
#7472=ORIENTED_EDGE('',*,*,#7471,.T.);
#7474=ORIENTED_EDGE('',*,*,#7473,.F.);
#7476=ORIENTED_EDGE('',*,*,#7475,.T.);
#7478=ORIENTED_EDGE('',*,*,#7477,.F.);
#7480=ORIENTED_EDGE('',*,*,#7479,.T.);
#7482=ORIENTED_EDGE('',*,*,#7481,.T.);
#7483=ORIENTED_EDGE('',*,*,#6782,.T.);
#7484=ORIENTED_EDGE('',*,*,#7322,.F.);
#7486=ORIENTED_EDGE('',*,*,#7485,.T.);
#7488=ORIENTED_EDGE('',*,*,#7487,.T.);
#7489=EDGE_LOOP('',(#7465,#7466,#7467,#7468,#7470,#7472,#7474,#7476,#7478,#7480,
#7482,#7483,#7484,#7486,#7488));
#7490=FACE_OUTER_BOUND('',#7489,.F.);
#7491=ADVANCED_FACE('',(#7490),#7463,.T.);
#7492=FILL_AREA_STYLE_COLOUR('',#7);
#7493=FILL_AREA_STYLE('',(#7492));
#7494=SURFACE_STYLE_FILL_AREA(#7493);
#7495=SURFACE_SIDE_STYLE('',(#7494));
#7496=SURFACE_STYLE_USAGE(.POSITIVE.,#7495);
#7497=PRESENTATION_STYLE_ASSIGNMENT((#7496));
#7498=OVER_RIDING_STYLED_ITEM('',(#7497),#7491,#9);
#7499=CARTESIAN_POINT('',(6.85E0,5.E-1,8.1E0));
#7500=DIRECTION('',(0.E0,0.E0,-1.E0));
#7501=DIRECTION('',(-1.E0,0.E0,0.E0));
#7502=AXIS2_PLACEMENT_3D('',#7499,#7500,#7501);
#7503=PLANE('',#7502);
#7504=ORIENTED_EDGE('',*,*,#7464,.F.);
#7505=ORIENTED_EDGE('',*,*,#5430,.F.);
#7506=ORIENTED_EDGE('',*,*,#5325,.T.);
#7507=ORIENTED_EDGE('',*,*,#7397,.F.);
#7508=EDGE_LOOP('',(#7504,#7505,#7506,#7507));
#7509=FACE_OUTER_BOUND('',#7508,.F.);
#7510=ADVANCED_FACE('',(#7509),#7503,.F.);
#7511=CARTESIAN_POINT('',(0.E0,-4.E-1,0.E0));
#7512=DIRECTION('',(0.E0,-1.E0,0.E0));
#7513=DIRECTION('',(0.E0,0.E0,1.E0));
#7514=AXIS2_PLACEMENT_3D('',#7511,#7512,#7513);
#7515=PLANE('',#7514);
#7516=ORIENTED_EDGE('',*,*,#7469,.F.);
#7517=ORIENTED_EDGE('',*,*,#7400,.F.);
#7518=ORIENTED_EDGE('',*,*,#5341,.T.);
#7519=ORIENTED_EDGE('',*,*,#5354,.T.);
#7520=ORIENTED_EDGE('',*,*,#5367,.T.);
#7521=ORIENTED_EDGE('',*,*,#7404,.F.);
#7522=ORIENTED_EDGE('',*,*,#7359,.T.);
#7524=ORIENTED_EDGE('',*,*,#7523,.F.);
#7525=EDGE_LOOP('',(#7516,#7517,#7518,#7519,#7520,#7521,#7522,#7524));
#7526=FACE_OUTER_BOUND('',#7525,.F.);
#7527=ADVANCED_FACE('',(#7526),#7515,.T.);
#7528=CARTESIAN_POINT('',(4.1E0,-7.E-1,5.4E0));
#7529=DIRECTION('',(1.408702214707E-14,0.E0,-1.E0));
#7530=DIRECTION('',(1.E0,0.E0,1.408702214707E-14));
#7531=AXIS2_PLACEMENT_3D('',#7528,#7529,#7530);
#7532=PLANE('',#7531);
#7533=ORIENTED_EDGE('',*,*,#7523,.T.);
#7534=ORIENTED_EDGE('',*,*,#7357,.T.);
#7536=ORIENTED_EDGE('',*,*,#7535,.F.);
#7537=ORIENTED_EDGE('',*,*,#7471,.F.);
#7538=EDGE_LOOP('',(#7533,#7534,#7536,#7537));
#7539=FACE_OUTER_BOUND('',#7538,.F.);
#7540=ADVANCED_FACE('',(#7539),#7532,.T.);
#7541=FILL_AREA_STYLE_COLOUR('',#7);
#7542=FILL_AREA_STYLE('',(#7541));
#7543=SURFACE_STYLE_FILL_AREA(#7542);
#7544=SURFACE_SIDE_STYLE('',(#7543));
#7545=SURFACE_STYLE_USAGE(.POSITIVE.,#7544);
#7546=PRESENTATION_STYLE_ASSIGNMENT((#7545));
#7547=OVER_RIDING_STYLED_ITEM('',(#7546),#7540,#9);
#7548=CARTESIAN_POINT('',(-6.7E0,-7.E-1,8.4E0));
#7549=DIRECTION('',(0.E0,-1.E0,0.E0));
#7550=DIRECTION('',(1.E0,0.E0,-1.426636586643E-14));
#7551=AXIS2_PLACEMENT_3D('',#7548,#7549,#7550);
#7552=PLANE('',#7551);
#7554=ORIENTED_EDGE('',*,*,#7553,.F.);
#7555=ORIENTED_EDGE('',*,*,#7473,.T.);
#7556=ORIENTED_EDGE('',*,*,#7535,.T.);
#7557=ORIENTED_EDGE('',*,*,#7355,.T.);
#7558=EDGE_LOOP('',(#7554,#7555,#7556,#7557));
#7559=FACE_OUTER_BOUND('',#7558,.F.);
#7560=ADVANCED_FACE('',(#7559),#7552,.T.);
#7561=FILL_AREA_STYLE_COLOUR('',#7);
#7562=FILL_AREA_STYLE('',(#7561));
#7563=SURFACE_STYLE_FILL_AREA(#7562);
#7564=SURFACE_SIDE_STYLE('',(#7563));
#7565=SURFACE_STYLE_USAGE(.POSITIVE.,#7564);
#7566=PRESENTATION_STYLE_ASSIGNMENT((#7565));
#7567=OVER_RIDING_STYLED_ITEM('',(#7566),#7560,#9);
#7568=CARTESIAN_POINT('',(-2.561831203784E1,-2.E-1,7.9E0));
#7569=DIRECTION('',(1.E0,0.E0,-1.426639894605E-14));
#7570=DIRECTION('',(1.426639894605E-14,0.E0,1.E0));
#7571=AXIS2_PLACEMENT_3D('',#7568,#7569,#7570);
#7572=CYLINDRICAL_SURFACE('',#7571,5.E-1);
#7573=ORIENTED_EDGE('',*,*,#7475,.F.);
#7574=ORIENTED_EDGE('',*,*,#7553,.T.);
#7575=ORIENTED_EDGE('',*,*,#7353,.F.);
#7577=ORIENTED_EDGE('',*,*,#7576,.T.);
#7578=EDGE_LOOP('',(#7573,#7574,#7575,#7577));
#7579=FACE_OUTER_BOUND('',#7578,.F.);
#7580=ADVANCED_FACE('',(#7579),#7572,.T.);
#7581=FILL_AREA_STYLE_COLOUR('',#7);
#7582=FILL_AREA_STYLE('',(#7581));
#7583=SURFACE_STYLE_FILL_AREA(#7582);
#7584=SURFACE_SIDE_STYLE('',(#7583));
#7585=SURFACE_STYLE_USAGE(.POSITIVE.,#7584);
#7586=PRESENTATION_STYLE_ASSIGNMENT((#7585));
#7587=OVER_RIDING_STYLED_ITEM('',(#7586),#7580,#9);
#7588=CARTESIAN_POINT('',(1.198374832780E-13,2.5E0,8.4E0));
#7589=DIRECTION('',(1.426636586643E-14,0.E0,1.E0));
#7590=DIRECTION('',(1.E0,0.E0,-1.426636586643E-14));
#7591=AXIS2_PLACEMENT_3D('',#7588,#7589,#7590);
#7592=PLANE('',#7591);
#7594=ORIENTED_EDGE('',*,*,#7593,.F.);
#7595=ORIENTED_EDGE('',*,*,#7477,.T.);
#7596=ORIENTED_EDGE('',*,*,#7576,.F.);
#7597=ORIENTED_EDGE('',*,*,#7351,.T.);
#7598=EDGE_LOOP('',(#7594,#7595,#7596,#7597));
#7599=FACE_OUTER_BOUND('',#7598,.F.);
#7600=ADVANCED_FACE('',(#7599),#7592,.T.);
#7601=FILL_AREA_STYLE_COLOUR('',#7);
#7602=FILL_AREA_STYLE('',(#7601));
#7603=SURFACE_STYLE_FILL_AREA(#7602);
#7604=SURFACE_SIDE_STYLE('',(#7603));
#7605=SURFACE_STYLE_USAGE(.POSITIVE.,#7604);
#7606=PRESENTATION_STYLE_ASSIGNMENT((#7605));
#7607=OVER_RIDING_STYLED_ITEM('',(#7606),#7600,#9);
#7608=CARTESIAN_POINT('',(2.561831203784E1,2.3E0,7.9E0));
#7609=DIRECTION('',(-1.E0,0.E0,1.426639894605E-14));
#7610=DIRECTION('',(1.426639894605E-14,0.E0,1.E0));
#7611=AXIS2_PLACEMENT_3D('',#7608,#7609,#7610);
#7612=CYLINDRICAL_SURFACE('',#7611,5.E-1);
#7613=ORIENTED_EDGE('',*,*,#7349,.F.);
#7615=ORIENTED_EDGE('',*,*,#7614,.T.);
#7616=ORIENTED_EDGE('',*,*,#7479,.F.);
#7617=ORIENTED_EDGE('',*,*,#7593,.T.);
#7618=EDGE_LOOP('',(#7613,#7615,#7616,#7617));
#7619=FACE_OUTER_BOUND('',#7618,.F.);
#7620=ADVANCED_FACE('',(#7619),#7612,.T.);
#7621=FILL_AREA_STYLE_COLOUR('',#7);
#7622=FILL_AREA_STYLE('',(#7621));
#7623=SURFACE_STYLE_FILL_AREA(#7622);
#7624=SURFACE_SIDE_STYLE('',(#7623));
#7625=SURFACE_STYLE_USAGE(.POSITIVE.,#7624);
#7626=PRESENTATION_STYLE_ASSIGNMENT((#7625));
#7627=OVER_RIDING_STYLED_ITEM('',(#7626),#7620,#9);
#7628=CARTESIAN_POINT('',(6.7E0,2.8E0,-9.501286644742E-14));
#7629=DIRECTION('',(0.E0,1.E0,0.E0));
#7630=DIRECTION('',(-1.E0,0.E0,1.426636586643E-14));
#7631=AXIS2_PLACEMENT_3D('',#7628,#7629,#7630);
#7632=PLANE('',#7631);
#7633=ORIENTED_EDGE('',*,*,#6784,.T.);
#7634=ORIENTED_EDGE('',*,*,#7481,.F.);
#7635=ORIENTED_EDGE('',*,*,#7614,.F.);
#7636=ORIENTED_EDGE('',*,*,#7347,.T.);
#7637=EDGE_LOOP('',(#7633,#7634,#7635,#7636));
#7638=FACE_OUTER_BOUND('',#7637,.F.);
#7639=ADVANCED_FACE('',(#7638),#7632,.T.);
#7640=FILL_AREA_STYLE_COLOUR('',#7);
#7641=FILL_AREA_STYLE('',(#7640));
#7642=SURFACE_STYLE_FILL_AREA(#7641);
#7643=SURFACE_SIDE_STYLE('',(#7642));
#7644=SURFACE_STYLE_USAGE(.POSITIVE.,#7643);
#7645=PRESENTATION_STYLE_ASSIGNMENT((#7644));
#7646=OVER_RIDING_STYLED_ITEM('',(#7645),#7639,#9);
#7647=CARTESIAN_POINT('',(-2.561831203784E1,2.2E0,7.8E0));
#7648=DIRECTION('',(1.E0,0.E0,-1.426639894605E-14));
#7649=DIRECTION('',(0.E0,1.E0,0.E0));
#7650=AXIS2_PLACEMENT_3D('',#7647,#7648,#7649);
#7651=CYLINDRICAL_SURFACE('',#7650,3.E-1);
#7652=ORIENTED_EDGE('',*,*,#7320,.T.);
#7653=ORIENTED_EDGE('',*,*,#7343,.F.);
#7655=ORIENTED_EDGE('',*,*,#7654,.T.);
#7656=ORIENTED_EDGE('',*,*,#7485,.F.);
#7657=EDGE_LOOP('',(#7652,#7653,#7655,#7656));
#7658=FACE_OUTER_BOUND('',#7657,.F.);
#7659=ADVANCED_FACE('',(#7658),#7651,.F.);
#7660=FILL_AREA_STYLE_COLOUR('',#7);
#7661=FILL_AREA_STYLE('',(#7660));
#7662=SURFACE_STYLE_FILL_AREA(#7661);
#7663=SURFACE_SIDE_STYLE('',(#7662));
#7664=SURFACE_STYLE_USAGE(.POSITIVE.,#7663);
#7665=PRESENTATION_STYLE_ASSIGNMENT((#7664));
#7666=OVER_RIDING_STYLED_ITEM('',(#7665),#7659,#9);
#7667=CARTESIAN_POINT('',(1.155575735181E-13,2.5E0,8.1E0));
#7668=DIRECTION('',(1.426636586643E-14,0.E0,1.E0));
#7669=DIRECTION('',(1.E0,0.E0,-1.426636586643E-14));
#7670=AXIS2_PLACEMENT_3D('',#7667,#7668,#7669);
#7671=PLANE('',#7670);
#7672=ORIENTED_EDGE('',*,*,#5432,.F.);
#7673=ORIENTED_EDGE('',*,*,#7487,.F.);
#7674=ORIENTED_EDGE('',*,*,#7654,.F.);
#7675=ORIENTED_EDGE('',*,*,#7341,.F.);
#7676=EDGE_LOOP('',(#7672,#7673,#7674,#7675));
#7677=FACE_OUTER_BOUND('',#7676,.F.);
#7678=ADVANCED_FACE('',(#7677),#7671,.F.);
#7679=FILL_AREA_STYLE_COLOUR('',#7);
#7680=FILL_AREA_STYLE('',(#7679));
#7681=SURFACE_STYLE_FILL_AREA(#7680);
#7682=SURFACE_SIDE_STYLE('',(#7681));
#7683=SURFACE_STYLE_USAGE(.POSITIVE.,#7682);
#7684=PRESENTATION_STYLE_ASSIGNMENT((#7683));
#7685=OVER_RIDING_STYLED_ITEM('',(#7684),#7678,#9);
#7686=CARTESIAN_POINT('',(2.496036311291E0,7.116382721020E0,-6.251793028159E0));
#7687=CARTESIAN_POINT('',(2.306157990719E0,7.116382720369E0,-5.776206852432E0));
#7688=CARTESIAN_POINT('',(2.116279670147E0,7.116382719717E0,-5.300620676704E0));
#7689=CARTESIAN_POINT('',(1.926401349576E0,7.116382719065E0,-4.825034500977E0));
#7690=CARTESIAN_POINT('',(2.465590279692E0,7.116638970434E0,-6.263950743910E0));
#7691=CARTESIAN_POINT('',(2.278028026602E0,7.116638970022E0,-5.787439708844E0));
#7692=CARTESIAN_POINT('',(2.090465773512E0,7.116638969609E0,-5.310928673778E0));
#7693=CARTESIAN_POINT('',(1.902903520422E0,7.116638969197E0,-4.834417638713E0));
#7694=CARTESIAN_POINT('',(1.671693882972E0,7.123321337863E0,-6.574300297287E0));
#7695=CARTESIAN_POINT('',(1.544524346166E0,7.123321343360E0,-6.074180408597E0));
#7696=CARTESIAN_POINT('',(1.417354809360E0,7.123321348858E0,-5.574060519908E0));
#7697=CARTESIAN_POINT('',(1.290185272554E0,7.123321354355E0,-5.073940631219E0));
#7698=CARTESIAN_POINT('',(-5.650629585352E-6,7.137419632393E0,
-6.883118732063E0));
#7699=CARTESIAN_POINT('',(-5.339698068041E-6,7.137419633652E0,
-6.359506336798E0));
#7700=CARTESIAN_POINT('',(-5.028766552062E-6,7.137419634912E0,
-5.835893941533E0));
#7701=CARTESIAN_POINT('',(-4.717835034973E-6,7.137419636171E0,
-5.312281546268E0));
#7702=CARTESIAN_POINT('',(-1.671714244678E0,7.151566921475E0,
-6.574351601818E0));
#7703=CARTESIAN_POINT('',(-1.544543325168E0,7.151566917608E0,
-6.074227813864E0));
#7704=CARTESIAN_POINT('',(-1.417372405658E0,7.151566913740E0,
-5.574104025909E0));
#7705=CARTESIAN_POINT('',(-1.290201486147E0,7.151566909873E0,
-5.073980237954E0));
#7706=CARTESIAN_POINT('',(-2.465619747508E0,7.158298528529E0,
-6.264026414330E0));
#7707=CARTESIAN_POINT('',(-2.278055347044E0,7.158298529706E0,
-5.787509628155E0));
#7708=CARTESIAN_POINT('',(-2.090490946581E0,7.158298530883E0,
-5.310992841981E0));
#7709=CARTESIAN_POINT('',(-1.902926546117E0,7.158298532059E0,
-4.834476055806E0));
#7710=CARTESIAN_POINT('',(-2.496066133679E0,7.158556706853E0,
-6.251869633894E0));
#7711=CARTESIAN_POINT('',(-2.306185635942E0,7.158556708235E0,
-5.776277635973E0));
#7712=CARTESIAN_POINT('',(-2.116305138205E0,7.158556709617E0,
-5.300685638051E0));
#7713=CARTESIAN_POINT('',(-1.926424640468E0,7.158556710999E0,
-4.825093640130E0));
#7714=B_SPLINE_SURFACE_WITH_KNOTS('',3,3,((#7686,#7687,#7688,#7689),(#7690,
#7691,#7692,#7693),(#7694,#7695,#7696,#7697),(#7698,#7699,#7700,#7701),(#7702,
#7703,#7704,#7705),(#7706,#7707,#7708,#7709),(#7710,#7711,#7712,#7713)),
.UNSPECIFIED.,.F.,.F.,.F.,(4,1,1,1,4),(4,4),(-1.999999954449E-2,0.E0,5.E-1,1.E0,
1.019999998068E0),(-7.007306779502E-5,1.001438557523E0),.UNSPECIFIED.);
#7715=ORIENTED_EDGE('',*,*,#6007,.T.);
#7717=ORIENTED_EDGE('',*,*,#7716,.T.);
#7718=ORIENTED_EDGE('',*,*,#6605,.T.);
#7720=ORIENTED_EDGE('',*,*,#7719,.T.);
#7721=EDGE_LOOP('',(#7715,#7717,#7718,#7720));
#7722=FACE_OUTER_BOUND('',#7721,.F.);
#7723=ADVANCED_FACE('',(#7722),#7714,.F.);
#7724=CARTESIAN_POINT('',(-2.E0,2.5E0,-5.23E0));
#7725=DIRECTION('',(0.E0,0.E0,1.E0));
#7726=DIRECTION('',(1.E0,0.E0,0.E0));
#7727=AXIS2_PLACEMENT_3D('',#7724,#7725,#7726);
#7728=PLANE('',#7727);
#7730=ORIENTED_EDGE('',*,*,#7729,.F.);
#7731=ORIENTED_EDGE('',*,*,#6607,.F.);
#7732=ORIENTED_EDGE('',*,*,#7716,.F.);
#7733=ORIENTED_EDGE('',*,*,#6005,.T.);
#7734=EDGE_LOOP('',(#7730,#7731,#7732,#7733));
#7735=FACE_OUTER_BOUND('',#7734,.F.);
#7736=ADVANCED_FACE('',(#7735),#7728,.F.);
#7737=FILL_AREA_STYLE_COLOUR('',#3);
#7738=FILL_AREA_STYLE('',(#7737));
#7739=SURFACE_STYLE_FILL_AREA(#7738);
#7740=SURFACE_SIDE_STYLE('',(#7739));
#7741=SURFACE_STYLE_USAGE(.POSITIVE.,#7740);
#7742=PRESENTATION_STYLE_ASSIGNMENT((#7741));
#7743=OVER_RIDING_STYLED_ITEM('',(#7742),#7736,#9);
#7744=CARTESIAN_POINT('',(1.926423912299E0,7.066377961183E0,-4.825093590592E0));
#7745=CARTESIAN_POINT('',(2.116304470676E0,7.066377961784E0,-5.300685601654E0));
#7746=CARTESIAN_POINT('',(2.306185029053E0,7.066377962385E0,-5.776277612716E0));
#7747=CARTESIAN_POINT('',(2.496065587430E0,7.066377962985E0,-6.251869623778E0));
#7748=CARTESIAN_POINT('',(1.902925813489E0,7.066635909186E0,-4.834476008072E0));
#7749=CARTESIAN_POINT('',(2.090490274501E0,7.066635909574E0,-5.310992807599E0));
#7750=CARTESIAN_POINT('',(2.278054735514E0,7.066635909963E0,-5.787509607126E0));
#7751=CARTESIAN_POINT('',(2.465619196527E0,7.066635910351E0,-6.264026406652E0));
#7752=CARTESIAN_POINT('',(1.290200693154E0,7.073361586508E0,-5.073980214651E0));
#7753=CARTESIAN_POINT('',(1.417371676200E0,7.073361581671E0,-5.574104019222E0));
#7754=CARTESIAN_POINT('',(1.544542659245E0,7.073361576834E0,-6.074227823794E0));
#7755=CARTESIAN_POINT('',(1.671713642291E0,7.073361571996E0,-6.574351628366E0));
#7756=CARTESIAN_POINT('',(3.833707518219E-6,7.087500349167E0,
-5.312281570143E0));
#7757=CARTESIAN_POINT('',(4.210352294587E-6,7.087500349189E0,
-5.835893987490E0));
#7758=CARTESIAN_POINT('',(4.586997063405E-6,7.087500349211E0,
-6.359506404837E0));
#7759=CARTESIAN_POINT('',(4.963641842659E-6,7.087500349233E0,
-6.883118822184E0));
#7760=CARTESIAN_POINT('',(-1.290186180235E0,7.101597299393E0,
-5.073940698617E0));
#7761=CARTESIAN_POINT('',(-1.417355656205E0,7.101597303609E0,
-5.574060612723E0));
#7762=CARTESIAN_POINT('',(-1.544525132175E0,7.101597307825E0,
-6.074180526829E0));
#7763=CARTESIAN_POINT('',(-1.671694608145E0,7.101597312041E0,
-6.574300440936E0));
#7764=CARTESIAN_POINT('',(-1.902904421317E0,7.108280955073E0,
-4.834417727226E0));
#7765=CARTESIAN_POINT('',(-2.090466617751E0,7.108280953418E0,
-5.310928788867E0));
#7766=CARTESIAN_POINT('',(-2.278028814185E0,7.108280951763E0,
-5.787439850508E0));
#7767=CARTESIAN_POINT('',(-2.465591010619E0,7.108280950108E0,
-6.263950912149E0));
#7768=CARTESIAN_POINT('',(-1.926402247459E0,7.108537256873E0,
-4.825034591412E0));
#7769=CARTESIAN_POINT('',(-2.116280511270E0,7.108537254980E0,
-5.300620793868E0));
#7770=CARTESIAN_POINT('',(-2.306158775080E0,7.108537253088E0,
-5.776206996323E0));
#7771=CARTESIAN_POINT('',(-2.496037038890E0,7.108537251195E0,
-6.251793198779E0));
#7772=B_SPLINE_SURFACE_WITH_KNOTS('',3,3,((#7744,#7745,#7746,#7747),(#7748,
#7749,#7750,#7751),(#7752,#7753,#7754,#7755),(#7756,#7757,#7758,#7759),(#7760,
#7761,#7762,#7763),(#7764,#7765,#7766,#7767),(#7768,#7769,#7770,#7771)),
.UNSPECIFIED.,.F.,.F.,.F.,(4,1,1,1,4),(4,4),(-1.999999994938E-2,0.E0,5.E-1,1.E0,
1.019999997125E0),(-1.435711351460E-3,1.000070110423E0),.UNSPECIFIED.);
#7773=ORIENTED_EDGE('',*,*,#6003,.T.);
#7775=ORIENTED_EDGE('',*,*,#7774,.T.);
#7776=ORIENTED_EDGE('',*,*,#6609,.T.);
#7777=ORIENTED_EDGE('',*,*,#7729,.T.);
#7778=EDGE_LOOP('',(#7773,#7775,#7776,#7777));
#7779=FACE_OUTER_BOUND('',#7778,.F.);
#7780=ADVANCED_FACE('',(#7779),#7772,.F.);
#7781=FILL_AREA_STYLE_COLOUR('',#7);
#7782=FILL_AREA_STYLE('',(#7781));
#7783=SURFACE_STYLE_FILL_AREA(#7782);
#7784=SURFACE_SIDE_STYLE('',(#7783));
#7785=SURFACE_STYLE_USAGE(.POSITIVE.,#7784);
#7786=PRESENTATION_STYLE_ASSIGNMENT((#7785));
#7787=OVER_RIDING_STYLED_ITEM('',(#7786),#7780,#9);
#7788=CARTESIAN_POINT('',(2.496065587580E0,6.766377962985E0,-6.251869624153E0));
#7789=CARTESIAN_POINT('',(2.306185029156E0,6.766377962384E0,-5.776277612973E0));
#7790=CARTESIAN_POINT('',(2.116304470731E0,6.766377961784E0,-5.300685601794E0));
#7791=CARTESIAN_POINT('',(1.926423912307E0,6.766377961183E0,-4.825093590614E0));
#7792=CARTESIAN_POINT('',(2.465619196675E0,6.766635910351E0,-6.264026407028E0));
#7793=CARTESIAN_POINT('',(2.278054735616E0,6.766635909963E0,-5.787509607383E0));
#7794=CARTESIAN_POINT('',(2.090490274556E0,6.766635909574E0,-5.310992807739E0));
#7795=CARTESIAN_POINT('',(1.902925813497E0,6.766635909186E0,-4.834476008094E0));
#7796=CARTESIAN_POINT('',(1.671713642391E0,6.773361571996E0,-6.574351628760E0));
#7797=CARTESIAN_POINT('',(1.544542659314E0,6.773361576834E0,-6.074227824065E0));
#7798=CARTESIAN_POINT('',(1.417371676237E0,6.773361581671E0,-5.574104019369E0));
#7799=CARTESIAN_POINT('',(1.290200693160E0,6.773361586508E0,-5.073980214674E0));
#7800=CARTESIAN_POINT('',(4.963641947797E-6,6.787500349232E0,
-6.883118822597E0));
#7801=CARTESIAN_POINT('',(4.586997096490E-6,6.787500349211E0,
-6.359506405120E0));
#7802=CARTESIAN_POINT('',(4.210352241740E-6,6.787500349189E0,
-5.835893987644E0));
#7803=CARTESIAN_POINT('',(3.833707388989E-6,6.787500349167E0,
-5.312281570167E0));
#7804=CARTESIAN_POINT('',(-1.671694608245E0,6.801597312041E0,
-6.574300441330E0));
#7805=CARTESIAN_POINT('',(-1.544525132244E0,6.801597307825E0,
-6.074180527100E0));
#7806=CARTESIAN_POINT('',(-1.417355656243E0,6.801597303609E0,
-5.574060612870E0));
#7807=CARTESIAN_POINT('',(-1.290186180242E0,6.801597299393E0,
-5.073940698640E0));
#7808=CARTESIAN_POINT('',(-2.465591010766E0,6.808280950107E0,
-6.263950912525E0));
#7809=CARTESIAN_POINT('',(-2.278028814286E0,6.808280951762E0,
-5.787439850766E0));
#7810=CARTESIAN_POINT('',(-2.090466617806E0,6.808280953417E0,
-5.310928789007E0));
#7811=CARTESIAN_POINT('',(-1.902904421326E0,6.808280955072E0,
-4.834417727248E0));
#7812=CARTESIAN_POINT('',(-2.496037039040E0,6.808537251194E0,
-6.251793199154E0));
#7813=CARTESIAN_POINT('',(-2.306158775183E0,6.808537253087E0,
-5.776206996581E0));
#7814=CARTESIAN_POINT('',(-2.116280511325E0,6.808537254980E0,
-5.300620794007E0));
#7815=CARTESIAN_POINT('',(-1.926402247468E0,6.808537256872E0,
-4.825034591434E0));
#7816=B_SPLINE_SURFACE_WITH_KNOTS('',3,3,((#7788,#7789,#7790,#7791),(#7792,
#7793,#7794,#7795),(#7796,#7797,#7798,#7799),(#7800,#7801,#7802,#7803),(#7804,
#7805,#7806,#7807),(#7808,#7809,#7810,#7811),(#7812,#7813,#7814,#7815)),
.UNSPECIFIED.,.F.,.F.,.F.,(4,1,1,1,4),(4,4),(-1.999999994938E-2,0.E0,5.E-1,1.E0,
1.019999997125E0),(-7.011088538401E-5,1.001438559623E0),.UNSPECIFIED.);
#7817=ORIENTED_EDGE('',*,*,#5999,.T.);
#7819=ORIENTED_EDGE('',*,*,#7818,.T.);
#7820=ORIENTED_EDGE('',*,*,#6613,.T.);
#7822=ORIENTED_EDGE('',*,*,#7821,.T.);
#7823=EDGE_LOOP('',(#7817,#7819,#7820,#7822));
#7824=FACE_OUTER_BOUND('',#7823,.F.);
#7825=ADVANCED_FACE('',(#7824),#7816,.F.);
#7826=CARTESIAN_POINT('',(-2.E0,2.5E0,-5.23E0));
#7827=DIRECTION('',(0.E0,0.E0,1.E0));
#7828=DIRECTION('',(1.E0,0.E0,0.E0));
#7829=AXIS2_PLACEMENT_3D('',#7826,#7827,#7828);
#7830=PLANE('',#7829);
#7832=ORIENTED_EDGE('',*,*,#7831,.F.);
#7833=ORIENTED_EDGE('',*,*,#6615,.F.);
#7834=ORIENTED_EDGE('',*,*,#7818,.F.);
#7835=ORIENTED_EDGE('',*,*,#5997,.T.);
#7836=EDGE_LOOP('',(#7832,#7833,#7834,#7835));
#7837=FACE_OUTER_BOUND('',#7836,.F.);
#7838=ADVANCED_FACE('',(#7837),#7830,.F.);
#7839=FILL_AREA_STYLE_COLOUR('',#3);
#7840=FILL_AREA_STYLE('',(#7839));
#7841=SURFACE_STYLE_FILL_AREA(#7840);
#7842=SURFACE_SIDE_STYLE('',(#7841));
#7843=SURFACE_STYLE_USAGE(.POSITIVE.,#7842);
#7844=PRESENTATION_STYLE_ASSIGNMENT((#7843));
#7845=OVER_RIDING_STYLED_ITEM('',(#7844),#7838,#9);
#7846=CARTESIAN_POINT('',(1.926325229516E0,6.716379871680E0,-4.824842353464E0));
#7847=CARTESIAN_POINT('',(2.116227104947E0,6.716379872335E0,-5.300487363690E0));
#7848=CARTESIAN_POINT('',(2.306128980377E0,6.716379872991E0,-5.776132373917E0));
#7849=CARTESIAN_POINT('',(2.496030855808E0,6.716379873647E0,-6.251777384144E0));
#7850=CARTESIAN_POINT('',(1.902829267564E0,6.716637278613E0,-4.834228009088E0));
#7851=CARTESIAN_POINT('',(2.090414878766E0,6.716637279045E0,-5.310798278859E0));
#7852=CARTESIAN_POINT('',(2.278000489968E0,6.716637279478E0,-5.787368548630E0));
#7853=CARTESIAN_POINT('',(2.465586101170E0,6.716637279911E0,-6.263938818401E0));
#7854=CARTESIAN_POINT('',(1.290158448407E0,6.723349064008E0,-5.073815098450E0));
#7855=CARTESIAN_POINT('',(1.417346090049E0,6.723349058949E0,-5.574004420490E0));
#7856=CARTESIAN_POINT('',(1.544533731691E0,6.723349053890E0,-6.074193742531E0));
#7857=CARTESIAN_POINT('',(1.671721373333E0,6.723349048831E0,-6.574383064571E0));
#7858=CARTESIAN_POINT('',(2.731990780269E-6,6.737469776189E0,
-5.312207308241E0));
#7859=CARTESIAN_POINT('',(3.058726112060E-6,6.737469775726E0,
-5.835898057579E0));
#7860=CARTESIAN_POINT('',(3.385461442629E-6,6.737469775263E0,
-6.359588806916E0));
#7861=CARTESIAN_POINT('',(3.712196767758E-6,6.737469774799E0,
-6.883279556253E0));
#7862=CARTESIAN_POINT('',(-1.290147387030E0,6.751567324540E0,
-5.073783465534E0));
#7863=CARTESIAN_POINT('',(-1.417333779668E0,6.751567328352E0,
-5.573969671863E0));
#7864=CARTESIAN_POINT('',(-1.544520172306E0,6.751567332163E0,
-6.074155878193E0));
#7865=CARTESIAN_POINT('',(-1.671706564944E0,6.751567335974E0,
-6.574342084522E0));
#7866=CARTESIAN_POINT('',(-1.902812581648E0,6.758255830826E0,
-4.834181356630E0));
#7867=CARTESIAN_POINT('',(-2.090396345423E0,6.758255828835E0,
-5.310747031351E0));
#7868=CARTESIAN_POINT('',(-2.277980109198E0,6.758255826845E0,
-5.787312706071E0));
#7869=CARTESIAN_POINT('',(-2.465563872973E0,6.758255824855E0,
-6.263878380792E0));
#7870=CARTESIAN_POINT('',(-1.926308318756E0,6.758512325767E0,
-4.824795126848E0));
#7871=CARTESIAN_POINT('',(-2.116208322873E0,6.758512323542E0,
-5.300435485474E0));
#7872=CARTESIAN_POINT('',(-2.306108326990E0,6.758512321316E0,
-5.776075844099E0));
#7873=CARTESIAN_POINT('',(-2.496008331106E0,6.758512319091E0,
-6.251716202724E0));
#7874=B_SPLINE_SURFACE_WITH_KNOTS('',3,3,((#7846,#7847,#7848,#7849),(#7850,
#7851,#7852,#7853),(#7854,#7855,#7856,#7857),(#7858,#7859,#7860,#7861),(#7862,
#7863,#7864,#7865),(#7866,#7867,#7868,#7869),(#7870,#7871,#7872,#7873)),
.UNSPECIFIED.,.F.,.F.,.F.,(4,1,1,1,4),(4,4),(-2.000000115741E-2,0.E0,5.E-1,1.E0,
1.019999997153E0),(-1.540836797517E-3,1.000097675061E0),.UNSPECIFIED.);
#7875=ORIENTED_EDGE('',*,*,#5995,.T.);
#7877=ORIENTED_EDGE('',*,*,#7876,.T.);
#7878=ORIENTED_EDGE('',*,*,#6617,.T.);
#7879=ORIENTED_EDGE('',*,*,#7831,.T.);
#7880=EDGE_LOOP('',(#7875,#7877,#7878,#7879));
#7881=FACE_OUTER_BOUND('',#7880,.F.);
#7882=ADVANCED_FACE('',(#7881),#7874,.F.);
#7883=FILL_AREA_STYLE_COLOUR('',#7);
#7884=FILL_AREA_STYLE('',(#7883));
#7885=SURFACE_STYLE_FILL_AREA(#7884);
#7886=SURFACE_SIDE_STYLE('',(#7885));
#7887=SURFACE_STYLE_USAGE(.POSITIVE.,#7886);
#7888=PRESENTATION_STYLE_ASSIGNMENT((#7887));
#7889=OVER_RIDING_STYLED_ITEM('',(#7888),#7882,#9);
#7890=CARTESIAN_POINT('',(2.179976854586E0,6.750754085770E0,-6.335261891409E0));
#7891=CARTESIAN_POINT('',(2.179976854586E0,6.629583574898E0,-6.335261891409E0));
#7892=CARTESIAN_POINT('',(2.179976854586E0,6.508413064027E0,-6.335261891409E0));
#7893=CARTESIAN_POINT('',(2.179976854586E0,6.387242553156E0,-6.335261891409E0));
#7894=CARTESIAN_POINT('',(2.153060542140E0,6.750982658796E0,-6.344530629386E0));
#7895=CARTESIAN_POINT('',(2.153060542140E0,6.629812147924E0,-6.344530629386E0));
#7896=CARTESIAN_POINT('',(2.153060542140E0,6.508641637053E0,-6.344530629386E0));
#7897=CARTESIAN_POINT('',(2.153060542140E0,6.387471126181E0,-6.344530629386E0));
#7898=CARTESIAN_POINT('',(1.451704243036E0,6.756937843391E0,-6.581073520986E0));
#7899=CARTESIAN_POINT('',(1.451704243036E0,6.635767332519E0,-6.581073520986E0));
#7900=CARTESIAN_POINT('',(1.451704243036E0,6.514596821648E0,-6.581073520986E0));
#7901=CARTESIAN_POINT('',(1.451704243036E0,6.393426310776E0,-6.581073520986E0));
#7902=CARTESIAN_POINT('',(-1.801256502509E-6,6.769226847807E0,
-6.814538581302E0));
#7903=CARTESIAN_POINT('',(-1.801256504730E-6,6.648056336935E0,
-6.814538581302E0));
#7904=CARTESIAN_POINT('',(-1.801256498624E-6,6.526885826064E0,
-6.814538581302E0));
#7905=CARTESIAN_POINT('',(-1.801256500844E-6,6.405715315192E0,
-6.814538581302E0));
#7906=CARTESIAN_POINT('',(-1.451710809283E0,6.781447764976E0,
-6.581091874967E0));
#7907=CARTESIAN_POINT('',(-1.451710809283E0,6.660277254105E0,
-6.581091874967E0));
#7908=CARTESIAN_POINT('',(-1.451710809283E0,6.539106743233E0,
-6.581091874967E0));
#7909=CARTESIAN_POINT('',(-1.451710809283E0,6.417936232362E0,
-6.581091874967E0));
#7910=CARTESIAN_POINT('',(-2.153070175626E0,6.787333963869E0,
-6.344558069919E0));
#7911=CARTESIAN_POINT('',(-2.153070175626E0,6.666163452998E0,
-6.344558069919E0));
#7912=CARTESIAN_POINT('',(-2.153070175626E0,6.544992942127E0,
-6.344558069919E0));
#7913=CARTESIAN_POINT('',(-2.153070175626E0,6.423822431255E0,
-6.344558069919E0));
#7914=CARTESIAN_POINT('',(-2.179986111093E0,6.787559829575E0,
-6.335289855827E0));
#7915=CARTESIAN_POINT('',(-2.179986111093E0,6.666389318703E0,
-6.335289855827E0));
#7916=CARTESIAN_POINT('',(-2.179986111093E0,6.545218807832E0,
-6.335289855827E0));
#7917=CARTESIAN_POINT('',(-2.179986111093E0,6.424048296961E0,
-6.335289855827E0));
#7918=B_SPLINE_SURFACE_WITH_KNOTS('',3,3,((#7890,#7891,#7892,#7893),(#7894,
#7895,#7896,#7897),(#7898,#7899,#7900,#7901),(#7902,#7903,#7904,#7905),(#7906,
#7907,#7908,#7909),(#7910,#7911,#7912,#7913),(#7914,#7915,#7916,#7917)),
.UNSPECIFIED.,.F.,.F.,.F.,(4,1,1,1,4),(4,4),(-1.999999204634E-2,0.E0,5.E-1,1.E0,
1.019999606638E0),(-1.709540225125E-4,1.000522949217E0),.UNSPECIFIED.);
#7919=ORIENTED_EDGE('',*,*,#5993,.T.);
#7921=ORIENTED_EDGE('',*,*,#7920,.T.);
#7922=ORIENTED_EDGE('',*,*,#6619,.T.);
#7923=ORIENTED_EDGE('',*,*,#7876,.F.);
#7924=EDGE_LOOP('',(#7919,#7921,#7922,#7923));
#7925=FACE_OUTER_BOUND('',#7924,.F.);
#7926=ADVANCED_FACE('',(#7925),#7918,.F.);
#7927=FILL_AREA_STYLE_COLOUR('',#7);
#7928=FILL_AREA_STYLE('',(#7927));
#7929=SURFACE_STYLE_FILL_AREA(#7928);
#7930=SURFACE_SIDE_STYLE('',(#7929));
#7931=SURFACE_STYLE_USAGE(.POSITIVE.,#7930);
#7932=PRESENTATION_STYLE_ASSIGNMENT((#7931));
#7933=OVER_RIDING_STYLED_ITEM('',(#7932),#7926,#9);
#7934=CARTESIAN_POINT('',(2.496030837363E0,6.416379873647E0,-6.251777337945E0));
#7935=CARTESIAN_POINT('',(2.306128968085E0,6.416379872992E0,-5.776132343128E0));
#7936=CARTESIAN_POINT('',(2.116227098807E0,6.416379872336E0,-5.300487348312E0));
#7937=CARTESIAN_POINT('',(1.926325229528E0,6.416379871680E0,-4.824842353495E0));
#7938=CARTESIAN_POINT('',(2.465586082951E0,6.416637279911E0,-6.263938772112E0));
#7939=CARTESIAN_POINT('',(2.278000477826E0,6.416637279478E0,-5.787368517781E0));
#7940=CARTESIAN_POINT('',(2.090414872701E0,6.416637279046E0,-5.310798263450E0));
#7941=CARTESIAN_POINT('',(1.902829267577E0,6.416637278613E0,-4.834228009119E0));
#7942=CARTESIAN_POINT('',(1.671721360979E0,6.423349048832E0,-6.574383015988E0));
#7943=CARTESIAN_POINT('',(1.544533723458E0,6.423349053891E0,-6.074193710153E0));
#7944=CARTESIAN_POINT('',(1.417346085937E0,6.423349058950E0,-5.574004404318E0));
#7945=CARTESIAN_POINT('',(1.290158448416E0,6.423349064009E0,-5.073815098483E0));
#7946=CARTESIAN_POINT('',(3.712196544936E-6,6.437469774800E0,
-6.883279505388E0));
#7947=CARTESIAN_POINT('',(3.385461327721E-6,6.437469775264E0,
-6.359588773017E0));
#7948=CARTESIAN_POINT('',(3.058726118055E-6,6.437469775727E0,
-5.835898040647E0));
#7949=CARTESIAN_POINT('',(2.731990903948E-6,6.437469776191E0,
-5.312207308276E0));
#7950=CARTESIAN_POINT('',(-1.671706552590E0,6.451567335975E0,
-6.574342035940E0));
#7951=CARTESIAN_POINT('',(-1.544520164073E0,6.451567332164E0,
-6.074155845815E0));
#7952=CARTESIAN_POINT('',(-1.417333775556E0,6.451567328352E0,
-5.573969655691E0));
#7953=CARTESIAN_POINT('',(-1.290147387038E0,6.451567324541E0,
-5.073783465567E0));
#7954=CARTESIAN_POINT('',(-2.465563854753E0,6.458255824855E0,
-6.263878334503E0));
#7955=CARTESIAN_POINT('',(-2.277980097056E0,6.458255826845E0,
-5.787312675223E0));
#7956=CARTESIAN_POINT('',(-2.090396339358E0,6.458255828836E0,
-5.310747015942E0));
#7957=CARTESIAN_POINT('',(-1.902812581660E0,6.458255830826E0,
-4.834181356661E0));
#7958=CARTESIAN_POINT('',(-2.496008312662E0,6.458512319091E0,
-6.251716156525E0));
#7959=CARTESIAN_POINT('',(-2.306108314698E0,6.458512321317E0,
-5.776075813310E0));
#7960=CARTESIAN_POINT('',(-2.116208316733E0,6.458512323542E0,
-5.300435470095E0));
#7961=CARTESIAN_POINT('',(-1.926308318769E0,6.458512325768E0,
-4.824795126880E0));
#7962=B_SPLINE_SURFACE_WITH_KNOTS('',3,3,((#7934,#7935,#7936,#7937),(#7938,
#7939,#7940,#7941),(#7942,#7943,#7944,#7945),(#7946,#7947,#7948,#7949),(#7950,
#7951,#7952,#7953),(#7954,#7955,#7956,#7957),(#7958,#7959,#7960,#7961)),
.UNSPECIFIED.,.F.,.F.,.F.,(4,1,1,1,4),(4,4),(-2.000000115748E-2,0.E0,5.E-1,1.E0,
1.019999997153E0),(-9.764290922799E-5,1.001543685362E0),.UNSPECIFIED.);
#7963=ORIENTED_EDGE('',*,*,#5991,.T.);
#7965=ORIENTED_EDGE('',*,*,#7964,.T.);
#7966=ORIENTED_EDGE('',*,*,#6621,.T.);
#7967=ORIENTED_EDGE('',*,*,#7920,.F.);
#7968=EDGE_LOOP('',(#7963,#7965,#7966,#7967));
#7969=FACE_OUTER_BOUND('',#7968,.F.);
#7970=ADVANCED_FACE('',(#7969),#7962,.F.);
#7971=CARTESIAN_POINT('',(-2.E0,2.5E0,-5.23E0));
#7972=DIRECTION('',(0.E0,0.E0,1.E0));
#7973=DIRECTION('',(1.E0,0.E0,0.E0));
#7974=AXIS2_PLACEMENT_3D('',#7971,#7972,#7973);
#7975=PLANE('',#7974);
#7977=ORIENTED_EDGE('',*,*,#7976,.F.);
#7978=ORIENTED_EDGE('',*,*,#6623,.F.);
#7979=ORIENTED_EDGE('',*,*,#7964,.F.);
#7980=ORIENTED_EDGE('',*,*,#5989,.T.);
#7981=EDGE_LOOP('',(#7977,#7978,#7979,#7980));
#7982=FACE_OUTER_BOUND('',#7981,.F.);
#7983=ADVANCED_FACE('',(#7982),#7975,.F.);
#7984=FILL_AREA_STYLE_COLOUR('',#3);
#7985=FILL_AREA_STYLE('',(#7984));
#7986=SURFACE_STYLE_FILL_AREA(#7985);
#7987=SURFACE_SIDE_STYLE('',(#7986));
#7988=SURFACE_STYLE_USAGE(.POSITIVE.,#7987);
#7989=PRESENTATION_STYLE_ASSIGNMENT((#7988));
#7990=OVER_RIDING_STYLED_ITEM('',(#7989),#7983,#9);
#7991=CARTESIAN_POINT('',(1.926337815646E0,6.366382189517E0,-4.824874129416E0));
#7992=CARTESIAN_POINT('',(2.116231811519E0,6.366382190179E0,-5.300499440872E0));
#7993=CARTESIAN_POINT('',(2.306125807392E0,6.366382190841E0,-5.776124752329E0));
#7994=CARTESIAN_POINT('',(2.496019803265E0,6.366382191504E0,-6.251750063786E0));
#7995=CARTESIAN_POINT('',(1.902841158295E0,6.366638706235E0,-4.834258375280E0));
#7996=CARTESIAN_POINT('',(2.090418934158E0,6.366638706661E0,-5.310808762417E0));
#7997=CARTESIAN_POINT('',(2.277996710021E0,6.366638707088E0,-5.787359149553E0));
#7998=CARTESIAN_POINT('',(2.465574485884E0,6.366638707514E0,-6.263909536690E0));
#7999=CARTESIAN_POINT('',(1.290152874525E0,6.373327789817E0,-5.073809685426E0));
#8000=CARTESIAN_POINT('',(1.417333898951E0,6.373327784424E0,-5.573974451765E0));
#8001=CARTESIAN_POINT('',(1.544514923376E0,6.373327779032E0,-6.074139218104E0));
#8002=CARTESIAN_POINT('',(1.671695947801E0,6.373327773640E0,-6.574303984442E0));
#8003=CARTESIAN_POINT('',(-3.585281807772E-6,6.387427092813E0,
-5.312178577519E0));
#8004=CARTESIAN_POINT('',(-3.799514196712E-6,6.387427091675E0,
-5.835841330751E0));
#8005=CARTESIAN_POINT('',(-4.013746583209E-6,6.387427090537E0,
-6.359504083984E0));
#8006=CARTESIAN_POINT('',(-4.227978971594E-6,6.387427089399E0,
-6.883166837216E0));
#8007=CARTESIAN_POINT('',(-1.290165086452E0,6.401551347086E0,
-5.073838467019E0));
#8008=CARTESIAN_POINT('',(-1.417347084050E0,6.401551350701E0,
-5.574006071102E0));
#8009=CARTESIAN_POINT('',(-1.544529081648E0,6.401551354316E0,
-6.074173675186E0));
#8010=CARTESIAN_POINT('',(-1.671711079246E0,6.401551357931E0,
-6.574341279269E0));
#8011=CARTESIAN_POINT('',(-1.902858437180E0,6.408265506517E0,
-4.834300826498E0));
#8012=CARTESIAN_POINT('',(-2.090437733682E0,6.408265504801E0,
-5.310855399127E0));
#8013=CARTESIAN_POINT('',(-2.278017030183E0,6.408265503084E0,
-5.787409971755E0));
#8014=CARTESIAN_POINT('',(-2.465596326684E0,6.408265501367E0,
-6.263964544383E0));
#8015=CARTESIAN_POINT('',(-1.926355290337E0,6.408523005534E0,
-4.824917105965E0));
#8016=CARTESIAN_POINT('',(-2.116250828030E0,6.408523003601E0,
-5.300546654708E0));
#8017=CARTESIAN_POINT('',(-2.306146365723E0,6.408523001668E0,
-5.776176203451E0));
#8018=CARTESIAN_POINT('',(-2.496041903415E0,6.408522999734E0,
-6.251805752194E0));
#8019=B_SPLINE_SURFACE_WITH_KNOTS('',3,3,((#7991,#7992,#7993,#7994),(#7995,
#7996,#7997,#7998),(#7999,#8000,#8001,#8002),(#8003,#8004,#8005,#8006),(#8007,
#8008,#8009,#8010),(#8011,#8012,#8013,#8014),(#8015,#8016,#8017,#8018)),
.UNSPECIFIED.,.F.,.F.,.F.,(4,1,1,1,4),(4,4),(-1.999999942988E-2,0.E0,5.E-1,1.E0,
1.019999997041E0),(-1.635125369819E-3,1.000083502927E0),.UNSPECIFIED.);
#8020=ORIENTED_EDGE('',*,*,#5987,.T.);
#8022=ORIENTED_EDGE('',*,*,#8021,.T.);
#8023=ORIENTED_EDGE('',*,*,#6625,.T.);
#8024=ORIENTED_EDGE('',*,*,#7976,.T.);
#8025=EDGE_LOOP('',(#8020,#8022,#8023,#8024));
#8026=FACE_OUTER_BOUND('',#8025,.F.);
#8027=ADVANCED_FACE('',(#8026),#8019,.F.);
#8028=CARTESIAN_POINT('',(2.179999157088E0,6.400786361821E0,-6.335330825490E0));
#8029=CARTESIAN_POINT('',(2.179999157088E0,6.279631150304E0,-6.335330825490E0));
#8030=CARTESIAN_POINT('',(2.179999157088E0,6.158475938787E0,-6.335330825490E0));
#8031=CARTESIAN_POINT('',(2.179999157088E0,6.037320727270E0,-6.335330825490E0));
#8032=CARTESIAN_POINT('',(2.153081779578E0,6.401012305317E0,-6.344596008524E0));
#8033=CARTESIAN_POINT('',(2.153081779578E0,6.279857093801E0,-6.344596008524E0));
#8034=CARTESIAN_POINT('',(2.153081779578E0,6.158701882284E0,-6.344596008524E0));
#8035=CARTESIAN_POINT('',(2.153081779578E0,6.037546670767E0,-6.344596008524E0));
#8036=CARTESIAN_POINT('',(1.451698963684E0,6.406900392267E0,-6.581047911924E0));
#8037=CARTESIAN_POINT('',(1.451698963684E0,6.285745180750E0,-6.581047911924E0));
#8038=CARTESIAN_POINT('',(1.451698963684E0,6.164589969233E0,-6.581047911924E0));
#8039=CARTESIAN_POINT('',(1.451698963684E0,6.043434757716E0,-6.581047911924E0));
#8040=CARTESIAN_POINT('',(-9.645571673600E-7,6.419123681401E0,
-6.814412503093E0));
#8041=CARTESIAN_POINT('',(-9.645571704686E-7,6.297968469884E0,
-6.814412503093E0));
#8042=CARTESIAN_POINT('',(-9.645571769079E-7,6.176813258367E0,
-6.814412503093E0));
#8043=CARTESIAN_POINT('',(-9.645571826811E-7,6.055658046850E0,
-6.814412503093E0));
#8044=CARTESIAN_POINT('',(-1.451698919878E0,6.431413150370E0,
-6.581042555743E0));
#8045=CARTESIAN_POINT('',(-1.451698919878E0,6.310257938853E0,
-6.581042555743E0));
#8046=CARTESIAN_POINT('',(-1.451698919878E0,6.189102727336E0,
-6.581042555743E0));
#8047=CARTESIAN_POINT('',(-1.451698919878E0,6.067947515819E0,
-6.581042555743E0));
#8048=CARTESIAN_POINT('',(-2.153079800023E0,6.437368292785E0,
-6.344588280028E0));
#8049=CARTESIAN_POINT('',(-2.153079800023E0,6.316213081268E0,
-6.344588280028E0));
#8050=CARTESIAN_POINT('',(-2.153079800023E0,6.195057869751E0,
-6.344588280028E0));
#8051=CARTESIAN_POINT('',(-2.153079800023E0,6.073902658234E0,
-6.344588280028E0));
#8052=CARTESIAN_POINT('',(-2.179996612860E0,6.437596859646E0,
-6.335323178112E0));
#8053=CARTESIAN_POINT('',(-2.179996612860E0,6.316441648129E0,
-6.335323178112E0));
#8054=CARTESIAN_POINT('',(-2.179996612860E0,6.195286436612E0,
-6.335323178112E0));
#8055=CARTESIAN_POINT('',(-2.179996612860E0,6.074131225095E0,
-6.335323178112E0));
#8056=B_SPLINE_SURFACE_WITH_KNOTS('',3,3,((#8028,#8029,#8030,#8031),(#8032,
#8033,#8034,#8035),(#8036,#8037,#8038,#8039),(#8040,#8041,#8042,#8043),(#8044,
#8045,#8046,#8047),(#8048,#8049,#8050,#8051),(#8052,#8053,#8054,#8055)),
.UNSPECIFIED.,.F.,.F.,.F.,(4,1,1,1,4),(4,4),(-1.999999256954E-2,0.E0,5.E-1,1.E0,
1.019999613642E0),(-2.399164845691E-4,1.000327636122E0),.UNSPECIFIED.);
#8057=ORIENTED_EDGE('',*,*,#5985,.T.);
#8059=ORIENTED_EDGE('',*,*,#8058,.T.);
#8060=ORIENTED_EDGE('',*,*,#6627,.T.);
#8061=ORIENTED_EDGE('',*,*,#8021,.F.);
#8062=EDGE_LOOP('',(#8057,#8059,#8060,#8061));
#8063=FACE_OUTER_BOUND('',#8062,.F.);
#8064=ADVANCED_FACE('',(#8063),#8056,.F.);
#8065=FILL_AREA_STYLE_COLOUR('',#7);
#8066=FILL_AREA_STYLE('',(#8065));
#8067=SURFACE_STYLE_FILL_AREA(#8066);
#8068=SURFACE_SIDE_STYLE('',(#8067));
#8069=SURFACE_STYLE_USAGE(.POSITIVE.,#8068);
#8070=PRESENTATION_STYLE_ASSIGNMENT((#8069));
#8071=OVER_RIDING_STYLED_ITEM('',(#8070),#8064,#9);
#8072=CARTESIAN_POINT('',(2.496027081231E0,6.066382191505E0,-6.251768292825E0));
#8073=CARTESIAN_POINT('',(2.306130659369E0,6.066382190842E0,-5.776136905016E0));
#8074=CARTESIAN_POINT('',(2.116234237506E0,6.066382190180E0,-5.300505517207E0));
#8075=CARTESIAN_POINT('',(1.926337815644E0,6.066382189518E0,-4.824874129398E0));
#8076=CARTESIAN_POINT('',(2.465581675078E0,6.066638707515E0,-6.263927801184E0));
#8077=CARTESIAN_POINT('',(2.278001502816E0,6.066638707089E0,-5.787371325877E0));
#8078=CARTESIAN_POINT('',(2.090421330554E0,6.066638706662E0,-5.310814850570E0));
#8079=CARTESIAN_POINT('',(1.902841158292E0,6.066638706236E0,-4.834258375263E0));
#8080=CARTESIAN_POINT('',(1.671700822201E0,6.073327773640E0,-6.574323153992E0));
#8081=CARTESIAN_POINT('',(1.544518172959E0,6.073327779033E0,-6.074151997798E0));
#8082=CARTESIAN_POINT('',(1.417335523718E0,6.073327784426E0,-5.573980841605E0));
#8083=CARTESIAN_POINT('',(1.290152874476E0,6.073327789819E0,-5.073809685411E0));
#8084=CARTESIAN_POINT('',(-4.227987284611E-6,6.087427089400E0,
-6.883186907361E0));
#8085=CARTESIAN_POINT('',(-4.013755319332E-6,6.087427090538E0,
-6.359517464072E0));
#8086=CARTESIAN_POINT('',(-3.799523352943E-6,6.087427091676E0,
-5.835848020784E0));
#8087=CARTESIAN_POINT('',(-3.585291391439E-6,6.087427092814E0,
-5.312178577495E0));
#8088=CARTESIAN_POINT('',(-1.671715953679E0,6.101551357931E0,
-6.574360448928E0));
#8089=CARTESIAN_POINT('',(-1.544532331258E0,6.101551354316E0,
-6.074186454954E0));
#8090=CARTESIAN_POINT('',(-1.417348708837E0,6.101551350701E0,
-5.574012460979E0));
#8091=CARTESIAN_POINT('',(-1.290165086416E0,6.101551347086E0,
-5.073838467005E0));
#8092=CARTESIAN_POINT('',(-2.465603515929E0,6.108265501368E0,
-6.263982809040E0));
#8093=CARTESIAN_POINT('',(-2.278021823014E0,6.108265503084E0,
-5.787422148188E0));
#8094=CARTESIAN_POINT('',(-2.090440130099E0,6.108265504801E0,
-5.310861487335E0));
#8095=CARTESIAN_POINT('',(-1.902858437184E0,6.108265506518E0,
-4.834300826483E0));
#8096=CARTESIAN_POINT('',(-2.496049181431E0,6.108522999735E0,
-6.251823981399E0));
#8097=CARTESIAN_POINT('',(-2.306151217734E0,6.108523001668E0,
-5.776188356249E0));
#8098=CARTESIAN_POINT('',(-2.116253254037E0,6.108523003602E0,
-5.300552731100E0));
#8099=CARTESIAN_POINT('',(-1.926355290341E0,6.108523005535E0,
-4.824917105950E0));
#8100=B_SPLINE_SURFACE_WITH_KNOTS('',3,3,((#8072,#8073,#8074,#8075),(#8076,
#8077,#8078,#8079),(#8080,#8081,#8082,#8083),(#8084,#8085,#8086,#8087),(#8088,
#8089,#8090,#8091),(#8092,#8093,#8094,#8095),(#8096,#8097,#8098,#8099)),
.UNSPECIFIED.,.F.,.F.,.F.,(4,1,1,1,4),(4,4),(-1.999999942989E-2,0.E0,5.E-1,1.E0,
1.019999997039E0),(-9.628303439757E-5,1.001454781388E0),.UNSPECIFIED.);
#8101=ORIENTED_EDGE('',*,*,#5983,.T.);
#8103=ORIENTED_EDGE('',*,*,#8102,.T.);
#8104=ORIENTED_EDGE('',*,*,#6629,.T.);
#8105=ORIENTED_EDGE('',*,*,#8058,.F.);
#8106=EDGE_LOOP('',(#8101,#8103,#8104,#8105));
#8107=FACE_OUTER_BOUND('',#8106,.F.);
#8108=ADVANCED_FACE('',(#8107),#8100,.F.);
#8109=CARTESIAN_POINT('',(-2.E0,2.5E0,-5.23E0));
#8110=DIRECTION('',(0.E0,0.E0,1.E0));
#8111=DIRECTION('',(1.E0,0.E0,0.E0));
#8112=AXIS2_PLACEMENT_3D('',#8109,#8110,#8111);
#8113=PLANE('',#8112);
#8115=ORIENTED_EDGE('',*,*,#8114,.F.);
#8116=ORIENTED_EDGE('',*,*,#6631,.F.);
#8117=ORIENTED_EDGE('',*,*,#8102,.F.);
#8118=ORIENTED_EDGE('',*,*,#5981,.T.);
#8119=EDGE_LOOP('',(#8115,#8116,#8117,#8118));
#8120=FACE_OUTER_BOUND('',#8119,.F.);
#8121=ADVANCED_FACE('',(#8120),#8113,.F.);
#8122=FILL_AREA_STYLE_COLOUR('',#3);
#8123=FILL_AREA_STYLE('',(#8122));
#8124=SURFACE_STYLE_FILL_AREA(#8123);
#8125=SURFACE_SIDE_STYLE('',(#8124));
#8126=SURFACE_STYLE_USAGE(.POSITIVE.,#8125);
#8127=PRESENTATION_STYLE_ASSIGNMENT((#8126));
#8128=OVER_RIDING_STYLED_ITEM('',(#8127),#8121,#9);
#8129=CARTESIAN_POINT('',(1.926327758217E0,6.016381017213E0,-4.824849229762E0));
#8130=CARTESIAN_POINT('',(2.116225157182E0,6.016381017865E0,-5.300483087458E0));
#8131=CARTESIAN_POINT('',(2.306122556146E0,6.016381018518E0,-5.776116945155E0));
#8132=CARTESIAN_POINT('',(2.496019955110E0,6.016381019170E0,-6.251750802851E0));
#8133=CARTESIAN_POINT('',(1.902831453030E0,6.016637983635E0,-4.834233918979E0));
#8134=CARTESIAN_POINT('',(2.090412612320E0,6.016637984058E0,-5.310792917658E0));
#8135=CARTESIAN_POINT('',(2.277993771610E0,6.016637984481E0,-5.787351916338E0));
#8136=CARTESIAN_POINT('',(2.465574930900E0,6.016637984904E0,-6.263910915017E0));
#8137=CARTESIAN_POINT('',(1.290152089431E0,6.023338529410E0,-5.073796395970E0));
#8138=CARTESIAN_POINT('',(1.417335959056E0,6.023338524183E0,-5.573971426005E0));
#8139=CARTESIAN_POINT('',(1.544519828682E0,6.023338518955E0,-6.074146456040E0));
#8140=CARTESIAN_POINT('',(1.671703698308E0,6.023338513728E0,-6.574321486075E0));
#8141=CARTESIAN_POINT('',(3.686926790536E-7,6.037448326228E0,
-5.312167819455E0));
#8142=CARTESIAN_POINT('',(5.037061917568E-7,6.037448325423E0,
-5.835841634768E0));
#8143=CARTESIAN_POINT('',(6.387197012403E-7,6.037448324618E0,
-6.359515450080E0));
#8144=CARTESIAN_POINT('',(7.737332153868E-7,6.037448323813E0,
-6.883189265393E0));
#8145=CARTESIAN_POINT('',(-1.290149565588E0,6.051558280895E0,
-5.073786757984E0));
#8146=CARTESIAN_POINT('',(-1.417332989355E0,6.051558284586E0,
-5.573960837798E0));
#8147=CARTESIAN_POINT('',(-1.544516413122E0,6.051558288277E0,
-6.074134917612E0));
#8148=CARTESIAN_POINT('',(-1.671699836889E0,6.051558291967E0,
-6.574308997426E0));
#8149=CARTESIAN_POINT('',(-1.902827134365E0,6.058258985312E0,
-4.834219705768E0));
#8150=CARTESIAN_POINT('',(-2.090407671143E0,6.058258983426E0,
-5.310777303155E0));
#8151=CARTESIAN_POINT('',(-2.277988207921E0,6.058258981541E0,
-5.787334900543E0));
#8152=CARTESIAN_POINT('',(-2.465568744699E0,6.058258979655E0,
-6.263892497931E0));
#8153=CARTESIAN_POINT('',(-1.926323365820E0,6.058515957911E0,
-4.824834842490E0));
#8154=CARTESIAN_POINT('',(-2.116220135015E0,6.058515955799E0,
-5.300467281734E0));
#8155=CARTESIAN_POINT('',(-2.306116904210E0,6.058515953687E0,
-5.776099720977E0));
#8156=CARTESIAN_POINT('',(-2.496013673405E0,6.058515951575E0,
-6.251732160221E0));
#8157=B_SPLINE_SURFACE_WITH_KNOTS('',3,3,((#8129,#8130,#8131,#8132),(#8133,
#8134,#8135,#8136),(#8137,#8138,#8139,#8140),(#8141,#8142,#8143,#8144),(#8145,
#8146,#8147,#8148),(#8149,#8150,#8151,#8152),(#8153,#8154,#8155,#8156)),
.UNSPECIFIED.,.F.,.F.,.F.,(4,1,1,1,4),(4,4),(-2.000000005502E-2,0.E0,5.E-1,1.E0,
1.019999997015E0),(-1.659072804808E-3,1.000075648598E0),.UNSPECIFIED.);
#8158=ORIENTED_EDGE('',*,*,#5979,.T.);
#8160=ORIENTED_EDGE('',*,*,#8159,.T.);
#8161=ORIENTED_EDGE('',*,*,#6633,.T.);
#8162=ORIENTED_EDGE('',*,*,#8114,.T.);
#8163=EDGE_LOOP('',(#8158,#8160,#8161,#8162));
#8164=FACE_OUTER_BOUND('',#8163,.F.);
#8165=ADVANCED_FACE('',(#8164),#8157,.F.);
#8166=CARTESIAN_POINT('',(2.496019954559E0,5.716381019170E0,-6.251750801473E0));
#8167=CARTESIAN_POINT('',(2.306122555781E0,5.716381018518E0,-5.776116944237E0));
#8168=CARTESIAN_POINT('',(2.116225157002E0,5.716381017866E0,-5.300483087001E0));
#8169=CARTESIAN_POINT('',(1.926327758223E0,5.716381017214E0,-4.824849229764E0));
#8170=CARTESIAN_POINT('',(2.465574930356E0,5.716637984904E0,-6.263910913636E0));
#8171=CARTESIAN_POINT('',(2.277993771249E0,5.716637984481E0,-5.787351915418E0));
#8172=CARTESIAN_POINT('',(2.090412612142E0,5.716637984058E0,-5.310792917199E0));
#8173=CARTESIAN_POINT('',(1.902831453034E0,5.716637983635E0,-4.834233918981E0));
#8174=CARTESIAN_POINT('',(1.671703697939E0,5.723338513728E0,-6.574321484625E0));
#8175=CARTESIAN_POINT('',(1.544519828422E0,5.723338518956E0,-6.074146455075E0));
#8176=CARTESIAN_POINT('',(1.417335958905E0,5.723338524184E0,-5.573971425525E0));
#8177=CARTESIAN_POINT('',(1.290152089388E0,5.723338529412E0,-5.073796395975E0));
#8178=CARTESIAN_POINT('',(7.737331103597E-7,5.737448323813E0,
-6.883189263875E0));
#8179=CARTESIAN_POINT('',(6.387173490108E-7,5.737448324619E0,
-6.359515449068E0));
#8180=CARTESIAN_POINT('',(5.037015846643E-7,5.737448325424E0,
-5.835841634260E0));
#8181=CARTESIAN_POINT('',(3.686858282004E-7,5.737448326229E0,
-5.312167819452E0));
#8182=CARTESIAN_POINT('',(-1.671699836517E0,5.751558291968E0,
-6.574308995976E0));
#8183=CARTESIAN_POINT('',(-1.544516412863E0,5.751558288277E0,
-6.074134916648E0));
#8184=CARTESIAN_POINT('',(-1.417332989210E0,5.751558284586E0,
-5.573960837319E0));
#8185=CARTESIAN_POINT('',(-1.290149565556E0,5.751558280895E0,
-5.073786757991E0));
#8186=CARTESIAN_POINT('',(-2.465568744148E0,5.758258979656E0,
-6.263892496552E0));
#8187=CARTESIAN_POINT('',(-2.277988207558E0,5.758258981542E0,
-5.787334899625E0));
#8188=CARTESIAN_POINT('',(-2.090407670968E0,5.758258983428E0,
-5.310777302699E0));
#8189=CARTESIAN_POINT('',(-1.902827134378E0,5.758258985314E0,
-4.834219705773E0));
#8190=CARTESIAN_POINT('',(-2.496013672843E0,5.758515951576E0,
-6.251732158847E0));
#8191=CARTESIAN_POINT('',(-2.306116903840E0,5.758515953688E0,
-5.776099720063E0));
#8192=CARTESIAN_POINT('',(-2.116220134836E0,5.758515955800E0,
-5.300467281279E0));
#8193=CARTESIAN_POINT('',(-1.926323365832E0,5.758515957912E0,
-4.824834842496E0));
#8194=B_SPLINE_SURFACE_WITH_KNOTS('',3,3,((#8166,#8167,#8168,#8169),(#8170,
#8171,#8172,#8173),(#8174,#8175,#8176,#8177),(#8178,#8179,#8180,#8181),(#8182,
#8183,#8184,#8185),(#8186,#8187,#8188,#8189),(#8190,#8191,#8192,#8193)),
.UNSPECIFIED.,.F.,.F.,.F.,(4,1,1,1,4),(4,4),(-2.000000005492E-2,0.E0,5.E-1,1.E0,
1.019999997012E0),(-7.563400951317E-5,1.001478724497E0),.UNSPECIFIED.);
#8195=ORIENTED_EDGE('',*,*,#5975,.T.);
#8197=ORIENTED_EDGE('',*,*,#8196,.T.);
#8198=ORIENTED_EDGE('',*,*,#6637,.T.);
#8200=ORIENTED_EDGE('',*,*,#8199,.T.);
#8201=EDGE_LOOP('',(#8195,#8197,#8198,#8200));
#8202=FACE_OUTER_BOUND('',#8201,.F.);
#8203=ADVANCED_FACE('',(#8202),#8194,.F.);
#8204=CARTESIAN_POINT('',(-2.E0,2.5E0,-5.23E0));
#8205=DIRECTION('',(0.E0,0.E0,1.E0));
#8206=DIRECTION('',(1.E0,0.E0,0.E0));
#8207=AXIS2_PLACEMENT_3D('',#8204,#8205,#8206);
#8208=PLANE('',#8207);
#8210=ORIENTED_EDGE('',*,*,#8209,.F.);
#8211=ORIENTED_EDGE('',*,*,#6639,.F.);
#8212=ORIENTED_EDGE('',*,*,#8196,.F.);
#8213=ORIENTED_EDGE('',*,*,#5973,.T.);
#8214=EDGE_LOOP('',(#8210,#8211,#8212,#8213));
#8215=FACE_OUTER_BOUND('',#8214,.F.);
#8216=ADVANCED_FACE('',(#8215),#8208,.F.);
#8217=FILL_AREA_STYLE_COLOUR('',#3);
#8218=FILL_AREA_STYLE('',(#8217));
#8219=SURFACE_STYLE_FILL_AREA(#8218);
#8220=SURFACE_SIDE_STYLE('',(#8219));
#8221=SURFACE_STYLE_USAGE(.POSITIVE.,#8220);
#8222=PRESENTATION_STYLE_ASSIGNMENT((#8221));
#8223=OVER_RIDING_STYLED_ITEM('',(#8222),#8216,#9);
#8224=CARTESIAN_POINT('',(1.926339550473E0,5.666379753400E0,-4.824878864429E0));
#8225=CARTESIAN_POINT('',(2.116238673857E0,5.666379754049E0,-5.300517044674E0));
#8226=CARTESIAN_POINT('',(2.306137797240E0,5.666379754697E0,-5.776155224919E0));
#8227=CARTESIAN_POINT('',(2.496036920624E0,5.666379755346E0,-6.251793405164E0));
#8228=CARTESIAN_POINT('',(1.902843300289E0,5.666637187126E0,-4.834264090157E0));
#8229=CARTESIAN_POINT('',(2.090426181774E0,5.666637187553E0,-5.310827467269E0));
#8230=CARTESIAN_POINT('',(2.278009063258E0,5.666637187979E0,-5.787390844382E0));
#8231=CARTESIAN_POINT('',(2.465591944743E0,5.666637188405E0,-6.263954221494E0));
#8232=CARTESIAN_POINT('',(1.290165152766E0,5.673349665243E0,-5.073840150873E0));
#8233=CARTESIAN_POINT('',(1.417350665434E0,5.673349660189E0,-5.574020974896E0));
#8234=CARTESIAN_POINT('',(1.544536178102E0,5.673349655135E0,-6.074201798919E0));
#8235=CARTESIAN_POINT('',(1.671721690770E0,5.673349650081E0,-6.574382622943E0));
#8236=CARTESIAN_POINT('',(3.332168503123E-6,5.687471533466E0,
-5.312219046816E0));
#8237=CARTESIAN_POINT('',(3.714995484572E-6,5.687471533026E0,
-5.835899469183E0));
#8238=CARTESIAN_POINT('',(4.097822474014E-6,5.687471532586E0,
-6.359579891549E0));
#8239=CARTESIAN_POINT('',(4.480649458238E-6,5.687471532147E0,
-6.883260313916E0));
#8240=CARTESIAN_POINT('',(-1.290151786798E0,5.701569866385E0,
-5.073802518864E0));
#8241=CARTESIAN_POINT('',(-1.417335828082E0,5.701569870222E0,
-5.573979632377E0));
#8242=CARTESIAN_POINT('',(-1.544519869366E0,5.701569874059E0,
-6.074156745889E0));
#8243=CARTESIAN_POINT('',(-1.671703910651E0,5.701569877896E0,
-6.574333859402E0));
#8244=CARTESIAN_POINT('',(-1.902823200038E0,5.708258691994E0,
-4.834208589665E0));
#8245=CARTESIAN_POINT('',(-2.090403900970E0,5.708258690025E0,
-5.310766494464E0));
#8246=CARTESIAN_POINT('',(-2.277984601903E0,5.708258688055E0,
-5.787324399262E0));
#8247=CARTESIAN_POINT('',(-2.465565302835E0,5.708258686086E0,
-6.263882304061E0));
#8248=CARTESIAN_POINT('',(-1.926319181848E0,5.708515199100E0,
-4.824822680545E0));
#8249=CARTESIAN_POINT('',(-2.116216096449E0,5.708515196896E0,
-5.300455321096E0));
#8250=CARTESIAN_POINT('',(-2.306113011050E0,5.708515194691E0,
-5.776087961646E0));
#8251=CARTESIAN_POINT('',(-2.496009925650E0,5.708515192487E0,
-6.251720602196E0));
#8252=B_SPLINE_SURFACE_WITH_KNOTS('',3,3,((#8224,#8225,#8226,#8227),(#8228,
#8229,#8230,#8231),(#8232,#8233,#8234,#8235),(#8236,#8237,#8238,#8239),(#8240,
#8241,#8242,#8243),(#8244,#8245,#8246,#8247),(#8248,#8249,#8250,#8251)),
.UNSPECIFIED.,.F.,.F.,.F.,(4,1,1,1,4),(4,4),(-2.000000124075E-2,0.E0,5.E-1,1.E0,
1.019999997186E0),(-1.649908799697E-3,1.000090484739E0),.UNSPECIFIED.);
#8253=ORIENTED_EDGE('',*,*,#5971,.T.);
#8255=ORIENTED_EDGE('',*,*,#8254,.T.);
#8256=ORIENTED_EDGE('',*,*,#6641,.T.);
#8257=ORIENTED_EDGE('',*,*,#8209,.T.);
#8258=EDGE_LOOP('',(#8253,#8255,#8256,#8257));
#8259=FACE_OUTER_BOUND('',#8258,.F.);
#8260=ADVANCED_FACE('',(#8259),#8252,.F.);
#8261=CARTESIAN_POINT('',(2.496036920755E0,5.366379755346E0,-6.251793405491E0));
#8262=CARTESIAN_POINT('',(2.306137797333E0,5.366379754697E0,-5.776155225148E0));
#8263=CARTESIAN_POINT('',(2.116238673912E0,5.366379754049E0,-5.300517044804E0));
#8264=CARTESIAN_POINT('',(1.926339550491E0,5.366379753400E0,-4.824878864461E0));
#8265=CARTESIAN_POINT('',(2.465591944872E0,5.366637188405E0,-6.263954221822E0));
#8266=CARTESIAN_POINT('',(2.278009063350E0,5.366637187978E0,-5.787390844611E0));
#8267=CARTESIAN_POINT('',(2.090426181827E0,5.366637187552E0,-5.310827467400E0));
#8268=CARTESIAN_POINT('',(1.902843300305E0,5.366637187126E0,-4.834264090189E0));
#8269=CARTESIAN_POINT('',(1.671721690858E0,5.373349650081E0,-6.574382623287E0));
#8270=CARTESIAN_POINT('',(1.544536178149E0,5.373349655136E0,-6.074201799161E0));
#8271=CARTESIAN_POINT('',(1.417350665441E0,5.373349660190E0,-5.574020975035E0));
#8272=CARTESIAN_POINT('',(1.290165152733E0,5.373349665244E0,-5.073840150910E0));
#8273=CARTESIAN_POINT('',(4.480649404726E-6,5.387471532147E0,
-6.883260314276E0));
#8274=CARTESIAN_POINT('',(4.097821167504E-6,5.387471532587E0,
-6.359579891799E0));
#8275=CARTESIAN_POINT('',(3.714992917181E-6,5.387471533027E0,
-5.835899469322E0));
#8276=CARTESIAN_POINT('',(3.332164675296E-6,5.387471533466E0,
-5.312219046846E0));
#8277=CARTESIAN_POINT('',(-1.671703910734E0,5.401569877897E0,
-6.574333859747E0));
#8278=CARTESIAN_POINT('',(-1.544519869414E0,5.401569874060E0,
-6.074156746132E0));
#8279=CARTESIAN_POINT('',(-1.417335828093E0,5.401569870222E0,
-5.573979632516E0));
#8280=CARTESIAN_POINT('',(-1.290151786772E0,5.401569866385E0,
-5.073802518901E0));
#8281=CARTESIAN_POINT('',(-2.465565302957E0,5.408258686087E0,
-6.263882304392E0));
#8282=CARTESIAN_POINT('',(-2.277984601992E0,5.408258688057E0,
-5.787324399494E0));
#8283=CARTESIAN_POINT('',(-2.090403901027E0,5.408258690026E0,
-5.310766494597E0));
#8284=CARTESIAN_POINT('',(-1.902823200062E0,5.408258691995E0,
-4.834208589699E0));
#8285=CARTESIAN_POINT('',(-2.496009925771E0,5.408515192488E0,
-6.251720602527E0));
#8286=CARTESIAN_POINT('',(-2.306113011138E0,5.408515194693E0,
-5.776087961878E0));
#8287=CARTESIAN_POINT('',(-2.116216096505E0,5.408515196897E0,
-5.300455321229E0));
#8288=CARTESIAN_POINT('',(-1.926319181872E0,5.408515199102E0,
-4.824822680580E0));
#8289=B_SPLINE_SURFACE_WITH_KNOTS('',3,3,((#8261,#8262,#8263,#8264),(#8265,
#8266,#8267,#8268),(#8269,#8270,#8271,#8272),(#8273,#8274,#8275,#8276),(#8277,
#8278,#8279,#8280),(#8281,#8282,#8283,#8284),(#8285,#8286,#8287,#8288)),
.UNSPECIFIED.,.F.,.F.,.F.,(4,1,1,1,4),(4,4),(-2.000000124075E-2,0.E0,5.E-1,1.E0,
1.019999997183E0),(-9.046867676512E-5,1.001469562122E0),.UNSPECIFIED.);
#8290=ORIENTED_EDGE('',*,*,#5967,.T.);
#8292=ORIENTED_EDGE('',*,*,#8291,.T.);
#8293=ORIENTED_EDGE('',*,*,#6645,.T.);
#8295=ORIENTED_EDGE('',*,*,#8294,.T.);
#8296=EDGE_LOOP('',(#8290,#8292,#8293,#8295));
#8297=FACE_OUTER_BOUND('',#8296,.F.);
#8298=ADVANCED_FACE('',(#8297),#8289,.F.);
#8299=CARTESIAN_POINT('',(-2.E0,2.5E0,-5.23E0));
#8300=DIRECTION('',(0.E0,0.E0,1.E0));
#8301=DIRECTION('',(1.E0,0.E0,0.E0));
#8302=AXIS2_PLACEMENT_3D('',#8299,#8300,#8301);
#8303=PLANE('',#8302);
#8305=ORIENTED_EDGE('',*,*,#8304,.F.);
#8306=ORIENTED_EDGE('',*,*,#6647,.F.);
#8307=ORIENTED_EDGE('',*,*,#8291,.F.);
#8308=ORIENTED_EDGE('',*,*,#5965,.T.);
#8310=ORIENTED_EDGE('',*,*,#8309,.F.);
#8311=EDGE_LOOP('',(#8305,#8306,#8307,#8308,#8310));
#8312=FACE_OUTER_BOUND('',#8311,.F.);
#8313=ADVANCED_FACE('',(#8312),#8303,.F.);
#8314=FILL_AREA_STYLE_COLOUR('',#3);
#8315=FILL_AREA_STYLE('',(#8314));
#8316=SURFACE_STYLE_FILL_AREA(#8315);
#8317=SURFACE_SIDE_STYLE('',(#8316));
#8318=SURFACE_STYLE_USAGE(.POSITIVE.,#8317);
#8319=PRESENTATION_STYLE_ASSIGNMENT((#8318));
#8320=OVER_RIDING_STYLED_ITEM('',(#8319),#8313,#9);
#8321=CARTESIAN_POINT('',(1.892167817963E0,5.316750363553E0,-4.841703220238E0));
#8322=CARTESIAN_POINT('',(2.078199590456E0,5.316750363605E0,-5.317723716792E0));
#8323=CARTESIAN_POINT('',(2.264231362950E0,5.316750363658E0,-5.793744213346E0));
#8324=CARTESIAN_POINT('',(2.450263135443E0,5.316750363710E0,-6.269764709901E0));
#8325=CARTESIAN_POINT('',(1.880379260655E0,5.316884803208E0,-4.846314020546E0));
#8326=CARTESIAN_POINT('',(2.065252022758E0,5.316884803241E0,-5.322787835425E0));
#8327=CARTESIAN_POINT('',(2.250124784862E0,5.316884803275E0,-5.799261650304E0));
#8328=CARTESIAN_POINT('',(2.434997546965E0,5.316884803308E0,-6.275735465183E0));
#8329=CARTESIAN_POINT('',(1.278305678137E0,5.323745547146E0,-5.079278667876E0));
#8330=CARTESIAN_POINT('',(1.403984629435E0,5.323745546294E0,-5.578656782795E0));
#8331=CARTESIAN_POINT('',(1.529663580733E0,5.323745545442E0,-6.078034897714E0));
#8332=CARTESIAN_POINT('',(1.655342532030E0,5.323745544590E0,-6.577413012633E0));
#8333=CARTESIAN_POINT('',(6.202527622890E-1,5.330956352572E0,
-5.200828737962E0));
#8334=CARTESIAN_POINT('',(6.812338036807E-1,5.330956354175E0,
-5.712157313542E0));
#8335=CARTESIAN_POINT('',(7.422148450723E-1,5.330956355777E0,
-6.223485889121E0));
#8336=CARTESIAN_POINT('',(8.031958864639E-1,5.330956357379E0,
-6.734814464701E0));
#8337=CARTESIAN_POINT('',(-2.531637269249E-2,5.337767015086E0,
-5.198318292873E0));
#8338=CARTESIAN_POINT('',(-2.780538843687E-2,5.337767015022E0,
-5.709400019487E0));
#8339=CARTESIAN_POINT('',(-3.029440418126E-2,5.337767014958E0,
-6.220481746102E0));
#8340=CARTESIAN_POINT('',(-3.278341992564E-2,5.337767014894E0,
-6.731563472716E0));
#8341=CARTESIAN_POINT('',(-3.797420644876E-2,5.337900453842E0,
-5.198223026917E0));
#8342=CARTESIAN_POINT('',(-4.170769511342E-2,5.337900453744E0,
-5.709295386685E0));
#8343=CARTESIAN_POINT('',(-4.544118377808E-2,5.337900453646E0,
-6.220367746453E0));
#8344=CARTESIAN_POINT('',(-4.917467244275E-2,5.337900453548E0,
-6.731440106221E0));
#8345=B_SPLINE_SURFACE_WITH_KNOTS('',3,3,((#8321,#8322,#8323,#8324),(#8325,
#8326,#8327,#8328),(#8329,#8330,#8331,#8332),(#8333,#8334,#8335,#8336),(#8337,
#8338,#8339,#8340),(#8341,#8342,#8343,#8344)),.UNSPECIFIED.,.F.,.F.,.F.,(4,1,1,
4),(4,4),(-1.999999999997E-2,0.E0,1.E0,1.02E0),(4.371519910604E-4,
1.000057484524E0),.UNSPECIFIED.);
#8346=ORIENTED_EDGE('',*,*,#8304,.T.);
#8348=ORIENTED_EDGE('',*,*,#8347,.F.);
#8350=ORIENTED_EDGE('',*,*,#8349,.T.);
#8351=ORIENTED_EDGE('',*,*,#6649,.T.);
#8352=EDGE_LOOP('',(#8346,#8348,#8350,#8351));
#8353=FACE_OUTER_BOUND('',#8352,.F.);
#8354=ADVANCED_FACE('',(#8353),#8345,.F.);
#8355=CARTESIAN_POINT('',(3.797420603062E-2,5.337099546162E0,
-5.198223026920E0));
#8356=CARTESIAN_POINT('',(4.170770474857E-2,5.337099546260E0,
-5.709296768499E0));
#8357=CARTESIAN_POINT('',(4.544120346653E-2,5.337099546358E0,
-6.220370510078E0));
#8358=CARTESIAN_POINT('',(4.917470218449E-2,5.337099546456E0,
-6.731444251657E0));
#8359=CARTESIAN_POINT('',(2.531637241370E-2,5.337232984917E0,
-5.198318292874E0));
#8360=CARTESIAN_POINT('',(2.780539486030E-2,5.337232984981E0,
-5.709401401324E0));
#8361=CARTESIAN_POINT('',(3.029441730691E-2,5.337232985045E0,
-6.220484509775E0));
#8362=CARTESIAN_POINT('',(3.278343975351E-2,5.337232985109E0,
-6.731567618226E0));
#8363=CARTESIAN_POINT('',(-6.202527624249E-1,5.344043647428E0,
-5.200828737936E0));
#8364=CARTESIAN_POINT('',(-6.812339687089E-1,5.344043645826E0,
-5.712158696017E0));
#8365=CARTESIAN_POINT('',(-7.422151749929E-1,5.344043644224E0,
-6.223488654097E0));
#8366=CARTESIAN_POINT('',(-8.031963812769E-1,5.344043642622E0,
-6.734818612178E0));
#8367=CARTESIAN_POINT('',(-1.278305678136E0,5.351254452853E0,
-5.079278667876E0));
#8368=CARTESIAN_POINT('',(-1.403984969237E0,5.351254453705E0,
-5.578658132987E0));
#8369=CARTESIAN_POINT('',(-1.529664260339E0,5.351254454557E0,
-6.078037598099E0));
#8370=CARTESIAN_POINT('',(-1.655343551440E0,5.351254455409E0,
-6.577417063210E0));
#8371=CARTESIAN_POINT('',(-1.880379260650E0,5.358115196792E0,
-4.846314020548E0));
#8372=CARTESIAN_POINT('',(-2.065252522602E0,5.358115196758E0,
-5.322789123693E0));
#8373=CARTESIAN_POINT('',(-2.250125784555E0,5.358115196725E0,
-5.799264226837E0));
#8374=CARTESIAN_POINT('',(-2.434999046508E0,5.358115196692E0,
-6.275739329981E0));
#8375=CARTESIAN_POINT('',(-1.892167817955E0,5.358249636446E0,
-4.841703220241E0));
#8376=CARTESIAN_POINT('',(-2.078200093431E0,5.358249636394E0,
-5.317725003835E0));
#8377=CARTESIAN_POINT('',(-2.264232368908E0,5.358249636342E0,
-5.793746787429E0));
#8378=CARTESIAN_POINT('',(-2.450264644384E0,5.358249636290E0,
-6.269768571023E0));
#8379=B_SPLINE_SURFACE_WITH_KNOTS('',3,3,((#8355,#8356,#8357,#8358),(#8359,
#8360,#8361,#8362),(#8363,#8364,#8365,#8366),(#8367,#8368,#8369,#8370),(#8371,
#8372,#8373,#8374),(#8375,#8376,#8377,#8378)),.UNSPECIFIED.,.F.,.F.,.F.,(4,1,1,
4),(4,4),(-1.999999977992E-2,0.E0,1.E0,1.019999999996E0),(3.930565157863E-4,
1.000060189901E0),.UNSPECIFIED.);
#8380=ORIENTED_EDGE('',*,*,#5963,.T.);
#8382=ORIENTED_EDGE('',*,*,#8381,.T.);
#8383=ORIENTED_EDGE('',*,*,#8347,.T.);
#8384=ORIENTED_EDGE('',*,*,#8309,.T.);
#8385=EDGE_LOOP('',(#8380,#8382,#8383,#8384));
#8386=FACE_OUTER_BOUND('',#8385,.F.);
#8387=ADVANCED_FACE('',(#8386),#8379,.F.);
#8388=CARTESIAN_POINT('',(4.270066707327E-2,5.368802196650E0,
-6.699767658224E0));
#8389=CARTESIAN_POINT('',(4.270066707327E-2,5.247706336731E0,
-6.699767658224E0));
#8390=CARTESIAN_POINT('',(4.270066707327E-2,5.126610476812E0,
-6.699767658224E0));
#8391=CARTESIAN_POINT('',(4.270066707327E-2,5.005514616893E0,
-6.699767658224E0));
#8392=CARTESIAN_POINT('',(2.846732165578E-2,5.368918874520E0,
-6.699861770918E0));
#8393=CARTESIAN_POINT('',(2.846732165578E-2,5.247823014601E0,
-6.699861770918E0));
#8394=CARTESIAN_POINT('',(2.846732165578E-2,5.126727154682E0,
-6.699861770918E0));
#8395=CARTESIAN_POINT('',(2.846732165578E-2,5.005631294763E0,
-6.699861770918E0));
#8396=CARTESIAN_POINT('',(-6.974498521738E-1,5.374873153830E0,
-6.702354566037E0));
#8397=CARTESIAN_POINT('',(-6.974498521738E-1,5.253777293911E0,
-6.702354566037E0));
#8398=CARTESIAN_POINT('',(-6.974498521738E-1,5.132681433992E0,
-6.702354566037E0));
#8399=CARTESIAN_POINT('',(-6.974498521738E-1,5.011585574073E0,
-6.702354566037E0));
#8400=CARTESIAN_POINT('',(-1.437497792616E0,5.381131414463E0,
-6.583429909847E0));
#8401=CARTESIAN_POINT('',(-1.437497792616E0,5.260035554544E0,
-6.583429909847E0));
#8402=CARTESIAN_POINT('',(-1.437497792616E0,5.138939694625E0,
-6.583429909847E0));
#8403=CARTESIAN_POINT('',(-1.437497792616E0,5.017843834705E0,
-6.583429909847E0));
#8404=CARTESIAN_POINT('',(-2.126085097575E0,5.387138978703E0,
-6.353628257676E0));
#8405=CARTESIAN_POINT('',(-2.126085097575E0,5.266043118784E0,
-6.353628257676E0));
#8406=CARTESIAN_POINT('',(-2.126085097575E0,5.144947258865E0,
-6.353628257676E0));
#8407=CARTESIAN_POINT('',(-2.126085097575E0,5.023851398945E0,
-6.353628257676E0));
#8408=CARTESIAN_POINT('',(-2.139572300637E0,5.387256721336E0,
-6.349079497353E0));
#8409=CARTESIAN_POINT('',(-2.139572300637E0,5.266160861417E0,
-6.349079497353E0));
#8410=CARTESIAN_POINT('',(-2.139572300637E0,5.145065001498E0,
-6.349079497353E0));
#8411=CARTESIAN_POINT('',(-2.139572300637E0,5.023969141579E0,
-6.349079497353E0));
#8412=B_SPLINE_SURFACE_WITH_KNOTS('',3,3,((#8388,#8389,#8390,#8391),(#8392,
#8393,#8394,#8395),(#8396,#8397,#8398,#8399),(#8400,#8401,#8402,#8403),(#8404,
#8405,#8406,#8407),(#8408,#8409,#8410,#8411)),.UNSPECIFIED.,.F.,.F.,.F.,(4,1,1,
4),(4,4),(-1.999999914868E-2,0.E0,1.E0,1.019999956583E0),(-6.206410995058E-5,
1.000015329777E0),.UNSPECIFIED.);
#8413=ORIENTED_EDGE('',*,*,#5961,.T.);
#8415=ORIENTED_EDGE('',*,*,#8414,.T.);
#8417=ORIENTED_EDGE('',*,*,#8416,.T.);
#8418=ORIENTED_EDGE('',*,*,#8381,.F.);
#8419=EDGE_LOOP('',(#8413,#8415,#8417,#8418));
#8420=FACE_OUTER_BOUND('',#8419,.F.);
#8421=ADVANCED_FACE('',(#8420),#8412,.F.);
#8422=FILL_AREA_STYLE_COLOUR('',#7);
#8423=FILL_AREA_STYLE('',(#8422));
#8424=SURFACE_STYLE_FILL_AREA(#8423);
#8425=SURFACE_SIDE_STYLE('',(#8424));
#8426=SURFACE_STYLE_USAGE(.POSITIVE.,#8425);
#8427=PRESENTATION_STYLE_ASSIGNMENT((#8426));
#8428=OVER_RIDING_STYLED_ITEM('',(#8427),#8421,#9);
#8429=CARTESIAN_POINT('',(4.917468428759E-2,5.037099546452E0,
-6.731441727665E0));
#8430=CARTESIAN_POINT('',(4.544119167482E-2,5.037099546354E0,
-6.220368827416E0));
#8431=CARTESIAN_POINT('',(4.170769906205E-2,5.037099546256E0,
-5.709295927167E0));
#8432=CARTESIAN_POINT('',(3.797420644929E-2,5.037099546158E0,
-5.198223026917E0));
#8433=CARTESIAN_POINT('',(3.278342782223E-2,5.037232985106E0,
-6.731565094190E0));
#8434=CARTESIAN_POINT('',(3.029440944575E-2,5.037232985042E0,
-6.220482827084E0));
#8435=CARTESIAN_POINT('',(2.780539106928E-2,5.037232984978E0,
-5.709400559978E0));
#8436=CARTESIAN_POINT('',(2.531637269281E-2,5.037232984914E0,
-5.198318292873E0));
#8437=CARTESIAN_POINT('',(-8.031960799345E-1,5.044043642621E0,
-6.734816086957E0));
#8438=CARTESIAN_POINT('',(-7.422149740560E-1,5.044043644223E0,
-6.223486970625E0));
#8439=CARTESIAN_POINT('',(-6.812338681775E-1,5.044043645825E0,
-5.712157854292E0));
#8440=CARTESIAN_POINT('',(-6.202527622990E-1,5.044043647427E0,
-5.200828737960E0));
#8441=CARTESIAN_POINT('',(-1.655342930764E0,5.051254455409E0,
-6.577414596975E0));
#8442=CARTESIAN_POINT('',(-1.529663846553E0,5.051254454557E0,
-6.078035953942E0));
#8443=CARTESIAN_POINT('',(-1.403984762342E0,5.051254453705E0,
-5.578657310910E0));
#8444=CARTESIAN_POINT('',(-1.278305678132E0,5.051254452853E0,
-5.079278667877E0));
#8445=CARTESIAN_POINT('',(-2.434998133499E0,5.058115196692E0,
-6.275736976859E0));
#8446=CARTESIAN_POINT('',(-2.250125175884E0,5.058115196725E0,
-5.799262658088E0));
#8447=CARTESIAN_POINT('',(-2.065252218270E0,5.058115196758E0,
-5.322788339317E0));
#8448=CARTESIAN_POINT('',(-1.880379260655E0,5.058115196792E0,
-4.846314020546E0));
#8449=CARTESIAN_POINT('',(-2.450263725654E0,5.058249636290E0,
-6.269766220138E0));
#8450=CARTESIAN_POINT('',(-2.264231756424E0,5.058249636342E0,
-5.793745220172E0));
#8451=CARTESIAN_POINT('',(-2.078199787193E0,5.058249636394E0,
-5.317724220205E0));
#8452=CARTESIAN_POINT('',(-1.892167817963E0,5.058249636446E0,
-4.841703220238E0));
#8453=B_SPLINE_SURFACE_WITH_KNOTS('',3,3,((#8429,#8430,#8431,#8432),(#8433,
#8434,#8435,#8436),(#8437,#8438,#8439,#8440),(#8441,#8442,#8443,#8444),(#8445,
#8446,#8447,#8448),(#8449,#8450,#8451,#8452)),.UNSPECIFIED.,.F.,.F.,.F.,(4,1,1,
4),(4,4),(-2.E-2,0.E0,1.E0,1.02E0),(-5.853370815219E-5,9.994269646635E-1),
.UNSPECIFIED.);
#8454=ORIENTED_EDGE('',*,*,#5959,.T.);
#8456=ORIENTED_EDGE('',*,*,#8455,.T.);
#8458=ORIENTED_EDGE('',*,*,#8457,.T.);
#8459=ORIENTED_EDGE('',*,*,#8414,.F.);
#8460=EDGE_LOOP('',(#8454,#8456,#8458,#8459));
#8461=FACE_OUTER_BOUND('',#8460,.F.);
#8462=ADVANCED_FACE('',(#8461),#8453,.F.);
#8463=CARTESIAN_POINT('',(-2.E0,2.5E0,-5.23E0));
#8464=DIRECTION('',(0.E0,0.E0,1.E0));
#8465=DIRECTION('',(1.E0,0.E0,0.E0));
#8466=AXIS2_PLACEMENT_3D('',#8463,#8464,#8465);
#8467=PLANE('',#8466);
#8469=ORIENTED_EDGE('',*,*,#8468,.F.);
#8470=ORIENTED_EDGE('',*,*,#6655,.F.);
#8472=ORIENTED_EDGE('',*,*,#8471,.F.);
#8473=ORIENTED_EDGE('',*,*,#8455,.F.);
#8474=ORIENTED_EDGE('',*,*,#5957,.T.);
#8475=EDGE_LOOP('',(#8469,#8470,#8472,#8473,#8474));
#8476=FACE_OUTER_BOUND('',#8475,.F.);
#8477=ADVANCED_FACE('',(#8476),#8467,.F.);
#8478=FILL_AREA_STYLE_COLOUR('',#3);
#8479=FILL_AREA_STYLE('',(#8478));
#8480=SURFACE_STYLE_FILL_AREA(#8479);
#8481=SURFACE_SIDE_STYLE('',(#8480));
#8482=SURFACE_STYLE_USAGE(.POSITIVE.,#8481);
#8483=PRESENTATION_STYLE_ASSIGNMENT((#8482));
#8484=OVER_RIDING_STYLED_ITEM('',(#8483),#8477,#9);
#8485=CARTESIAN_POINT('',(1.926348124571E0,4.966382527061E0,-4.824900026473E0));
#8486=CARTESIAN_POINT('',(2.116239999230E0,4.966382527715E0,-5.300520034452E0));
#8487=CARTESIAN_POINT('',(2.306131873889E0,4.966382528370E0,-5.776140042430E0));
#8488=CARTESIAN_POINT('',(2.496023748548E0,4.966382529024E0,-6.251760050409E0));
#8489=CARTESIAN_POINT('',(1.902851243722E0,4.966638905899E0,-4.834284047629E0));
#8490=CARTESIAN_POINT('',(2.090426914848E0,4.966638906315E0,-5.310829093754E0));
#8491=CARTESIAN_POINT('',(2.278002585974E0,4.966638906732E0,-5.787374139879E0));
#8492=CARTESIAN_POINT('',(2.465578257101E0,4.966638907149E0,-6.263919186004E0));
#8493=CARTESIAN_POINT('',(1.290157258719E0,4.973324481520E0,-5.073829652704E0));
#8494=CARTESIAN_POINT('',(1.417336620415E0,4.973324476069E0,-5.573988122946E0));
#8495=CARTESIAN_POINT('',(1.544515982112E0,4.973324470619E0,-6.074146593187E0));
#8496=CARTESIAN_POINT('',(1.671695343808E0,4.973324465168E0,-6.574305063428E0));
#8497=CARTESIAN_POINT('',(-4.617744869595E-6,4.987420911042E0,
-5.312194836351E0));
#8498=CARTESIAN_POINT('',(-4.921466128960E-6,4.987420909804E0,
-5.835850535923E0));
#8499=CARTESIAN_POINT('',(-5.225187402869E-6,4.987420908565E0,
-6.359506235496E0));
#8500=CARTESIAN_POINT('',(-5.528908659125E-6,4.987420907326E0,
-6.883161935069E0));
#8501=CARTESIAN_POINT('',(-1.290173285202E0,5.001550526617E0,
-5.073868391648E0));
#8502=CARTESIAN_POINT('',(-1.417353986464E0,5.001550530221E0,
-5.574030676924E0));
#8503=CARTESIAN_POINT('',(-1.544534687725E0,5.001550533826E0,
-6.074192962199E0));
#8504=CARTESIAN_POINT('',(-1.671715388987E0,5.001550537431E0,
-6.574355247475E0));
#8505=CARTESIAN_POINT('',(-1.902874095490E0,5.008269454065E0,
-4.834341184826E0));
#8506=CARTESIAN_POINT('',(-2.090451841993E0,5.008269452419E0,
-5.310891857829E0));
#8507=CARTESIAN_POINT('',(-2.278029588496E0,5.008269450773E0,
-5.787442530832E0));
#8508=CARTESIAN_POINT('',(-2.465607334999E0,5.008269449127E0,
-6.263993203835E0));
#8509=CARTESIAN_POINT('',(-1.926371241384E0,5.008527139412E0,
-4.824957870197E0));
#8510=CARTESIAN_POINT('',(-2.116265220014E0,5.008527137552E0,
-5.300583574633E0));
#8511=CARTESIAN_POINT('',(-2.306159198645E0,5.008527135693E0,
-5.776209279068E0));
#8512=CARTESIAN_POINT('',(-2.496053177275E0,5.008527133833E0,
-6.251834983503E0));
#8513=B_SPLINE_SURFACE_WITH_KNOTS('',3,3,((#8485,#8486,#8487,#8488),(#8489,
#8490,#8491,#8492),(#8493,#8494,#8495,#8496),(#8497,#8498,#8499,#8500),(#8501,
#8502,#8503,#8504),(#8505,#8506,#8507,#8508),(#8509,#8510,#8511,#8512)),
.UNSPECIFIED.,.F.,.F.,.F.,(4,1,1,1,4),(4,4),(-1.999999926673E-2,0.E0,5.E-1,1.E0,
1.019999997195E0),(-1.575618145019E-3,1.000086798491E0),.UNSPECIFIED.);
#8514=ORIENTED_EDGE('',*,*,#5955,.T.);
#8516=ORIENTED_EDGE('',*,*,#8515,.T.);
#8517=ORIENTED_EDGE('',*,*,#6657,.T.);
#8518=ORIENTED_EDGE('',*,*,#8468,.T.);
#8519=EDGE_LOOP('',(#8514,#8516,#8517,#8518));
#8520=FACE_OUTER_BOUND('',#8519,.F.);
#8521=ADVANCED_FACE('',(#8520),#8513,.F.);
#8522=CARTESIAN_POINT('',(2.450264644393E0,5.016750363710E0,-6.269768571018E0));
#8523=CARTESIAN_POINT('',(2.264232368916E0,5.016750363658E0,-5.793746787425E0));
#8524=CARTESIAN_POINT('',(2.078200093439E0,5.016750363605E0,-5.317725003831E0));
#8525=CARTESIAN_POINT('',(1.892167817962E0,5.016750363553E0,-4.841703220238E0));
#8526=CARTESIAN_POINT('',(2.434999046513E0,5.016884803308E0,-6.275739329978E0));
#8527=CARTESIAN_POINT('',(2.250125784560E0,5.016884803275E0,-5.799264226834E0));
#8528=CARTESIAN_POINT('',(2.065252522607E0,5.016884803241E0,-5.322789123690E0));
#8529=CARTESIAN_POINT('',(1.880379260654E0,5.016884803208E0,-4.846314020545E0));
#8530=CARTESIAN_POINT('',(1.655343551443E0,5.023745544590E0,-6.577417063210E0));
#8531=CARTESIAN_POINT('',(1.529664260345E0,5.023745545442E0,-6.078037598098E0));
#8532=CARTESIAN_POINT('',(1.403984969246E0,5.023745546294E0,-5.578658132986E0));
#8533=CARTESIAN_POINT('',(1.278305678148E0,5.023745547146E0,-5.079278667873E0));
#8534=CARTESIAN_POINT('',(8.031963810962E-1,5.030956357379E0,
-6.734818612211E0));
#8535=CARTESIAN_POINT('',(7.422151748200E-1,5.030956355777E0,
-6.223488654129E0));
#8536=CARTESIAN_POINT('',(6.812339685438E-1,5.030956354175E0,
-5.712158696047E0));
#8537=CARTESIAN_POINT('',(6.202527622677E-1,5.030956352573E0,
-5.200828737965E0));
#8538=CARTESIAN_POINT('',(-3.278344011440E-2,5.037767014894E0,
-6.731567618224E0));
#8539=CARTESIAN_POINT('',(-3.029441764015E-2,5.037767014958E0,
-6.220484509773E0));
#8540=CARTESIAN_POINT('',(-2.780539516590E-2,5.037767015022E0,
-5.709401401323E0));
#8541=CARTESIAN_POINT('',(-2.531637269165E-2,5.037767015085E0,
-5.198318292873E0));
#8542=CARTESIAN_POINT('',(-4.917470272573E-2,5.037900453548E0,
-6.731444251653E0));
#8543=CARTESIAN_POINT('',(-4.544120396630E-2,5.037900453646E0,
-6.220370510074E0));
#8544=CARTESIAN_POINT('',(-4.170770520688E-2,5.037900453744E0,
-5.709296768496E0));
#8545=CARTESIAN_POINT('',(-3.797420644746E-2,5.037900453842E0,
-5.198223026917E0));
#8546=B_SPLINE_SURFACE_WITH_KNOTS('',3,3,((#8522,#8523,#8524,#8525),(#8526,
#8527,#8528,#8529),(#8530,#8531,#8532,#8533),(#8534,#8535,#8536,#8537),(#8538,
#8539,#8540,#8541),(#8542,#8543,#8544,#8545)),.UNSPECIFIED.,.F.,.F.,.F.,(4,1,1,
4),(4,4),(-2.000000000006E-2,0.E0,1.E0,1.02E0),(-6.020466007542E-5,
9.998520698942E-1),.UNSPECIFIED.);
#8547=ORIENTED_EDGE('',*,*,#8471,.T.);
#8548=ORIENTED_EDGE('',*,*,#6653,.T.);
#8550=ORIENTED_EDGE('',*,*,#8549,.F.);
#8551=ORIENTED_EDGE('',*,*,#8457,.F.);
#8552=EDGE_LOOP('',(#8547,#8548,#8550,#8551));
#8553=FACE_OUTER_BOUND('',#8552,.F.);
#8554=ADVANCED_FACE('',(#8553),#8546,.F.);
#8555=CARTESIAN_POINT('',(2.139572302361E0,5.351025416111E0,-6.349079496771E0));
#8556=CARTESIAN_POINT('',(2.139572302361E0,5.229927598825E0,-6.349079496771E0));
#8557=CARTESIAN_POINT('',(2.139572302361E0,5.108829781539E0,-6.349079496771E0));
#8558=CARTESIAN_POINT('',(2.139572302361E0,4.987731964253E0,-6.349079496771E0));
#8559=CARTESIAN_POINT('',(2.126085070020E0,5.351143159E0,-6.353628266973E0));
#8560=CARTESIAN_POINT('',(2.126085070020E0,5.230045341714E0,-6.353628266973E0));
#8561=CARTESIAN_POINT('',(2.126085070020E0,5.108947524428E0,-6.353628266973E0));
#8562=CARTESIAN_POINT('',(2.126085070020E0,4.987849707142E0,-6.353628266973E0));
#8563=CARTESIAN_POINT('',(1.437497734204E0,5.357150723495E0,-6.583429924361E0));
#8564=CARTESIAN_POINT('',(1.437497734204E0,5.236052906209E0,-6.583429924361E0));
#8565=CARTESIAN_POINT('',(1.437497734204E0,5.114955088923E0,-6.583429924361E0));
#8566=CARTESIAN_POINT('',(1.437497734204E0,4.993857271637E0,-6.583429924361E0));
#8567=CARTESIAN_POINT('',(6.974497606517E-1,5.363408984395E0,
-6.702354575595E0));
#8568=CARTESIAN_POINT('',(6.974497606517E-1,5.242311167108E0,
-6.702354575595E0));
#8569=CARTESIAN_POINT('',(6.974497606517E-1,5.121213349822E0,
-6.702354575595E0));
#8570=CARTESIAN_POINT('',(6.974497606517E-1,5.000115532536E0,
-6.702354575595E0));
#8571=CARTESIAN_POINT('',(-2.846741375368E-2,5.369363263705E0,
-6.699861770550E0));
#8572=CARTESIAN_POINT('',(-2.846741375368E-2,5.248265446419E0,
-6.699861770550E0));
#8573=CARTESIAN_POINT('',(-2.846741375368E-2,5.127167629133E0,
-6.699861770550E0));
#8574=CARTESIAN_POINT('',(-2.846741375368E-2,5.006069811847E0,
-6.699861770550E0));
#8575=CARTESIAN_POINT('',(-4.270075977581E-2,5.369479941580E0,
-6.699767657656E0));
#8576=CARTESIAN_POINT('',(-4.270075977581E-2,5.248382124294E0,
-6.699767657656E0));
#8577=CARTESIAN_POINT('',(-4.270075977581E-2,5.127284307008E0,
-6.699767657656E0));
#8578=CARTESIAN_POINT('',(-4.270075977581E-2,5.006186489722E0,
-6.699767657656E0));
#8579=B_SPLINE_SURFACE_WITH_KNOTS('',3,3,((#8555,#8556,#8557,#8558),(#8559,
#8560,#8561,#8562),(#8563,#8564,#8565,#8566),(#8567,#8568,#8569,#8570),(#8571,
#8572,#8573,#8574),(#8575,#8576,#8577,#8578)),.UNSPECIFIED.,.F.,.F.,.F.,(4,1,1,
4),(4,4),(-2.E-2,0.E0,1.E0,1.02E0),(-3.479300911408E-7,1.000093210990E0),
.UNSPECIFIED.);
#8580=ORIENTED_EDGE('',*,*,#6651,.T.);
#8581=ORIENTED_EDGE('',*,*,#8349,.F.);
#8582=ORIENTED_EDGE('',*,*,#8416,.F.);
#8583=ORIENTED_EDGE('',*,*,#8549,.T.);
#8584=EDGE_LOOP('',(#8580,#8581,#8582,#8583));
#8585=FACE_OUTER_BOUND('',#8584,.F.);
#8586=ADVANCED_FACE('',(#8585),#8579,.F.);
#8587=FILL_AREA_STYLE_COLOUR('',#7);
#8588=FILL_AREA_STYLE('',(#8587));
#8589=SURFACE_STYLE_FILL_AREA(#8588);
#8590=SURFACE_SIDE_STYLE('',(#8589));
#8591=SURFACE_STYLE_USAGE(.POSITIVE.,#8590);
#8592=PRESENTATION_STYLE_ASSIGNMENT((#8591));
#8593=OVER_RIDING_STYLED_ITEM('',(#8592),#8586,#9);
#8594=CARTESIAN_POINT('',(2.496029979151E0,4.666382529024E0,-6.251775656128E0));
#8595=CARTESIAN_POINT('',(2.306136027617E0,4.666382528370E0,-5.776150446233E0));
#8596=CARTESIAN_POINT('',(2.116242076084E0,4.666382527716E0,-5.300525236338E0));
#8597=CARTESIAN_POINT('',(1.926348124551E0,4.666382527061E0,-4.824900026443E0));
#8598=CARTESIAN_POINT('',(2.465584411706E0,4.666638907149E0,-6.263934822075E0));
#8599=CARTESIAN_POINT('',(2.278006689039E0,4.666638906732E0,-5.787384563916E0));
#8600=CARTESIAN_POINT('',(2.090428966372E0,4.666638906316E0,-5.310834305758E0));
#8601=CARTESIAN_POINT('',(1.902851243704E0,4.666638905899E0,-4.834284047599E0));
#8602=CARTESIAN_POINT('',(1.671699516731E0,4.673324465168E0,-6.574321474286E0));
#8603=CARTESIAN_POINT('',(1.544518764082E0,4.673324470618E0,-6.074157533746E0));
#8604=CARTESIAN_POINT('',(1.417338011432E0,4.673324476068E0,-5.573993593206E0));
#8605=CARTESIAN_POINT('',(1.290157258783E0,4.673324481518E0,-5.073829652666E0));
#8606=CARTESIAN_POINT('',(-5.528918574749E-6,4.687420907326E0,
-6.883179116902E0));
#8607=CARTESIAN_POINT('',(-5.225188347557E-6,4.687420908565E0,
-6.359517690043E0));
#8608=CARTESIAN_POINT('',(-4.921458115592E-6,4.687420909803E0,
-5.835856263183E0));
#8609=CARTESIAN_POINT('',(-4.617727886957E-6,4.687420911042E0,
-5.312194836323E0));
#8610=CARTESIAN_POINT('',(-1.671719561959E0,4.701550537431E0,
-6.574371658458E0));
#8611=CARTESIAN_POINT('',(-1.544537469720E0,4.701550533827E0,
-6.074203902841E0));
#8612=CARTESIAN_POINT('',(-1.417355377482E0,4.701550530222E0,
-5.574036147225E0));
#8613=CARTESIAN_POINT('',(-1.290173285243E0,4.701550526618E0,
-5.073868391609E0));
#8614=CARTESIAN_POINT('',(-2.465613489682E0,4.708269449127E0,
-6.264008840087E0));
#8615=CARTESIAN_POINT('',(-2.278033691608E0,4.708269450773E0,
-5.787452954988E0));
#8616=CARTESIAN_POINT('',(-2.090453893535E0,4.708269452419E0,
-5.310897069890E0));
#8617=CARTESIAN_POINT('',(-1.902874095461E0,4.708269454065E0,
-4.834341184792E0));
#8618=CARTESIAN_POINT('',(-2.496059407962E0,4.708527133833E0,
-6.251850589403E0));
#8619=CARTESIAN_POINT('',(-2.306163352427E0,4.708527135692E0,
-5.776219682989E0));
#8620=CARTESIAN_POINT('',(-2.116267296891E0,4.708527137552E0,
-5.300588776576E0));
#8621=CARTESIAN_POINT('',(-1.926371241355E0,4.708527139411E0,
-4.824957870162E0));
#8622=B_SPLINE_SURFACE_WITH_KNOTS('',3,3,((#8594,#8595,#8596,#8597),(#8598,
#8599,#8600,#8601),(#8602,#8603,#8604,#8605),(#8606,#8607,#8608,#8609),(#8610,
#8611,#8612,#8613),(#8614,#8615,#8616,#8617),(#8618,#8619,#8620,#8621)),
.UNSPECIFIED.,.F.,.F.,.F.,(4,1,1,1,4),(4,4),(-1.999999926673E-2,0.E0,5.E-1,1.E0,
1.019999997198E0),(-9.778206354245E-5,1.001865422444E0),.UNSPECIFIED.);
#8623=ORIENTED_EDGE('',*,*,#5951,.T.);
#8625=ORIENTED_EDGE('',*,*,#8624,.T.);
#8626=ORIENTED_EDGE('',*,*,#6661,.T.);
#8628=ORIENTED_EDGE('',*,*,#8627,.T.);
#8629=EDGE_LOOP('',(#8623,#8625,#8626,#8628));
#8630=FACE_OUTER_BOUND('',#8629,.F.);
#8631=ADVANCED_FACE('',(#8630),#8622,.F.);
#8632=CARTESIAN_POINT('',(-2.E0,2.5E0,-5.23E0));
#8633=DIRECTION('',(0.E0,0.E0,1.E0));
#8634=DIRECTION('',(1.E0,0.E0,0.E0));
#8635=AXIS2_PLACEMENT_3D('',#8632,#8633,#8634);
#8636=PLANE('',#8635);
#8638=ORIENTED_EDGE('',*,*,#8637,.F.);
#8639=ORIENTED_EDGE('',*,*,#6663,.F.);
#8640=ORIENTED_EDGE('',*,*,#8624,.F.);
#8641=ORIENTED_EDGE('',*,*,#5949,.T.);
#8642=EDGE_LOOP('',(#8638,#8639,#8640,#8641));
#8643=FACE_OUTER_BOUND('',#8642,.F.);
#8644=ADVANCED_FACE('',(#8643),#8636,.F.);
#8645=FILL_AREA_STYLE_COLOUR('',#3);
#8646=FILL_AREA_STYLE('',(#8645));
#8647=SURFACE_STYLE_FILL_AREA(#8646);
#8648=SURFACE_SIDE_STYLE('',(#8647));
#8649=SURFACE_STYLE_USAGE(.POSITIVE.,#8648);
#8650=PRESENTATION_STYLE_ASSIGNMENT((#8649));
#8651=OVER_RIDING_STYLED_ITEM('',(#8650),#8644,#9);
#8652=CARTESIAN_POINT('',(1.926328151987E0,4.616381499381E0,-4.824850044487E0));
#8653=CARTESIAN_POINT('',(2.116221500366E0,4.616381500039E0,-5.300473742317E0));
#8654=CARTESIAN_POINT('',(2.306114848744E0,4.616381500697E0,-5.776097440147E0));
#8655=CARTESIAN_POINT('',(2.496008197122E0,4.616381501355E0,-6.251721137977E0));
#8656=CARTESIAN_POINT('',(1.902831754124E0,4.616638284637E0,-4.834234566603E0));
#8657=CARTESIAN_POINT('',(2.090408903884E0,4.616638285063E0,-5.310783368931E0));
#8658=CARTESIAN_POINT('',(2.277986053645E0,4.616638285489E0,-5.787332171258E0));
#8659=CARTESIAN_POINT('',(2.465563203405E0,4.616638285915E0,-6.263880973586E0));
#8660=CARTESIAN_POINT('',(1.290150070121E0,4.623334210153E0,-5.073792845720E0));
#8661=CARTESIAN_POINT('',(1.417331010090E0,4.623334204860E0,-5.573956754709E0));
#8662=CARTESIAN_POINT('',(1.544511950059E0,4.623334199568E0,-6.074120663699E0));
#8663=CARTESIAN_POINT('',(1.671692890029E0,4.623334194275E0,-6.574284572689E0));
#8664=CARTESIAN_POINT('',(-1.339897996E-6,4.637439636705E0,-5.312163889220E0));
#8665=CARTESIAN_POINT('',(-1.356648383632E-6,4.637439635763E0,
-5.835826037410E0));
#8666=CARTESIAN_POINT('',(-1.373398767934E-6,4.637439634821E0,
-6.359488185601E0));
#8667=CARTESIAN_POINT('',(-1.390149154012E-6,4.637439633878E0,
-6.883150333792E0));
#8668=CARTESIAN_POINT('',(-1.290153934918E0,4.651554956919E0,
-5.073799865165E0));
#8669=CARTESIAN_POINT('',(-1.417335043994E0,4.651554960567E0,
-5.573964465587E0));
#8670=CARTESIAN_POINT('',(-1.544516153069E0,4.651554964216E0,
-6.074129066010E0));
#8671=CARTESIAN_POINT('',(-1.671697262145E0,4.651554967864E0,
-6.574293666433E0));
#8672=CARTESIAN_POINT('',(-1.902836810344E0,4.658260825457E0,
-4.834244921165E0));
#8673=CARTESIAN_POINT('',(-2.090414265541E0,4.658260823622E0,
-5.310794743438E0));
#8674=CARTESIAN_POINT('',(-2.277991720739E0,4.658260821787E0,
-5.787344565711E0));
#8675=CARTESIAN_POINT('',(-2.465569175937E0,4.658260819953E0,
-6.263894387984E0));
#8676=CARTESIAN_POINT('',(-1.926333251667E0,4.658518000188E0,
-4.824860528264E0));
#8677=CARTESIAN_POINT('',(-2.116226910507E0,4.658517998131E0,
-5.300485258768E0));
#8678=CARTESIAN_POINT('',(-2.306120569347E0,4.658517996073E0,
-5.776109989271E0));
#8679=CARTESIAN_POINT('',(-2.496014228187E0,4.658517994016E0,
-6.251734719774E0));
#8680=B_SPLINE_SURFACE_WITH_KNOTS('',3,3,((#8652,#8653,#8654,#8655),(#8656,
#8657,#8658,#8659),(#8660,#8661,#8662,#8663),(#8664,#8665,#8666,#8667),(#8668,
#8669,#8670,#8671),(#8672,#8673,#8674,#8675),(#8676,#8677,#8678,#8679)),
.UNSPECIFIED.,.F.,.F.,.F.,(4,1,1,1,4),(4,4),(-1.999999978398E-2,0.E0,5.E-1,1.E0,
1.019999996929E0),(-1.610065402164E-3,1.000060324989E0),.UNSPECIFIED.);
#8681=ORIENTED_EDGE('',*,*,#5947,.T.);
#8683=ORIENTED_EDGE('',*,*,#8682,.T.);
#8684=ORIENTED_EDGE('',*,*,#6665,.T.);
#8685=ORIENTED_EDGE('',*,*,#8637,.T.);
#8686=EDGE_LOOP('',(#8681,#8683,#8684,#8685));
#8687=FACE_OUTER_BOUND('',#8686,.F.);
#8688=ADVANCED_FACE('',(#8687),#8680,.F.);
#8689=CARTESIAN_POINT('',(2.496016718419E0,4.316381501355E0,-6.251742481170E0));
#8690=CARTESIAN_POINT('',(2.306120529606E0,4.316381500697E0,-5.776111668942E0));
#8691=CARTESIAN_POINT('',(2.116224340792E0,4.316381500039E0,-5.300480856714E0));
#8692=CARTESIAN_POINT('',(1.926328151978E0,4.316381499381E0,-4.824850044486E0));
#8693=CARTESIAN_POINT('',(2.465571620764E0,4.316638285915E0,-6.263902358292E0));
#8694=CARTESIAN_POINT('',(2.277991665215E0,4.316638285489E0,-5.787346427728E0));
#8695=CARTESIAN_POINT('',(2.090411709667E0,4.316638285063E0,-5.310790497165E0));
#8696=CARTESIAN_POINT('',(1.902831754118E0,4.316638284637E0,-4.834234566601E0));
#8697=CARTESIAN_POINT('',(1.671698597162E0,4.323334194275E0,-6.574307017102E0));
#8698=CARTESIAN_POINT('',(1.544515754838E0,4.323334199567E0,-6.074135626639E0));
#8699=CARTESIAN_POINT('',(1.417332912514E0,4.323334204859E0,-5.573964236175E0));
#8700=CARTESIAN_POINT('',(1.290150070190E0,4.323334210151E0,-5.073792845712E0));
#8701=CARTESIAN_POINT('',(-1.390149696467E-6,4.337439633878E0,
-6.883173832668E0));
#8702=CARTESIAN_POINT('',(-1.373394897253E-6,4.337439634821E0,
-6.359503851520E0));
#8703=CARTESIAN_POINT('',(-1.356640096040E-6,4.337439635763E0,
-5.835833870372E0));
#8704=CARTESIAN_POINT('',(-1.339885296492E-6,4.337439636705E0,
-5.312163889225E0));
#8705=CARTESIAN_POINT('',(-1.671702969291E0,4.351554967864E0,
-6.574316110876E0));
#8706=CARTESIAN_POINT('',(-1.544519957850E0,4.351554964216E0,
-6.074144028969E0));
#8707=CARTESIAN_POINT('',(-1.417336946409E0,4.351554960569E0,
-5.573971947062E0));
#8708=CARTESIAN_POINT('',(-1.290153934968E0,4.351554956921E0,
-5.073799865155E0));
#8709=CARTESIAN_POINT('',(-2.465577593320E0,4.358260819953E0,
-6.263915772731E0));
#8710=CARTESIAN_POINT('',(-2.277997332322E0,4.358260821787E0,
-5.787358822207E0));
#8711=CARTESIAN_POINT('',(-2.090417071323E0,4.358260823622E0,
-5.310801871683E0));
#8712=CARTESIAN_POINT('',(-1.902836810324E0,4.358260825456E0,
-4.834244921158E0));
#8713=CARTESIAN_POINT('',(-2.496022749514E0,4.358517994016E0,
-6.251756063007E0));
#8714=CARTESIAN_POINT('',(-2.306126250226E0,4.358517996073E0,
-5.776124218090E0));
#8715=CARTESIAN_POINT('',(-2.116229750938E0,4.358517998130E0,
-5.300492373173E0));
#8716=CARTESIAN_POINT('',(-1.926333251649E0,4.358518000187E0,
-4.824860528257E0));
#8717=B_SPLINE_SURFACE_WITH_KNOTS('',3,3,((#8689,#8690,#8691,#8692),(#8693,
#8694,#8695,#8696),(#8697,#8698,#8699,#8700),(#8701,#8702,#8703,#8704),(#8705,
#8706,#8707,#8708),(#8709,#8710,#8711,#8712),(#8713,#8714,#8715,#8716)),
.UNSPECIFIED.,.F.,.F.,.F.,(4,1,1,1,4),(4,4),(-1.999999978408E-2,0.E0,5.E-1,1.E0,
1.019999996933E0),(-7.532980364869E-5,1.001899879648E0),.UNSPECIFIED.);
#8718=ORIENTED_EDGE('',*,*,#5943,.T.);
#8720=ORIENTED_EDGE('',*,*,#8719,.T.);
#8721=ORIENTED_EDGE('',*,*,#6669,.T.);
#8723=ORIENTED_EDGE('',*,*,#8722,.T.);
#8724=EDGE_LOOP('',(#8718,#8720,#8721,#8723));
#8725=FACE_OUTER_BOUND('',#8724,.F.);
#8726=ADVANCED_FACE('',(#8725),#8717,.F.);
#8727=CARTESIAN_POINT('',(-2.E0,2.5E0,-5.23E0));
#8728=DIRECTION('',(0.E0,0.E0,1.E0));
#8729=DIRECTION('',(1.E0,0.E0,0.E0));
#8730=AXIS2_PLACEMENT_3D('',#8727,#8728,#8729);
#8731=PLANE('',#8730);
#8733=ORIENTED_EDGE('',*,*,#8732,.F.);
#8734=ORIENTED_EDGE('',*,*,#6671,.F.);
#8735=ORIENTED_EDGE('',*,*,#8719,.F.);
#8736=ORIENTED_EDGE('',*,*,#5941,.T.);
#8737=EDGE_LOOP('',(#8733,#8734,#8735,#8736));
#8738=FACE_OUTER_BOUND('',#8737,.F.);
#8739=ADVANCED_FACE('',(#8738),#8731,.F.);
#8740=FILL_AREA_STYLE_COLOUR('',#3);
#8741=FILL_AREA_STYLE('',(#8740));
#8742=SURFACE_STYLE_FILL_AREA(#8741);
#8743=SURFACE_SIDE_STYLE('',(#8742));
#8744=SURFACE_STYLE_USAGE(.POSITIVE.,#8743);
#8745=PRESENTATION_STYLE_ASSIGNMENT((#8744));
#8746=OVER_RIDING_STYLED_ITEM('',(#8745),#8739,#9);
#8747=CARTESIAN_POINT('',(1.926333001494E0,4.266380259717E0,-4.824862411691E0));
#8748=CARTESIAN_POINT('',(2.116233073757E0,4.266380260373E0,-5.300502965927E0));
#8749=CARTESIAN_POINT('',(2.306133146020E0,4.266380261030E0,-5.776143520164E0));
#8750=CARTESIAN_POINT('',(2.496033218283E0,4.266380261687E0,-6.251784074401E0));
#8751=CARTESIAN_POINT('',(1.902836767383E0,4.266637521102E0,-4.834247456945E0));
#8752=CARTESIAN_POINT('',(2.090420580173E0,4.266637521534E0,-5.310813197949E0));
#8753=CARTESIAN_POINT('',(2.278004392963E0,4.266637521965E0,-5.787378938952E0));
#8754=CARTESIAN_POINT('',(2.465588205753E0,4.266637522397E0,-6.263944679956E0));
#8755=CARTESIAN_POINT('',(1.290159104450E0,4.273345595790E0,-5.073818950494E0));
#8756=CARTESIAN_POINT('',(1.417345096494E0,4.273345590677E0,-5.574001884503E0));
#8757=CARTESIAN_POINT('',(1.544531088537E0,4.273345585564E0,-6.074184818512E0));
#8758=CARTESIAN_POINT('',(1.671717080581E0,4.273345580451E0,-6.574367752521E0));
#8759=CARTESIAN_POINT('',(2.320384180354E-6,4.287462859568E0,
-5.312195371224E0));
#8760=CARTESIAN_POINT('',(2.619814294058E-6,4.287462858994E0,
-5.835877855490E0));
#8761=CARTESIAN_POINT('',(2.919244407762E-6,4.287462858419E0,
-6.359560339757E0));
#8762=CARTESIAN_POINT('',(3.218674524685E-6,4.287462857844E0,
-6.883242824023E0));
#8763=CARTESIAN_POINT('',(-1.290149420973E0,4.301565048892E0,
-5.073790793444E0));
#8764=CARTESIAN_POINT('',(-1.417334288658E0,4.301565052670E0,
-5.573970953898E0));
#8765=CARTESIAN_POINT('',(-1.544519156343E0,4.301565056449E0,
-6.074151114353E0));
#8766=CARTESIAN_POINT('',(-1.671704024028E0,4.301565060227E0,
-6.574331274808E0));
#8767=CARTESIAN_POINT('',(-1.902822016728E0,4.308257974031E0,
-4.834205930637E0));
#8768=CARTESIAN_POINT('',(-2.090404177111E0,4.308257972086E0,
-5.310767581195E0));
#8769=CARTESIAN_POINT('',(-2.277986337495E0,4.308257970141E0,
-5.787329231753E0));
#8770=CARTESIAN_POINT('',(-2.465568497878E0,4.308257968196E0,
-6.263890882310E0));
#8771=CARTESIAN_POINT('',(-1.926318048209E0,4.308514641898E0,
-4.824820374359E0));
#8772=CARTESIAN_POINT('',(-2.116216446972E0,4.308514639722E0,
-5.300456787813E0));
#8773=CARTESIAN_POINT('',(-2.306114845736E0,4.308514637545E0,
-5.776093201267E0));
#8774=CARTESIAN_POINT('',(-2.496013244500E0,4.308514635368E0,
-6.251729614722E0));
#8775=B_SPLINE_SURFACE_WITH_KNOTS('',3,3,((#8747,#8748,#8749,#8750),(#8751,
#8752,#8753,#8754),(#8755,#8756,#8757,#8758),(#8759,#8760,#8761,#8762),(#8763,
#8764,#8765,#8766),(#8767,#8768,#8769,#8770),(#8771,#8772,#8773,#8774)),
.UNSPECIFIED.,.F.,.F.,.F.,(4,1,1,1,4),(4,4),(-2.000000073668E-2,0.E0,5.E-1,1.E0,
1.019999997068E0),(-1.611878564970E-3,1.000090920861E0),.UNSPECIFIED.);
#8776=ORIENTED_EDGE('',*,*,#5939,.T.);
#8778=ORIENTED_EDGE('',*,*,#8777,.T.);
#8779=ORIENTED_EDGE('',*,*,#6673,.T.);
#8780=ORIENTED_EDGE('',*,*,#8732,.T.);
#8781=EDGE_LOOP('',(#8776,#8778,#8779,#8780));
#8782=FACE_OUTER_BOUND('',#8781,.F.);
#8783=ADVANCED_FACE('',(#8782),#8775,.F.);
#8784=CARTESIAN_POINT('',(2.179979556517E0,4.300758093937E0,-6.335270188036E0));
#8785=CARTESIAN_POINT('',(2.179979556517E0,4.179588487429E0,-6.335270188036E0));
#8786=CARTESIAN_POINT('',(2.179979556517E0,4.058418880920E0,-6.335270188036E0));
#8787=CARTESIAN_POINT('',(2.179979556517E0,3.937249274411E0,-6.335270188036E0));
#8788=CARTESIAN_POINT('',(2.153063186526E0,4.300986516944E0,-6.344538722459E0));
#8789=CARTESIAN_POINT('',(2.153063186526E0,4.179816910435E0,-6.344538722459E0));
#8790=CARTESIAN_POINT('',(2.153063186526E0,4.058647303926E0,-6.344538722459E0));
#8791=CARTESIAN_POINT('',(2.153063186526E0,3.937477697417E0,-6.344538722459E0));
#8792=CARTESIAN_POINT('',(1.451705436980E0,4.306937860569E0,-6.581076359543E0));
#8793=CARTESIAN_POINT('',(1.451705436980E0,4.185768254060E0,-6.581076359543E0));
#8794=CARTESIAN_POINT('',(1.451705436980E0,4.064598647551E0,-6.581076359543E0));
#8795=CARTESIAN_POINT('',(1.451705436980E0,3.943429041042E0,-6.581076359543E0));
#8796=CARTESIAN_POINT('',(-9.173576758226E-7,4.319222420260E0,
-6.814533099387E0));
#8797=CARTESIAN_POINT('',(-9.173576758226E-7,4.198052813751E0,
-6.814533099387E0));
#8798=CARTESIAN_POINT('',(-9.173576758226E-7,4.076883207242E0,
-6.814533099387E0));
#8799=CARTESIAN_POINT('',(-9.173576758226E-7,3.955713600733E0,
-6.814533099387E0));
#8800=CARTESIAN_POINT('',(-1.451708322284E0,4.331445308074E0,
-6.581083215156E0));
#8801=CARTESIAN_POINT('',(-1.451708322284E0,4.210275701565E0,
-6.581083215156E0));
#8802=CARTESIAN_POINT('',(-1.451708322284E0,4.089106095056E0,
-6.581083215156E0));
#8803=CARTESIAN_POINT('',(-1.451708322284E0,3.967936488547E0,
-6.581083215156E0));
#8804=CARTESIAN_POINT('',(-2.153067201787E0,4.337334166048E0,
-6.344549113289E0));
#8805=CARTESIAN_POINT('',(-2.153067201787E0,4.216164559539E0,
-6.344549113289E0));
#8806=CARTESIAN_POINT('',(-2.153067201787E0,4.094994953030E0,
-6.344549113289E0));
#8807=CARTESIAN_POINT('',(-2.153067201787E0,3.973825346521E0,
-6.344549113289E0));
#8808=CARTESIAN_POINT('',(-2.179983110213E0,4.337560136359E0,
-6.335280892762E0));
#8809=CARTESIAN_POINT('',(-2.179983110213E0,4.216390529850E0,
-6.335280892762E0));
#8810=CARTESIAN_POINT('',(-2.179983110213E0,4.095220923341E0,
-6.335280892762E0));
#8811=CARTESIAN_POINT('',(-2.179983110213E0,3.974051316832E0,
-6.335280892762E0));
#8812=B_SPLINE_SURFACE_WITH_KNOTS('',3,3,((#8784,#8785,#8786,#8787),(#8788,
#8789,#8790,#8791),(#8792,#8793,#8794,#8795),(#8796,#8797,#8798,#8799),(#8800,
#8801,#8802,#8803),(#8804,#8805,#8806,#8807),(#8808,#8809,#8810,#8811)),
.UNSPECIFIED.,.F.,.F.,.F.,(4,1,1,1,4),(4,4),(-1.999999192108E-2,0.E0,5.E-1,1.E0,
1.019999599787E0),(-1.808204270019E-4,1.000505614078E0),.UNSPECIFIED.);
#8813=ORIENTED_EDGE('',*,*,#5937,.T.);
#8815=ORIENTED_EDGE('',*,*,#8814,.T.);
#8816=ORIENTED_EDGE('',*,*,#6675,.T.);
#8817=ORIENTED_EDGE('',*,*,#8777,.F.);
#8818=EDGE_LOOP('',(#8813,#8815,#8816,#8817));
#8819=FACE_OUTER_BOUND('',#8818,.F.);
#8820=ADVANCED_FACE('',(#8819),#8812,.F.);
#8821=FILL_AREA_STYLE_COLOUR('',#7);
#8822=FILL_AREA_STYLE('',(#8821));
#8823=SURFACE_STYLE_FILL_AREA(#8822);
#8824=SURFACE_SIDE_STYLE('',(#8823));
#8825=SURFACE_STYLE_USAGE(.POSITIVE.,#8824);
#8826=PRESENTATION_STYLE_ASSIGNMENT((#8825));
#8827=OVER_RIDING_STYLED_ITEM('',(#8826),#8820,#9);
#8828=CARTESIAN_POINT('',(2.496033227243E0,3.966380261687E0,-6.251784096839E0));
#8829=CARTESIAN_POINT('',(2.306133151990E0,3.966380261030E0,-5.776143535123E0));
#8830=CARTESIAN_POINT('',(2.116233076738E0,3.966380260374E0,-5.300502973407E0));
#8831=CARTESIAN_POINT('',(1.926333001486E0,3.966380259717E0,-4.824862411690E0));
#8832=CARTESIAN_POINT('',(2.465588214603E0,3.966637522397E0,-6.263944702438E0));
#8833=CARTESIAN_POINT('',(2.278004398861E0,3.966637521966E0,-5.787378953940E0));
#8834=CARTESIAN_POINT('',(2.090420583120E0,3.966637521534E0,-5.310813205442E0));
#8835=CARTESIAN_POINT('',(1.902836767378E0,3.966637521102E0,-4.834247456944E0));
#8836=CARTESIAN_POINT('',(1.671717086581E0,3.973345580451E0,-6.574367776118E0));
#8837=CARTESIAN_POINT('',(1.544531092560E0,3.973345585563E0,-6.074184834244E0));
#8838=CARTESIAN_POINT('',(1.417345098539E0,3.973345590676E0,-5.574001892369E0));
#8839=CARTESIAN_POINT('',(1.290159104518E0,3.973345595788E0,-5.073818950495E0));
#8840=CARTESIAN_POINT('',(3.218674769823E-6,3.987462857844E0,
-6.883242848728E0));
#8841=CARTESIAN_POINT('',(2.919246457123E-6,3.987462858419E0,
-6.359560356236E0));
#8842=CARTESIAN_POINT('',(2.619818146199E-6,3.987462858993E0,
-5.835877863743E0));
#8843=CARTESIAN_POINT('',(2.320389836830E-6,3.987462859568E0,
-5.312195371251E0));
#8844=CARTESIAN_POINT('',(-1.671704030034E0,4.001565060227E0,
-6.574331298404E0));
#8845=CARTESIAN_POINT('',(-1.544519160367E0,4.001565056449E0,
-6.074151130091E0));
#8846=CARTESIAN_POINT('',(-1.417334290701E0,4.001565052671E0,
-5.573970961779E0));
#8847=CARTESIAN_POINT('',(-1.290149421035E0,4.001565048894E0,
-5.073790793466E0));
#8848=CARTESIAN_POINT('',(-2.465568506739E0,4.008257968197E0,
-6.263890904789E0));
#8849=CARTESIAN_POINT('',(-2.277986343400E0,4.008257970141E0,
-5.787329246748E0));
#8850=CARTESIAN_POINT('',(-2.090404180061E0,4.008257972086E0,
-5.310767588707E0));
#8851=CARTESIAN_POINT('',(-1.902822016722E0,4.008257974030E0,
-4.834205930667E0));
#8852=CARTESIAN_POINT('',(-2.496013253476E0,4.008514635368E0,
-6.251729637154E0));
#8853=CARTESIAN_POINT('',(-2.306114851719E0,4.008514637545E0,
-5.776093216232E0));
#8854=CARTESIAN_POINT('',(-2.116216449961E0,4.008514639721E0,
-5.300456795309E0));
#8855=CARTESIAN_POINT('',(-1.926318048204E0,4.008514641898E0,
-4.824820374387E0));
#8856=B_SPLINE_SURFACE_WITH_KNOTS('',3,3,((#8828,#8829,#8830,#8831),(#8832,
#8833,#8834,#8835),(#8836,#8837,#8838,#8839),(#8840,#8841,#8842,#8843),(#8844,
#8845,#8846,#8847),(#8848,#8849,#8850,#8851),(#8852,#8853,#8854,#8855)),
.UNSPECIFIED.,.F.,.F.,.F.,(4,1,1,1,4),(4,4),(-2.000000073671E-2,0.E0,5.E-1,1.E0,
1.019999997072E0),(-9.096292542614E-5,1.001901693323E0),.UNSPECIFIED.);
#8857=ORIENTED_EDGE('',*,*,#5935,.T.);
#8859=ORIENTED_EDGE('',*,*,#8858,.T.);
#8860=ORIENTED_EDGE('',*,*,#6677,.T.);
#8861=ORIENTED_EDGE('',*,*,#8814,.F.);
#8862=EDGE_LOOP('',(#8857,#8859,#8860,#8861));
#8863=FACE_OUTER_BOUND('',#8862,.F.);
#8864=ADVANCED_FACE('',(#8863),#8856,.F.);
#8865=CARTESIAN_POINT('',(-2.E0,2.5E0,-5.23E0));
#8866=DIRECTION('',(0.E0,0.E0,1.E0));
#8867=DIRECTION('',(1.E0,0.E0,0.E0));
#8868=AXIS2_PLACEMENT_3D('',#8865,#8866,#8867);
#8869=PLANE('',#8868);
#8871=ORIENTED_EDGE('',*,*,#8870,.F.);
#8872=ORIENTED_EDGE('',*,*,#6679,.F.);
#8873=ORIENTED_EDGE('',*,*,#8858,.F.);
#8874=ORIENTED_EDGE('',*,*,#5933,.T.);
#8875=EDGE_LOOP('',(#8871,#8872,#8873,#8874));
#8876=FACE_OUTER_BOUND('',#8875,.F.);
#8877=ADVANCED_FACE('',(#8876),#8869,.F.);
#8878=FILL_AREA_STYLE_COLOUR('',#3);
#8879=FILL_AREA_STYLE('',(#8878));
#8880=SURFACE_STYLE_FILL_AREA(#8879);
#8881=SURFACE_SIDE_STYLE('',(#8880));
#8882=SURFACE_STYLE_USAGE(.POSITIVE.,#8881);
#8883=PRESENTATION_STYLE_ASSIGNMENT((#8882));
#8884=OVER_RIDING_STYLED_ITEM('',(#8883),#8877,#9);
#8885=CARTESIAN_POINT('',(1.926335181198E0,3.916382614293E0,-4.824867218268E0));
#8886=CARTESIAN_POINT('',(2.116229896724E0,3.916382614960E0,-5.300494303606E0));
#8887=CARTESIAN_POINT('',(2.306124612250E0,3.916382615628E0,-5.776121388944E0));
#8888=CARTESIAN_POINT('',(2.496019327777E0,3.916382616295E0,-6.251748474282E0));
#8889=CARTESIAN_POINT('',(1.902838618684E0,3.916638967674E0,-4.834251713684E0));
#8890=CARTESIAN_POINT('',(2.090417111899E0,3.916638968103E0,-5.310803904055E0));
#8891=CARTESIAN_POINT('',(2.277995605114E0,3.916638968532E0,-5.787356094426E0));
#8892=CARTESIAN_POINT('',(2.465574098330E0,3.916638968961E0,-6.263908284797E0));
#8893=CARTESIAN_POINT('',(1.290152700684E0,3.923323881705E0,-5.073809417585E0));
#8894=CARTESIAN_POINT('',(1.417334371739E0,3.923323876251E0,-5.573976738763E0));
#8895=CARTESIAN_POINT('',(1.544516042794E0,3.923323870797E0,-6.074144059942E0));
#8896=CARTESIAN_POINT('',(1.671697713848E0,3.923323865343E0,-6.574311381120E0));
#8897=CARTESIAN_POINT('',(-3.811530839726E-6,3.937419027764E0,
-5.312185478037E0));
#8898=CARTESIAN_POINT('',(-4.032675140486E-6,3.937419026499E0,
-5.835851613502E0));
#8899=CARTESIAN_POINT('',(-4.253819441025E-6,3.937419025234E0,
-6.359517748966E0));
#8900=CARTESIAN_POINT('',(-4.474963743228E-6,3.937419023969E0,
-6.883183884431E0));
#8901=CARTESIAN_POINT('',(-1.290165540130E0,3.951547311636E0,
-5.073839628434E0));
#8902=CARTESIAN_POINT('',(-1.417348231110E0,3.951547315197E0,
-5.574009928474E0));
#8903=CARTESIAN_POINT('',(-1.544530922090E0,3.951547318759E0,
-6.074180228514E0));
#8904=CARTESIAN_POINT('',(-1.671713613070E0,3.951547322320E0,
-6.574350528554E0));
#8905=CARTESIAN_POINT('',(-1.902856700926E0,3.958265528862E0,
-4.834296272697E0));
#8906=CARTESIAN_POINT('',(-2.090436794620E0,3.958265527163E0,
-5.310852856672E0));
#8907=CARTESIAN_POINT('',(-2.278016888313E0,3.958265525464E0,
-5.787409440646E0));
#8908=CARTESIAN_POINT('',(-2.465596982007E0,3.958265523765E0,
-6.263966024620E0));
#8909=CARTESIAN_POINT('',(-1.926353466436E0,3.958523186845E0,
-4.824912328511E0));
#8910=CARTESIAN_POINT('',(-2.116249804948E0,3.958523184932E0,
-5.300543861804E0));
#8911=CARTESIAN_POINT('',(-2.306146143460E0,3.958523183019E0,
-5.776175395097E0));
#8912=CARTESIAN_POINT('',(-2.496042481972E0,3.958523181106E0,
-6.251806928390E0));
#8913=B_SPLINE_SURFACE_WITH_KNOTS('',3,3,((#8885,#8886,#8887,#8888),(#8889,
#8890,#8891,#8892),(#8893,#8894,#8895,#8896),(#8897,#8898,#8899,#8900),(#8901,
#8902,#8903,#8904),(#8905,#8906,#8907,#8908),(#8909,#8910,#8911,#8912)),
.UNSPECIFIED.,.F.,.F.,.F.,(4,1,1,1,4),(4,4),(-1.999999918525E-2,0.E0,5.E-1,1.E0,
1.019999997064E0),(-1.565849917760E-3,1.000090529384E0),.UNSPECIFIED.);
#8914=ORIENTED_EDGE('',*,*,#5931,.T.);
#8916=ORIENTED_EDGE('',*,*,#8915,.T.);
#8917=ORIENTED_EDGE('',*,*,#6681,.T.);
#8918=ORIENTED_EDGE('',*,*,#8870,.T.);
#8919=EDGE_LOOP('',(#8914,#8916,#8917,#8918));
#8920=FACE_OUTER_BOUND('',#8919,.F.);
#8921=ADVANCED_FACE('',(#8920),#8913,.F.);
#8922=CARTESIAN_POINT('',(2.180001992627E0,3.950789059091E0,-6.335339375822E0));
#8923=CARTESIAN_POINT('',(2.180001992627E0,3.829633160856E0,-6.335339375822E0));
#8924=CARTESIAN_POINT('',(2.180001992627E0,3.708477262622E0,-6.335339375822E0));
#8925=CARTESIAN_POINT('',(2.180001992627E0,3.587321364387E0,-6.335339375822E0));
#8926=CARTESIAN_POINT('',(2.153084573170E0,3.951014904453E0,-6.344604449404E0));
#8927=CARTESIAN_POINT('',(2.153084573170E0,3.829859006219E0,-6.344604449404E0));
#8928=CARTESIAN_POINT('',(2.153084573170E0,3.708703107984E0,-6.344604449404E0));
#8929=CARTESIAN_POINT('',(2.153084573170E0,3.587547209750E0,-6.344604449404E0));
#8930=CARTESIAN_POINT('',(1.451700693034E0,3.956900499687E0,-6.581053508671E0));
#8931=CARTESIAN_POINT('',(1.451700693034E0,3.835744601453E0,-6.581053508671E0));
#8932=CARTESIAN_POINT('',(1.451700693034E0,3.714588703218E0,-6.581053508671E0));
#8933=CARTESIAN_POINT('',(1.451700693034E0,3.593432804984E0,-6.581053508671E0));
#8934=CARTESIAN_POINT('',(-1.923559298511E-7,3.969122000509E0,
-6.814412714542E0));
#8935=CARTESIAN_POINT('',(-1.923559297401E-7,3.847966102275E0,
-6.814412714542E0));
#8936=CARTESIAN_POINT('',(-1.923559297401E-7,3.726810204040E0,
-6.814412714542E0));
#8937=CARTESIAN_POINT('',(-1.923559296291E-7,3.605654305806E0,
-6.814412714542E0));
#8938=CARTESIAN_POINT('',(-1.451697495132E0,3.981415828090E0,
-6.581038399042E0));
#8939=CARTESIAN_POINT('',(-1.451697495132E0,3.860259929856E0,
-6.581038399042E0));
#8940=CARTESIAN_POINT('',(-1.451697495132E0,3.739104031622E0,
-6.581038399042E0));
#8941=CARTESIAN_POINT('',(-1.451697495132E0,3.617948133387E0,
-6.581038399042E0));
#8942=CARTESIAN_POINT('',(-2.153077807377E0,3.987374706995E0,
-6.344582251158E0));
#8943=CARTESIAN_POINT('',(-2.153077807377E0,3.866218808761E0,
-6.344582251158E0));
#8944=CARTESIAN_POINT('',(-2.153077807377E0,3.745062910526E0,
-6.344582251158E0));
#8945=CARTESIAN_POINT('',(-2.153077807377E0,3.623907012292E0,
-6.344582251158E0));
#8946=CARTESIAN_POINT('',(-2.179994607199E0,3.987603419843E0,
-6.335317074528E0));
#8947=CARTESIAN_POINT('',(-2.179994607199E0,3.866447521609E0,
-6.335317074528E0));
#8948=CARTESIAN_POINT('',(-2.179994607199E0,3.745291623374E0,
-6.335317074528E0));
#8949=CARTESIAN_POINT('',(-2.179994607199E0,3.624135725140E0,
-6.335317074528E0));
#8950=B_SPLINE_SURFACE_WITH_KNOTS('',3,3,((#8922,#8923,#8924,#8925),(#8926,
#8927,#8928,#8929),(#8930,#8931,#8932,#8933),(#8934,#8935,#8936,#8937),(#8938,
#8939,#8940,#8941),(#8942,#8943,#8944,#8945),(#8946,#8947,#8948,#8949)),
.UNSPECIFIED.,.F.,.F.,.F.,(4,1,1,1,4),(4,4),(-1.999999270046E-2,0.E0,5.E-1,1.E0,
1.019999620743E0),(-2.465798623414E-4,1.000326644040E0),.UNSPECIFIED.);
#8951=ORIENTED_EDGE('',*,*,#5929,.T.);
#8953=ORIENTED_EDGE('',*,*,#8952,.T.);
#8954=ORIENTED_EDGE('',*,*,#6683,.T.);
#8955=ORIENTED_EDGE('',*,*,#8915,.F.);
#8956=EDGE_LOOP('',(#8951,#8953,#8954,#8955));
#8957=FACE_OUTER_BOUND('',#8956,.F.);
#8958=ADVANCED_FACE('',(#8957),#8950,.F.);
#8959=FILL_AREA_STYLE_COLOUR('',#7);
#8960=FILL_AREA_STYLE('',(#8959));
#8961=SURFACE_STYLE_FILL_AREA(#8960);
#8962=SURFACE_SIDE_STYLE('',(#8961));
#8963=SURFACE_STYLE_USAGE(.POSITIVE.,#8962);
#8964=PRESENTATION_STYLE_ASSIGNMENT((#8963));
#8965=OVER_RIDING_STYLED_ITEM('',(#8964),#8958,#9);
#8966=CARTESIAN_POINT('',(2.496026825770E0,3.616382616295E0,-6.251767254419E0));
#8967=CARTESIAN_POINT('',(2.306129610910E0,3.616382615628E0,-5.776133909025E0));
#8968=CARTESIAN_POINT('',(2.116232396049E0,3.616382614960E0,-5.300500563631E0));
#8969=CARTESIAN_POINT('',(1.926335181188E0,3.616382614293E0,-4.824867218237E0));
#8970=CARTESIAN_POINT('',(2.465581504867E0,3.616638968961E0,-6.263927101462E0));
#8971=CARTESIAN_POINT('',(2.278000542803E0,3.616638968532E0,-5.787368638859E0));
#8972=CARTESIAN_POINT('',(2.090419580738E0,3.616638968103E0,-5.310810176256E0));
#8973=CARTESIAN_POINT('',(1.902838618673E0,3.616638967674E0,-4.834251713653E0));
#8974=CARTESIAN_POINT('',(1.671702735617E0,3.623323865342E0,-6.574331130229E0));
#8975=CARTESIAN_POINT('',(1.544519390628E0,3.623323870797E0,-6.074157226004E0));
#8976=CARTESIAN_POINT('',(1.417336045638E0,3.623323876251E0,-5.573983321779E0));
#8977=CARTESIAN_POINT('',(1.290152700649E0,3.623323881706E0,-5.073809417554E0));
#8978=CARTESIAN_POINT('',(-4.474972620461E-6,3.637419023969E0,
-6.883204561390E0));
#8979=CARTESIAN_POINT('',(-4.253827534217E-6,3.637419025234E0,
-6.359531533593E0));
#8980=CARTESIAN_POINT('',(-4.032682444088E-6,3.637419026499E0,
-5.835858505797E0));
#8981=CARTESIAN_POINT('',(-3.811537356402E-6,3.637419027764E0,-5.312185478E0));
#8982=CARTESIAN_POINT('',(-1.671718634877E0,3.651547322320E0,
-6.574370277781E0));
#8983=CARTESIAN_POINT('',(-1.544534269953E0,3.651547318759E0,
-6.074193394655E0));
#8984=CARTESIAN_POINT('',(-1.417349905028E0,3.651547315197E0,
-5.574016511530E0));
#8985=CARTESIAN_POINT('',(-1.290165540104E0,3.651547311635E0,
-5.073839628404E0));
#8986=CARTESIAN_POINT('',(-2.465604388604E0,3.658265523765E0,
-6.263984841460E0));
#8987=CARTESIAN_POINT('',(-2.278021826043E0,3.658265525464E0,
-5.787421985196E0));
#8988=CARTESIAN_POINT('',(-2.090439263481E0,3.658265527163E0,
-5.310859128932E0));
#8989=CARTESIAN_POINT('',(-1.902856700920E0,3.658265528862E0,
-4.834296272668E0));
#8990=CARTESIAN_POINT('',(-2.496049980023E0,3.658523181106E0,
-6.251825708705E0));
#8991=CARTESIAN_POINT('',(-2.306151142159E0,3.658523183019E0,
-5.776187915297E0));
#8992=CARTESIAN_POINT('',(-2.116252304294E0,3.658523184932E0,
-5.300550121890E0));
#8993=CARTESIAN_POINT('',(-1.926353466429E0,3.658523186846E0,
-4.824912328482E0));
#8994=B_SPLINE_SURFACE_WITH_KNOTS('',3,3,((#8966,#8967,#8968,#8969),(#8970,
#8971,#8972,#8973),(#8974,#8975,#8976,#8977),(#8978,#8979,#8980,#8981),(#8982,
#8983,#8984,#8985),(#8986,#8987,#8988,#8989),(#8990,#8991,#8992,#8993)),
.UNSPECIFIED.,.F.,.F.,.F.,(4,1,1,1,4),(4,4),(-1.999999918529E-2,0.E0,5.E-1,1.E0,
1.019999997062E0),(-1.037018800542E-4,1.001459886348E0),.UNSPECIFIED.);
#8995=ORIENTED_EDGE('',*,*,#5927,.T.);
#8997=ORIENTED_EDGE('',*,*,#8996,.T.);
#8998=ORIENTED_EDGE('',*,*,#6685,.T.);
#8999=ORIENTED_EDGE('',*,*,#8952,.F.);
#9000=EDGE_LOOP('',(#8995,#8997,#8998,#8999));
#9001=FACE_OUTER_BOUND('',#9000,.F.);
#9002=ADVANCED_FACE('',(#9001),#8994,.F.);
#9003=FILL_AREA_STYLE_COLOUR('',#7);
#9004=FILL_AREA_STYLE('',(#9003));
#9005=SURFACE_STYLE_FILL_AREA(#9004);
#9006=SURFACE_SIDE_STYLE('',(#9005));
#9007=SURFACE_STYLE_USAGE(.POSITIVE.,#9006);
#9008=PRESENTATION_STYLE_ASSIGNMENT((#9007));
#9009=OVER_RIDING_STYLED_ITEM('',(#9008),#9002,#9);
#9010=CARTESIAN_POINT('',(-2.E0,2.5E0,-5.23E0));
#9011=DIRECTION('',(0.E0,0.E0,1.E0));
#9012=DIRECTION('',(1.E0,0.E0,0.E0));
#9013=AXIS2_PLACEMENT_3D('',#9010,#9011,#9012);
#9014=PLANE('',#9013);
#9016=ORIENTED_EDGE('',*,*,#9015,.F.);
#9017=ORIENTED_EDGE('',*,*,#6687,.F.);
#9018=ORIENTED_EDGE('',*,*,#8996,.F.);
#9019=ORIENTED_EDGE('',*,*,#5925,.T.);
#9020=EDGE_LOOP('',(#9016,#9017,#9018,#9019));
#9021=FACE_OUTER_BOUND('',#9020,.F.);
#9022=ADVANCED_FACE('',(#9021),#9014,.F.);
#9023=FILL_AREA_STYLE_COLOUR('',#3);
#9024=FILL_AREA_STYLE('',(#9023));
#9025=SURFACE_STYLE_FILL_AREA(#9024);
#9026=SURFACE_SIDE_STYLE('',(#9025));
#9027=SURFACE_STYLE_USAGE(.POSITIVE.,#9026);
#9028=PRESENTATION_STYLE_ASSIGNMENT((#9027));
#9029=OVER_RIDING_STYLED_ITEM('',(#9028),#9022,#9);
#9030=CARTESIAN_POINT('',(1.926401349580E0,3.566382719069E0,-4.825034501E0));
#9031=CARTESIAN_POINT('',(2.116282627335E0,3.566382719720E0,-5.300628083540E0));
#9032=CARTESIAN_POINT('',(2.306163905089E0,3.566382720372E0,-5.776221666080E0));
#9033=CARTESIAN_POINT('',(2.496045182844E0,3.566382721024E0,-6.251815248621E0));
#9034=CARTESIAN_POINT('',(1.902903520427E0,3.566638969200E0,-4.834417638736E0));
#9035=CARTESIAN_POINT('',(2.090468694629E0,3.566638969613E0,-5.310936095018E0));
#9036=CARTESIAN_POINT('',(2.278033868831E0,3.566638970025E0,-5.787454551301E0));
#9037=CARTESIAN_POINT('',(2.465599043033E0,3.566638970438E0,-6.263973007583E0));
#9038=CARTESIAN_POINT('',(1.290185272569E0,3.573321354359E0,-5.073940631241E0));
#9039=CARTESIAN_POINT('',(1.417356789922E0,3.573321348862E0,-5.574068308835E0));
#9040=CARTESIAN_POINT('',(1.544528307275E0,3.573321343364E0,-6.074195986428E0));
#9041=CARTESIAN_POINT('',(1.671699824628E0,3.573321337867E0,-6.574323664021E0));
#9042=CARTESIAN_POINT('',(-4.717835433543E-6,3.587419636175E0,
-5.312281546293E0));
#9043=CARTESIAN_POINT('',(-5.028769346715E-6,3.587419634916E0,
-5.835902096337E0));
#9044=CARTESIAN_POINT('',(-5.339703262552E-6,3.587419633657E0,
-6.359522646380E0));
#9045=CARTESIAN_POINT('',(-5.650637182053E-6,3.587419632398E0,
-6.883143196423E0));
#9046=CARTESIAN_POINT('',(-1.290201486165E0,3.601566909877E0,
-5.073980237975E0));
#9047=CARTESIAN_POINT('',(-1.417374386239E0,3.601566913745E0,
-5.574111814896E0));
#9048=CARTESIAN_POINT('',(-1.544547286313E0,3.601566917612E0,
-6.074243391818E0));
#9049=CARTESIAN_POINT('',(-1.671720186386E0,3.601566921479E0,
-6.574374968739E0));
#9050=CARTESIAN_POINT('',(-1.902926546126E0,3.608298532063E0,
-4.834476055827E0));
#9051=CARTESIAN_POINT('',(-2.090493867730E0,3.608298530886E0,
-5.311000263311E0));
#9052=CARTESIAN_POINT('',(-2.278061189334E0,3.608298529710E0,
-5.787524470794E0));
#9053=CARTESIAN_POINT('',(-2.465628510937E0,3.608298528533E0,
-6.264048678278E0));
#9054=CARTESIAN_POINT('',(-1.926424640477E0,3.608556711003E0,
-4.825093640150E0));
#9055=CARTESIAN_POINT('',(-2.116308095425E0,3.608556709621E0,
-5.300693044978E0));
#9056=CARTESIAN_POINT('',(-2.306191550373E0,3.608556708239E0,
-5.776292449806E0));
#9057=CARTESIAN_POINT('',(-2.496075005321E0,3.608556706857E0,
-6.251891854634E0));
#9058=B_SPLINE_SURFACE_WITH_KNOTS('',3,3,((#9030,#9031,#9032,#9033),(#9034,
#9035,#9036,#9037),(#9038,#9039,#9040,#9041),(#9042,#9043,#9044,#9045),(#9046,
#9047,#9048,#9049),(#9050,#9051,#9052,#9053),(#9054,#9055,#9056,#9057)),
.UNSPECIFIED.,.F.,.F.,.F.,(4,1,1,1,4),(4,4),(-1.999999954464E-2,0.E0,5.E-1,1.E0,
1.019999998068E0),(-1.488332928089E-3,1.000085674911E0),.UNSPECIFIED.);
#9059=ORIENTED_EDGE('',*,*,#5923,.T.);
#9061=ORIENTED_EDGE('',*,*,#9060,.T.);
#9062=ORIENTED_EDGE('',*,*,#6689,.T.);
#9063=ORIENTED_EDGE('',*,*,#9015,.T.);
#9064=EDGE_LOOP('',(#9059,#9061,#9062,#9063));
#9065=FACE_OUTER_BOUND('',#9064,.F.);
#9066=ADVANCED_FACE('',(#9065),#9058,.F.);
#9067=CARTESIAN_POINT('',(2.496036311298E0,3.266382721024E0,-6.251793028155E0));
#9068=CARTESIAN_POINT('',(2.306157990723E0,3.266382720372E0,-5.776206852429E0));
#9069=CARTESIAN_POINT('',(2.116279670149E0,3.266382719720E0,-5.300620676703E0));
#9070=CARTESIAN_POINT('',(1.926401349574E0,3.266382719069E0,-4.825034500978E0));
#9071=CARTESIAN_POINT('',(2.465590279699E0,3.266638970438E0,-6.263950743906E0));
#9072=CARTESIAN_POINT('',(2.278028026606E0,3.266638970025E0,-5.787439708842E0));
#9073=CARTESIAN_POINT('',(2.090465773513E0,3.266638969613E0,-5.310928673778E0));
#9074=CARTESIAN_POINT('',(1.902903520421E0,3.266638969200E0,-4.834417638713E0));
#9075=CARTESIAN_POINT('',(1.671693882979E0,3.273321337867E0,-6.574300297285E0));
#9076=CARTESIAN_POINT('',(1.544524346165E0,3.273321343365E0,-6.074180408597E0));
#9077=CARTESIAN_POINT('',(1.417354809351E0,3.273321348862E0,-5.574060519908E0));
#9078=CARTESIAN_POINT('',(1.290185272536E0,3.273321354360E0,-5.073940631220E0));
#9079=CARTESIAN_POINT('',(-5.650622428077E-6,3.287419632398E0,
-6.883118732064E0));
#9080=CARTESIAN_POINT('',(-5.339695566486E-6,3.287419633657E0,
-6.359506336798E0));
#9081=CARTESIAN_POINT('',(-5.028768704007E-6,3.287419634916E0,
-5.835893941533E0));
#9082=CARTESIAN_POINT('',(-4.717841842306E-6,3.287419636176E0,
-5.312281546267E0));
#9083=CARTESIAN_POINT('',(-1.671714244671E0,3.301566921479E0,
-6.574351601821E0));
#9084=CARTESIAN_POINT('',(-1.544543325161E0,3.301566917612E0,
-6.074227813865E0));
#9085=CARTESIAN_POINT('',(-1.417372405650E0,3.301566913744E0,
-5.574104025910E0));
#9086=CARTESIAN_POINT('',(-1.290201486140E0,3.301566909877E0,
-5.073980237955E0));
#9087=CARTESIAN_POINT('',(-2.465619747500E0,3.308298528533E0,
-6.264026414334E0));
#9088=CARTESIAN_POINT('',(-2.278055347041E0,3.308298529710E0,
-5.787509628157E0));
#9089=CARTESIAN_POINT('',(-2.090490946582E0,3.308298530887E0,
-5.310992841981E0));
#9090=CARTESIAN_POINT('',(-1.902926546123E0,3.308298532063E0,
-4.834476055805E0));
#9091=CARTESIAN_POINT('',(-2.496066133669E0,3.308556706857E0,
-6.251869633898E0));
#9092=CARTESIAN_POINT('',(-2.306185635937E0,3.308556708239E0,
-5.776277635975E0));
#9093=CARTESIAN_POINT('',(-2.116305138205E0,3.308556709621E0,
-5.300685638052E0));
#9094=CARTESIAN_POINT('',(-1.926424640473E0,3.308556711003E0,
-4.825093640129E0));
#9095=B_SPLINE_SURFACE_WITH_KNOTS('',3,3,((#9067,#9068,#9069,#9070),(#9071,
#9072,#9073,#9074),(#9075,#9076,#9077,#9078),(#9079,#9080,#9081,#9082),(#9083,
#9084,#9085,#9086),(#9087,#9088,#9089,#9090),(#9091,#9092,#9093,#9094)),
.UNSPECIFIED.,.F.,.F.,.F.,(4,1,1,1,4),(4,4),(-1.999999954463E-2,0.E0,5.E-1,1.E0,
1.019999998067E0),(-7.006913677345E-5,1.001382377553E0),.UNSPECIFIED.);
#9096=ORIENTED_EDGE('',*,*,#5919,.T.);
#9098=ORIENTED_EDGE('',*,*,#9097,.T.);
#9099=ORIENTED_EDGE('',*,*,#6693,.T.);
#9101=ORIENTED_EDGE('',*,*,#9100,.T.);
#9102=EDGE_LOOP('',(#9096,#9098,#9099,#9101));
#9103=FACE_OUTER_BOUND('',#9102,.F.);
#9104=ADVANCED_FACE('',(#9103),#9095,.F.);
#9105=FILL_AREA_STYLE_COLOUR('',#7);
#9106=FILL_AREA_STYLE('',(#9105));
#9107=SURFACE_STYLE_FILL_AREA(#9106);
#9108=SURFACE_SIDE_STYLE('',(#9107));
#9109=SURFACE_STYLE_USAGE(.POSITIVE.,#9108);
#9110=PRESENTATION_STYLE_ASSIGNMENT((#9109));
#9111=OVER_RIDING_STYLED_ITEM('',(#9110),#9104,#9);
#9112=CARTESIAN_POINT('',(-2.E0,2.5E0,-5.23E0));
#9113=DIRECTION('',(0.E0,0.E0,1.E0));
#9114=DIRECTION('',(1.E0,0.E0,0.E0));
#9115=AXIS2_PLACEMENT_3D('',#9112,#9113,#9114);
#9116=PLANE('',#9115);
#9118=ORIENTED_EDGE('',*,*,#9117,.F.);
#9119=ORIENTED_EDGE('',*,*,#6695,.F.);
#9120=ORIENTED_EDGE('',*,*,#9097,.F.);
#9121=ORIENTED_EDGE('',*,*,#5917,.T.);
#9122=EDGE_LOOP('',(#9118,#9119,#9120,#9121));
#9123=FACE_OUTER_BOUND('',#9122,.F.);
#9124=ADVANCED_FACE('',(#9123),#9116,.F.);
#9125=FILL_AREA_STYLE_COLOUR('',#3);
#9126=FILL_AREA_STYLE('',(#9125));
#9127=SURFACE_STYLE_FILL_AREA(#9126);
#9128=SURFACE_SIDE_STYLE('',(#9127));
#9129=SURFACE_STYLE_USAGE(.POSITIVE.,#9128);
#9130=PRESENTATION_STYLE_ASSIGNMENT((#9129));
#9131=OVER_RIDING_STYLED_ITEM('',(#9130),#9124,#9);
#9132=CARTESIAN_POINT('',(1.926423912295E0,3.216377961185E0,-4.825093590593E0));
#9133=CARTESIAN_POINT('',(2.116304470675E0,3.216377961786E0,-5.300685601654E0));
#9134=CARTESIAN_POINT('',(2.306185029055E0,3.216377962386E0,-5.776277612715E0));
#9135=CARTESIAN_POINT('',(2.496065587435E0,3.216377962987E0,-6.251869623777E0));
#9136=CARTESIAN_POINT('',(1.902925813486E0,3.216635909188E0,-4.834476008073E0));
#9137=CARTESIAN_POINT('',(2.090490274501E0,3.216635909576E0,-5.310992807599E0));
#9138=CARTESIAN_POINT('',(2.278054735517E0,3.216635909964E0,-5.787509607125E0));
#9139=CARTESIAN_POINT('',(2.465619196532E0,3.216635910353E0,-6.264026406651E0));
#9140=CARTESIAN_POINT('',(1.290200693163E0,3.223361586510E0,-5.073980214650E0));
#9141=CARTESIAN_POINT('',(1.417371676208E0,3.223361581673E0,-5.574104019222E0));
#9142=CARTESIAN_POINT('',(1.544542659252E0,3.223361576836E0,-6.074227823793E0));
#9143=CARTESIAN_POINT('',(1.671713642296E0,3.223361571998E0,-6.574351628364E0));
#9144=CARTESIAN_POINT('',(3.833705057965E-6,3.237500349169E0,
-5.312281570144E0));
#9145=CARTESIAN_POINT('',(4.210352482437E-6,3.237500349191E0,
-5.835893987490E0));
#9146=CARTESIAN_POINT('',(4.586999908684E-6,3.237500349213E0,
-6.359506404837E0));
#9147=CARTESIAN_POINT('',(4.963647328715E-6,3.237500349235E0,
-6.883118822184E0));
#9148=CARTESIAN_POINT('',(-1.290186180248E0,3.251597299396E0,
-5.073940698615E0));
#9149=CARTESIAN_POINT('',(-1.417355656212E0,3.251597303611E0,
-5.574060612722E0));
#9150=CARTESIAN_POINT('',(-1.544525132176E0,3.251597307827E0,
-6.074180526829E0));
#9151=CARTESIAN_POINT('',(-1.671694608140E0,3.251597312043E0,
-6.574300440937E0));
#9152=CARTESIAN_POINT('',(-1.902904421317E0,3.258280955075E0,
-4.834417727225E0));
#9153=CARTESIAN_POINT('',(-2.090466617749E0,3.258280953420E0,
-5.310928788867E0));
#9154=CARTESIAN_POINT('',(-2.278028814182E0,3.258280951765E0,
-5.787439850509E0));
#9155=CARTESIAN_POINT('',(-2.465591010615E0,3.258280950110E0,
-6.263950912151E0));
#9156=CARTESIAN_POINT('',(-1.926402247459E0,3.258537256875E0,
-4.825034591411E0));
#9157=CARTESIAN_POINT('',(-2.116280511268E0,3.258537254982E0,
-5.300620793867E0));
#9158=CARTESIAN_POINT('',(-2.306158775078E0,3.258537253090E0,
-5.776206996324E0));
#9159=CARTESIAN_POINT('',(-2.496037038887E0,3.258537251197E0,
-6.251793198780E0));
#9160=B_SPLINE_SURFACE_WITH_KNOTS('',3,3,((#9132,#9133,#9134,#9135),(#9136,
#9137,#9138,#9139),(#9140,#9141,#9142,#9143),(#9144,#9145,#9146,#9147),(#9148,
#9149,#9150,#9151),(#9152,#9153,#9154,#9155),(#9156,#9157,#9158,#9159)),
.UNSPECIFIED.,.F.,.F.,.F.,(4,1,1,1,4),(4,4),(-1.999999994950E-2,0.E0,5.E-1,1.E0,
1.019999997126E0),(-1.488335058707E-3,1.000070114107E0),.UNSPECIFIED.);
#9161=ORIENTED_EDGE('',*,*,#5915,.T.);
#9163=ORIENTED_EDGE('',*,*,#9162,.T.);
#9164=ORIENTED_EDGE('',*,*,#6697,.T.);
#9165=ORIENTED_EDGE('',*,*,#9117,.T.);
#9166=EDGE_LOOP('',(#9161,#9163,#9164,#9165));
#9167=FACE_OUTER_BOUND('',#9166,.F.);
#9168=ADVANCED_FACE('',(#9167),#9160,.F.);
#9169=CARTESIAN_POINT('',(2.496065587585E0,2.916377962987E0,-6.251869624152E0));
#9170=CARTESIAN_POINT('',(2.306185029159E0,2.916377962386E0,-5.776277612973E0));
#9171=CARTESIAN_POINT('',(2.116304470733E0,2.916377961786E0,-5.300685601794E0));
#9172=CARTESIAN_POINT('',(1.926423912307E0,2.916377961185E0,-4.825093590615E0));
#9173=CARTESIAN_POINT('',(2.465619196679E0,2.916635910353E0,-6.264026407026E0));
#9174=CARTESIAN_POINT('',(2.278054735618E0,2.916635909964E0,-5.787509607382E0));
#9175=CARTESIAN_POINT('',(2.090490274557E0,2.916635909576E0,-5.310992807739E0));
#9176=CARTESIAN_POINT('',(1.902925813496E0,2.916635909188E0,-4.834476008095E0));
#9177=CARTESIAN_POINT('',(1.671713642396E0,2.923361571998E0,-6.574351628758E0));
#9178=CARTESIAN_POINT('',(1.544542659313E0,2.923361576836E0,-6.074227824064E0));
#9179=CARTESIAN_POINT('',(1.417371676229E0,2.923361581673E0,-5.574104019370E0));
#9180=CARTESIAN_POINT('',(1.290200693146E0,2.923361586511E0,-5.073980214676E0));
#9181=CARTESIAN_POINT('',(4.963647252554E-6,2.937500349234E0,
-6.883118822596E0));
#9182=CARTESIAN_POINT('',(4.586999820311E-6,2.937500349213E0,
-6.359506405120E0));
#9183=CARTESIAN_POINT('',(4.210352386291E-6,2.937500349191E0,
-5.835893987643E0));
#9184=CARTESIAN_POINT('',(3.833704955714E-6,2.937500349169E0,
-5.312281570166E0));
#9185=CARTESIAN_POINT('',(-1.671694608239E0,2.951597312043E0,
-6.574300441331E0));
#9186=CARTESIAN_POINT('',(-1.544525132237E0,2.951597307827E0,
-6.074180527101E0));
#9187=CARTESIAN_POINT('',(-1.417355656235E0,2.951597303611E0,
-5.574060612871E0));
#9188=CARTESIAN_POINT('',(-1.290186180233E0,2.951597299394E0,
-5.073940698641E0));
#9189=CARTESIAN_POINT('',(-2.465591010759E0,2.958280950109E0,
-6.263950912528E0));
#9190=CARTESIAN_POINT('',(-2.278028814283E0,2.958280951764E0,
-5.787439850768E0));
#9191=CARTESIAN_POINT('',(-2.090466617807E0,2.958280953419E0,
-5.310928789008E0));
#9192=CARTESIAN_POINT('',(-1.902904421331E0,2.958280955074E0,
-4.834417727248E0));
#9193=CARTESIAN_POINT('',(-2.496037039031E0,2.958537251196E0,
-6.251793199157E0));
#9194=CARTESIAN_POINT('',(-2.306158775179E0,2.958537253089E0,
-5.776206996583E0));
#9195=CARTESIAN_POINT('',(-2.116280511326E0,2.958537254982E0,
-5.300620794008E0));
#9196=CARTESIAN_POINT('',(-1.926402247473E0,2.958537256874E0,
-4.825034591434E0));
#9197=B_SPLINE_SURFACE_WITH_KNOTS('',3,3,((#9169,#9170,#9171,#9172),(#9173,
#9174,#9175,#9176),(#9177,#9178,#9179,#9180),(#9181,#9182,#9183,#9184),(#9185,
#9186,#9187,#9188),(#9189,#9190,#9191,#9192),(#9193,#9194,#9195,#9196)),
.UNSPECIFIED.,.F.,.F.,.F.,(4,1,1,1,4),(4,4),(-1.999999994944E-2,0.E0,5.E-1,1.E0,
1.019999997124E0),(-7.010695217383E-5,1.001382379653E0),.UNSPECIFIED.);
#9198=ORIENTED_EDGE('',*,*,#5911,.T.);
#9200=ORIENTED_EDGE('',*,*,#9199,.T.);
#9201=ORIENTED_EDGE('',*,*,#6701,.T.);
#9203=ORIENTED_EDGE('',*,*,#9202,.T.);
#9204=EDGE_LOOP('',(#9198,#9200,#9201,#9203));
#9205=FACE_OUTER_BOUND('',#9204,.F.);
#9206=ADVANCED_FACE('',(#9205),#9197,.F.);
#9207=FILL_AREA_STYLE_COLOUR('',#7);
#9208=FILL_AREA_STYLE('',(#9207));
#9209=SURFACE_STYLE_FILL_AREA(#9208);
#9210=SURFACE_SIDE_STYLE('',(#9209));
#9211=SURFACE_STYLE_USAGE(.POSITIVE.,#9210);
#9212=PRESENTATION_STYLE_ASSIGNMENT((#9211));
#9213=OVER_RIDING_STYLED_ITEM('',(#9212),#9206,#9);
#9214=CARTESIAN_POINT('',(-2.E0,2.5E0,-5.23E0));
#9215=DIRECTION('',(0.E0,0.E0,1.E0));
#9216=DIRECTION('',(1.E0,0.E0,0.E0));
#9217=AXIS2_PLACEMENT_3D('',#9214,#9215,#9216);
#9218=PLANE('',#9217);
#9219=ORIENTED_EDGE('',*,*,#6080,.F.);
#9220=ORIENTED_EDGE('',*,*,#6703,.F.);
#9221=ORIENTED_EDGE('',*,*,#9199,.F.);
#9222=ORIENTED_EDGE('',*,*,#5909,.T.);
#9223=EDGE_LOOP('',(#9219,#9220,#9221,#9222));
#9224=FACE_OUTER_BOUND('',#9223,.F.);
#9225=ADVANCED_FACE('',(#9224),#9218,.F.);
#9226=FILL_AREA_STYLE_COLOUR('',#3);
#9227=FILL_AREA_STYLE('',(#9226));
#9228=SURFACE_STYLE_FILL_AREA(#9227);
#9229=SURFACE_SIDE_STYLE('',(#9228));
#9230=SURFACE_STYLE_USAGE(.POSITIVE.,#9229);
#9231=PRESENTATION_STYLE_ASSIGNMENT((#9230));
#9232=OVER_RIDING_STYLED_ITEM('',(#9231),#9225,#9);
#9233=CARTESIAN_POINT('',(-1.5E0,3.E-1,-7.1E0));
#9234=DIRECTION('',(-1.E0,0.E0,0.E0));
#9235=DIRECTION('',(0.E0,0.E0,1.E0));
#9236=AXIS2_PLACEMENT_3D('',#9233,#9234,#9235);
#9237=PLANE('',#9236);
#9238=ORIENTED_EDGE('',*,*,#5035,.T.);
#9239=ORIENTED_EDGE('',*,*,#5086,.F.);
#9240=ORIENTED_EDGE('',*,*,#4915,.F.);
#9241=EDGE_LOOP('',(#9238,#9239,#9240));
#9242=FACE_OUTER_BOUND('',#9241,.F.);
#9243=ADVANCED_FACE('',(#9242),#9237,.F.);
#9244=CARTESIAN_POINT('',(-1.5E0,3.E-1,-7.1E0));
#9245=DIRECTION('',(-1.E0,0.E0,0.E0));
#9246=DIRECTION('',(0.E0,0.E0,1.E0));
#9247=AXIS2_PLACEMENT_3D('',#9244,#9245,#9246);
#9248=PLANE('',#9247);
#9249=ORIENTED_EDGE('',*,*,#4913,.F.);
#9251=ORIENTED_EDGE('',*,*,#9250,.T.);
#9253=ORIENTED_EDGE('',*,*,#9252,.T.);
#9254=ORIENTED_EDGE('',*,*,#5037,.T.);
#9255=EDGE_LOOP('',(#9249,#9251,#9253,#9254));
#9256=FACE_OUTER_BOUND('',#9255,.F.);
#9257=ADVANCED_FACE('',(#9256),#9248,.T.);
#9258=FILL_AREA_STYLE_COLOUR('',#8);
#9259=FILL_AREA_STYLE('',(#9258));
#9260=SURFACE_STYLE_FILL_AREA(#9259);
#9261=SURFACE_SIDE_STYLE('',(#9260));
#9262=SURFACE_STYLE_USAGE(.POSITIVE.,#9261);
#9263=PRESENTATION_STYLE_ASSIGNMENT((#9262));
#9264=OVER_RIDING_STYLED_ITEM('',(#9263),#9257,#9);
#9265=CARTESIAN_POINT('',(1.5E0,-7.E-1,-4.4E0));
#9266=DIRECTION('',(0.E0,0.E0,1.E0));
#9267=DIRECTION('',(0.E0,1.E0,0.E0));
#9268=AXIS2_PLACEMENT_3D('',#9265,#9266,#9267);
#9269=PLANE('',#9268);
#9270=ORIENTED_EDGE('',*,*,#4911,.T.);
#9271=ORIENTED_EDGE('',*,*,#5014,.T.);
#9273=ORIENTED_EDGE('',*,*,#9272,.F.);
#9274=ORIENTED_EDGE('',*,*,#9250,.F.);
#9275=EDGE_LOOP('',(#9270,#9271,#9273,#9274));
#9276=FACE_OUTER_BOUND('',#9275,.F.);
#9277=ADVANCED_FACE('',(#9276),#9269,.T.);
#9278=FILL_AREA_STYLE_COLOUR('',#8);
#9279=FILL_AREA_STYLE('',(#9278));
#9280=SURFACE_STYLE_FILL_AREA(#9279);
#9281=SURFACE_SIDE_STYLE('',(#9280));
#9282=SURFACE_STYLE_USAGE(.POSITIVE.,#9281);
#9283=PRESENTATION_STYLE_ASSIGNMENT((#9282));
#9284=OVER_RIDING_STYLED_ITEM('',(#9283),#9277,#9);
#9285=CARTESIAN_POINT('',(1.5E0,-7.E-1,-7.4E0));
#9286=DIRECTION('',(0.E0,-1.E0,0.E0));
#9287=DIRECTION('',(0.E0,0.E0,1.E0));
#9288=AXIS2_PLACEMENT_3D('',#9285,#9286,#9287);
#9289=PLANE('',#9288);
#9290=ORIENTED_EDGE('',*,*,#5039,.F.);
#9291=ORIENTED_EDGE('',*,*,#9252,.F.);
#9292=ORIENTED_EDGE('',*,*,#9272,.T.);
#9293=ORIENTED_EDGE('',*,*,#5012,.T.);
#9294=EDGE_LOOP('',(#9290,#9291,#9292,#9293));
#9295=FACE_OUTER_BOUND('',#9294,.F.);
#9296=ADVANCED_FACE('',(#9295),#9289,.T.);
#9297=FILL_AREA_STYLE_COLOUR('',#8);
#9298=FILL_AREA_STYLE('',(#9297));
#9299=SURFACE_STYLE_FILL_AREA(#9298);
#9300=SURFACE_SIDE_STYLE('',(#9299));
#9301=SURFACE_STYLE_USAGE(.POSITIVE.,#9300);
#9302=PRESENTATION_STYLE_ASSIGNMENT((#9301));
#9303=OVER_RIDING_STYLED_ITEM('',(#9302),#9296,#9);
#9304=OPEN_SHELL('',(#5003,#5018,#5044,#5063,#5095,#5132,#5153,#5165,#5178,
#5191,#5204,#5217,#5230,#5243,#5256,#5271,#5285,#5299,#5313,#5331,#5345,#5359,
#5373,#5391,#5405,#5450,#5465,#5502,#5523,#5567,#5588,#5605,#5618,#5630,#5644,
#5658,#5672,#5688,#5701,#5714,#5727,#5742,#5778,#5799,#5812,#5825,#5838,#5851,
#5864,#5877,#5889,#5901,#6038,#6084,#6122,#6167,#6188,#6215,#6233,#6247,#6264,
#6303,#6319,#6331,#6354,#6368,#6380,#6404,#6419,#6431,#6445,#6457,#6477,#6492,
#6506,#6524,#6537,#6550,#6563,#6575,#6707,#6728,#6749,#6790,#6811,#6831,#6855,
#6875,#6919,#6963,#7007,#7020,#7064,#7084,#7104,#7124,#7144,#7164,#7184,#7209,
#7227,#7240,#7260,#7272,#7285,#7304,#7326,#7369,#7389,#7410,#7424,#7445,#7458,
#7491,#7510,#7527,#7540,#7560,#7580,#7600,#7620,#7639,#7659,#7678,#7723,#7736,
#7780,#7825,#7838,#7882,#7926,#7970,#7983,#8027,#8064,#8108,#8121,#8165,#8203,
#8216,#8260,#8298,#8313,#8354,#8387,#8421,#8462,#8477,#8521,#8554,#8586,#8631,
#8644,#8688,#8726,#8739,#8783,#8820,#8864,#8877,#8921,#8958,#9002,#9022,#9066,
#9104,#9124,#9168,#9206,#9225,#9243,#9257,#9277,#9296));
#9305=FILL_AREA_STYLE_COLOUR('',#1);
#9306=FILL_AREA_STYLE('',(#9305));
#9307=SURFACE_STYLE_FILL_AREA(#9306);
#9308=SURFACE_SIDE_STYLE('',(#9307));
#9309=SURFACE_STYLE_USAGE(.BOTH.,#9308);
#9310=PRESENTATION_STYLE_ASSIGNMENT((#9309));
#9=STYLED_ITEM('',(#9310),#9304);
#9312=DIRECTION('',(0.E0,1.E0,0.E0));
#9313=VECTOR('',#9312,3.632594656950E-1);
#9314=CARTESIAN_POINT('',(4.359159598137E0,2.516409296865E0,-5.087998388165E0));
#9315=LINE('',#9314,#9313);
#9316=CURVE_STYLE('',#14,POSITIVE_LENGTH_MEASURE(2.E-2),#7);
#9317=PRESENTATION_STYLE_ASSIGNMENT((#9316));
#9318=STYLED_ITEM('',(#9317),#9315);
#9319=CARTESIAN_POINT('',(4.359159598137E0,2.879668762560E0,-5.087998388165E0));
#9320=CARTESIAN_POINT('',(3.822101247203E0,2.885548564334E0,-5.548124922536E0));
#9321=CARTESIAN_POINT('',(2.601163625093E0,2.897308167882E0,-6.296796174823E0));
#9322=CARTESIAN_POINT('',(5.110153449448E-1,2.914947573203E0,
-6.793723309800E0));
#9323=CARTESIAN_POINT('',(-1.629925825524E0,2.932586978525E0,
-6.615066140136E0));
#9324=CARTESIAN_POINT('',(-3.608793771740E0,2.950226383846E0,
-5.778614466605E0));
#9325=CARTESIAN_POINT('',(-5.228803061772E0,2.967865789168E0,
-4.367538235447E0));
#9326=CARTESIAN_POINT('',(-6.328862626535E0,2.985505194489E0,
-2.522156058800E0));
#9327=CARTESIAN_POINT('',(-6.799582425018E0,3.003144599810E0,
-4.259715609039E-1));
#9328=CARTESIAN_POINT('',(-6.594154408153E0,3.020784005132E0,1.712571357871E0));
#9329=CARTESIAN_POINT('',(-5.733006219458E0,3.038423410453E0,3.680816850343E0));
#9330=CARTESIAN_POINT('',(-4.301770112159E0,3.056062815775E0,5.283043337143E0));
#9331=CARTESIAN_POINT('',(-2.442767648333E0,3.073702221096E0,6.359926038600E0));
#9332=CARTESIAN_POINT('',(-3.408573146308E-1,3.091341626418E0,
6.804380154799E0));
#9333=CARTESIAN_POINT('',(1.794947738630E0,3.108981031739E0,6.572209340523E0));
#9334=CARTESIAN_POINT('',(3.752263883074E0,3.126620437061E0,5.686500571688E0));
#9335=CARTESIAN_POINT('',(5.336456358446E0,3.144259842382E0,4.235328385668E0));
#9336=CARTESIAN_POINT('',(6.389993677789E0,3.161899247704E0,2.362996783293E0));
#9337=CARTESIAN_POINT('',(6.808112497601E0,3.179538653025E0,2.556896948461E-1));
#9338=CARTESIAN_POINT('',(6.549235244176E0,3.197178058347E0,-1.877043077950E0));
#9339=CARTESIAN_POINT('',(5.639104571456E0,3.214817463668E0,-3.823123413156E0));
#9340=CARTESIAN_POINT('',(4.168223521478E0,3.232456868990E0,-5.389033835024E0));
#9341=CARTESIAN_POINT('',(2.282855936883E0,3.250096274311E0,-6.419060816932E0));
#9342=CARTESIAN_POINT('',(1.704820409830E-1,3.267735679633E0,
-6.810778874236E0));
#9343=CARTESIAN_POINT('',(-1.958844523127E0,3.285375084954E0,
-6.525235714842E0));
#9344=CARTESIAN_POINT('',(-3.893384345580E0,3.303014490276E0,
-5.590825640067E0));
#9345=CARTESIAN_POINT('',(-5.440767534754E0,3.320653895597E0,
-4.100466026296E0));
#9346=CARTESIAN_POINT('',(-6.447122904879E0,3.338293300919E0,
-2.202357657018E0));
#9347=CARTESIAN_POINT('',(-6.812378867229E0,3.355932706240E0,
-8.524769424621E-2));
#9348=CARTESIAN_POINT('',(-6.500214510197E0,3.373572111561E0,2.040339266266E0));
#9349=CARTESIAN_POINT('',(-5.541671336694E0,3.391211516883E0,3.963035679388E0));
#9350=CARTESIAN_POINT('',(-4.032066509109E0,3.408850922204E0,5.491649357539E0));
#9351=CARTESIAN_POINT('',(-2.121514547548E0,3.426490327526E0,6.474175547866E0));
#9352=CARTESIAN_POINT('',(-2.692879252919E-11,3.444129732847E0,
6.812912226063E0));
#9353=CARTESIAN_POINT('',(2.121514547497E0,3.461769138169E0,6.474175547882E0));
#9354=CARTESIAN_POINT('',(4.032066509066E0,3.479408543490E0,5.491649357571E0));
#9355=CARTESIAN_POINT('',(5.541671336663E0,3.497047948812E0,3.963035679431E0));
#9356=CARTESIAN_POINT('',(6.500214510181E0,3.514687354133E0,2.040339266317E0));
#9357=CARTESIAN_POINT('',(6.812378867229E0,3.532326759455E0,
-8.524769419363E-2));
#9358=CARTESIAN_POINT('',(6.447122904896E0,3.549966164776E0,-2.202357656969E0));
#9359=CARTESIAN_POINT('',(5.440767534785E0,3.567605570098E0,-4.100466026255E0));
#9360=CARTESIAN_POINT('',(3.893384345622E0,3.585244975419E0,-5.590825640038E0));
#9361=CARTESIAN_POINT('',(1.958844523174E0,3.602884380741E0,-6.525235714828E0));
#9362=CARTESIAN_POINT('',(-1.704820409343E-1,3.620523786062E0,
-6.810778874237E0));
#9363=CARTESIAN_POINT('',(-2.282855936839E0,3.638163191384E0,
-6.419060816948E0));
#9364=CARTESIAN_POINT('',(-4.168223521442E0,3.655802596705E0,
-5.389033835053E0));
#9365=CARTESIAN_POINT('',(-5.639104571431E0,3.673442002027E0,
-3.823123413193E0));
#9366=CARTESIAN_POINT('',(-6.549235244164E0,3.691081407348E0,
-1.877043077992E0));
#9367=CARTESIAN_POINT('',(-6.808112497603E0,3.708720812669E0,
2.556896948039E-1));
#9368=CARTESIAN_POINT('',(-6.389993677803E0,3.726360217991E0,2.362996783255E0));
#9369=CARTESIAN_POINT('',(-5.336456358470E0,3.743999623312E0,4.235328385637E0));
#9370=CARTESIAN_POINT('',(-3.752263883106E0,3.761639028634E0,5.686500571667E0));
#9371=CARTESIAN_POINT('',(-1.794947738664E0,3.779278433955E0,6.572209340514E0));
#9372=CARTESIAN_POINT('',(3.408573145975E-1,3.796917839277E0,6.804380154801E0));
#9373=CARTESIAN_POINT('',(2.442767648304E0,3.814557244598E0,6.359926038611E0));
#9374=CARTESIAN_POINT('',(4.301770112137E0,3.832196649920E0,5.283043337161E0));
#9375=CARTESIAN_POINT('',(5.733006219444E0,3.849836055241E0,3.680816850365E0));
#9376=CARTESIAN_POINT('',(6.594154408147E0,3.867475460563E0,1.712571357894E0));
#9377=CARTESIAN_POINT('',(6.799582425020E0,3.885114865884E0,
-4.259715608822E-1));
#9378=CARTESIAN_POINT('',(6.328862626542E0,3.902754271206E0,-2.522156058783E0));
#9379=CARTESIAN_POINT('',(5.228803061783E0,3.920393676527E0,-4.367538235434E0));
#9380=CARTESIAN_POINT('',(3.608793771752E0,3.938033081849E0,-5.778614466599E0));
#9381=CARTESIAN_POINT('',(1.629925825534E0,3.955672487170E0,-6.615066140134E0));
#9382=CARTESIAN_POINT('',(-5.110153449373E-1,3.973311892492E0,
-6.793723309801E0));
#9383=CARTESIAN_POINT('',(-2.601163625089E0,3.990951297813E0,
-6.296796174825E0));
#9384=CARTESIAN_POINT('',(-3.822101247202E0,4.002710901361E0,
-5.548124922537E0));
#9385=CARTESIAN_POINT('',(-4.359159598136E0,4.008590703135E0,
-5.087998388166E0));
#9387=CURVE_STYLE('',#14,POSITIVE_LENGTH_MEASURE(2.E-2),#7);
#9388=PRESENTATION_STYLE_ASSIGNMENT((#9387));
#9389=STYLED_ITEM('',(#9388),#9386);
#9390=DIRECTION('',(0.E0,-1.E0,0.E0));
#9391=VECTOR('',#9390,3.632594656950E-1);
#9392=CARTESIAN_POINT('',(-4.359159598136E0,4.008590703135E0,
-5.087998388166E0));
#9393=LINE('',#9392,#9391);
#9394=CURVE_STYLE('',#14,POSITIVE_LENGTH_MEASURE(2.E-2),#7);
#9395=PRESENTATION_STYLE_ASSIGNMENT((#9394));
#9396=STYLED_ITEM('',(#9395),#9393);
#9397=CARTESIAN_POINT('',(-4.359159598136E0,3.645331237440E0,
-5.087998388166E0));
#9398=CARTESIAN_POINT('',(-3.822101247202E0,3.639451435666E0,
-5.548124922537E0));
#9399=CARTESIAN_POINT('',(-2.601163625089E0,3.627691832118E0,
-6.296796174825E0));
#9400=CARTESIAN_POINT('',(-5.110153449373E-1,3.610052426797E0,
-6.793723309801E0));
#9401=CARTESIAN_POINT('',(1.629925825534E0,3.592413021475E0,-6.615066140134E0));
#9402=CARTESIAN_POINT('',(3.608793771752E0,3.574773616154E0,-5.778614466599E0));
#9403=CARTESIAN_POINT('',(5.228803061783E0,3.557134210832E0,-4.367538235434E0));
#9404=CARTESIAN_POINT('',(6.328862626542E0,3.539494805511E0,-2.522156058783E0));
#9405=CARTESIAN_POINT('',(6.799582425020E0,3.521855400189E0,
-4.259715608822E-1));
#9406=CARTESIAN_POINT('',(6.594154408147E0,3.504215994868E0,1.712571357894E0));
#9407=CARTESIAN_POINT('',(5.733006219444E0,3.486576589546E0,3.680816850365E0));
#9408=CARTESIAN_POINT('',(4.301770112137E0,3.468937184225E0,5.283043337161E0));
#9409=CARTESIAN_POINT('',(2.442767648304E0,3.451297778904E0,6.359926038611E0));
#9410=CARTESIAN_POINT('',(3.408573145975E-1,3.433658373582E0,6.804380154801E0));
#9411=CARTESIAN_POINT('',(-1.794947738664E0,3.416018968261E0,6.572209340514E0));
#9412=CARTESIAN_POINT('',(-3.752263883106E0,3.398379562939E0,5.686500571667E0));
#9413=CARTESIAN_POINT('',(-5.336456358470E0,3.380740157618E0,4.235328385637E0));
#9414=CARTESIAN_POINT('',(-6.389993677803E0,3.363100752296E0,2.362996783255E0));
#9415=CARTESIAN_POINT('',(-6.808112497603E0,3.345461346975E0,
2.556896948039E-1));
#9416=CARTESIAN_POINT('',(-6.549235244164E0,3.327821941653E0,
-1.877043077992E0));
#9417=CARTESIAN_POINT('',(-5.639104571431E0,3.310182536332E0,
-3.823123413193E0));
#9418=CARTESIAN_POINT('',(-4.168223521442E0,3.292543131010E0,
-5.389033835053E0));
#9419=CARTESIAN_POINT('',(-2.282855936839E0,3.274903725689E0,
-6.419060816948E0));
#9420=CARTESIAN_POINT('',(-1.704820409343E-1,3.257264320367E0,
-6.810778874237E0));
#9421=CARTESIAN_POINT('',(1.958844523174E0,3.239624915046E0,-6.525235714828E0));
#9422=CARTESIAN_POINT('',(3.893384345622E0,3.221985509724E0,-5.590825640038E0));
#9423=CARTESIAN_POINT('',(5.440767534785E0,3.204346104403E0,-4.100466026255E0));
#9424=CARTESIAN_POINT('',(6.447122904896E0,3.186706699081E0,-2.202357656969E0));
#9425=CARTESIAN_POINT('',(6.812378867229E0,3.169067293760E0,
-8.524769419363E-2));
#9426=CARTESIAN_POINT('',(6.500214510181E0,3.151427888438E0,2.040339266317E0));
#9427=CARTESIAN_POINT('',(5.541671336663E0,3.133788483117E0,3.963035679431E0));
#9428=CARTESIAN_POINT('',(4.032066509066E0,3.116149077795E0,5.491649357571E0));
#9429=CARTESIAN_POINT('',(2.121514547497E0,3.098509672474E0,6.474175547882E0));
#9430=CARTESIAN_POINT('',(-2.693889555871E-11,3.080870267152E0,
6.812912226063E0));
#9431=CARTESIAN_POINT('',(-2.121514547548E0,3.063230861831E0,6.474175547866E0));
#9432=CARTESIAN_POINT('',(-4.032066509109E0,3.045591456509E0,5.491649357539E0));
#9433=CARTESIAN_POINT('',(-5.541671336694E0,3.027952051188E0,3.963035679388E0));
#9434=CARTESIAN_POINT('',(-6.500214510197E0,3.010312645867E0,2.040339266266E0));
#9435=CARTESIAN_POINT('',(-6.812378867229E0,2.992673240545E0,
-8.524769424620E-2));
#9436=CARTESIAN_POINT('',(-6.447122904879E0,2.975033835224E0,
-2.202357657018E0));
#9437=CARTESIAN_POINT('',(-5.440767534754E0,2.957394429902E0,
-4.100466026296E0));
#9438=CARTESIAN_POINT('',(-3.893384345580E0,2.939755024581E0,
-5.590825640067E0));
#9439=CARTESIAN_POINT('',(-1.958844523127E0,2.922115619259E0,
-6.525235714842E0));
#9440=CARTESIAN_POINT('',(1.704820409830E-1,2.904476213938E0,
-6.810778874236E0));
#9441=CARTESIAN_POINT('',(2.282855936883E0,2.886836808616E0,-6.419060816932E0));
#9442=CARTESIAN_POINT('',(4.168223521478E0,2.869197403295E0,-5.389033835024E0));
#9443=CARTESIAN_POINT('',(5.639104571456E0,2.851557997973E0,-3.823123413156E0));
#9444=CARTESIAN_POINT('',(6.549235244176E0,2.833918592652E0,-1.877043077950E0));
#9445=CARTESIAN_POINT('',(6.808112497601E0,2.816279187330E0,2.556896948461E-1));
#9446=CARTESIAN_POINT('',(6.389993677789E0,2.798639782009E0,2.362996783293E0));
#9447=CARTESIAN_POINT('',(5.336456358446E0,2.781000376687E0,4.235328385668E0));
#9448=CARTESIAN_POINT('',(3.752263883074E0,2.763360971366E0,5.686500571688E0));
#9449=CARTESIAN_POINT('',(1.794947738630E0,2.745721566044E0,6.572209340523E0));
#9450=CARTESIAN_POINT('',(-3.408573146308E-1,2.728082160723E0,
6.804380154799E0));
#9451=CARTESIAN_POINT('',(-2.442767648333E0,2.710442755401E0,6.359926038600E0));
#9452=CARTESIAN_POINT('',(-4.301770112159E0,2.692803350080E0,5.283043337143E0));
#9453=CARTESIAN_POINT('',(-5.733006219458E0,2.675163944759E0,3.680816850343E0));
#9454=CARTESIAN_POINT('',(-6.594154408153E0,2.657524539437E0,1.712571357871E0));
#9455=CARTESIAN_POINT('',(-6.799582425018E0,2.639885134116E0,
-4.259715609039E-1));
#9456=CARTESIAN_POINT('',(-6.328862626535E0,2.622245728794E0,
-2.522156058800E0));
#9457=CARTESIAN_POINT('',(-5.228803061772E0,2.604606323473E0,
-4.367538235447E0));
#9458=CARTESIAN_POINT('',(-3.608793771740E0,2.586966918151E0,
-5.778614466605E0));
#9459=CARTESIAN_POINT('',(-1.629925825524E0,2.569327512830E0,
-6.615066140136E0));
#9460=CARTESIAN_POINT('',(5.110153449448E-1,2.551688107508E0,
-6.793723309800E0));
#9461=CARTESIAN_POINT('',(2.601163625093E0,2.534048702187E0,-6.296796174823E0));
#9462=CARTESIAN_POINT('',(3.822101247203E0,2.522289098639E0,-5.548124922536E0));
#9463=CARTESIAN_POINT('',(4.359159598137E0,2.516409296865E0,-5.087998388165E0));
#9465=CURVE_STYLE('',#14,POSITIVE_LENGTH_MEASURE(2.E-2),#7);
#9466=PRESENTATION_STYLE_ASSIGNMENT((#9465));
#9467=STYLED_ITEM('',(#9466),#9464);
#9468=CARTESIAN_POINT('',(4.359159598137E0,2.879668762560E0,-5.087998388165E0));
#9469=CARTESIAN_POINT('',(4.359159598137E0,2.516409296865E0,-5.087998388165E0));
#9470=VERTEX_POINT('',#9468);
#9471=VERTEX_POINT('',#9469);
#9472=VERTEX_POINT('',#9385);
#9473=CARTESIAN_POINT('',(-4.359159598136E0,3.645331237440E0,
-5.087998388166E0));
#9474=VERTEX_POINT('',#9473);
#9475=CARTESIAN_POINT('',(5.003965379340E0,2.903774663401E0,-4.453832999204E0));
#9476=CARTESIAN_POINT('',(5.003965379340E0,2.761601686271E0,-4.453832999204E0));
#9477=CARTESIAN_POINT('',(5.003965379340E0,2.619428709141E0,-4.453832999204E0));
#9478=CARTESIAN_POINT('',(5.003965379340E0,2.477255732011E0,-4.453832999204E0));
#9479=CARTESIAN_POINT('',(4.803952719440E0,2.906282607403E0,-4.679869659811E0));
#9480=CARTESIAN_POINT('',(4.803952719440E0,2.764109630273E0,-4.679869659811E0));
#9481=CARTESIAN_POINT('',(4.803952719440E0,2.621936653143E0,-4.679869659811E0));
#9482=CARTESIAN_POINT('',(4.803952719440E0,2.479763676013E0,-4.679869659811E0));
#9483=CARTESIAN_POINT('',(4.082487847300E0,2.914670353179E0,-5.388457501005E0));
#9484=CARTESIAN_POINT('',(4.082487847300E0,2.772497376049E0,-5.388457501005E0));
#9485=CARTESIAN_POINT('',(4.082487847300E0,2.630324398919E0,-5.388457501005E0));
#9486=CARTESIAN_POINT('',(4.082487847300E0,2.488151421789E0,-5.388457501005E0));
#9487=CARTESIAN_POINT('',(2.601163625093E0,2.928937900729E0,-6.296796174823E0));
#9488=CARTESIAN_POINT('',(2.601163625093E0,2.786764923599E0,-6.296796174823E0));
#9489=CARTESIAN_POINT('',(2.601163625093E0,2.644591946470E0,-6.296796174823E0));
#9490=CARTESIAN_POINT('',(2.601163625093E0,2.502418969340E0,-6.296796174823E0));
#9491=CARTESIAN_POINT('',(5.110153449448E-1,2.946577306050E0,
-6.793723309800E0));
#9492=CARTESIAN_POINT('',(5.110153449448E-1,2.804404328920E0,
-6.793723309800E0));
#9493=CARTESIAN_POINT('',(5.110153449448E-1,2.662231351791E0,
-6.793723309800E0));
#9494=CARTESIAN_POINT('',(5.110153449448E-1,2.520058374661E0,
-6.793723309800E0));
#9495=CARTESIAN_POINT('',(-1.629925825524E0,2.964216711372E0,
-6.615066140136E0));
#9496=CARTESIAN_POINT('',(-1.629925825524E0,2.822043734242E0,
-6.615066140136E0));
#9497=CARTESIAN_POINT('',(-1.629925825524E0,2.679870757113E0,
-6.615066140136E0));
#9498=CARTESIAN_POINT('',(-1.629925825524E0,2.537697779983E0,
-6.615066140136E0));
#9499=CARTESIAN_POINT('',(-3.608793771740E0,2.981856116693E0,
-5.778614466605E0));
#9500=CARTESIAN_POINT('',(-3.608793771740E0,2.839683139563E0,
-5.778614466605E0));
#9501=CARTESIAN_POINT('',(-3.608793771740E0,2.697510162434E0,
-5.778614466605E0));
#9502=CARTESIAN_POINT('',(-3.608793771740E0,2.555337185304E0,
-5.778614466605E0));
#9503=CARTESIAN_POINT('',(-5.228803061772E0,2.999495522015E0,
-4.367538235447E0));
#9504=CARTESIAN_POINT('',(-5.228803061772E0,2.857322544885E0,
-4.367538235447E0));
#9505=CARTESIAN_POINT('',(-5.228803061772E0,2.715149567756E0,
-4.367538235447E0));
#9506=CARTESIAN_POINT('',(-5.228803061772E0,2.572976590626E0,
-4.367538235447E0));
#9507=CARTESIAN_POINT('',(-6.328862626535E0,3.017134927336E0,
-2.522156058800E0));
#9508=CARTESIAN_POINT('',(-6.328862626535E0,2.874961950206E0,
-2.522156058800E0));
#9509=CARTESIAN_POINT('',(-6.328862626535E0,2.732788973077E0,
-2.522156058800E0));
#9510=CARTESIAN_POINT('',(-6.328862626535E0,2.590615995947E0,
-2.522156058800E0));
#9511=CARTESIAN_POINT('',(-6.799582425018E0,3.034774332657E0,
-4.259715609039E-1));
#9512=CARTESIAN_POINT('',(-6.799582425018E0,2.892601355528E0,
-4.259715609039E-1));
#9513=CARTESIAN_POINT('',(-6.799582425018E0,2.750428378398E0,
-4.259715609039E-1));
#9514=CARTESIAN_POINT('',(-6.799582425018E0,2.608255401269E0,
-4.259715609039E-1));
#9515=CARTESIAN_POINT('',(-6.594154408153E0,3.052413737979E0,1.712571357871E0));
#9516=CARTESIAN_POINT('',(-6.594154408153E0,2.910240760849E0,1.712571357871E0));
#9517=CARTESIAN_POINT('',(-6.594154408153E0,2.768067783720E0,1.712571357871E0));
#9518=CARTESIAN_POINT('',(-6.594154408153E0,2.625894806590E0,1.712571357871E0));
#9519=CARTESIAN_POINT('',(-5.733006219458E0,3.070053143300E0,3.680816850343E0));
#9520=CARTESIAN_POINT('',(-5.733006219458E0,2.927880166171E0,3.680816850343E0));
#9521=CARTESIAN_POINT('',(-5.733006219458E0,2.785707189041E0,3.680816850343E0));
#9522=CARTESIAN_POINT('',(-5.733006219458E0,2.643534211912E0,3.680816850343E0));
#9523=CARTESIAN_POINT('',(-4.301770112159E0,3.087692548622E0,5.283043337143E0));
#9524=CARTESIAN_POINT('',(-4.301770112159E0,2.945519571492E0,5.283043337143E0));
#9525=CARTESIAN_POINT('',(-4.301770112159E0,2.803346594363E0,5.283043337143E0));
#9526=CARTESIAN_POINT('',(-4.301770112159E0,2.661173617233E0,5.283043337143E0));
#9527=CARTESIAN_POINT('',(-2.442767648333E0,3.105331953943E0,6.359926038600E0));
#9528=CARTESIAN_POINT('',(-2.442767648333E0,2.963158976813E0,6.359926038600E0));
#9529=CARTESIAN_POINT('',(-2.442767648333E0,2.820985999684E0,6.359926038600E0));
#9530=CARTESIAN_POINT('',(-2.442767648333E0,2.678813022554E0,6.359926038600E0));
#9531=CARTESIAN_POINT('',(-3.408573146308E-1,3.122971359265E0,
6.804380154799E0));
#9532=CARTESIAN_POINT('',(-3.408573146308E-1,2.980798382135E0,
6.804380154799E0));
#9533=CARTESIAN_POINT('',(-3.408573146308E-1,2.838625405006E0,
6.804380154799E0));
#9534=CARTESIAN_POINT('',(-3.408573146308E-1,2.696452427876E0,
6.804380154799E0));
#9535=CARTESIAN_POINT('',(1.794947738630E0,3.140610764586E0,6.572209340523E0));
#9536=CARTESIAN_POINT('',(1.794947738630E0,2.998437787456E0,6.572209340523E0));
#9537=CARTESIAN_POINT('',(1.794947738630E0,2.856264810327E0,6.572209340523E0));
#9538=CARTESIAN_POINT('',(1.794947738630E0,2.714091833197E0,6.572209340523E0));
#9539=CARTESIAN_POINT('',(3.752263883074E0,3.158250169908E0,5.686500571688E0));
#9540=CARTESIAN_POINT('',(3.752263883074E0,3.016077192778E0,5.686500571688E0));
#9541=CARTESIAN_POINT('',(3.752263883074E0,2.873904215649E0,5.686500571688E0));
#9542=CARTESIAN_POINT('',(3.752263883074E0,2.731731238519E0,5.686500571688E0));
#9543=CARTESIAN_POINT('',(5.336456358446E0,3.175889575229E0,4.235328385668E0));
#9544=CARTESIAN_POINT('',(5.336456358446E0,3.033716598099E0,4.235328385668E0));
#9545=CARTESIAN_POINT('',(5.336456358446E0,2.891543620970E0,4.235328385668E0));
#9546=CARTESIAN_POINT('',(5.336456358446E0,2.749370643840E0,4.235328385668E0));
#9547=CARTESIAN_POINT('',(6.389993677789E0,3.193528980551E0,2.362996783293E0));
#9548=CARTESIAN_POINT('',(6.389993677789E0,3.051356003421E0,2.362996783293E0));
#9549=CARTESIAN_POINT('',(6.389993677789E0,2.909183026292E0,2.362996783293E0));
#9550=CARTESIAN_POINT('',(6.389993677789E0,2.767010049162E0,2.362996783293E0));
#9551=CARTESIAN_POINT('',(6.808112497601E0,3.211168385872E0,2.556896948461E-1));
#9552=CARTESIAN_POINT('',(6.808112497601E0,3.068995408742E0,2.556896948461E-1));
#9553=CARTESIAN_POINT('',(6.808112497601E0,2.926822431613E0,2.556896948461E-1));
#9554=CARTESIAN_POINT('',(6.808112497601E0,2.784649454483E0,2.556896948461E-1));
#9555=CARTESIAN_POINT('',(6.549235244176E0,3.228807791194E0,-1.877043077950E0));
#9556=CARTESIAN_POINT('',(6.549235244176E0,3.086634814064E0,-1.877043077950E0));
#9557=CARTESIAN_POINT('',(6.549235244176E0,2.944461836935E0,-1.877043077950E0));
#9558=CARTESIAN_POINT('',(6.549235244176E0,2.802288859805E0,-1.877043077950E0));
#9559=CARTESIAN_POINT('',(5.639104571456E0,3.246447196515E0,-3.823123413156E0));
#9560=CARTESIAN_POINT('',(5.639104571456E0,3.104274219385E0,-3.823123413156E0));
#9561=CARTESIAN_POINT('',(5.639104571456E0,2.962101242256E0,-3.823123413156E0));
#9562=CARTESIAN_POINT('',(5.639104571456E0,2.819928265126E0,-3.823123413156E0));
#9563=CARTESIAN_POINT('',(4.168223521478E0,3.264086601837E0,-5.389033835024E0));
#9564=CARTESIAN_POINT('',(4.168223521478E0,3.121913624707E0,-5.389033835024E0));
#9565=CARTESIAN_POINT('',(4.168223521478E0,2.979740647578E0,-5.389033835024E0));
#9566=CARTESIAN_POINT('',(4.168223521478E0,2.837567670448E0,-5.389033835024E0));
#9567=CARTESIAN_POINT('',(2.282855936883E0,3.281726007158E0,-6.419060816932E0));
#9568=CARTESIAN_POINT('',(2.282855936883E0,3.139553030028E0,-6.419060816932E0));
#9569=CARTESIAN_POINT('',(2.282855936883E0,2.997380052899E0,-6.419060816932E0));
#9570=CARTESIAN_POINT('',(2.282855936883E0,2.855207075769E0,-6.419060816932E0));
#9571=CARTESIAN_POINT('',(1.704820409830E-1,3.299365412480E0,
-6.810778874236E0));
#9572=CARTESIAN_POINT('',(1.704820409830E-1,3.157192435350E0,
-6.810778874236E0));
#9573=CARTESIAN_POINT('',(1.704820409830E-1,3.015019458221E0,
-6.810778874236E0));
#9574=CARTESIAN_POINT('',(1.704820409830E-1,2.872846481091E0,
-6.810778874236E0));
#9575=CARTESIAN_POINT('',(-1.958844523127E0,3.317004817801E0,
-6.525235714842E0));
#9576=CARTESIAN_POINT('',(-1.958844523127E0,3.174831840671E0,
-6.525235714842E0));
#9577=CARTESIAN_POINT('',(-1.958844523127E0,3.032658863542E0,
-6.525235714842E0));
#9578=CARTESIAN_POINT('',(-1.958844523127E0,2.890485886412E0,
-6.525235714842E0));
#9579=CARTESIAN_POINT('',(-3.893384345580E0,3.334644223123E0,
-5.590825640067E0));
#9580=CARTESIAN_POINT('',(-3.893384345580E0,3.192471245993E0,
-5.590825640067E0));
#9581=CARTESIAN_POINT('',(-3.893384345580E0,3.050298268864E0,
-5.590825640067E0));
#9582=CARTESIAN_POINT('',(-3.893384345580E0,2.908125291734E0,
-5.590825640067E0));
#9583=CARTESIAN_POINT('',(-5.440767534754E0,3.352283628444E0,
-4.100466026296E0));
#9584=CARTESIAN_POINT('',(-5.440767534754E0,3.210110651314E0,
-4.100466026296E0));
#9585=CARTESIAN_POINT('',(-5.440767534754E0,3.067937674185E0,
-4.100466026296E0));
#9586=CARTESIAN_POINT('',(-5.440767534754E0,2.925764697055E0,
-4.100466026296E0));
#9587=CARTESIAN_POINT('',(-6.447122904879E0,3.369923033766E0,
-2.202357657018E0));
#9588=CARTESIAN_POINT('',(-6.447122904879E0,3.227750056636E0,
-2.202357657018E0));
#9589=CARTESIAN_POINT('',(-6.447122904879E0,3.085577079507E0,
-2.202357657018E0));
#9590=CARTESIAN_POINT('',(-6.447122904879E0,2.943404102377E0,
-2.202357657018E0));
#9591=CARTESIAN_POINT('',(-6.812378867229E0,3.387562439087E0,
-8.524769424621E-2));
#9592=CARTESIAN_POINT('',(-6.812378867229E0,3.245389461957E0,
-8.524769424621E-2));
#9593=CARTESIAN_POINT('',(-6.812378867229E0,3.103216484828E0,
-8.524769424621E-2));
#9594=CARTESIAN_POINT('',(-6.812378867229E0,2.961043507698E0,
-8.524769424620E-2));
#9595=CARTESIAN_POINT('',(-6.500214510197E0,3.405201844408E0,2.040339266266E0));
#9596=CARTESIAN_POINT('',(-6.500214510197E0,3.263028867279E0,2.040339266266E0));
#9597=CARTESIAN_POINT('',(-6.500214510197E0,3.120855890149E0,2.040339266266E0));
#9598=CARTESIAN_POINT('',(-6.500214510197E0,2.978682913020E0,2.040339266266E0));
#9599=CARTESIAN_POINT('',(-5.541671336694E0,3.422841249730E0,3.963035679388E0));
#9600=CARTESIAN_POINT('',(-5.541671336694E0,3.280668272600E0,3.963035679388E0));
#9601=CARTESIAN_POINT('',(-5.541671336694E0,3.138495295471E0,3.963035679388E0));
#9602=CARTESIAN_POINT('',(-5.541671336694E0,2.996322318341E0,3.963035679388E0));
#9603=CARTESIAN_POINT('',(-4.032066509109E0,3.440480655051E0,5.491649357539E0));
#9604=CARTESIAN_POINT('',(-4.032066509109E0,3.298307677921E0,5.491649357539E0));
#9605=CARTESIAN_POINT('',(-4.032066509109E0,3.156134700792E0,5.491649357539E0));
#9606=CARTESIAN_POINT('',(-4.032066509109E0,3.013961723662E0,5.491649357539E0));
#9607=CARTESIAN_POINT('',(-2.121514547548E0,3.458120060373E0,6.474175547866E0));
#9608=CARTESIAN_POINT('',(-2.121514547548E0,3.315947083243E0,6.474175547866E0));
#9609=CARTESIAN_POINT('',(-2.121514547548E0,3.173774106114E0,6.474175547866E0));
#9610=CARTESIAN_POINT('',(-2.121514547548E0,3.031601128984E0,6.474175547866E0));
#9611=CARTESIAN_POINT('',(-2.692790435077E-11,3.475759465694E0,
6.812912226063E0));
#9612=CARTESIAN_POINT('',(-2.693167910905E-11,3.333586488564E0,
6.812912226063E0));
#9613=CARTESIAN_POINT('',(-2.693589795655E-11,3.191413511435E0,
6.812912226063E0));
#9614=CARTESIAN_POINT('',(-2.693978373713E-11,3.049240534305E0,
6.812912226063E0));
#9615=CARTESIAN_POINT('',(2.121514547497E0,3.493398871016E0,6.474175547882E0));
#9616=CARTESIAN_POINT('',(2.121514547497E0,3.351225893886E0,6.474175547882E0));
#9617=CARTESIAN_POINT('',(2.121514547497E0,3.209052916757E0,6.474175547882E0));
#9618=CARTESIAN_POINT('',(2.121514547497E0,3.066879939627E0,6.474175547882E0));
#9619=CARTESIAN_POINT('',(4.032066509066E0,3.511038276337E0,5.491649357571E0));
#9620=CARTESIAN_POINT('',(4.032066509066E0,3.368865299207E0,5.491649357571E0));
#9621=CARTESIAN_POINT('',(4.032066509066E0,3.226692322078E0,5.491649357571E0));
#9622=CARTESIAN_POINT('',(4.032066509066E0,3.084519344948E0,5.491649357571E0));
#9623=CARTESIAN_POINT('',(5.541671336663E0,3.528677681659E0,3.963035679431E0));
#9624=CARTESIAN_POINT('',(5.541671336663E0,3.386504704529E0,3.963035679431E0));
#9625=CARTESIAN_POINT('',(5.541671336663E0,3.244331727400E0,3.963035679431E0));
#9626=CARTESIAN_POINT('',(5.541671336663E0,3.102158750270E0,3.963035679431E0));
#9627=CARTESIAN_POINT('',(6.500214510181E0,3.546317086980E0,2.040339266317E0));
#9628=CARTESIAN_POINT('',(6.500214510181E0,3.404144109850E0,2.040339266317E0));
#9629=CARTESIAN_POINT('',(6.500214510181E0,3.261971132721E0,2.040339266317E0));
#9630=CARTESIAN_POINT('',(6.500214510181E0,3.119798155591E0,2.040339266317E0));
#9631=CARTESIAN_POINT('',(6.812378867229E0,3.563956492302E0,
-8.524769419363E-2));
#9632=CARTESIAN_POINT('',(6.812378867229E0,3.421783515172E0,
-8.524769419363E-2));
#9633=CARTESIAN_POINT('',(6.812378867229E0,3.279610538043E0,
-8.524769419363E-2));
#9634=CARTESIAN_POINT('',(6.812378867229E0,3.137437560913E0,
-8.524769419363E-2));
#9635=CARTESIAN_POINT('',(6.447122904896E0,3.581595897623E0,-2.202357656969E0));
#9636=CARTESIAN_POINT('',(6.447122904896E0,3.439422920493E0,-2.202357656969E0));
#9637=CARTESIAN_POINT('',(6.447122904896E0,3.297249943364E0,-2.202357656969E0));
#9638=CARTESIAN_POINT('',(6.447122904896E0,3.155076966234E0,-2.202357656969E0));
#9639=CARTESIAN_POINT('',(5.440767534785E0,3.599235302945E0,-4.100466026255E0));
#9640=CARTESIAN_POINT('',(5.440767534785E0,3.457062325815E0,-4.100466026255E0));
#9641=CARTESIAN_POINT('',(5.440767534785E0,3.314889348686E0,-4.100466026255E0));
#9642=CARTESIAN_POINT('',(5.440767534785E0,3.172716371556E0,-4.100466026255E0));
#9643=CARTESIAN_POINT('',(3.893384345622E0,3.616874708266E0,-5.590825640038E0));
#9644=CARTESIAN_POINT('',(3.893384345622E0,3.474701731136E0,-5.590825640038E0));
#9645=CARTESIAN_POINT('',(3.893384345622E0,3.332528754007E0,-5.590825640038E0));
#9646=CARTESIAN_POINT('',(3.893384345622E0,3.190355776877E0,-5.590825640038E0));
#9647=CARTESIAN_POINT('',(1.958844523174E0,3.634514113588E0,-6.525235714828E0));
#9648=CARTESIAN_POINT('',(1.958844523174E0,3.492341136458E0,-6.525235714828E0));
#9649=CARTESIAN_POINT('',(1.958844523174E0,3.350168159329E0,-6.525235714828E0));
#9650=CARTESIAN_POINT('',(1.958844523174E0,3.207995182199E0,-6.525235714828E0));
#9651=CARTESIAN_POINT('',(-1.704820409343E-1,3.652153518909E0,
-6.810778874237E0));
#9652=CARTESIAN_POINT('',(-1.704820409343E-1,3.509980541779E0,
-6.810778874237E0));
#9653=CARTESIAN_POINT('',(-1.704820409343E-1,3.367807564650E0,
-6.810778874237E0));
#9654=CARTESIAN_POINT('',(-1.704820409343E-1,3.225634587520E0,
-6.810778874237E0));
#9655=CARTESIAN_POINT('',(-2.282855936839E0,3.669792924231E0,
-6.419060816948E0));
#9656=CARTESIAN_POINT('',(-2.282855936839E0,3.527619947101E0,
-6.419060816948E0));
#9657=CARTESIAN_POINT('',(-2.282855936839E0,3.385446969972E0,
-6.419060816948E0));
#9658=CARTESIAN_POINT('',(-2.282855936839E0,3.243273992842E0,
-6.419060816948E0));
#9659=CARTESIAN_POINT('',(-4.168223521442E0,3.687432329552E0,
-5.389033835053E0));
#9660=CARTESIAN_POINT('',(-4.168223521442E0,3.545259352422E0,
-5.389033835053E0));
#9661=CARTESIAN_POINT('',(-4.168223521442E0,3.403086375293E0,
-5.389033835053E0));
#9662=CARTESIAN_POINT('',(-4.168223521442E0,3.260913398163E0,
-5.389033835053E0));
#9663=CARTESIAN_POINT('',(-5.639104571431E0,3.705071734874E0,
-3.823123413193E0));
#9664=CARTESIAN_POINT('',(-5.639104571431E0,3.562898757744E0,
-3.823123413193E0));
#9665=CARTESIAN_POINT('',(-5.639104571431E0,3.420725780615E0,
-3.823123413193E0));
#9666=CARTESIAN_POINT('',(-5.639104571431E0,3.278552803485E0,
-3.823123413193E0));
#9667=CARTESIAN_POINT('',(-6.549235244164E0,3.722711140195E0,
-1.877043077992E0));
#9668=CARTESIAN_POINT('',(-6.549235244164E0,3.580538163065E0,
-1.877043077992E0));
#9669=CARTESIAN_POINT('',(-6.549235244164E0,3.438365185936E0,
-1.877043077992E0));
#9670=CARTESIAN_POINT('',(-6.549235244164E0,3.296192208806E0,
-1.877043077992E0));
#9671=CARTESIAN_POINT('',(-6.808112497603E0,3.740350545516E0,
2.556896948039E-1));
#9672=CARTESIAN_POINT('',(-6.808112497603E0,3.598177568387E0,
2.556896948039E-1));
#9673=CARTESIAN_POINT('',(-6.808112497603E0,3.456004591257E0,
2.556896948039E-1));
#9674=CARTESIAN_POINT('',(-6.808112497603E0,3.313831614128E0,
2.556896948039E-1));
#9675=CARTESIAN_POINT('',(-6.389993677803E0,3.757989950838E0,2.362996783255E0));
#9676=CARTESIAN_POINT('',(-6.389993677803E0,3.615816973708E0,2.362996783255E0));
#9677=CARTESIAN_POINT('',(-6.389993677803E0,3.473643996579E0,2.362996783255E0));
#9678=CARTESIAN_POINT('',(-6.389993677803E0,3.331471019449E0,2.362996783255E0));
#9679=CARTESIAN_POINT('',(-5.336456358470E0,3.775629356159E0,4.235328385637E0));
#9680=CARTESIAN_POINT('',(-5.336456358470E0,3.633456379030E0,4.235328385637E0));
#9681=CARTESIAN_POINT('',(-5.336456358470E0,3.491283401900E0,4.235328385637E0));
#9682=CARTESIAN_POINT('',(-5.336456358470E0,3.349110424771E0,4.235328385637E0));
#9683=CARTESIAN_POINT('',(-3.752263883106E0,3.793268761481E0,5.686500571667E0));
#9684=CARTESIAN_POINT('',(-3.752263883106E0,3.651095784351E0,5.686500571667E0));
#9685=CARTESIAN_POINT('',(-3.752263883106E0,3.508922807222E0,5.686500571667E0));
#9686=CARTESIAN_POINT('',(-3.752263883106E0,3.366749830092E0,5.686500571667E0));
#9687=CARTESIAN_POINT('',(-1.794947738664E0,3.810908166802E0,6.572209340514E0));
#9688=CARTESIAN_POINT('',(-1.794947738664E0,3.668735189673E0,6.572209340514E0));
#9689=CARTESIAN_POINT('',(-1.794947738664E0,3.526562212543E0,6.572209340514E0));
#9690=CARTESIAN_POINT('',(-1.794947738664E0,3.384389235414E0,6.572209340514E0));
#9691=CARTESIAN_POINT('',(3.408573145975E-1,3.828547572124E0,6.804380154801E0));
#9692=CARTESIAN_POINT('',(3.408573145975E-1,3.686374594994E0,6.804380154801E0));
#9693=CARTESIAN_POINT('',(3.408573145975E-1,3.544201617865E0,6.804380154801E0));
#9694=CARTESIAN_POINT('',(3.408573145975E-1,3.402028640735E0,6.804380154801E0));
#9695=CARTESIAN_POINT('',(2.442767648304E0,3.846186977445E0,6.359926038611E0));
#9696=CARTESIAN_POINT('',(2.442767648304E0,3.704014000316E0,6.359926038611E0));
#9697=CARTESIAN_POINT('',(2.442767648304E0,3.561841023186E0,6.359926038611E0));
#9698=CARTESIAN_POINT('',(2.442767648304E0,3.419668046057E0,6.359926038611E0));
#9699=CARTESIAN_POINT('',(4.301770112137E0,3.863826382767E0,5.283043337161E0));
#9700=CARTESIAN_POINT('',(4.301770112137E0,3.721653405637E0,5.283043337161E0));
#9701=CARTESIAN_POINT('',(4.301770112137E0,3.579480428508E0,5.283043337161E0));
#9702=CARTESIAN_POINT('',(4.301770112137E0,3.437307451378E0,5.283043337161E0));
#9703=CARTESIAN_POINT('',(5.733006219444E0,3.881465788088E0,3.680816850365E0));
#9704=CARTESIAN_POINT('',(5.733006219444E0,3.739292810958E0,3.680816850365E0));
#9705=CARTESIAN_POINT('',(5.733006219444E0,3.597119833829E0,3.680816850365E0));
#9706=CARTESIAN_POINT('',(5.733006219444E0,3.454946856699E0,3.680816850365E0));
#9707=CARTESIAN_POINT('',(6.594154408147E0,3.899105193410E0,1.712571357894E0));
#9708=CARTESIAN_POINT('',(6.594154408147E0,3.756932216280E0,1.712571357894E0));
#9709=CARTESIAN_POINT('',(6.594154408147E0,3.614759239151E0,1.712571357894E0));
#9710=CARTESIAN_POINT('',(6.594154408147E0,3.472586262021E0,1.712571357894E0));
#9711=CARTESIAN_POINT('',(6.799582425020E0,3.916744598731E0,
-4.259715608822E-1));
#9712=CARTESIAN_POINT('',(6.799582425020E0,3.774571621601E0,
-4.259715608822E-1));
#9713=CARTESIAN_POINT('',(6.799582425020E0,3.632398644472E0,
-4.259715608822E-1));
#9714=CARTESIAN_POINT('',(6.799582425020E0,3.490225667342E0,
-4.259715608822E-1));
#9715=CARTESIAN_POINT('',(6.328862626542E0,3.934384004053E0,-2.522156058783E0));
#9716=CARTESIAN_POINT('',(6.328862626542E0,3.792211026923E0,-2.522156058783E0));
#9717=CARTESIAN_POINT('',(6.328862626542E0,3.650038049794E0,-2.522156058783E0));
#9718=CARTESIAN_POINT('',(6.328862626542E0,3.507865072664E0,-2.522156058783E0));
#9719=CARTESIAN_POINT('',(5.228803061783E0,3.952023409374E0,-4.367538235434E0));
#9720=CARTESIAN_POINT('',(5.228803061783E0,3.809850432244E0,-4.367538235434E0));
#9721=CARTESIAN_POINT('',(5.228803061783E0,3.667677455115E0,-4.367538235434E0));
#9722=CARTESIAN_POINT('',(5.228803061783E0,3.525504477985E0,-4.367538235434E0));
#9723=CARTESIAN_POINT('',(3.608793771752E0,3.969662814696E0,-5.778614466599E0));
#9724=CARTESIAN_POINT('',(3.608793771752E0,3.827489837566E0,-5.778614466599E0));
#9725=CARTESIAN_POINT('',(3.608793771752E0,3.685316860437E0,-5.778614466599E0));
#9726=CARTESIAN_POINT('',(3.608793771752E0,3.543143883307E0,-5.778614466599E0));
#9727=CARTESIAN_POINT('',(1.629925825534E0,3.987302220017E0,-6.615066140134E0));
#9728=CARTESIAN_POINT('',(1.629925825534E0,3.845129242887E0,-6.615066140134E0));
#9729=CARTESIAN_POINT('',(1.629925825534E0,3.702956265758E0,-6.615066140134E0));
#9730=CARTESIAN_POINT('',(1.629925825534E0,3.560783288628E0,-6.615066140134E0));
#9731=CARTESIAN_POINT('',(-5.110153449373E-1,4.004941625339E0,
-6.793723309801E0));
#9732=CARTESIAN_POINT('',(-5.110153449373E-1,3.862768648209E0,
-6.793723309801E0));
#9733=CARTESIAN_POINT('',(-5.110153449373E-1,3.720595671080E0,
-6.793723309801E0));
#9734=CARTESIAN_POINT('',(-5.110153449373E-1,3.578422693950E0,
-6.793723309801E0));
#9735=CARTESIAN_POINT('',(-2.601163625089E0,4.022581030660E0,
-6.296796174825E0));
#9736=CARTESIAN_POINT('',(-2.601163625089E0,3.880408053530E0,
-6.296796174825E0));
#9737=CARTESIAN_POINT('',(-2.601163625089E0,3.738235076401E0,
-6.296796174825E0));
#9738=CARTESIAN_POINT('',(-2.601163625089E0,3.596062099271E0,
-6.296796174825E0));
#9739=CARTESIAN_POINT('',(-4.082487847297E0,4.036848578211E0,
-5.388457501007E0));
#9740=CARTESIAN_POINT('',(-4.082487847297E0,3.894675601081E0,
-5.388457501007E0));
#9741=CARTESIAN_POINT('',(-4.082487847297E0,3.752502623951E0,
-5.388457501007E0));
#9742=CARTESIAN_POINT('',(-4.082487847297E0,3.610329646821E0,
-5.388457501007E0));
#9743=CARTESIAN_POINT('',(-4.803952719433E0,4.045236323987E0,
-4.679869659818E0));
#9744=CARTESIAN_POINT('',(-4.803952719433E0,3.903063346857E0,
-4.679869659818E0));
#9745=CARTESIAN_POINT('',(-4.803952719433E0,3.760890369727E0,
-4.679869659818E0));
#9746=CARTESIAN_POINT('',(-4.803952719433E0,3.618717392597E0,
-4.679869659818E0));
#9747=CARTESIAN_POINT('',(-5.003965379329E0,4.047744267989E0,
-4.453832999215E0));
#9748=CARTESIAN_POINT('',(-5.003965379329E0,3.905571290859E0,
-4.453832999215E0));
#9749=CARTESIAN_POINT('',(-5.003965379329E0,3.763398313729E0,
-4.453832999215E0));
#9750=CARTESIAN_POINT('',(-5.003965379329E0,3.621225336599E0,
-4.453832999215E0));
#9751=B_SPLINE_SURFACE_WITH_KNOTS('',3,3,((#9475,#9476,#9477,#9478),(#9479,
#9480,#9481,#9482),(#9483,#9484,#9485,#9486),(#9487,#9488,#9489,#9490),(#9491,
#9492,#9493,#9494),(#9495,#9496,#9497,#9498),(#9499,#9500,#9501,#9502),(#9503,
#9504,#9505,#9506),(#9507,#9508,#9509,#9510),(#9511,#9512,#9513,#9514),(#9515,
#9516,#9517,#9518),(#9519,#9520,#9521,#9522),(#9523,#9524,#9525,#9526),(#9527,
#9528,#9529,#9530),(#9531,#9532,#9533,#9534),(#9535,#9536,#9537,#9538),(#9539,
#9540,#9541,#9542),(#9543,#9544,#9545,#9546),(#9547,#9548,#9549,#9550),(#9551,
#9552,#9553,#9554),(#9555,#9556,#9557,#9558),(#9559,#9560,#9561,#9562),(#9563,
#9564,#9565,#9566),(#9567,#9568,#9569,#9570),(#9571,#9572,#9573,#9574),(#9575,
#9576,#9577,#9578),(#9579,#9580,#9581,#9582),(#9583,#9584,#9585,#9586),(#9587,
#9588,#9589,#9590),(#9591,#9592,#9593,#9594),(#9595,#9596,#9597,#9598),(#9599,
#9600,#9601,#9602),(#9603,#9604,#9605,#9606),(#9607,#9608,#9609,#9610),(#9611,
#9612,#9613,#9614),(#9615,#9616,#9617,#9618),(#9619,#9620,#9621,#9622),(#9623,
#9624,#9625,#9626),(#9627,#9628,#9629,#9630),(#9631,#9632,#9633,#9634),(#9635,
#9636,#9637,#9638),(#9639,#9640,#9641,#9642),(#9643,#9644,#9645,#9646),(#9647,
#9648,#9649,#9650),(#9651,#9652,#9653,#9654),(#9655,#9656,#9657,#9658),(#9659,
#9660,#9661,#9662),(#9663,#9664,#9665,#9666),(#9667,#9668,#9669,#9670),(#9671,
#9672,#9673,#9674),(#9675,#9676,#9677,#9678),(#9679,#9680,#9681,#9682),(#9683,
#9684,#9685,#9686),(#9687,#9688,#9689,#9690),(#9691,#9692,#9693,#9694),(#9695,
#9696,#9697,#9698),(#9699,#9700,#9701,#9702),(#9703,#9704,#9705,#9706),(#9707,
#9708,#9709,#9710),(#9711,#9712,#9713,#9714),(#9715,#9716,#9717,#9718),(#9719,
#9720,#9721,#9722),(#9723,#9724,#9725,#9726),(#9727,#9728,#9729,#9730),(#9731,
#9732,#9733,#9734),(#9735,#9736,#9737,#9738),(#9739,#9740,#9741,#9742),(#9743,
#9744,#9745,#9746),(#9747,#9748,#9749,#9750)),.UNSPECIFIED.,.F.,.F.,.F.,(4,1,1,
1,1,1,1,1,1,1,1,1,1,1,1,1,1,1,1,1,1,1,1,1,1,1,1,1,1,1,1,1,1,1,1,1,1,1,1,1,1,1,1,
1,1,1,1,1,1,1,1,1,1,1,1,1,1,1,1,1,1,1,1,1,1,1,4),(4,4),(-6.664616689388E-3,0.E0,
1.5625E-2,3.125E-2,4.6875E-2,6.25E-2,7.812499999999E-2,9.374999999995E-2,
1.09375E-1,1.25E-1,1.40625E-1,1.5625E-1,1.71875E-1,1.875E-1,2.031249999999E-1,
2.1875E-1,2.34375E-1,2.499999999999E-1,2.65625E-1,2.8125E-1,2.96875E-1,3.125E-1,
3.28125E-1,3.4375E-1,3.593749999999E-1,3.75E-1,3.90625E-1,4.062499999999E-1,
4.21875E-1,4.375E-1,4.53125E-1,4.6875E-1,4.84375E-1,5.E-1,5.156249999999E-1,
5.3125E-1,5.46875E-1,5.624999999999E-1,5.78125E-1,5.9375E-1,6.09375E-1,
6.249999999999E-1,6.40625E-1,6.5625E-1,6.718749999999E-1,6.875E-1,7.03125E-1,
7.187499999999E-1,7.34375E-1,7.5E-1,7.656249999999E-1,7.812499999999E-1,
7.96875E-1,8.125E-1,8.281249999999E-1,8.4375E-1,8.59375E-1,8.749999999999E-1,
8.90625E-1,9.0625E-1,9.218749999999E-1,9.374999999999E-1,9.53125E-1,9.6875E-1,
9.843749999999E-1,1.E0,1.006664616689E0),(-8.707201280198E-2,1.087072012802E0),
.UNSPECIFIED.);
#9753=ORIENTED_EDGE('',*,*,#9752,.T.);
#9755=ORIENTED_EDGE('',*,*,#9754,.T.);
#9757=ORIENTED_EDGE('',*,*,#9756,.T.);
#9759=ORIENTED_EDGE('',*,*,#9758,.T.);
#9760=EDGE_LOOP('',(#9753,#9755,#9757,#9759));
#9761=FACE_OUTER_BOUND('',#9760,.F.);
#9762=ADVANCED_FACE('',(#9761),#9751,.F.);
#9763=OPEN_SHELL('',(#9762));
#9764=FILL_AREA_STYLE_COLOUR('',#7);
#9765=FILL_AREA_STYLE('',(#9764));
#9766=SURFACE_STYLE_FILL_AREA(#9765);
#9767=SURFACE_SIDE_STYLE('',(#9766));
#9768=SURFACE_STYLE_USAGE(.POSITIVE.,#9767);
#9769=FILL_AREA_STYLE_COLOUR('',#1);
#9770=FILL_AREA_STYLE('',(#9769));
#9771=SURFACE_STYLE_FILL_AREA(#9770);
#9772=SURFACE_SIDE_STYLE('',(#9771));
#9773=SURFACE_STYLE_USAGE(.NEGATIVE.,#9772);
#9774=PRESENTATION_STYLE_ASSIGNMENT((#9768,#9773));
#9311=STYLED_ITEM('',(#9774),#9763);
#9776=DIRECTION('',(0.E0,1.E0,0.E0));
#9777=VECTOR('',#9776,3.632594656950E-1);
#9778=CARTESIAN_POINT('',(4.359159598137E0,2.516409296865E0,-5.087998388165E0));
#9779=LINE('',#9778,#9777);
#9780=CURVE_STYLE('',#14,POSITIVE_LENGTH_MEASURE(2.E-2),#7);
#9781=PRESENTATION_STYLE_ASSIGNMENT((#9780));
#9782=STYLED_ITEM('',(#9781),#9779);
#9783=CARTESIAN_POINT('',(4.359159598137E0,2.879668762560E0,-5.087998388165E0));
#9784=CARTESIAN_POINT('',(3.822101247203E0,2.885548564334E0,-5.548124922536E0));
#9785=CARTESIAN_POINT('',(2.601163625093E0,2.897308167882E0,-6.296796174823E0));
#9786=CARTESIAN_POINT('',(5.110153449448E-1,2.914947573203E0,
-6.793723309800E0));
#9787=CARTESIAN_POINT('',(-1.629925825524E0,2.932586978525E0,
-6.615066140136E0));
#9788=CARTESIAN_POINT('',(-3.608793771740E0,2.950226383846E0,
-5.778614466605E0));
#9789=CARTESIAN_POINT('',(-5.228803061772E0,2.967865789168E0,
-4.367538235447E0));
#9790=CARTESIAN_POINT('',(-6.328862626535E0,2.985505194489E0,
-2.522156058800E0));
#9791=CARTESIAN_POINT('',(-6.799582425018E0,3.003144599810E0,
-4.259715609039E-1));
#9792=CARTESIAN_POINT('',(-6.594154408153E0,3.020784005132E0,1.712571357871E0));
#9793=CARTESIAN_POINT('',(-5.733006219458E0,3.038423410453E0,3.680816850343E0));
#9794=CARTESIAN_POINT('',(-4.301770112159E0,3.056062815775E0,5.283043337143E0));
#9795=CARTESIAN_POINT('',(-2.442767648333E0,3.073702221096E0,6.359926038600E0));
#9796=CARTESIAN_POINT('',(-3.408573146308E-1,3.091341626418E0,
6.804380154799E0));
#9797=CARTESIAN_POINT('',(1.794947738630E0,3.108981031739E0,6.572209340523E0));
#9798=CARTESIAN_POINT('',(3.752263883074E0,3.126620437061E0,5.686500571688E0));
#9799=CARTESIAN_POINT('',(5.336456358446E0,3.144259842382E0,4.235328385668E0));
#9800=CARTESIAN_POINT('',(6.389993677789E0,3.161899247704E0,2.362996783293E0));
#9801=CARTESIAN_POINT('',(6.808112497601E0,3.179538653025E0,2.556896948461E-1));
#9802=CARTESIAN_POINT('',(6.549235244176E0,3.197178058347E0,-1.877043077950E0));
#9803=CARTESIAN_POINT('',(5.639104571456E0,3.214817463668E0,-3.823123413156E0));
#9804=CARTESIAN_POINT('',(4.168223521478E0,3.232456868990E0,-5.389033835024E0));
#9805=CARTESIAN_POINT('',(2.282855936883E0,3.250096274311E0,-6.419060816932E0));
#9806=CARTESIAN_POINT('',(1.704820409830E-1,3.267735679633E0,
-6.810778874236E0));
#9807=CARTESIAN_POINT('',(-1.958844523127E0,3.285375084954E0,
-6.525235714842E0));
#9808=CARTESIAN_POINT('',(-3.893384345580E0,3.303014490276E0,
-5.590825640067E0));
#9809=CARTESIAN_POINT('',(-5.440767534754E0,3.320653895597E0,
-4.100466026296E0));
#9810=CARTESIAN_POINT('',(-6.447122904879E0,3.338293300919E0,
-2.202357657018E0));
#9811=CARTESIAN_POINT('',(-6.812378867229E0,3.355932706240E0,
-8.524769424621E-2));
#9812=CARTESIAN_POINT('',(-6.500214510197E0,3.373572111561E0,2.040339266266E0));
#9813=CARTESIAN_POINT('',(-5.541671336694E0,3.391211516883E0,3.963035679388E0));
#9814=CARTESIAN_POINT('',(-4.032066509109E0,3.408850922204E0,5.491649357539E0));
#9815=CARTESIAN_POINT('',(-2.121514547548E0,3.426490327526E0,6.474175547866E0));
#9816=CARTESIAN_POINT('',(-2.692879252919E-11,3.444129732847E0,
6.812912226063E0));
#9817=CARTESIAN_POINT('',(2.121514547497E0,3.461769138169E0,6.474175547882E0));
#9818=CARTESIAN_POINT('',(4.032066509066E0,3.479408543490E0,5.491649357571E0));
#9819=CARTESIAN_POINT('',(5.541671336663E0,3.497047948812E0,3.963035679431E0));
#9820=CARTESIAN_POINT('',(6.500214510181E0,3.514687354133E0,2.040339266317E0));
#9821=CARTESIAN_POINT('',(6.812378867229E0,3.532326759455E0,
-8.524769419363E-2));
#9822=CARTESIAN_POINT('',(6.447122904896E0,3.549966164776E0,-2.202357656969E0));
#9823=CARTESIAN_POINT('',(5.440767534785E0,3.567605570098E0,-4.100466026255E0));
#9824=CARTESIAN_POINT('',(3.893384345622E0,3.585244975419E0,-5.590825640038E0));
#9825=CARTESIAN_POINT('',(1.958844523174E0,3.602884380741E0,-6.525235714828E0));
#9826=CARTESIAN_POINT('',(-1.704820409343E-1,3.620523786062E0,
-6.810778874237E0));
#9827=CARTESIAN_POINT('',(-2.282855936839E0,3.638163191384E0,
-6.419060816948E0));
#9828=CARTESIAN_POINT('',(-4.168223521442E0,3.655802596705E0,
-5.389033835053E0));
#9829=CARTESIAN_POINT('',(-5.639104571431E0,3.673442002027E0,
-3.823123413193E0));
#9830=CARTESIAN_POINT('',(-6.549235244164E0,3.691081407348E0,
-1.877043077992E0));
#9831=CARTESIAN_POINT('',(-6.808112497603E0,3.708720812669E0,
2.556896948039E-1));
#9832=CARTESIAN_POINT('',(-6.389993677803E0,3.726360217991E0,2.362996783255E0));
#9833=CARTESIAN_POINT('',(-5.336456358470E0,3.743999623312E0,4.235328385637E0));
#9834=CARTESIAN_POINT('',(-3.752263883106E0,3.761639028634E0,5.686500571667E0));
#9835=CARTESIAN_POINT('',(-1.794947738664E0,3.779278433955E0,6.572209340514E0));
#9836=CARTESIAN_POINT('',(3.408573145975E-1,3.796917839277E0,6.804380154801E0));
#9837=CARTESIAN_POINT('',(2.442767648304E0,3.814557244598E0,6.359926038611E0));
#9838=CARTESIAN_POINT('',(4.301770112137E0,3.832196649920E0,5.283043337161E0));
#9839=CARTESIAN_POINT('',(5.733006219444E0,3.849836055241E0,3.680816850365E0));
#9840=CARTESIAN_POINT('',(6.594154408147E0,3.867475460563E0,1.712571357894E0));
#9841=CARTESIAN_POINT('',(6.799582425020E0,3.885114865884E0,
-4.259715608822E-1));
#9842=CARTESIAN_POINT('',(6.328862626542E0,3.902754271206E0,-2.522156058783E0));
#9843=CARTESIAN_POINT('',(5.228803061783E0,3.920393676527E0,-4.367538235434E0));
#9844=CARTESIAN_POINT('',(3.608793771752E0,3.938033081849E0,-5.778614466599E0));
#9845=CARTESIAN_POINT('',(1.629925825534E0,3.955672487170E0,-6.615066140134E0));
#9846=CARTESIAN_POINT('',(-5.110153449373E-1,3.973311892492E0,
-6.793723309801E0));
#9847=CARTESIAN_POINT('',(-2.601163625089E0,3.990951297813E0,
-6.296796174825E0));
#9848=CARTESIAN_POINT('',(-3.822101247202E0,4.002710901361E0,
-5.548124922537E0));
#9849=CARTESIAN_POINT('',(-4.359159598136E0,4.008590703135E0,
-5.087998388166E0));
#9851=CURVE_STYLE('',#14,POSITIVE_LENGTH_MEASURE(2.E-2),#7);
#9852=PRESENTATION_STYLE_ASSIGNMENT((#9851));
#9853=STYLED_ITEM('',(#9852),#9850);
#9854=DIRECTION('',(0.E0,-1.E0,0.E0));
#9855=VECTOR('',#9854,3.632594656950E-1);
#9856=CARTESIAN_POINT('',(-4.359159598136E0,4.008590703135E0,
-5.087998388166E0));
#9857=LINE('',#9856,#9855);
#9858=CURVE_STYLE('',#14,POSITIVE_LENGTH_MEASURE(2.E-2),#7);
#9859=PRESENTATION_STYLE_ASSIGNMENT((#9858));
#9860=STYLED_ITEM('',(#9859),#9857);
#9861=CARTESIAN_POINT('',(-4.359159598136E0,3.645331237440E0,
-5.087998388166E0));
#9862=CARTESIAN_POINT('',(-3.822101247202E0,3.639451435666E0,
-5.548124922537E0));
#9863=CARTESIAN_POINT('',(-2.601163625089E0,3.627691832118E0,
-6.296796174825E0));
#9864=CARTESIAN_POINT('',(-5.110153449373E-1,3.610052426797E0,
-6.793723309801E0));
#9865=CARTESIAN_POINT('',(1.629925825534E0,3.592413021475E0,-6.615066140134E0));
#9866=CARTESIAN_POINT('',(3.608793771752E0,3.574773616154E0,-5.778614466599E0));
#9867=CARTESIAN_POINT('',(5.228803061783E0,3.557134210832E0,-4.367538235434E0));
#9868=CARTESIAN_POINT('',(6.328862626542E0,3.539494805511E0,-2.522156058783E0));
#9869=CARTESIAN_POINT('',(6.799582425020E0,3.521855400189E0,
-4.259715608822E-1));
#9870=CARTESIAN_POINT('',(6.594154408147E0,3.504215994868E0,1.712571357894E0));
#9871=CARTESIAN_POINT('',(5.733006219444E0,3.486576589546E0,3.680816850365E0));
#9872=CARTESIAN_POINT('',(4.301770112137E0,3.468937184225E0,5.283043337161E0));
#9873=CARTESIAN_POINT('',(2.442767648304E0,3.451297778904E0,6.359926038611E0));
#9874=CARTESIAN_POINT('',(3.408573145975E-1,3.433658373582E0,6.804380154801E0));
#9875=CARTESIAN_POINT('',(-1.794947738664E0,3.416018968261E0,6.572209340514E0));
#9876=CARTESIAN_POINT('',(-3.752263883106E0,3.398379562939E0,5.686500571667E0));
#9877=CARTESIAN_POINT('',(-5.336456358470E0,3.380740157618E0,4.235328385637E0));
#9878=CARTESIAN_POINT('',(-6.389993677803E0,3.363100752296E0,2.362996783255E0));
#9879=CARTESIAN_POINT('',(-6.808112497603E0,3.345461346975E0,
2.556896948039E-1));
#9880=CARTESIAN_POINT('',(-6.549235244164E0,3.327821941653E0,
-1.877043077992E0));
#9881=CARTESIAN_POINT('',(-5.639104571431E0,3.310182536332E0,
-3.823123413193E0));
#9882=CARTESIAN_POINT('',(-4.168223521442E0,3.292543131010E0,
-5.389033835053E0));
#9883=CARTESIAN_POINT('',(-2.282855936839E0,3.274903725689E0,
-6.419060816948E0));
#9884=CARTESIAN_POINT('',(-1.704820409343E-1,3.257264320367E0,
-6.810778874237E0));
#9885=CARTESIAN_POINT('',(1.958844523174E0,3.239624915046E0,-6.525235714828E0));
#9886=CARTESIAN_POINT('',(3.893384345622E0,3.221985509724E0,-5.590825640038E0));
#9887=CARTESIAN_POINT('',(5.440767534785E0,3.204346104403E0,-4.100466026255E0));
#9888=CARTESIAN_POINT('',(6.447122904896E0,3.186706699081E0,-2.202357656969E0));
#9889=CARTESIAN_POINT('',(6.812378867229E0,3.169067293760E0,
-8.524769419363E-2));
#9890=CARTESIAN_POINT('',(6.500214510181E0,3.151427888438E0,2.040339266317E0));
#9891=CARTESIAN_POINT('',(5.541671336663E0,3.133788483117E0,3.963035679431E0));
#9892=CARTESIAN_POINT('',(4.032066509066E0,3.116149077795E0,5.491649357571E0));
#9893=CARTESIAN_POINT('',(2.121514547497E0,3.098509672474E0,6.474175547882E0));
#9894=CARTESIAN_POINT('',(-2.693889555871E-11,3.080870267152E0,
6.812912226063E0));
#9895=CARTESIAN_POINT('',(-2.121514547548E0,3.063230861831E0,6.474175547866E0));
#9896=CARTESIAN_POINT('',(-4.032066509109E0,3.045591456509E0,5.491649357539E0));
#9897=CARTESIAN_POINT('',(-5.541671336694E0,3.027952051188E0,3.963035679388E0));
#9898=CARTESIAN_POINT('',(-6.500214510197E0,3.010312645867E0,2.040339266266E0));
#9899=CARTESIAN_POINT('',(-6.812378867229E0,2.992673240545E0,
-8.524769424620E-2));
#9900=CARTESIAN_POINT('',(-6.447122904879E0,2.975033835224E0,
-2.202357657018E0));
#9901=CARTESIAN_POINT('',(-5.440767534754E0,2.957394429902E0,
-4.100466026296E0));
#9902=CARTESIAN_POINT('',(-3.893384345580E0,2.939755024581E0,
-5.590825640067E0));
#9903=CARTESIAN_POINT('',(-1.958844523127E0,2.922115619259E0,
-6.525235714842E0));
#9904=CARTESIAN_POINT('',(1.704820409830E-1,2.904476213938E0,
-6.810778874236E0));
#9905=CARTESIAN_POINT('',(2.282855936883E0,2.886836808616E0,-6.419060816932E0));
#9906=CARTESIAN_POINT('',(4.168223521478E0,2.869197403295E0,-5.389033835024E0));
#9907=CARTESIAN_POINT('',(5.639104571456E0,2.851557997973E0,-3.823123413156E0));
#9908=CARTESIAN_POINT('',(6.549235244176E0,2.833918592652E0,-1.877043077950E0));
#9909=CARTESIAN_POINT('',(6.808112497601E0,2.816279187330E0,2.556896948461E-1));
#9910=CARTESIAN_POINT('',(6.389993677789E0,2.798639782009E0,2.362996783293E0));
#9911=CARTESIAN_POINT('',(5.336456358446E0,2.781000376687E0,4.235328385668E0));
#9912=CARTESIAN_POINT('',(3.752263883074E0,2.763360971366E0,5.686500571688E0));
#9913=CARTESIAN_POINT('',(1.794947738630E0,2.745721566044E0,6.572209340523E0));
#9914=CARTESIAN_POINT('',(-3.408573146308E-1,2.728082160723E0,
6.804380154799E0));
#9915=CARTESIAN_POINT('',(-2.442767648333E0,2.710442755401E0,6.359926038600E0));
#9916=CARTESIAN_POINT('',(-4.301770112159E0,2.692803350080E0,5.283043337143E0));
#9917=CARTESIAN_POINT('',(-5.733006219458E0,2.675163944759E0,3.680816850343E0));
#9918=CARTESIAN_POINT('',(-6.594154408153E0,2.657524539437E0,1.712571357871E0));
#9919=CARTESIAN_POINT('',(-6.799582425018E0,2.639885134116E0,
-4.259715609039E-1));
#9920=CARTESIAN_POINT('',(-6.328862626535E0,2.622245728794E0,
-2.522156058800E0));
#9921=CARTESIAN_POINT('',(-5.228803061772E0,2.604606323473E0,
-4.367538235447E0));
#9922=CARTESIAN_POINT('',(-3.608793771740E0,2.586966918151E0,
-5.778614466605E0));
#9923=CARTESIAN_POINT('',(-1.629925825524E0,2.569327512830E0,
-6.615066140136E0));
#9924=CARTESIAN_POINT('',(5.110153449448E-1,2.551688107508E0,
-6.793723309800E0));
#9925=CARTESIAN_POINT('',(2.601163625093E0,2.534048702187E0,-6.296796174823E0));
#9926=CARTESIAN_POINT('',(3.822101247203E0,2.522289098639E0,-5.548124922536E0));
#9927=CARTESIAN_POINT('',(4.359159598137E0,2.516409296865E0,-5.087998388165E0));
#9929=CURVE_STYLE('',#14,POSITIVE_LENGTH_MEASURE(2.E-2),#7);
#9930=PRESENTATION_STYLE_ASSIGNMENT((#9929));
#9931=STYLED_ITEM('',(#9930),#9928);
#9932=CARTESIAN_POINT('',(4.359159598137E0,2.879668762560E0,-5.087998388165E0));
#9933=CARTESIAN_POINT('',(4.359159598137E0,2.516409296865E0,-5.087998388165E0));
#9934=VERTEX_POINT('',#9932);
#9935=VERTEX_POINT('',#9933);
#9936=VERTEX_POINT('',#9849);
#9937=CARTESIAN_POINT('',(-4.359159598136E0,3.645331237440E0,
-5.087998388166E0));
#9938=VERTEX_POINT('',#9937);
#9939=CARTESIAN_POINT('',(5.003965379340E0,2.903774663401E0,-4.453832999204E0));
#9940=CARTESIAN_POINT('',(5.003965379340E0,2.761601686271E0,-4.453832999204E0));
#9941=CARTESIAN_POINT('',(5.003965379340E0,2.619428709141E0,-4.453832999204E0));
#9942=CARTESIAN_POINT('',(5.003965379340E0,2.477255732011E0,-4.453832999204E0));
#9943=CARTESIAN_POINT('',(4.803952719440E0,2.906282607403E0,-4.679869659811E0));
#9944=CARTESIAN_POINT('',(4.803952719440E0,2.764109630273E0,-4.679869659811E0));
#9945=CARTESIAN_POINT('',(4.803952719440E0,2.621936653143E0,-4.679869659811E0));
#9946=CARTESIAN_POINT('',(4.803952719440E0,2.479763676013E0,-4.679869659811E0));
#9947=CARTESIAN_POINT('',(4.082487847300E0,2.914670353179E0,-5.388457501005E0));
#9948=CARTESIAN_POINT('',(4.082487847300E0,2.772497376049E0,-5.388457501005E0));
#9949=CARTESIAN_POINT('',(4.082487847300E0,2.630324398919E0,-5.388457501005E0));
#9950=CARTESIAN_POINT('',(4.082487847300E0,2.488151421789E0,-5.388457501005E0));
#9951=CARTESIAN_POINT('',(2.601163625093E0,2.928937900729E0,-6.296796174823E0));
#9952=CARTESIAN_POINT('',(2.601163625093E0,2.786764923599E0,-6.296796174823E0));
#9953=CARTESIAN_POINT('',(2.601163625093E0,2.644591946470E0,-6.296796174823E0));
#9954=CARTESIAN_POINT('',(2.601163625093E0,2.502418969340E0,-6.296796174823E0));
#9955=CARTESIAN_POINT('',(5.110153449448E-1,2.946577306050E0,
-6.793723309800E0));
#9956=CARTESIAN_POINT('',(5.110153449448E-1,2.804404328920E0,
-6.793723309800E0));
#9957=CARTESIAN_POINT('',(5.110153449448E-1,2.662231351791E0,
-6.793723309800E0));
#9958=CARTESIAN_POINT('',(5.110153449448E-1,2.520058374661E0,
-6.793723309800E0));
#9959=CARTESIAN_POINT('',(-1.629925825524E0,2.964216711372E0,
-6.615066140136E0));
#9960=CARTESIAN_POINT('',(-1.629925825524E0,2.822043734242E0,
-6.615066140136E0));
#9961=CARTESIAN_POINT('',(-1.629925825524E0,2.679870757113E0,
-6.615066140136E0));
#9962=CARTESIAN_POINT('',(-1.629925825524E0,2.537697779983E0,
-6.615066140136E0));
#9963=CARTESIAN_POINT('',(-3.608793771740E0,2.981856116693E0,
-5.778614466605E0));
#9964=CARTESIAN_POINT('',(-3.608793771740E0,2.839683139563E0,
-5.778614466605E0));
#9965=CARTESIAN_POINT('',(-3.608793771740E0,2.697510162434E0,
-5.778614466605E0));
#9966=CARTESIAN_POINT('',(-3.608793771740E0,2.555337185304E0,
-5.778614466605E0));
#9967=CARTESIAN_POINT('',(-5.228803061772E0,2.999495522015E0,
-4.367538235447E0));
#9968=CARTESIAN_POINT('',(-5.228803061772E0,2.857322544885E0,
-4.367538235447E0));
#9969=CARTESIAN_POINT('',(-5.228803061772E0,2.715149567756E0,
-4.367538235447E0));
#9970=CARTESIAN_POINT('',(-5.228803061772E0,2.572976590626E0,
-4.367538235447E0));
#9971=CARTESIAN_POINT('',(-6.328862626535E0,3.017134927336E0,
-2.522156058800E0));
#9972=CARTESIAN_POINT('',(-6.328862626535E0,2.874961950206E0,
-2.522156058800E0));
#9973=CARTESIAN_POINT('',(-6.328862626535E0,2.732788973077E0,
-2.522156058800E0));
#9974=CARTESIAN_POINT('',(-6.328862626535E0,2.590615995947E0,
-2.522156058800E0));
#9975=CARTESIAN_POINT('',(-6.799582425018E0,3.034774332657E0,
-4.259715609039E-1));
#9976=CARTESIAN_POINT('',(-6.799582425018E0,2.892601355528E0,
-4.259715609039E-1));
#9977=CARTESIAN_POINT('',(-6.799582425018E0,2.750428378398E0,
-4.259715609039E-1));
#9978=CARTESIAN_POINT('',(-6.799582425018E0,2.608255401269E0,
-4.259715609039E-1));
#9979=CARTESIAN_POINT('',(-6.594154408153E0,3.052413737979E0,1.712571357871E0));
#9980=CARTESIAN_POINT('',(-6.594154408153E0,2.910240760849E0,1.712571357871E0));
#9981=CARTESIAN_POINT('',(-6.594154408153E0,2.768067783720E0,1.712571357871E0));
#9982=CARTESIAN_POINT('',(-6.594154408153E0,2.625894806590E0,1.712571357871E0));
#9983=CARTESIAN_POINT('',(-5.733006219458E0,3.070053143300E0,3.680816850343E0));
#9984=CARTESIAN_POINT('',(-5.733006219458E0,2.927880166171E0,3.680816850343E0));
#9985=CARTESIAN_POINT('',(-5.733006219458E0,2.785707189041E0,3.680816850343E0));
#9986=CARTESIAN_POINT('',(-5.733006219458E0,2.643534211912E0,3.680816850343E0));
#9987=CARTESIAN_POINT('',(-4.301770112159E0,3.087692548622E0,5.283043337143E0));
#9988=CARTESIAN_POINT('',(-4.301770112159E0,2.945519571492E0,5.283043337143E0));
#9989=CARTESIAN_POINT('',(-4.301770112159E0,2.803346594363E0,5.283043337143E0));
#9990=CARTESIAN_POINT('',(-4.301770112159E0,2.661173617233E0,5.283043337143E0));
#9991=CARTESIAN_POINT('',(-2.442767648333E0,3.105331953943E0,6.359926038600E0));
#9992=CARTESIAN_POINT('',(-2.442767648333E0,2.963158976813E0,6.359926038600E0));
#9993=CARTESIAN_POINT('',(-2.442767648333E0,2.820985999684E0,6.359926038600E0));
#9994=CARTESIAN_POINT('',(-2.442767648333E0,2.678813022554E0,6.359926038600E0));
#9995=CARTESIAN_POINT('',(-3.408573146308E-1,3.122971359265E0,
6.804380154799E0));
#9996=CARTESIAN_POINT('',(-3.408573146308E-1,2.980798382135E0,
6.804380154799E0));
#9997=CARTESIAN_POINT('',(-3.408573146308E-1,2.838625405006E0,
6.804380154799E0));
#9998=CARTESIAN_POINT('',(-3.408573146308E-1,2.696452427876E0,
6.804380154799E0));
#9999=CARTESIAN_POINT('',(1.794947738630E0,3.140610764586E0,6.572209340523E0));
#10000=CARTESIAN_POINT('',(1.794947738630E0,2.998437787456E0,6.572209340523E0));
#10001=CARTESIAN_POINT('',(1.794947738630E0,2.856264810327E0,6.572209340523E0));
#10002=CARTESIAN_POINT('',(1.794947738630E0,2.714091833197E0,6.572209340523E0));
#10003=CARTESIAN_POINT('',(3.752263883074E0,3.158250169908E0,5.686500571688E0));
#10004=CARTESIAN_POINT('',(3.752263883074E0,3.016077192778E0,5.686500571688E0));
#10005=CARTESIAN_POINT('',(3.752263883074E0,2.873904215649E0,5.686500571688E0));
#10006=CARTESIAN_POINT('',(3.752263883074E0,2.731731238519E0,5.686500571688E0));
#10007=CARTESIAN_POINT('',(5.336456358446E0,3.175889575229E0,4.235328385668E0));
#10008=CARTESIAN_POINT('',(5.336456358446E0,3.033716598099E0,4.235328385668E0));
#10009=CARTESIAN_POINT('',(5.336456358446E0,2.891543620970E0,4.235328385668E0));
#10010=CARTESIAN_POINT('',(5.336456358446E0,2.749370643840E0,4.235328385668E0));
#10011=CARTESIAN_POINT('',(6.389993677789E0,3.193528980551E0,2.362996783293E0));
#10012=CARTESIAN_POINT('',(6.389993677789E0,3.051356003421E0,2.362996783293E0));
#10013=CARTESIAN_POINT('',(6.389993677789E0,2.909183026292E0,2.362996783293E0));
#10014=CARTESIAN_POINT('',(6.389993677789E0,2.767010049162E0,2.362996783293E0));
#10015=CARTESIAN_POINT('',(6.808112497601E0,3.211168385872E0,
2.556896948461E-1));
#10016=CARTESIAN_POINT('',(6.808112497601E0,3.068995408742E0,
2.556896948461E-1));
#10017=CARTESIAN_POINT('',(6.808112497601E0,2.926822431613E0,
2.556896948461E-1));
#10018=CARTESIAN_POINT('',(6.808112497601E0,2.784649454483E0,
2.556896948461E-1));
#10019=CARTESIAN_POINT('',(6.549235244176E0,3.228807791194E0,
-1.877043077950E0));
#10020=CARTESIAN_POINT('',(6.549235244176E0,3.086634814064E0,
-1.877043077950E0));
#10021=CARTESIAN_POINT('',(6.549235244176E0,2.944461836935E0,
-1.877043077950E0));
#10022=CARTESIAN_POINT('',(6.549235244176E0,2.802288859805E0,
-1.877043077950E0));
#10023=CARTESIAN_POINT('',(5.639104571456E0,3.246447196515E0,
-3.823123413156E0));
#10024=CARTESIAN_POINT('',(5.639104571456E0,3.104274219385E0,
-3.823123413156E0));
#10025=CARTESIAN_POINT('',(5.639104571456E0,2.962101242256E0,
-3.823123413156E0));
#10026=CARTESIAN_POINT('',(5.639104571456E0,2.819928265126E0,
-3.823123413156E0));
#10027=CARTESIAN_POINT('',(4.168223521478E0,3.264086601837E0,
-5.389033835024E0));
#10028=CARTESIAN_POINT('',(4.168223521478E0,3.121913624707E0,
-5.389033835024E0));
#10029=CARTESIAN_POINT('',(4.168223521478E0,2.979740647578E0,
-5.389033835024E0));
#10030=CARTESIAN_POINT('',(4.168223521478E0,2.837567670448E0,
-5.389033835024E0));
#10031=CARTESIAN_POINT('',(2.282855936883E0,3.281726007158E0,
-6.419060816932E0));
#10032=CARTESIAN_POINT('',(2.282855936883E0,3.139553030028E0,
-6.419060816932E0));
#10033=CARTESIAN_POINT('',(2.282855936883E0,2.997380052899E0,
-6.419060816932E0));
#10034=CARTESIAN_POINT('',(2.282855936883E0,2.855207075769E0,
-6.419060816932E0));
#10035=CARTESIAN_POINT('',(1.704820409830E-1,3.299365412480E0,
-6.810778874236E0));
#10036=CARTESIAN_POINT('',(1.704820409830E-1,3.157192435350E0,
-6.810778874236E0));
#10037=CARTESIAN_POINT('',(1.704820409830E-1,3.015019458221E0,
-6.810778874236E0));
#10038=CARTESIAN_POINT('',(1.704820409830E-1,2.872846481091E0,
-6.810778874236E0));
#10039=CARTESIAN_POINT('',(-1.958844523127E0,3.317004817801E0,
-6.525235714842E0));
#10040=CARTESIAN_POINT('',(-1.958844523127E0,3.174831840671E0,
-6.525235714842E0));
#10041=CARTESIAN_POINT('',(-1.958844523127E0,3.032658863542E0,
-6.525235714842E0));
#10042=CARTESIAN_POINT('',(-1.958844523127E0,2.890485886412E0,
-6.525235714842E0));
#10043=CARTESIAN_POINT('',(-3.893384345580E0,3.334644223123E0,
-5.590825640067E0));
#10044=CARTESIAN_POINT('',(-3.893384345580E0,3.192471245993E0,
-5.590825640067E0));
#10045=CARTESIAN_POINT('',(-3.893384345580E0,3.050298268864E0,
-5.590825640067E0));
#10046=CARTESIAN_POINT('',(-3.893384345580E0,2.908125291734E0,
-5.590825640067E0));
#10047=CARTESIAN_POINT('',(-5.440767534754E0,3.352283628444E0,
-4.100466026296E0));
#10048=CARTESIAN_POINT('',(-5.440767534754E0,3.210110651314E0,
-4.100466026296E0));
#10049=CARTESIAN_POINT('',(-5.440767534754E0,3.067937674185E0,
-4.100466026296E0));
#10050=CARTESIAN_POINT('',(-5.440767534754E0,2.925764697055E0,
-4.100466026296E0));
#10051=CARTESIAN_POINT('',(-6.447122904879E0,3.369923033766E0,
-2.202357657018E0));
#10052=CARTESIAN_POINT('',(-6.447122904879E0,3.227750056636E0,
-2.202357657018E0));
#10053=CARTESIAN_POINT('',(-6.447122904879E0,3.085577079507E0,
-2.202357657018E0));
#10054=CARTESIAN_POINT('',(-6.447122904879E0,2.943404102377E0,
-2.202357657018E0));
#10055=CARTESIAN_POINT('',(-6.812378867229E0,3.387562439087E0,
-8.524769424621E-2));
#10056=CARTESIAN_POINT('',(-6.812378867229E0,3.245389461957E0,
-8.524769424621E-2));
#10057=CARTESIAN_POINT('',(-6.812378867229E0,3.103216484828E0,
-8.524769424621E-2));
#10058=CARTESIAN_POINT('',(-6.812378867229E0,2.961043507698E0,
-8.524769424620E-2));
#10059=CARTESIAN_POINT('',(-6.500214510197E0,3.405201844408E0,
2.040339266266E0));
#10060=CARTESIAN_POINT('',(-6.500214510197E0,3.263028867279E0,
2.040339266266E0));
#10061=CARTESIAN_POINT('',(-6.500214510197E0,3.120855890149E0,
2.040339266266E0));
#10062=CARTESIAN_POINT('',(-6.500214510197E0,2.978682913020E0,
2.040339266266E0));
#10063=CARTESIAN_POINT('',(-5.541671336694E0,3.422841249730E0,
3.963035679388E0));
#10064=CARTESIAN_POINT('',(-5.541671336694E0,3.280668272600E0,
3.963035679388E0));
#10065=CARTESIAN_POINT('',(-5.541671336694E0,3.138495295471E0,
3.963035679388E0));
#10066=CARTESIAN_POINT('',(-5.541671336694E0,2.996322318341E0,
3.963035679388E0));
#10067=CARTESIAN_POINT('',(-4.032066509109E0,3.440480655051E0,
5.491649357539E0));
#10068=CARTESIAN_POINT('',(-4.032066509109E0,3.298307677921E0,
5.491649357539E0));
#10069=CARTESIAN_POINT('',(-4.032066509109E0,3.156134700792E0,
5.491649357539E0));
#10070=CARTESIAN_POINT('',(-4.032066509109E0,3.013961723662E0,
5.491649357539E0));
#10071=CARTESIAN_POINT('',(-2.121514547548E0,3.458120060373E0,
6.474175547866E0));
#10072=CARTESIAN_POINT('',(-2.121514547548E0,3.315947083243E0,
6.474175547866E0));
#10073=CARTESIAN_POINT('',(-2.121514547548E0,3.173774106114E0,
6.474175547866E0));
#10074=CARTESIAN_POINT('',(-2.121514547548E0,3.031601128984E0,
6.474175547866E0));
#10075=CARTESIAN_POINT('',(-2.692790435077E-11,3.475759465694E0,
6.812912226063E0));
#10076=CARTESIAN_POINT('',(-2.693167910905E-11,3.333586488564E0,
6.812912226063E0));
#10077=CARTESIAN_POINT('',(-2.693589795655E-11,3.191413511435E0,
6.812912226063E0));
#10078=CARTESIAN_POINT('',(-2.693978373713E-11,3.049240534305E0,
6.812912226063E0));
#10079=CARTESIAN_POINT('',(2.121514547497E0,3.493398871016E0,6.474175547882E0));
#10080=CARTESIAN_POINT('',(2.121514547497E0,3.351225893886E0,6.474175547882E0));
#10081=CARTESIAN_POINT('',(2.121514547497E0,3.209052916757E0,6.474175547882E0));
#10082=CARTESIAN_POINT('',(2.121514547497E0,3.066879939627E0,6.474175547882E0));
#10083=CARTESIAN_POINT('',(4.032066509066E0,3.511038276337E0,5.491649357571E0));
#10084=CARTESIAN_POINT('',(4.032066509066E0,3.368865299207E0,5.491649357571E0));
#10085=CARTESIAN_POINT('',(4.032066509066E0,3.226692322078E0,5.491649357571E0));
#10086=CARTESIAN_POINT('',(4.032066509066E0,3.084519344948E0,5.491649357571E0));
#10087=CARTESIAN_POINT('',(5.541671336663E0,3.528677681659E0,3.963035679431E0));
#10088=CARTESIAN_POINT('',(5.541671336663E0,3.386504704529E0,3.963035679431E0));
#10089=CARTESIAN_POINT('',(5.541671336663E0,3.244331727400E0,3.963035679431E0));
#10090=CARTESIAN_POINT('',(5.541671336663E0,3.102158750270E0,3.963035679431E0));
#10091=CARTESIAN_POINT('',(6.500214510181E0,3.546317086980E0,2.040339266317E0));
#10092=CARTESIAN_POINT('',(6.500214510181E0,3.404144109850E0,2.040339266317E0));
#10093=CARTESIAN_POINT('',(6.500214510181E0,3.261971132721E0,2.040339266317E0));
#10094=CARTESIAN_POINT('',(6.500214510181E0,3.119798155591E0,2.040339266317E0));
#10095=CARTESIAN_POINT('',(6.812378867229E0,3.563956492302E0,
-8.524769419363E-2));
#10096=CARTESIAN_POINT('',(6.812378867229E0,3.421783515172E0,
-8.524769419363E-2));
#10097=CARTESIAN_POINT('',(6.812378867229E0,3.279610538043E0,
-8.524769419363E-2));
#10098=CARTESIAN_POINT('',(6.812378867229E0,3.137437560913E0,
-8.524769419363E-2));
#10099=CARTESIAN_POINT('',(6.447122904896E0,3.581595897623E0,
-2.202357656969E0));
#10100=CARTESIAN_POINT('',(6.447122904896E0,3.439422920493E0,
-2.202357656969E0));
#10101=CARTESIAN_POINT('',(6.447122904896E0,3.297249943364E0,
-2.202357656969E0));
#10102=CARTESIAN_POINT('',(6.447122904896E0,3.155076966234E0,
-2.202357656969E0));
#10103=CARTESIAN_POINT('',(5.440767534785E0,3.599235302945E0,
-4.100466026255E0));
#10104=CARTESIAN_POINT('',(5.440767534785E0,3.457062325815E0,
-4.100466026255E0));
#10105=CARTESIAN_POINT('',(5.440767534785E0,3.314889348686E0,
-4.100466026255E0));
#10106=CARTESIAN_POINT('',(5.440767534785E0,3.172716371556E0,
-4.100466026255E0));
#10107=CARTESIAN_POINT('',(3.893384345622E0,3.616874708266E0,
-5.590825640038E0));
#10108=CARTESIAN_POINT('',(3.893384345622E0,3.474701731136E0,
-5.590825640038E0));
#10109=CARTESIAN_POINT('',(3.893384345622E0,3.332528754007E0,
-5.590825640038E0));
#10110=CARTESIAN_POINT('',(3.893384345622E0,3.190355776877E0,
-5.590825640038E0));
#10111=CARTESIAN_POINT('',(1.958844523174E0,3.634514113588E0,
-6.525235714828E0));
#10112=CARTESIAN_POINT('',(1.958844523174E0,3.492341136458E0,
-6.525235714828E0));
#10113=CARTESIAN_POINT('',(1.958844523174E0,3.350168159329E0,
-6.525235714828E0));
#10114=CARTESIAN_POINT('',(1.958844523174E0,3.207995182199E0,
-6.525235714828E0));
#10115=CARTESIAN_POINT('',(-1.704820409343E-1,3.652153518909E0,
-6.810778874237E0));
#10116=CARTESIAN_POINT('',(-1.704820409343E-1,3.509980541779E0,
-6.810778874237E0));
#10117=CARTESIAN_POINT('',(-1.704820409343E-1,3.367807564650E0,
-6.810778874237E0));
#10118=CARTESIAN_POINT('',(-1.704820409343E-1,3.225634587520E0,
-6.810778874237E0));
#10119=CARTESIAN_POINT('',(-2.282855936839E0,3.669792924231E0,
-6.419060816948E0));
#10120=CARTESIAN_POINT('',(-2.282855936839E0,3.527619947101E0,
-6.419060816948E0));
#10121=CARTESIAN_POINT('',(-2.282855936839E0,3.385446969972E0,
-6.419060816948E0));
#10122=CARTESIAN_POINT('',(-2.282855936839E0,3.243273992842E0,
-6.419060816948E0));
#10123=CARTESIAN_POINT('',(-4.168223521442E0,3.687432329552E0,
-5.389033835053E0));
#10124=CARTESIAN_POINT('',(-4.168223521442E0,3.545259352422E0,
-5.389033835053E0));
#10125=CARTESIAN_POINT('',(-4.168223521442E0,3.403086375293E0,
-5.389033835053E0));
#10126=CARTESIAN_POINT('',(-4.168223521442E0,3.260913398163E0,
-5.389033835053E0));
#10127=CARTESIAN_POINT('',(-5.639104571431E0,3.705071734874E0,
-3.823123413193E0));
#10128=CARTESIAN_POINT('',(-5.639104571431E0,3.562898757744E0,
-3.823123413193E0));
#10129=CARTESIAN_POINT('',(-5.639104571431E0,3.420725780615E0,
-3.823123413193E0));
#10130=CARTESIAN_POINT('',(-5.639104571431E0,3.278552803485E0,
-3.823123413193E0));
#10131=CARTESIAN_POINT('',(-6.549235244164E0,3.722711140195E0,
-1.877043077992E0));
#10132=CARTESIAN_POINT('',(-6.549235244164E0,3.580538163065E0,
-1.877043077992E0));
#10133=CARTESIAN_POINT('',(-6.549235244164E0,3.438365185936E0,
-1.877043077992E0));
#10134=CARTESIAN_POINT('',(-6.549235244164E0,3.296192208806E0,
-1.877043077992E0));
#10135=CARTESIAN_POINT('',(-6.808112497603E0,3.740350545516E0,
2.556896948039E-1));
#10136=CARTESIAN_POINT('',(-6.808112497603E0,3.598177568387E0,
2.556896948039E-1));
#10137=CARTESIAN_POINT('',(-6.808112497603E0,3.456004591257E0,
2.556896948039E-1));
#10138=CARTESIAN_POINT('',(-6.808112497603E0,3.313831614128E0,
2.556896948039E-1));
#10139=CARTESIAN_POINT('',(-6.389993677803E0,3.757989950838E0,
2.362996783255E0));
#10140=CARTESIAN_POINT('',(-6.389993677803E0,3.615816973708E0,
2.362996783255E0));
#10141=CARTESIAN_POINT('',(-6.389993677803E0,3.473643996579E0,
2.362996783255E0));
#10142=CARTESIAN_POINT('',(-6.389993677803E0,3.331471019449E0,
2.362996783255E0));
#10143=CARTESIAN_POINT('',(-5.336456358470E0,3.775629356159E0,
4.235328385637E0));
#10144=CARTESIAN_POINT('',(-5.336456358470E0,3.633456379030E0,
4.235328385637E0));
#10145=CARTESIAN_POINT('',(-5.336456358470E0,3.491283401900E0,
4.235328385637E0));
#10146=CARTESIAN_POINT('',(-5.336456358470E0,3.349110424771E0,
4.235328385637E0));
#10147=CARTESIAN_POINT('',(-3.752263883106E0,3.793268761481E0,
5.686500571667E0));
#10148=CARTESIAN_POINT('',(-3.752263883106E0,3.651095784351E0,
5.686500571667E0));
#10149=CARTESIAN_POINT('',(-3.752263883106E0,3.508922807222E0,
5.686500571667E0));
#10150=CARTESIAN_POINT('',(-3.752263883106E0,3.366749830092E0,
5.686500571667E0));
#10151=CARTESIAN_POINT('',(-1.794947738664E0,3.810908166802E0,
6.572209340514E0));
#10152=CARTESIAN_POINT('',(-1.794947738664E0,3.668735189673E0,
6.572209340514E0));
#10153=CARTESIAN_POINT('',(-1.794947738664E0,3.526562212543E0,
6.572209340514E0));
#10154=CARTESIAN_POINT('',(-1.794947738664E0,3.384389235414E0,
6.572209340514E0));
#10155=CARTESIAN_POINT('',(3.408573145975E-1,3.828547572124E0,
6.804380154801E0));
#10156=CARTESIAN_POINT('',(3.408573145975E-1,3.686374594994E0,
6.804380154801E0));
#10157=CARTESIAN_POINT('',(3.408573145975E-1,3.544201617865E0,
6.804380154801E0));
#10158=CARTESIAN_POINT('',(3.408573145975E-1,3.402028640735E0,
6.804380154801E0));
#10159=CARTESIAN_POINT('',(2.442767648304E0,3.846186977445E0,6.359926038611E0));
#10160=CARTESIAN_POINT('',(2.442767648304E0,3.704014000316E0,6.359926038611E0));
#10161=CARTESIAN_POINT('',(2.442767648304E0,3.561841023186E0,6.359926038611E0));
#10162=CARTESIAN_POINT('',(2.442767648304E0,3.419668046057E0,6.359926038611E0));
#10163=CARTESIAN_POINT('',(4.301770112137E0,3.863826382767E0,5.283043337161E0));
#10164=CARTESIAN_POINT('',(4.301770112137E0,3.721653405637E0,5.283043337161E0));
#10165=CARTESIAN_POINT('',(4.301770112137E0,3.579480428508E0,5.283043337161E0));
#10166=CARTESIAN_POINT('',(4.301770112137E0,3.437307451378E0,5.283043337161E0));
#10167=CARTESIAN_POINT('',(5.733006219444E0,3.881465788088E0,3.680816850365E0));
#10168=CARTESIAN_POINT('',(5.733006219444E0,3.739292810958E0,3.680816850365E0));
#10169=CARTESIAN_POINT('',(5.733006219444E0,3.597119833829E0,3.680816850365E0));
#10170=CARTESIAN_POINT('',(5.733006219444E0,3.454946856699E0,3.680816850365E0));
#10171=CARTESIAN_POINT('',(6.594154408147E0,3.899105193410E0,1.712571357894E0));
#10172=CARTESIAN_POINT('',(6.594154408147E0,3.756932216280E0,1.712571357894E0));
#10173=CARTESIAN_POINT('',(6.594154408147E0,3.614759239151E0,1.712571357894E0));
#10174=CARTESIAN_POINT('',(6.594154408147E0,3.472586262021E0,1.712571357894E0));
#10175=CARTESIAN_POINT('',(6.799582425020E0,3.916744598731E0,
-4.259715608822E-1));
#10176=CARTESIAN_POINT('',(6.799582425020E0,3.774571621601E0,
-4.259715608822E-1));
#10177=CARTESIAN_POINT('',(6.799582425020E0,3.632398644472E0,
-4.259715608822E-1));
#10178=CARTESIAN_POINT('',(6.799582425020E0,3.490225667342E0,
-4.259715608822E-1));
#10179=CARTESIAN_POINT('',(6.328862626542E0,3.934384004053E0,
-2.522156058783E0));
#10180=CARTESIAN_POINT('',(6.328862626542E0,3.792211026923E0,
-2.522156058783E0));
#10181=CARTESIAN_POINT('',(6.328862626542E0,3.650038049794E0,
-2.522156058783E0));
#10182=CARTESIAN_POINT('',(6.328862626542E0,3.507865072664E0,
-2.522156058783E0));
#10183=CARTESIAN_POINT('',(5.228803061783E0,3.952023409374E0,
-4.367538235434E0));
#10184=CARTESIAN_POINT('',(5.228803061783E0,3.809850432244E0,
-4.367538235434E0));
#10185=CARTESIAN_POINT('',(5.228803061783E0,3.667677455115E0,
-4.367538235434E0));
#10186=CARTESIAN_POINT('',(5.228803061783E0,3.525504477985E0,
-4.367538235434E0));
#10187=CARTESIAN_POINT('',(3.608793771752E0,3.969662814696E0,
-5.778614466599E0));
#10188=CARTESIAN_POINT('',(3.608793771752E0,3.827489837566E0,
-5.778614466599E0));
#10189=CARTESIAN_POINT('',(3.608793771752E0,3.685316860437E0,
-5.778614466599E0));
#10190=CARTESIAN_POINT('',(3.608793771752E0,3.543143883307E0,
-5.778614466599E0));
#10191=CARTESIAN_POINT('',(1.629925825534E0,3.987302220017E0,
-6.615066140134E0));
#10192=CARTESIAN_POINT('',(1.629925825534E0,3.845129242887E0,
-6.615066140134E0));
#10193=CARTESIAN_POINT('',(1.629925825534E0,3.702956265758E0,
-6.615066140134E0));
#10194=CARTESIAN_POINT('',(1.629925825534E0,3.560783288628E0,
-6.615066140134E0));
#10195=CARTESIAN_POINT('',(-5.110153449373E-1,4.004941625339E0,
-6.793723309801E0));
#10196=CARTESIAN_POINT('',(-5.110153449373E-1,3.862768648209E0,
-6.793723309801E0));
#10197=CARTESIAN_POINT('',(-5.110153449373E-1,3.720595671080E0,
-6.793723309801E0));
#10198=CARTESIAN_POINT('',(-5.110153449373E-1,3.578422693950E0,
-6.793723309801E0));
#10199=CARTESIAN_POINT('',(-2.601163625089E0,4.022581030660E0,
-6.296796174825E0));
#10200=CARTESIAN_POINT('',(-2.601163625089E0,3.880408053530E0,
-6.296796174825E0));
#10201=CARTESIAN_POINT('',(-2.601163625089E0,3.738235076401E0,
-6.296796174825E0));
#10202=CARTESIAN_POINT('',(-2.601163625089E0,3.596062099271E0,
-6.296796174825E0));
#10203=CARTESIAN_POINT('',(-4.082487847297E0,4.036848578211E0,
-5.388457501007E0));
#10204=CARTESIAN_POINT('',(-4.082487847297E0,3.894675601081E0,
-5.388457501007E0));
#10205=CARTESIAN_POINT('',(-4.082487847297E0,3.752502623951E0,
-5.388457501007E0));
#10206=CARTESIAN_POINT('',(-4.082487847297E0,3.610329646821E0,
-5.388457501007E0));
#10207=CARTESIAN_POINT('',(-4.803952719433E0,4.045236323987E0,
-4.679869659818E0));
#10208=CARTESIAN_POINT('',(-4.803952719433E0,3.903063346857E0,
-4.679869659818E0));
#10209=CARTESIAN_POINT('',(-4.803952719433E0,3.760890369727E0,
-4.679869659818E0));
#10210=CARTESIAN_POINT('',(-4.803952719433E0,3.618717392597E0,
-4.679869659818E0));
#10211=CARTESIAN_POINT('',(-5.003965379329E0,4.047744267989E0,
-4.453832999215E0));
#10212=CARTESIAN_POINT('',(-5.003965379329E0,3.905571290859E0,
-4.453832999215E0));
#10213=CARTESIAN_POINT('',(-5.003965379329E0,3.763398313729E0,
-4.453832999215E0));
#10214=CARTESIAN_POINT('',(-5.003965379329E0,3.621225336599E0,
-4.453832999215E0));
#10215=B_SPLINE_SURFACE_WITH_KNOTS('',3,3,((#9939,#9940,#9941,#9942),(#9943,
#9944,#9945,#9946),(#9947,#9948,#9949,#9950),(#9951,#9952,#9953,#9954),(#9955,
#9956,#9957,#9958),(#9959,#9960,#9961,#9962),(#9963,#9964,#9965,#9966),(#9967,
#9968,#9969,#9970),(#9971,#9972,#9973,#9974),(#9975,#9976,#9977,#9978),(#9979,
#9980,#9981,#9982),(#9983,#9984,#9985,#9986),(#9987,#9988,#9989,#9990),(#9991,
#9992,#9993,#9994),(#9995,#9996,#9997,#9998),(#9999,#10000,#10001,#10002),(
#10003,#10004,#10005,#10006),(#10007,#10008,#10009,#10010),(#10011,#10012,
#10013,#10014),(#10015,#10016,#10017,#10018),(#10019,#10020,#10021,#10022),(
#10023,#10024,#10025,#10026),(#10027,#10028,#10029,#10030),(#10031,#10032,
#10033,#10034),(#10035,#10036,#10037,#10038),(#10039,#10040,#10041,#10042),(
#10043,#10044,#10045,#10046),(#10047,#10048,#10049,#10050),(#10051,#10052,
#10053,#10054),(#10055,#10056,#10057,#10058),(#10059,#10060,#10061,#10062),(
#10063,#10064,#10065,#10066),(#10067,#10068,#10069,#10070),(#10071,#10072,
#10073,#10074),(#10075,#10076,#10077,#10078),(#10079,#10080,#10081,#10082),(
#10083,#10084,#10085,#10086),(#10087,#10088,#10089,#10090),(#10091,#10092,
#10093,#10094),(#10095,#10096,#10097,#10098),(#10099,#10100,#10101,#10102),(
#10103,#10104,#10105,#10106),(#10107,#10108,#10109,#10110),(#10111,#10112,
#10113,#10114),(#10115,#10116,#10117,#10118),(#10119,#10120,#10121,#10122),(
#10123,#10124,#10125,#10126),(#10127,#10128,#10129,#10130),(#10131,#10132,
#10133,#10134),(#10135,#10136,#10137,#10138),(#10139,#10140,#10141,#10142),(
#10143,#10144,#10145,#10146),(#10147,#10148,#10149,#10150),(#10151,#10152,
#10153,#10154),(#10155,#10156,#10157,#10158),(#10159,#10160,#10161,#10162),(
#10163,#10164,#10165,#10166),(#10167,#10168,#10169,#10170),(#10171,#10172,
#10173,#10174),(#10175,#10176,#10177,#10178),(#10179,#10180,#10181,#10182),(
#10183,#10184,#10185,#10186),(#10187,#10188,#10189,#10190),(#10191,#10192,
#10193,#10194),(#10195,#10196,#10197,#10198),(#10199,#10200,#10201,#10202),(
#10203,#10204,#10205,#10206),(#10207,#10208,#10209,#10210),(#10211,#10212,
#10213,#10214)),.UNSPECIFIED.,.F.,.F.,.F.,(4,1,1,1,1,1,1,1,1,1,1,1,1,1,1,1,1,1,
1,1,1,1,1,1,1,1,1,1,1,1,1,1,1,1,1,1,1,1,1,1,1,1,1,1,1,1,1,1,1,1,1,1,1,1,1,1,1,1,
1,1,1,1,1,1,1,1,4),(4,4),(-6.664616689388E-3,0.E0,1.5625E-2,3.125E-2,4.6875E-2,
6.25E-2,7.812499999999E-2,9.374999999995E-2,1.09375E-1,1.25E-1,1.40625E-1,
1.5625E-1,1.71875E-1,1.875E-1,2.031249999999E-1,2.1875E-1,2.34375E-1,
2.499999999999E-1,2.65625E-1,2.8125E-1,2.96875E-1,3.125E-1,3.28125E-1,3.4375E-1,
3.593749999999E-1,3.75E-1,3.90625E-1,4.062499999999E-1,4.21875E-1,4.375E-1,
4.53125E-1,4.6875E-1,4.84375E-1,5.E-1,5.156249999999E-1,5.3125E-1,5.46875E-1,
5.624999999999E-1,5.78125E-1,5.9375E-1,6.09375E-1,6.249999999999E-1,6.40625E-1,
6.5625E-1,6.718749999999E-1,6.875E-1,7.03125E-1,7.187499999999E-1,7.34375E-1,
7.5E-1,7.656249999999E-1,7.812499999999E-1,7.96875E-1,8.125E-1,
8.281249999999E-1,8.4375E-1,8.59375E-1,8.749999999999E-1,8.90625E-1,9.0625E-1,
9.218749999999E-1,9.374999999999E-1,9.53125E-1,9.6875E-1,9.843749999999E-1,1.E0,
1.006664616689E0),(-8.707201280198E-2,1.087072012802E0),.UNSPECIFIED.);
#10217=ORIENTED_EDGE('',*,*,#10216,.T.);
#10219=ORIENTED_EDGE('',*,*,#10218,.T.);
#10221=ORIENTED_EDGE('',*,*,#10220,.T.);
#10223=ORIENTED_EDGE('',*,*,#10222,.T.);
#10224=EDGE_LOOP('',(#10217,#10219,#10221,#10223));
#10225=FACE_OUTER_BOUND('',#10224,.F.);
#10226=ADVANCED_FACE('',(#10225),#10215,.F.);
#10227=OPEN_SHELL('',(#10226));
#10228=FILL_AREA_STYLE_COLOUR('',#7);
#10229=FILL_AREA_STYLE('',(#10228));
#10230=SURFACE_STYLE_FILL_AREA(#10229);
#10231=SURFACE_SIDE_STYLE('',(#10230));
#10232=SURFACE_STYLE_USAGE(.POSITIVE.,#10231);
#10233=FILL_AREA_STYLE_COLOUR('',#1);
#10234=FILL_AREA_STYLE('',(#10233));
#10235=SURFACE_STYLE_FILL_AREA(#10234);
#10236=SURFACE_SIDE_STYLE('',(#10235));
#10237=SURFACE_STYLE_USAGE(.NEGATIVE.,#10236);
#10238=PRESENTATION_STYLE_ASSIGNMENT((#10232,#10237));
#9775=STYLED_ITEM('',(#10238),#10227);
#10240=DIRECTION('',(0.E0,1.E0,0.E0));
#10241=VECTOR('',#10240,3.632594656950E-1);
#10242=CARTESIAN_POINT('',(4.359159598130E0,6.366409296865E0,
-5.087998388171E0));
#10243=LINE('',#10242,#10241);
#10244=CURVE_STYLE('',#14,POSITIVE_LENGTH_MEASURE(2.E-2),#7);
#10245=PRESENTATION_STYLE_ASSIGNMENT((#10244));
#10246=STYLED_ITEM('',(#10245),#10243);
#10247=CARTESIAN_POINT('',(4.359159598130E0,6.729668762560E0,
-5.087998388171E0));
#10248=CARTESIAN_POINT('',(3.822101247197E0,6.735548564334E0,
-5.548124922540E0));
#10249=CARTESIAN_POINT('',(2.601163625092E0,6.747308167881E0,
-6.296796174823E0));
#10250=CARTESIAN_POINT('',(5.110153449502E-1,6.764947573203E0,
-6.793723309799E0));
#10251=CARTESIAN_POINT('',(-1.629925825512E0,6.782586978524E0,
-6.615066140138E0));
#10252=CARTESIAN_POINT('',(-3.608793771726E0,6.800226383845E0,
-5.778614466614E0));
#10253=CARTESIAN_POINT('',(-5.228803061758E0,6.817865789167E0,
-4.367538235463E0));
#10254=CARTESIAN_POINT('',(-6.328862626526E0,6.835505194488E0,
-2.522156058823E0));
#10255=CARTESIAN_POINT('',(-6.799582425016E0,6.853144599809E0,
-4.259715609316E-1));
#10256=CARTESIAN_POINT('',(-6.594154408161E0,6.870784005131E0,
1.712571357842E0));
#10257=CARTESIAN_POINT('',(-5.733006219475E0,6.888423410452E0,
3.680816850316E0));
#10258=CARTESIAN_POINT('',(-4.301770112184E0,6.906062815774E0,
5.283043337123E0));
#10259=CARTESIAN_POINT('',(-2.442767648363E0,6.923702221095E0,
6.359926038588E0));
#10260=CARTESIAN_POINT('',(-3.408573146620E-1,6.941341626416E0,
6.804380154798E0));
#10261=CARTESIAN_POINT('',(1.794947738601E0,6.958981031738E0,6.572209340531E0));
#10262=CARTESIAN_POINT('',(3.752263883051E0,6.976620437059E0,5.686500571703E0));
#10263=CARTESIAN_POINT('',(5.336456358430E0,6.994259842381E0,4.235328385688E0));
#10264=CARTESIAN_POINT('',(6.389993677781E0,7.011899247702E0,2.362996783315E0));
#10265=CARTESIAN_POINT('',(6.808112497600E0,7.029538653023E0,
2.556896948662E-1));
#10266=CARTESIAN_POINT('',(6.549235244181E0,7.047178058345E0,
-1.877043077934E0));
#10267=CARTESIAN_POINT('',(5.639104571464E0,7.064817463666E0,
-3.823123413146E0));
#10268=CARTESIAN_POINT('',(4.168223521485E0,7.082456868988E0,
-5.389033835019E0));
#10269=CARTESIAN_POINT('',(2.282855936887E0,7.100096274309E0,
-6.419060816932E0));
#10270=CARTESIAN_POINT('',(1.704820409816E-1,7.117735679631E0,
-6.810778874237E0));
#10271=CARTESIAN_POINT('',(-1.958844523133E0,7.135375084952E0,
-6.525235714841E0));
#10272=CARTESIAN_POINT('',(-3.893384345590E0,7.153014490274E0,
-5.590825640061E0));
#10273=CARTESIAN_POINT('',(-5.440767534765E0,7.170653895595E0,
-4.100466026282E0));
#10274=CARTESIAN_POINT('',(-6.447122904887E0,7.188293300916E0,
-2.202357656997E0));
#10275=CARTESIAN_POINT('',(-6.812378867230E0,7.205932706238E0,
-8.524769421760E-2));
#10276=CARTESIAN_POINT('',(-6.500214510187E0,7.223572111559E0,
2.040339266299E0));
#10277=CARTESIAN_POINT('',(-5.541671336671E0,7.241211516881E0,
3.963035679421E0));
#10278=CARTESIAN_POINT('',(-4.032066509072E0,7.258850922202E0,
5.491649357567E0));
#10279=CARTESIAN_POINT('',(-2.121514547499E0,7.276490327524E0,
6.474175547882E0));
#10280=CARTESIAN_POINT('',(3.033318041190E-11,7.294129732845E0,
6.812912226064E0));
#10281=CARTESIAN_POINT('',(2.121514547557E0,7.311769138167E0,6.474175547863E0));
#10282=CARTESIAN_POINT('',(4.032066509121E0,7.329408543488E0,5.491649357531E0));
#10283=CARTESIAN_POINT('',(5.541671336706E0,7.347047948810E0,3.963035679372E0));
#10284=CARTESIAN_POINT('',(6.500214510205E0,7.364687354131E0,2.040339266242E0));
#10285=CARTESIAN_POINT('',(6.812378867229E0,7.382326759453E0,
-8.524769427670E-2));
#10286=CARTESIAN_POINT('',(6.447122904868E0,7.399966164774E0,
-2.202357657052E0));
#10287=CARTESIAN_POINT('',(5.440767534730E0,7.417605570096E0,
-4.100466026328E0));
#10288=CARTESIAN_POINT('',(3.893384345544E0,7.435244975417E0,
-5.590825640093E0));
#10289=CARTESIAN_POINT('',(1.958844523080E0,7.452884380739E0,
-6.525235714857E0));
#10290=CARTESIAN_POINT('',(-1.704820410359E-1,7.470523786060E0,
-6.810778874235E0));
#10291=CARTESIAN_POINT('',(-2.282855936937E0,7.488163191382E0,
-6.419060816914E0));
#10292=CARTESIAN_POINT('',(-4.168223521526E0,7.505802596703E0,
-5.389033834988E0));
#10293=CARTESIAN_POINT('',(-5.639104571491E0,7.523442002025E0,
-3.823123413104E0));
#10294=CARTESIAN_POINT('',(-6.549235244194E0,7.541081407346E0,
-1.877043077888E0));
#10295=CARTESIAN_POINT('',(-6.808112497598E0,7.558720812668E0,
2.556896949124E-1));
#10296=CARTESIAN_POINT('',(-6.389993677766E0,7.576360217989E0,
2.362996783356E0));
#10297=CARTESIAN_POINT('',(-5.336456358404E0,7.593999623311E0,
4.235328385721E0));
#10298=CARTESIAN_POINT('',(-3.752263883018E0,7.611639028632E0,
5.686500571725E0));
#10299=CARTESIAN_POINT('',(-1.794947738565E0,7.629278433954E0,
6.572209340540E0));
#10300=CARTESIAN_POINT('',(3.408573146969E-1,7.646917839275E0,
6.804380154796E0));
#10301=CARTESIAN_POINT('',(2.442767648393E0,7.664557244597E0,6.359926038576E0));
#10302=CARTESIAN_POINT('',(4.301770112207E0,7.682196649919E0,5.283043337104E0));
#10303=CARTESIAN_POINT('',(5.733006219489E0,7.699836055240E0,3.680816850294E0));
#10304=CARTESIAN_POINT('',(6.594154408166E0,7.717475460562E0,1.712571357819E0));
#10305=CARTESIAN_POINT('',(6.799582425015E0,7.735114865883E0,
-4.259715609522E-1));
#10306=CARTESIAN_POINT('',(6.328862626519E0,7.752754271205E0,
-2.522156058839E0));
#10307=CARTESIAN_POINT('',(5.228803061749E0,7.770393676526E0,
-4.367538235473E0));
#10308=CARTESIAN_POINT('',(3.608793771717E0,7.788033081848E0,
-5.778614466619E0));
#10309=CARTESIAN_POINT('',(1.629925825505E0,7.805672487169E0,
-6.615066140139E0));
#10310=CARTESIAN_POINT('',(-5.110153449532E-1,7.823311892491E0,
-6.793723309799E0));
#10311=CARTESIAN_POINT('',(-2.601163625091E0,7.840951297813E0,
-6.296796174823E0));
#10312=CARTESIAN_POINT('',(-3.822101247194E0,7.852710901360E0,
-5.548124922542E0));
#10313=CARTESIAN_POINT('',(-4.359159598126E0,7.858590703134E0,
-5.087998388174E0));
#10315=CURVE_STYLE('',#14,POSITIVE_LENGTH_MEASURE(2.E-2),#7);
#10316=PRESENTATION_STYLE_ASSIGNMENT((#10315));
#10317=STYLED_ITEM('',(#10316),#10314);
#10318=DIRECTION('',(0.E0,-1.E0,0.E0));
#10319=VECTOR('',#10318,3.632594656950E-1);
#10320=CARTESIAN_POINT('',(-4.359159598126E0,7.858590703134E0,
-5.087998388174E0));
#10321=LINE('',#10320,#10319);
#10322=CURVE_STYLE('',#14,POSITIVE_LENGTH_MEASURE(2.E-2),#7);
#10323=PRESENTATION_STYLE_ASSIGNMENT((#10322));
#10324=STYLED_ITEM('',(#10323),#10321);
#10325=CARTESIAN_POINT('',(-4.359159598126E0,7.495331237439E0,
-5.087998388174E0));
#10326=CARTESIAN_POINT('',(-3.822101247194E0,7.489451435665E0,
-5.548124922542E0));
#10327=CARTESIAN_POINT('',(-2.601163625091E0,7.477691832117E0,
-6.296796174823E0));
#10328=CARTESIAN_POINT('',(-5.110153449532E-1,7.460052426795E0,
-6.793723309799E0));
#10329=CARTESIAN_POINT('',(1.629925825505E0,7.442413021474E0,
-6.615066140139E0));
#10330=CARTESIAN_POINT('',(3.608793771717E0,7.424773616152E0,
-5.778614466619E0));
#10331=CARTESIAN_POINT('',(5.228803061749E0,7.407134210830E0,
-4.367538235473E0));
#10332=CARTESIAN_POINT('',(6.328862626519E0,7.389494805509E0,
-2.522156058839E0));
#10333=CARTESIAN_POINT('',(6.799582425015E0,7.371855400187E0,
-4.259715609522E-1));
#10334=CARTESIAN_POINT('',(6.594154408166E0,7.354215994866E0,1.712571357819E0));
#10335=CARTESIAN_POINT('',(5.733006219489E0,7.336576589544E0,3.680816850294E0));
#10336=CARTESIAN_POINT('',(4.301770112207E0,7.318937184222E0,5.283043337104E0));
#10337=CARTESIAN_POINT('',(2.442767648393E0,7.301297778901E0,6.359926038576E0));
#10338=CARTESIAN_POINT('',(3.408573146969E-1,7.283658373579E0,
6.804380154796E0));
#10339=CARTESIAN_POINT('',(-1.794947738565E0,7.266018968258E0,
6.572209340540E0));
#10340=CARTESIAN_POINT('',(-3.752263883018E0,7.248379562936E0,
5.686500571725E0));
#10341=CARTESIAN_POINT('',(-5.336456358403E0,7.230740157615E0,
4.235328385721E0));
#10342=CARTESIAN_POINT('',(-6.389993677766E0,7.213100752293E0,
2.362996783356E0));
#10343=CARTESIAN_POINT('',(-6.808112497598E0,7.195461346971E0,
2.556896949124E-1));
#10344=CARTESIAN_POINT('',(-6.549235244194E0,7.177821941650E0,
-1.877043077888E0));
#10345=CARTESIAN_POINT('',(-5.639104571491E0,7.160182536328E0,
-3.823123413104E0));
#10346=CARTESIAN_POINT('',(-4.168223521526E0,7.142543131007E0,
-5.389033834988E0));
#10347=CARTESIAN_POINT('',(-2.282855936937E0,7.124903725685E0,
-6.419060816914E0));
#10348=CARTESIAN_POINT('',(-1.704820410360E-1,7.107264320364E0,
-6.810778874235E0));
#10349=CARTESIAN_POINT('',(1.958844523080E0,7.089624915042E0,
-6.525235714857E0));
#10350=CARTESIAN_POINT('',(3.893384345544E0,7.071985509721E0,
-5.590825640093E0));
#10351=CARTESIAN_POINT('',(5.440767534730E0,7.054346104400E0,
-4.100466026328E0));
#10352=CARTESIAN_POINT('',(6.447122904868E0,7.036706699078E0,
-2.202357657052E0));
#10353=CARTESIAN_POINT('',(6.812378867229E0,7.019067293757E0,
-8.524769427668E-2));
#10354=CARTESIAN_POINT('',(6.500214510205E0,7.001427888435E0,2.040339266242E0));
#10355=CARTESIAN_POINT('',(5.541671336706E0,6.983788483114E0,3.963035679372E0));
#10356=CARTESIAN_POINT('',(4.032066509121E0,6.966149077792E0,5.491649357531E0));
#10357=CARTESIAN_POINT('',(2.121514547557E0,6.948509672471E0,6.474175547863E0));
#10358=CARTESIAN_POINT('',(3.031375150897E-11,6.930870267150E0,
6.812912226064E0));
#10359=CARTESIAN_POINT('',(-2.121514547499E0,6.913230861828E0,
6.474175547882E0));
#10360=CARTESIAN_POINT('',(-4.032066509072E0,6.895591456507E0,
5.491649357567E0));
#10361=CARTESIAN_POINT('',(-5.541671336671E0,6.877952051185E0,
3.963035679421E0));
#10362=CARTESIAN_POINT('',(-6.500214510187E0,6.860312645864E0,
2.040339266299E0));
#10363=CARTESIAN_POINT('',(-6.812378867230E0,6.842673240542E0,
-8.524769421760E-2));
#10364=CARTESIAN_POINT('',(-6.447122904887E0,6.825033835221E0,
-2.202357656997E0));
#10365=CARTESIAN_POINT('',(-5.440767534765E0,6.807394429900E0,
-4.100466026282E0));
#10366=CARTESIAN_POINT('',(-3.893384345590E0,6.789755024578E0,
-5.590825640061E0));
#10367=CARTESIAN_POINT('',(-1.958844523133E0,6.772115619257E0,
-6.525235714841E0));
#10368=CARTESIAN_POINT('',(1.704820409817E-1,6.754476213936E0,
-6.810778874237E0));
#10369=CARTESIAN_POINT('',(2.282855936887E0,6.736836808614E0,
-6.419060816932E0));
#10370=CARTESIAN_POINT('',(4.168223521485E0,6.719197403293E0,
-5.389033835019E0));
#10371=CARTESIAN_POINT('',(5.639104571464E0,6.701557997971E0,
-3.823123413146E0));
#10372=CARTESIAN_POINT('',(6.549235244181E0,6.683918592650E0,
-1.877043077934E0));
#10373=CARTESIAN_POINT('',(6.808112497600E0,6.666279187329E0,
2.556896948662E-1));
#10374=CARTESIAN_POINT('',(6.389993677781E0,6.648639782007E0,2.362996783315E0));
#10375=CARTESIAN_POINT('',(5.336456358430E0,6.631000376686E0,4.235328385688E0));
#10376=CARTESIAN_POINT('',(3.752263883051E0,6.613360971365E0,5.686500571703E0));
#10377=CARTESIAN_POINT('',(1.794947738601E0,6.595721566043E0,6.572209340531E0));
#10378=CARTESIAN_POINT('',(-3.408573146620E-1,6.578082160722E0,
6.804380154798E0));
#10379=CARTESIAN_POINT('',(-2.442767648363E0,6.560442755400E0,
6.359926038588E0));
#10380=CARTESIAN_POINT('',(-4.301770112184E0,6.542803350079E0,
5.283043337123E0));
#10381=CARTESIAN_POINT('',(-5.733006219475E0,6.525163944758E0,
3.680816850316E0));
#10382=CARTESIAN_POINT('',(-6.594154408161E0,6.507524539436E0,
1.712571357842E0));
#10383=CARTESIAN_POINT('',(-6.799582425016E0,6.489885134115E0,
-4.259715609316E-1));
#10384=CARTESIAN_POINT('',(-6.328862626526E0,6.472245728794E0,
-2.522156058823E0));
#10385=CARTESIAN_POINT('',(-5.228803061758E0,6.454606323472E0,
-4.367538235463E0));
#10386=CARTESIAN_POINT('',(-3.608793771726E0,6.436966918151E0,
-5.778614466614E0));
#10387=CARTESIAN_POINT('',(-1.629925825512E0,6.419327512830E0,
-6.615066140138E0));
#10388=CARTESIAN_POINT('',(5.110153449502E-1,6.401688107508E0,
-6.793723309799E0));
#10389=CARTESIAN_POINT('',(2.601163625092E0,6.384048702187E0,
-6.296796174823E0));
#10390=CARTESIAN_POINT('',(3.822101247197E0,6.372289098639E0,
-5.548124922540E0));
#10391=CARTESIAN_POINT('',(4.359159598130E0,6.366409296865E0,
-5.087998388171E0));
#10393=CURVE_STYLE('',#14,POSITIVE_LENGTH_MEASURE(2.E-2),#7);
#10394=PRESENTATION_STYLE_ASSIGNMENT((#10393));
#10395=STYLED_ITEM('',(#10394),#10392);
#10396=CARTESIAN_POINT('',(4.359159598130E0,6.729668762560E0,
-5.087998388171E0));
#10397=CARTESIAN_POINT('',(4.359159598130E0,6.366409296865E0,
-5.087998388171E0));
#10398=VERTEX_POINT('',#10396);
#10399=VERTEX_POINT('',#10397);
#10400=VERTEX_POINT('',#10313);
#10401=CARTESIAN_POINT('',(-4.359159598126E0,7.495331237439E0,
-5.087998388174E0));
#10402=VERTEX_POINT('',#10401);
#10403=CARTESIAN_POINT('',(5.003965379338E0,6.753774663401E0,
-4.453832999206E0));
#10404=CARTESIAN_POINT('',(5.003965379338E0,6.611601686271E0,
-4.453832999206E0));
#10405=CARTESIAN_POINT('',(5.003965379338E0,6.469428709141E0,
-4.453832999206E0));
#10406=CARTESIAN_POINT('',(5.003965379338E0,6.327255732011E0,
-4.453832999206E0));
#10407=CARTESIAN_POINT('',(4.803952719436E0,6.756282607403E0,
-4.679869659815E0));
#10408=CARTESIAN_POINT('',(4.803952719436E0,6.614109630273E0,
-4.679869659815E0));
#10409=CARTESIAN_POINT('',(4.803952719436E0,6.471936653143E0,
-4.679869659815E0));
#10410=CARTESIAN_POINT('',(4.803952719436E0,6.329763676013E0,
-4.679869659815E0));
#10411=CARTESIAN_POINT('',(4.082487847294E0,6.764670353180E0,
-5.388457501008E0));
#10412=CARTESIAN_POINT('',(4.082487847294E0,6.622497376049E0,
-5.388457501008E0));
#10413=CARTESIAN_POINT('',(4.082487847294E0,6.480324398919E0,
-5.388457501008E0));
#10414=CARTESIAN_POINT('',(4.082487847294E0,6.338151421789E0,
-5.388457501008E0));
#10415=CARTESIAN_POINT('',(2.601163625092E0,6.778937900728E0,
-6.296796174823E0));
#10416=CARTESIAN_POINT('',(2.601163625092E0,6.636764923599E0,
-6.296796174823E0));
#10417=CARTESIAN_POINT('',(2.601163625092E0,6.494591946469E0,
-6.296796174823E0));
#10418=CARTESIAN_POINT('',(2.601163625092E0,6.352418969340E0,
-6.296796174823E0));
#10419=CARTESIAN_POINT('',(5.110153449502E-1,6.796577306050E0,
-6.793723309799E0));
#10420=CARTESIAN_POINT('',(5.110153449502E-1,6.654404328920E0,
-6.793723309799E0));
#10421=CARTESIAN_POINT('',(5.110153449502E-1,6.512231351791E0,
-6.793723309799E0));
#10422=CARTESIAN_POINT('',(5.110153449502E-1,6.370058374661E0,
-6.793723309799E0));
#10423=CARTESIAN_POINT('',(-1.629925825512E0,6.814216711371E0,
-6.615066140138E0));
#10424=CARTESIAN_POINT('',(-1.629925825512E0,6.672043734242E0,
-6.615066140138E0));
#10425=CARTESIAN_POINT('',(-1.629925825512E0,6.529870757112E0,
-6.615066140138E0));
#10426=CARTESIAN_POINT('',(-1.629925825512E0,6.387697779983E0,
-6.615066140138E0));
#10427=CARTESIAN_POINT('',(-3.608793771726E0,6.831856116692E0,
-5.778614466614E0));
#10428=CARTESIAN_POINT('',(-3.608793771726E0,6.689683139563E0,
-5.778614466614E0));
#10429=CARTESIAN_POINT('',(-3.608793771726E0,6.547510162433E0,
-5.778614466614E0));
#10430=CARTESIAN_POINT('',(-3.608793771726E0,6.405337185304E0,
-5.778614466614E0));
#10431=CARTESIAN_POINT('',(-5.228803061758E0,6.849495522014E0,
-4.367538235463E0));
#10432=CARTESIAN_POINT('',(-5.228803061758E0,6.707322544884E0,
-4.367538235463E0));
#10433=CARTESIAN_POINT('',(-5.228803061758E0,6.565149567755E0,
-4.367538235463E0));
#10434=CARTESIAN_POINT('',(-5.228803061758E0,6.422976590625E0,
-4.367538235463E0));
#10435=CARTESIAN_POINT('',(-6.328862626526E0,6.867134927335E0,
-2.522156058823E0));
#10436=CARTESIAN_POINT('',(-6.328862626526E0,6.724961950206E0,
-2.522156058823E0));
#10437=CARTESIAN_POINT('',(-6.328862626526E0,6.582788973076E0,
-2.522156058823E0));
#10438=CARTESIAN_POINT('',(-6.328862626526E0,6.440615995947E0,
-2.522156058823E0));
#10439=CARTESIAN_POINT('',(-6.799582425016E0,6.884774332656E0,
-4.259715609316E-1));
#10440=CARTESIAN_POINT('',(-6.799582425016E0,6.742601355527E0,
-4.259715609316E-1));
#10441=CARTESIAN_POINT('',(-6.799582425016E0,6.600428378397E0,
-4.259715609316E-1));
#10442=CARTESIAN_POINT('',(-6.799582425016E0,6.458255401268E0,
-4.259715609316E-1));
#10443=CARTESIAN_POINT('',(-6.594154408161E0,6.902413737978E0,
1.712571357842E0));
#10444=CARTESIAN_POINT('',(-6.594154408161E0,6.760240760848E0,
1.712571357842E0));
#10445=CARTESIAN_POINT('',(-6.594154408161E0,6.618067783719E0,
1.712571357842E0));
#10446=CARTESIAN_POINT('',(-6.594154408161E0,6.475894806589E0,
1.712571357842E0));
#10447=CARTESIAN_POINT('',(-5.733006219475E0,6.920053143299E0,
3.680816850316E0));
#10448=CARTESIAN_POINT('',(-5.733006219475E0,6.777880166170E0,
3.680816850316E0));
#10449=CARTESIAN_POINT('',(-5.733006219475E0,6.635707189040E0,
3.680816850316E0));
#10450=CARTESIAN_POINT('',(-5.733006219475E0,6.493534211911E0,
3.680816850316E0));
#10451=CARTESIAN_POINT('',(-4.301770112184E0,6.937692548621E0,
5.283043337123E0));
#10452=CARTESIAN_POINT('',(-4.301770112184E0,6.795519571491E0,
5.283043337123E0));
#10453=CARTESIAN_POINT('',(-4.301770112184E0,6.653346594362E0,
5.283043337123E0));
#10454=CARTESIAN_POINT('',(-4.301770112184E0,6.511173617232E0,
5.283043337123E0));
#10455=CARTESIAN_POINT('',(-2.442767648363E0,6.955331953942E0,
6.359926038588E0));
#10456=CARTESIAN_POINT('',(-2.442767648363E0,6.813158976812E0,
6.359926038588E0));
#10457=CARTESIAN_POINT('',(-2.442767648363E0,6.670985999683E0,
6.359926038588E0));
#10458=CARTESIAN_POINT('',(-2.442767648363E0,6.528813022553E0,
6.359926038588E0));
#10459=CARTESIAN_POINT('',(-3.408573146620E-1,6.972971359263E0,
6.804380154798E0));
#10460=CARTESIAN_POINT('',(-3.408573146620E-1,6.830798382134E0,
6.804380154798E0));
#10461=CARTESIAN_POINT('',(-3.408573146620E-1,6.688625405004E0,
6.804380154798E0));
#10462=CARTESIAN_POINT('',(-3.408573146620E-1,6.546452427875E0,
6.804380154798E0));
#10463=CARTESIAN_POINT('',(1.794947738601E0,6.990610764585E0,6.572209340531E0));
#10464=CARTESIAN_POINT('',(1.794947738601E0,6.848437787455E0,6.572209340531E0));
#10465=CARTESIAN_POINT('',(1.794947738601E0,6.706264810326E0,6.572209340531E0));
#10466=CARTESIAN_POINT('',(1.794947738601E0,6.564091833196E0,6.572209340531E0));
#10467=CARTESIAN_POINT('',(3.752263883051E0,7.008250169906E0,5.686500571703E0));
#10468=CARTESIAN_POINT('',(3.752263883051E0,6.866077192777E0,5.686500571703E0));
#10469=CARTESIAN_POINT('',(3.752263883051E0,6.723904215647E0,5.686500571703E0));
#10470=CARTESIAN_POINT('',(3.752263883051E0,6.581731238518E0,5.686500571703E0));
#10471=CARTESIAN_POINT('',(5.336456358430E0,7.025889575228E0,4.235328385688E0));
#10472=CARTESIAN_POINT('',(5.336456358430E0,6.883716598098E0,4.235328385688E0));
#10473=CARTESIAN_POINT('',(5.336456358430E0,6.741543620969E0,4.235328385688E0));
#10474=CARTESIAN_POINT('',(5.336456358430E0,6.599370643839E0,4.235328385688E0));
#10475=CARTESIAN_POINT('',(6.389993677781E0,7.043528980549E0,2.362996783315E0));
#10476=CARTESIAN_POINT('',(6.389993677781E0,6.901356003419E0,2.362996783315E0));
#10477=CARTESIAN_POINT('',(6.389993677781E0,6.759183026290E0,2.362996783315E0));
#10478=CARTESIAN_POINT('',(6.389993677781E0,6.617010049160E0,2.362996783315E0));
#10479=CARTESIAN_POINT('',(6.808112497600E0,7.061168385870E0,
2.556896948662E-1));
#10480=CARTESIAN_POINT('',(6.808112497600E0,6.918995408741E0,
2.556896948662E-1));
#10481=CARTESIAN_POINT('',(6.808112497600E0,6.776822431611E0,
2.556896948662E-1));
#10482=CARTESIAN_POINT('',(6.808112497600E0,6.634649454482E0,
2.556896948662E-1));
#10483=CARTESIAN_POINT('',(6.549235244181E0,7.078807791192E0,
-1.877043077934E0));
#10484=CARTESIAN_POINT('',(6.549235244181E0,6.936634814062E0,
-1.877043077934E0));
#10485=CARTESIAN_POINT('',(6.549235244181E0,6.794461836933E0,
-1.877043077934E0));
#10486=CARTESIAN_POINT('',(6.549235244181E0,6.652288859803E0,
-1.877043077934E0));
#10487=CARTESIAN_POINT('',(5.639104571464E0,7.096447196513E0,
-3.823123413146E0));
#10488=CARTESIAN_POINT('',(5.639104571464E0,6.954274219383E0,
-3.823123413146E0));
#10489=CARTESIAN_POINT('',(5.639104571464E0,6.812101242254E0,
-3.823123413146E0));
#10490=CARTESIAN_POINT('',(5.639104571464E0,6.669928265124E0,
-3.823123413146E0));
#10491=CARTESIAN_POINT('',(4.168223521485E0,7.114086601835E0,
-5.389033835019E0));
#10492=CARTESIAN_POINT('',(4.168223521485E0,6.971913624705E0,
-5.389033835019E0));
#10493=CARTESIAN_POINT('',(4.168223521485E0,6.829740647576E0,
-5.389033835019E0));
#10494=CARTESIAN_POINT('',(4.168223521485E0,6.687567670446E0,
-5.389033835019E0));
#10495=CARTESIAN_POINT('',(2.282855936887E0,7.131726007156E0,
-6.419060816932E0));
#10496=CARTESIAN_POINT('',(2.282855936887E0,6.989553030026E0,
-6.419060816932E0));
#10497=CARTESIAN_POINT('',(2.282855936887E0,6.847380052897E0,
-6.419060816932E0));
#10498=CARTESIAN_POINT('',(2.282855936887E0,6.705207075767E0,
-6.419060816932E0));
#10499=CARTESIAN_POINT('',(1.704820409816E-1,7.149365412478E0,
-6.810778874237E0));
#10500=CARTESIAN_POINT('',(1.704820409816E-1,7.007192435348E0,
-6.810778874237E0));
#10501=CARTESIAN_POINT('',(1.704820409817E-1,6.865019458219E0,
-6.810778874237E0));
#10502=CARTESIAN_POINT('',(1.704820409817E-1,6.722846481089E0,
-6.810778874237E0));
#10503=CARTESIAN_POINT('',(-1.958844523133E0,7.167004817799E0,
-6.525235714841E0));
#10504=CARTESIAN_POINT('',(-1.958844523133E0,7.024831840669E0,
-6.525235714841E0));
#10505=CARTESIAN_POINT('',(-1.958844523133E0,6.882658863540E0,
-6.525235714841E0));
#10506=CARTESIAN_POINT('',(-1.958844523133E0,6.740485886410E0,
-6.525235714841E0));
#10507=CARTESIAN_POINT('',(-3.893384345590E0,7.184644223122E0,
-5.590825640061E0));
#10508=CARTESIAN_POINT('',(-3.893384345590E0,7.042471245991E0,
-5.590825640061E0));
#10509=CARTESIAN_POINT('',(-3.893384345590E0,6.900298268861E0,
-5.590825640061E0));
#10510=CARTESIAN_POINT('',(-3.893384345590E0,6.758125291730E0,
-5.590825640061E0));
#10511=CARTESIAN_POINT('',(-5.440767534765E0,7.202283628442E0,
-4.100466026282E0));
#10512=CARTESIAN_POINT('',(-5.440767534765E0,7.060110651312E0,
-4.100466026282E0));
#10513=CARTESIAN_POINT('',(-5.440767534765E0,6.917937674183E0,
-4.100466026282E0));
#10514=CARTESIAN_POINT('',(-5.440767534765E0,6.775764697053E0,
-4.100466026282E0));
#10515=CARTESIAN_POINT('',(-6.447122904887E0,7.219923033763E0,
-2.202357656997E0));
#10516=CARTESIAN_POINT('',(-6.447122904887E0,7.077750056633E0,
-2.202357656997E0));
#10517=CARTESIAN_POINT('',(-6.447122904887E0,6.935577079504E0,
-2.202357656997E0));
#10518=CARTESIAN_POINT('',(-6.447122904887E0,6.793404102374E0,
-2.202357656997E0));
#10519=CARTESIAN_POINT('',(-6.812378867230E0,7.237562439086E0,
-8.524769421761E-2));
#10520=CARTESIAN_POINT('',(-6.812378867230E0,7.095389461955E0,
-8.524769421761E-2));
#10521=CARTESIAN_POINT('',(-6.812378867230E0,6.953216484825E0,
-8.524769421761E-2));
#10522=CARTESIAN_POINT('',(-6.812378867230E0,6.811043507694E0,
-8.524769421761E-2));
#10523=CARTESIAN_POINT('',(-6.500214510187E0,7.255201844406E0,
2.040339266299E0));
#10524=CARTESIAN_POINT('',(-6.500214510187E0,7.113028867276E0,
2.040339266299E0));
#10525=CARTESIAN_POINT('',(-6.500214510187E0,6.970855890147E0,
2.040339266299E0));
#10526=CARTESIAN_POINT('',(-6.500214510187E0,6.828682913017E0,
2.040339266299E0));
#10527=CARTESIAN_POINT('',(-5.541671336671E0,7.272841249729E0,
3.963035679421E0));
#10528=CARTESIAN_POINT('',(-5.541671336671E0,7.130668272598E0,
3.963035679421E0));
#10529=CARTESIAN_POINT('',(-5.541671336671E0,6.988495295468E0,
3.963035679421E0));
#10530=CARTESIAN_POINT('',(-5.541671336671E0,6.846322318337E0,
3.963035679421E0));
#10531=CARTESIAN_POINT('',(-4.032066509072E0,7.290480655049E0,
5.491649357567E0));
#10532=CARTESIAN_POINT('',(-4.032066509072E0,7.148307677919E0,
5.491649357567E0));
#10533=CARTESIAN_POINT('',(-4.032066509072E0,7.006134700790E0,
5.491649357567E0));
#10534=CARTESIAN_POINT('',(-4.032066509072E0,6.863961723660E0,
5.491649357567E0));
#10535=CARTESIAN_POINT('',(-2.121514547499E0,7.308120060372E0,
6.474175547882E0));
#10536=CARTESIAN_POINT('',(-2.121514547499E0,7.165947083241E0,
6.474175547882E0));
#10537=CARTESIAN_POINT('',(-2.121514547499E0,7.023774106111E0,
6.474175547882E0));
#10538=CARTESIAN_POINT('',(-2.121514547499E0,6.881601128980E0,
6.474175547882E0));
#10539=CARTESIAN_POINT('',(3.033462370183E-11,7.325759465692E0,
6.812912226064E0));
#10540=CARTESIAN_POINT('',(3.032696316296E-11,7.183586488562E0,
6.812912226064E0));
#10541=CARTESIAN_POINT('',(3.031930262409E-11,7.041413511433E0,
6.812912226064E0));
#10542=CARTESIAN_POINT('',(3.031175310753E-11,6.899240534303E0,
6.812912226064E0));
#10543=CARTESIAN_POINT('',(2.121514547557E0,7.343398871015E0,6.474175547863E0));
#10544=CARTESIAN_POINT('',(2.121514547557E0,7.201225893884E0,6.474175547863E0));
#10545=CARTESIAN_POINT('',(2.121514547557E0,7.059052916754E0,6.474175547863E0));
#10546=CARTESIAN_POINT('',(2.121514547557E0,6.916879939623E0,6.474175547863E0));
#10547=CARTESIAN_POINT('',(4.032066509121E0,7.361038276336E0,5.491649357531E0));
#10548=CARTESIAN_POINT('',(4.032066509121E0,7.218865299205E0,5.491649357531E0));
#10549=CARTESIAN_POINT('',(4.032066509121E0,7.076692322075E0,5.491649357531E0));
#10550=CARTESIAN_POINT('',(4.032066509121E0,6.934519344944E0,5.491649357531E0));
#10551=CARTESIAN_POINT('',(5.541671336706E0,7.378677681658E0,3.963035679372E0));
#10552=CARTESIAN_POINT('',(5.541671336706E0,7.236504704527E0,3.963035679372E0));
#10553=CARTESIAN_POINT('',(5.541671336706E0,7.094331727397E0,3.963035679372E0));
#10554=CARTESIAN_POINT('',(5.541671336706E0,6.952158750266E0,3.963035679372E0));
#10555=CARTESIAN_POINT('',(6.500214510205E0,7.396317086979E0,2.040339266242E0));
#10556=CARTESIAN_POINT('',(6.500214510205E0,7.254144109848E0,2.040339266242E0));
#10557=CARTESIAN_POINT('',(6.500214510205E0,7.111971132718E0,2.040339266242E0));
#10558=CARTESIAN_POINT('',(6.500214510205E0,6.969798155587E0,2.040339266242E0));
#10559=CARTESIAN_POINT('',(6.812378867229E0,7.413956492301E0,
-8.524769427670E-2));
#10560=CARTESIAN_POINT('',(6.812378867229E0,7.271783515170E0,
-8.524769427669E-2));
#10561=CARTESIAN_POINT('',(6.812378867229E0,7.129610538040E0,
-8.524769427668E-2));
#10562=CARTESIAN_POINT('',(6.812378867229E0,6.987437560909E0,
-8.524769427668E-2));
#10563=CARTESIAN_POINT('',(6.447122904868E0,7.431595897622E0,
-2.202357657052E0));
#10564=CARTESIAN_POINT('',(6.447122904868E0,7.289422920491E0,
-2.202357657052E0));
#10565=CARTESIAN_POINT('',(6.447122904868E0,7.147249943361E0,
-2.202357657052E0));
#10566=CARTESIAN_POINT('',(6.447122904868E0,7.005076966230E0,
-2.202357657052E0));
#10567=CARTESIAN_POINT('',(5.440767534730E0,7.449235302944E0,
-4.100466026328E0));
#10568=CARTESIAN_POINT('',(5.440767534730E0,7.307062325813E0,
-4.100466026328E0));
#10569=CARTESIAN_POINT('',(5.440767534730E0,7.164889348683E0,
-4.100466026328E0));
#10570=CARTESIAN_POINT('',(5.440767534730E0,7.022716371552E0,
-4.100466026328E0));
#10571=CARTESIAN_POINT('',(3.893384345544E0,7.466874708265E0,
-5.590825640093E0));
#10572=CARTESIAN_POINT('',(3.893384345544E0,7.324701731134E0,
-5.590825640093E0));
#10573=CARTESIAN_POINT('',(3.893384345544E0,7.182528754004E0,
-5.590825640093E0));
#10574=CARTESIAN_POINT('',(3.893384345544E0,7.040355776873E0,
-5.590825640093E0));
#10575=CARTESIAN_POINT('',(1.958844523080E0,7.484514113587E0,
-6.525235714857E0));
#10576=CARTESIAN_POINT('',(1.958844523080E0,7.342341136456E0,
-6.525235714857E0));
#10577=CARTESIAN_POINT('',(1.958844523080E0,7.200168159325E0,
-6.525235714857E0));
#10578=CARTESIAN_POINT('',(1.958844523080E0,7.057995182194E0,
-6.525235714857E0));
#10579=CARTESIAN_POINT('',(-1.704820410359E-1,7.502153518908E0,
-6.810778874235E0));
#10580=CARTESIAN_POINT('',(-1.704820410359E-1,7.359980541777E0,
-6.810778874235E0));
#10581=CARTESIAN_POINT('',(-1.704820410360E-1,7.217807564647E0,
-6.810778874235E0));
#10582=CARTESIAN_POINT('',(-1.704820410360E-1,7.075634587516E0,
-6.810778874235E0));
#10583=CARTESIAN_POINT('',(-2.282855936937E0,7.519792924230E0,
-6.419060816914E0));
#10584=CARTESIAN_POINT('',(-2.282855936937E0,7.377619947099E0,
-6.419060816914E0));
#10585=CARTESIAN_POINT('',(-2.282855936937E0,7.235446969968E0,
-6.419060816914E0));
#10586=CARTESIAN_POINT('',(-2.282855936937E0,7.093273992837E0,
-6.419060816914E0));
#10587=CARTESIAN_POINT('',(-4.168223521526E0,7.537432329551E0,
-5.389033834988E0));
#10588=CARTESIAN_POINT('',(-4.168223521526E0,7.395259352420E0,
-5.389033834988E0));
#10589=CARTESIAN_POINT('',(-4.168223521526E0,7.253086375290E0,
-5.389033834988E0));
#10590=CARTESIAN_POINT('',(-4.168223521526E0,7.110913398159E0,
-5.389033834988E0));
#10591=CARTESIAN_POINT('',(-5.639104571491E0,7.555071734873E0,
-3.823123413104E0));
#10592=CARTESIAN_POINT('',(-5.639104571491E0,7.412898757742E0,
-3.823123413104E0));
#10593=CARTESIAN_POINT('',(-5.639104571491E0,7.270725780611E0,
-3.823123413104E0));
#10594=CARTESIAN_POINT('',(-5.639104571491E0,7.128552803480E0,
-3.823123413104E0));
#10595=CARTESIAN_POINT('',(-6.549235244194E0,7.572711140194E0,
-1.877043077888E0));
#10596=CARTESIAN_POINT('',(-6.549235244194E0,7.430538163063E0,
-1.877043077888E0));
#10597=CARTESIAN_POINT('',(-6.549235244194E0,7.288365185933E0,
-1.877043077888E0));
#10598=CARTESIAN_POINT('',(-6.549235244194E0,7.146192208802E0,
-1.877043077888E0));
#10599=CARTESIAN_POINT('',(-6.808112497598E0,7.590350545516E0,
2.556896949124E-1));
#10600=CARTESIAN_POINT('',(-6.808112497598E0,7.448177568385E0,
2.556896949124E-1));
#10601=CARTESIAN_POINT('',(-6.808112497598E0,7.306004591254E0,
2.556896949124E-1));
#10602=CARTESIAN_POINT('',(-6.808112497598E0,7.163831614123E0,
2.556896949124E-1));
#10603=CARTESIAN_POINT('',(-6.389993677766E0,7.607989950837E0,
2.362996783356E0));
#10604=CARTESIAN_POINT('',(-6.389993677766E0,7.465816973706E0,
2.362996783356E0));
#10605=CARTESIAN_POINT('',(-6.389993677766E0,7.323643996576E0,
2.362996783356E0));
#10606=CARTESIAN_POINT('',(-6.389993677766E0,7.181471019445E0,
2.362996783356E0));
#10607=CARTESIAN_POINT('',(-5.336456358404E0,7.625629356159E0,
4.235328385721E0));
#10608=CARTESIAN_POINT('',(-5.336456358404E0,7.483456379028E0,
4.235328385721E0));
#10609=CARTESIAN_POINT('',(-5.336456358403E0,7.341283401898E0,
4.235328385721E0));
#10610=CARTESIAN_POINT('',(-5.336456358403E0,7.199110424767E0,
4.235328385721E0));
#10611=CARTESIAN_POINT('',(-3.752263883018E0,7.643268761480E0,
5.686500571725E0));
#10612=CARTESIAN_POINT('',(-3.752263883018E0,7.501095784349E0,
5.686500571725E0));
#10613=CARTESIAN_POINT('',(-3.752263883018E0,7.358922807219E0,
5.686500571725E0));
#10614=CARTESIAN_POINT('',(-3.752263883018E0,7.216749830088E0,
5.686500571725E0));
#10615=CARTESIAN_POINT('',(-1.794947738565E0,7.660908166802E0,
6.572209340540E0));
#10616=CARTESIAN_POINT('',(-1.794947738565E0,7.518735189671E0,
6.572209340540E0));
#10617=CARTESIAN_POINT('',(-1.794947738565E0,7.376562212541E0,
6.572209340540E0));
#10618=CARTESIAN_POINT('',(-1.794947738565E0,7.234389235410E0,
6.572209340540E0));
#10619=CARTESIAN_POINT('',(3.408573146969E-1,7.678547572123E0,
6.804380154796E0));
#10620=CARTESIAN_POINT('',(3.408573146969E-1,7.536374594992E0,
6.804380154796E0));
#10621=CARTESIAN_POINT('',(3.408573146969E-1,7.394201617862E0,
6.804380154796E0));
#10622=CARTESIAN_POINT('',(3.408573146969E-1,7.252028640731E0,
6.804380154796E0));
#10623=CARTESIAN_POINT('',(2.442767648393E0,7.696186977445E0,6.359926038576E0));
#10624=CARTESIAN_POINT('',(2.442767648393E0,7.554014000314E0,6.359926038576E0));
#10625=CARTESIAN_POINT('',(2.442767648393E0,7.411841023184E0,6.359926038576E0));
#10626=CARTESIAN_POINT('',(2.442767648393E0,7.269668046053E0,6.359926038576E0));
#10627=CARTESIAN_POINT('',(4.301770112207E0,7.713826382767E0,5.283043337104E0));
#10628=CARTESIAN_POINT('',(4.301770112207E0,7.571653405636E0,5.283043337104E0));
#10629=CARTESIAN_POINT('',(4.301770112207E0,7.429480428505E0,5.283043337104E0));
#10630=CARTESIAN_POINT('',(4.301770112207E0,7.287307451374E0,5.283043337104E0));
#10631=CARTESIAN_POINT('',(5.733006219489E0,7.731465788088E0,3.680816850294E0));
#10632=CARTESIAN_POINT('',(5.733006219489E0,7.589292810957E0,3.680816850294E0));
#10633=CARTESIAN_POINT('',(5.733006219489E0,7.447119833827E0,3.680816850294E0));
#10634=CARTESIAN_POINT('',(5.733006219489E0,7.304946856696E0,3.680816850294E0));
#10635=CARTESIAN_POINT('',(6.594154408166E0,7.749105193410E0,1.712571357819E0));
#10636=CARTESIAN_POINT('',(6.594154408166E0,7.606932216279E0,1.712571357819E0));
#10637=CARTESIAN_POINT('',(6.594154408166E0,7.464759239149E0,1.712571357819E0));
#10638=CARTESIAN_POINT('',(6.594154408166E0,7.322586262018E0,1.712571357819E0));
#10639=CARTESIAN_POINT('',(6.799582425015E0,7.766744598731E0,
-4.259715609522E-1));
#10640=CARTESIAN_POINT('',(6.799582425015E0,7.624571621600E0,
-4.259715609522E-1));
#10641=CARTESIAN_POINT('',(6.799582425015E0,7.482398644470E0,
-4.259715609522E-1));
#10642=CARTESIAN_POINT('',(6.799582425015E0,7.340225667339E0,
-4.259715609522E-1));
#10643=CARTESIAN_POINT('',(6.328862626519E0,7.784384004053E0,
-2.522156058839E0));
#10644=CARTESIAN_POINT('',(6.328862626519E0,7.642211026922E0,
-2.522156058839E0));
#10645=CARTESIAN_POINT('',(6.328862626519E0,7.500038049792E0,
-2.522156058839E0));
#10646=CARTESIAN_POINT('',(6.328862626519E0,7.357865072661E0,
-2.522156058839E0));
#10647=CARTESIAN_POINT('',(5.228803061749E0,7.802023409374E0,
-4.367538235473E0));
#10648=CARTESIAN_POINT('',(5.228803061749E0,7.659850432243E0,
-4.367538235473E0));
#10649=CARTESIAN_POINT('',(5.228803061749E0,7.517677455113E0,
-4.367538235473E0));
#10650=CARTESIAN_POINT('',(5.228803061749E0,7.375504477982E0,
-4.367538235473E0));
#10651=CARTESIAN_POINT('',(3.608793771717E0,7.819662814696E0,
-5.778614466619E0));
#10652=CARTESIAN_POINT('',(3.608793771717E0,7.677489837565E0,
-5.778614466619E0));
#10653=CARTESIAN_POINT('',(3.608793771717E0,7.535316860435E0,
-5.778614466619E0));
#10654=CARTESIAN_POINT('',(3.608793771717E0,7.393143883304E0,
-5.778614466619E0));
#10655=CARTESIAN_POINT('',(1.629925825505E0,7.837302220016E0,
-6.615066140139E0));
#10656=CARTESIAN_POINT('',(1.629925825505E0,7.695129242886E0,
-6.615066140139E0));
#10657=CARTESIAN_POINT('',(1.629925825505E0,7.552956265757E0,
-6.615066140139E0));
#10658=CARTESIAN_POINT('',(1.629925825505E0,7.410783288627E0,
-6.615066140139E0));
#10659=CARTESIAN_POINT('',(-5.110153449532E-1,7.854941625339E0,
-6.793723309799E0));
#10660=CARTESIAN_POINT('',(-5.110153449532E-1,7.712768648208E0,
-6.793723309799E0));
#10661=CARTESIAN_POINT('',(-5.110153449532E-1,7.570595671078E0,
-6.793723309799E0));
#10662=CARTESIAN_POINT('',(-5.110153449532E-1,7.428422693947E0,
-6.793723309799E0));
#10663=CARTESIAN_POINT('',(-2.601163625091E0,7.872581030661E0,
-6.296796174823E0));
#10664=CARTESIAN_POINT('',(-2.601163625091E0,7.730408053530E0,
-6.296796174823E0));
#10665=CARTESIAN_POINT('',(-2.601163625091E0,7.588235076400E0,
-6.296796174823E0));
#10666=CARTESIAN_POINT('',(-2.601163625091E0,7.446062099269E0,
-6.296796174823E0));
#10667=CARTESIAN_POINT('',(-4.082487847290E0,7.886848578209E0,
-5.388457501011E0));
#10668=CARTESIAN_POINT('',(-4.082487847290E0,7.744675601079E0,
-5.388457501011E0));
#10669=CARTESIAN_POINT('',(-4.082487847290E0,7.602502623950E0,
-5.388457501011E0));
#10670=CARTESIAN_POINT('',(-4.082487847290E0,7.460329646820E0,
-5.388457501011E0));
#10671=CARTESIAN_POINT('',(-4.803952719429E0,7.895236323986E0,
-4.679869659821E0));
#10672=CARTESIAN_POINT('',(-4.803952719429E0,7.753063346856E0,
-4.679869659821E0));
#10673=CARTESIAN_POINT('',(-4.803952719429E0,7.610890369726E0,
-4.679869659821E0));
#10674=CARTESIAN_POINT('',(-4.803952719429E0,7.468717392596E0,
-4.679869659821E0));
#10675=CARTESIAN_POINT('',(-5.003965379329E0,7.897744267988E0,
-4.453832999215E0));
#10676=CARTESIAN_POINT('',(-5.003965379329E0,7.755571290858E0,
-4.453832999215E0));
#10677=CARTESIAN_POINT('',(-5.003965379329E0,7.613398313728E0,
-4.453832999215E0));
#10678=CARTESIAN_POINT('',(-5.003965379329E0,7.471225336598E0,
-4.453832999215E0));
#10679=B_SPLINE_SURFACE_WITH_KNOTS('',3,3,((#10403,#10404,#10405,#10406),
(#10407,#10408,#10409,#10410),(#10411,#10412,#10413,#10414),(#10415,#10416,
#10417,#10418),(#10419,#10420,#10421,#10422),(#10423,#10424,#10425,#10426),(
#10427,#10428,#10429,#10430),(#10431,#10432,#10433,#10434),(#10435,#10436,
#10437,#10438),(#10439,#10440,#10441,#10442),(#10443,#10444,#10445,#10446),(
#10447,#10448,#10449,#10450),(#10451,#10452,#10453,#10454),(#10455,#10456,
#10457,#10458),(#10459,#10460,#10461,#10462),(#10463,#10464,#10465,#10466),(
#10467,#10468,#10469,#10470),(#10471,#10472,#10473,#10474),(#10475,#10476,
#10477,#10478),(#10479,#10480,#10481,#10482),(#10483,#10484,#10485,#10486),(
#10487,#10488,#10489,#10490),(#10491,#10492,#10493,#10494),(#10495,#10496,
#10497,#10498),(#10499,#10500,#10501,#10502),(#10503,#10504,#10505,#10506),(
#10507,#10508,#10509,#10510),(#10511,#10512,#10513,#10514),(#10515,#10516,
#10517,#10518),(#10519,#10520,#10521,#10522),(#10523,#10524,#10525,#10526),(
#10527,#10528,#10529,#10530),(#10531,#10532,#10533,#10534),(#10535,#10536,
#10537,#10538),(#10539,#10540,#10541,#10542),(#10543,#10544,#10545,#10546),(
#10547,#10548,#10549,#10550),(#10551,#10552,#10553,#10554),(#10555,#10556,
#10557,#10558),(#10559,#10560,#10561,#10562),(#10563,#10564,#10565,#10566),(
#10567,#10568,#10569,#10570),(#10571,#10572,#10573,#10574),(#10575,#10576,
#10577,#10578),(#10579,#10580,#10581,#10582),(#10583,#10584,#10585,#10586),(
#10587,#10588,#10589,#10590),(#10591,#10592,#10593,#10594),(#10595,#10596,
#10597,#10598),(#10599,#10600,#10601,#10602),(#10603,#10604,#10605,#10606),(
#10607,#10608,#10609,#10610),(#10611,#10612,#10613,#10614),(#10615,#10616,
#10617,#10618),(#10619,#10620,#10621,#10622),(#10623,#10624,#10625,#10626),(
#10627,#10628,#10629,#10630),(#10631,#10632,#10633,#10634),(#10635,#10636,
#10637,#10638),(#10639,#10640,#10641,#10642),(#10643,#10644,#10645,#10646),(
#10647,#10648,#10649,#10650),(#10651,#10652,#10653,#10654),(#10655,#10656,
#10657,#10658),(#10659,#10660,#10661,#10662),(#10663,#10664,#10665,#10666),(
#10667,#10668,#10669,#10670),(#10671,#10672,#10673,#10674),(#10675,#10676,
#10677,#10678)),.UNSPECIFIED.,.F.,.F.,.F.,(4,1,1,1,1,1,1,1,1,1,1,1,1,1,1,1,1,1,
1,1,1,1,1,1,1,1,1,1,1,1,1,1,1,1,1,1,1,1,1,1,1,1,1,1,1,1,1,1,1,1,1,1,1,1,1,1,1,1,
1,1,1,1,1,1,1,1,4),(4,4),(-6.664616689448E-3,0.E0,1.5625E-2,3.125000000004E-2,
4.687500000002E-2,6.25E-2,7.812499999998E-2,9.374999999997E-2,1.093750000001E-1,
1.25E-1,1.40625E-1,1.5625E-1,1.71875E-1,1.875E-1,2.031250000001E-1,2.1875E-1,
2.34375E-1,2.5E-1,2.65625E-1,2.8125E-1,2.968750000001E-1,3.125E-1,3.28125E-1,
3.4375E-1,3.59375E-1,3.75E-1,3.906250000001E-1,4.0625E-1,4.21875E-1,4.375E-1,
4.53125E-1,4.6875E-1,4.843750000001E-1,5.E-1,5.15625E-1,5.3125E-1,5.46875E-1,
5.625E-1,5.781250000001E-1,5.9375E-1,6.09375E-1,6.25E-1,6.40625E-1,6.5625E-1,
6.718750000001E-1,6.875E-1,7.03125E-1,7.1875E-1,7.34375E-1,7.500000000001E-1,
7.656250000001E-1,7.8125E-1,7.96875E-1,8.125E-1,8.28125E-1,8.437500000001E-1,
8.593750000001E-1,8.75E-1,8.90625E-1,9.0625E-1,9.21875E-1,9.375000000001E-1,
9.531250000001E-1,9.6875E-1,9.84375E-1,1.E0,1.006664616689E0),(
-8.707201280198E-2,1.087072012802E0),.UNSPECIFIED.);
#10681=ORIENTED_EDGE('',*,*,#10680,.T.);
#10683=ORIENTED_EDGE('',*,*,#10682,.T.);
#10685=ORIENTED_EDGE('',*,*,#10684,.T.);
#10687=ORIENTED_EDGE('',*,*,#10686,.T.);
#10688=EDGE_LOOP('',(#10681,#10683,#10685,#10687));
#10689=FACE_OUTER_BOUND('',#10688,.F.);
#10690=ADVANCED_FACE('',(#10689),#10679,.F.);
#10691=OPEN_SHELL('',(#10690));
#10692=FILL_AREA_STYLE_COLOUR('',#7);
#10693=FILL_AREA_STYLE('',(#10692));
#10694=SURFACE_STYLE_FILL_AREA(#10693);
#10695=SURFACE_SIDE_STYLE('',(#10694));
#10696=SURFACE_STYLE_USAGE(.POSITIVE.,#10695);
#10697=FILL_AREA_STYLE_COLOUR('',#1);
#10698=FILL_AREA_STYLE('',(#10697));
#10699=SURFACE_STYLE_FILL_AREA(#10698);
#10700=SURFACE_SIDE_STYLE('',(#10699));
#10701=SURFACE_STYLE_USAGE(.NEGATIVE.,#10700);
#10702=PRESENTATION_STYLE_ASSIGNMENT((#10696,#10701));
#10239=STYLED_ITEM('',(#10702),#10691);
#10704=DIRECTION('',(0.E0,1.E0,0.E0));
#10705=VECTOR('',#10704,3.632594656950E-1);
#10706=CARTESIAN_POINT('',(4.359159598130E0,6.366409296865E0,
-5.087998388171E0));
#10707=LINE('',#10706,#10705);
#10708=CURVE_STYLE('',#14,POSITIVE_LENGTH_MEASURE(2.E-2),#7);
#10709=PRESENTATION_STYLE_ASSIGNMENT((#10708));
#10710=STYLED_ITEM('',(#10709),#10707);
#10711=CARTESIAN_POINT('',(4.359159598130E0,6.729668762560E0,
-5.087998388171E0));
#10712=CARTESIAN_POINT('',(3.822101247197E0,6.735548564334E0,
-5.548124922540E0));
#10713=CARTESIAN_POINT('',(2.601163625092E0,6.747308167881E0,
-6.296796174823E0));
#10714=CARTESIAN_POINT('',(5.110153449502E-1,6.764947573203E0,
-6.793723309799E0));
#10715=CARTESIAN_POINT('',(-1.629925825512E0,6.782586978524E0,
-6.615066140138E0));
#10716=CARTESIAN_POINT('',(-3.608793771726E0,6.800226383845E0,
-5.778614466614E0));
#10717=CARTESIAN_POINT('',(-5.228803061758E0,6.817865789167E0,
-4.367538235463E0));
#10718=CARTESIAN_POINT('',(-6.328862626526E0,6.835505194488E0,
-2.522156058823E0));
#10719=CARTESIAN_POINT('',(-6.799582425016E0,6.853144599809E0,
-4.259715609316E-1));
#10720=CARTESIAN_POINT('',(-6.594154408161E0,6.870784005131E0,
1.712571357842E0));
#10721=CARTESIAN_POINT('',(-5.733006219475E0,6.888423410452E0,
3.680816850316E0));
#10722=CARTESIAN_POINT('',(-4.301770112184E0,6.906062815774E0,
5.283043337123E0));
#10723=CARTESIAN_POINT('',(-2.442767648363E0,6.923702221095E0,
6.359926038588E0));
#10724=CARTESIAN_POINT('',(-3.408573146620E-1,6.941341626416E0,
6.804380154798E0));
#10725=CARTESIAN_POINT('',(1.794947738601E0,6.958981031738E0,6.572209340531E0));
#10726=CARTESIAN_POINT('',(3.752263883051E0,6.976620437059E0,5.686500571703E0));
#10727=CARTESIAN_POINT('',(5.336456358430E0,6.994259842381E0,4.235328385688E0));
#10728=CARTESIAN_POINT('',(6.389993677781E0,7.011899247702E0,2.362996783315E0));
#10729=CARTESIAN_POINT('',(6.808112497600E0,7.029538653023E0,
2.556896948662E-1));
#10730=CARTESIAN_POINT('',(6.549235244181E0,7.047178058345E0,
-1.877043077934E0));
#10731=CARTESIAN_POINT('',(5.639104571464E0,7.064817463666E0,
-3.823123413146E0));
#10732=CARTESIAN_POINT('',(4.168223521485E0,7.082456868988E0,
-5.389033835019E0));
#10733=CARTESIAN_POINT('',(2.282855936887E0,7.100096274309E0,
-6.419060816932E0));
#10734=CARTESIAN_POINT('',(1.704820409816E-1,7.117735679631E0,
-6.810778874237E0));
#10735=CARTESIAN_POINT('',(-1.958844523133E0,7.135375084952E0,
-6.525235714841E0));
#10736=CARTESIAN_POINT('',(-3.893384345590E0,7.153014490274E0,
-5.590825640061E0));
#10737=CARTESIAN_POINT('',(-5.440767534765E0,7.170653895595E0,
-4.100466026282E0));
#10738=CARTESIAN_POINT('',(-6.447122904887E0,7.188293300916E0,
-2.202357656997E0));
#10739=CARTESIAN_POINT('',(-6.812378867230E0,7.205932706238E0,
-8.524769421760E-2));
#10740=CARTESIAN_POINT('',(-6.500214510187E0,7.223572111559E0,
2.040339266299E0));
#10741=CARTESIAN_POINT('',(-5.541671336671E0,7.241211516881E0,
3.963035679421E0));
#10742=CARTESIAN_POINT('',(-4.032066509072E0,7.258850922202E0,
5.491649357567E0));
#10743=CARTESIAN_POINT('',(-2.121514547499E0,7.276490327524E0,
6.474175547882E0));
#10744=CARTESIAN_POINT('',(3.033318041190E-11,7.294129732845E0,
6.812912226064E0));
#10745=CARTESIAN_POINT('',(2.121514547557E0,7.311769138167E0,6.474175547863E0));
#10746=CARTESIAN_POINT('',(4.032066509121E0,7.329408543488E0,5.491649357531E0));
#10747=CARTESIAN_POINT('',(5.541671336706E0,7.347047948810E0,3.963035679372E0));
#10748=CARTESIAN_POINT('',(6.500214510205E0,7.364687354131E0,2.040339266242E0));
#10749=CARTESIAN_POINT('',(6.812378867229E0,7.382326759453E0,
-8.524769427670E-2));
#10750=CARTESIAN_POINT('',(6.447122904868E0,7.399966164774E0,
-2.202357657052E0));
#10751=CARTESIAN_POINT('',(5.440767534730E0,7.417605570096E0,
-4.100466026328E0));
#10752=CARTESIAN_POINT('',(3.893384345544E0,7.435244975417E0,
-5.590825640093E0));
#10753=CARTESIAN_POINT('',(1.958844523080E0,7.452884380739E0,
-6.525235714857E0));
#10754=CARTESIAN_POINT('',(-1.704820410359E-1,7.470523786060E0,
-6.810778874235E0));
#10755=CARTESIAN_POINT('',(-2.282855936937E0,7.488163191382E0,
-6.419060816914E0));
#10756=CARTESIAN_POINT('',(-4.168223521526E0,7.505802596703E0,
-5.389033834988E0));
#10757=CARTESIAN_POINT('',(-5.639104571491E0,7.523442002025E0,
-3.823123413104E0));
#10758=CARTESIAN_POINT('',(-6.549235244194E0,7.541081407346E0,
-1.877043077888E0));
#10759=CARTESIAN_POINT('',(-6.808112497598E0,7.558720812668E0,
2.556896949124E-1));
#10760=CARTESIAN_POINT('',(-6.389993677766E0,7.576360217989E0,
2.362996783356E0));
#10761=CARTESIAN_POINT('',(-5.336456358404E0,7.593999623311E0,
4.235328385721E0));
#10762=CARTESIAN_POINT('',(-3.752263883018E0,7.611639028632E0,
5.686500571725E0));
#10763=CARTESIAN_POINT('',(-1.794947738565E0,7.629278433954E0,
6.572209340540E0));
#10764=CARTESIAN_POINT('',(3.408573146969E-1,7.646917839275E0,
6.804380154796E0));
#10765=CARTESIAN_POINT('',(2.442767648393E0,7.664557244597E0,6.359926038576E0));
#10766=CARTESIAN_POINT('',(4.301770112207E0,7.682196649919E0,5.283043337104E0));
#10767=CARTESIAN_POINT('',(5.733006219489E0,7.699836055240E0,3.680816850294E0));
#10768=CARTESIAN_POINT('',(6.594154408166E0,7.717475460562E0,1.712571357819E0));
#10769=CARTESIAN_POINT('',(6.799582425015E0,7.735114865883E0,
-4.259715609522E-1));
#10770=CARTESIAN_POINT('',(6.328862626519E0,7.752754271205E0,
-2.522156058839E0));
#10771=CARTESIAN_POINT('',(5.228803061749E0,7.770393676526E0,
-4.367538235473E0));
#10772=CARTESIAN_POINT('',(3.608793771717E0,7.788033081848E0,
-5.778614466619E0));
#10773=CARTESIAN_POINT('',(1.629925825505E0,7.805672487169E0,
-6.615066140139E0));
#10774=CARTESIAN_POINT('',(-5.110153449532E-1,7.823311892491E0,
-6.793723309799E0));
#10775=CARTESIAN_POINT('',(-2.601163625091E0,7.840951297813E0,
-6.296796174823E0));
#10776=CARTESIAN_POINT('',(-3.822101247194E0,7.852710901360E0,
-5.548124922542E0));
#10777=CARTESIAN_POINT('',(-4.359159598126E0,7.858590703134E0,
-5.087998388174E0));
#10779=CURVE_STYLE('',#14,POSITIVE_LENGTH_MEASURE(2.E-2),#7);
#10780=PRESENTATION_STYLE_ASSIGNMENT((#10779));
#10781=STYLED_ITEM('',(#10780),#10778);
#10782=DIRECTION('',(0.E0,-1.E0,0.E0));
#10783=VECTOR('',#10782,3.632594656950E-1);
#10784=CARTESIAN_POINT('',(-4.359159598126E0,7.858590703134E0,
-5.087998388174E0));
#10785=LINE('',#10784,#10783);
#10786=CURVE_STYLE('',#14,POSITIVE_LENGTH_MEASURE(2.E-2),#7);
#10787=PRESENTATION_STYLE_ASSIGNMENT((#10786));
#10788=STYLED_ITEM('',(#10787),#10785);
#10789=CARTESIAN_POINT('',(-4.359159598126E0,7.495331237439E0,
-5.087998388174E0));
#10790=CARTESIAN_POINT('',(-3.822101247194E0,7.489451435665E0,
-5.548124922542E0));
#10791=CARTESIAN_POINT('',(-2.601163625091E0,7.477691832117E0,
-6.296796174823E0));
#10792=CARTESIAN_POINT('',(-5.110153449532E-1,7.460052426795E0,
-6.793723309799E0));
#10793=CARTESIAN_POINT('',(1.629925825505E0,7.442413021474E0,
-6.615066140139E0));
#10794=CARTESIAN_POINT('',(3.608793771717E0,7.424773616152E0,
-5.778614466619E0));
#10795=CARTESIAN_POINT('',(5.228803061749E0,7.407134210830E0,
-4.367538235473E0));
#10796=CARTESIAN_POINT('',(6.328862626519E0,7.389494805509E0,
-2.522156058839E0));
#10797=CARTESIAN_POINT('',(6.799582425015E0,7.371855400187E0,
-4.259715609522E-1));
#10798=CARTESIAN_POINT('',(6.594154408166E0,7.354215994866E0,1.712571357819E0));
#10799=CARTESIAN_POINT('',(5.733006219489E0,7.336576589544E0,3.680816850294E0));
#10800=CARTESIAN_POINT('',(4.301770112207E0,7.318937184222E0,5.283043337104E0));
#10801=CARTESIAN_POINT('',(2.442767648393E0,7.301297778901E0,6.359926038576E0));
#10802=CARTESIAN_POINT('',(3.408573146969E-1,7.283658373579E0,
6.804380154796E0));
#10803=CARTESIAN_POINT('',(-1.794947738565E0,7.266018968258E0,
6.572209340540E0));
#10804=CARTESIAN_POINT('',(-3.752263883018E0,7.248379562936E0,
5.686500571725E0));
#10805=CARTESIAN_POINT('',(-5.336456358403E0,7.230740157615E0,
4.235328385721E0));
#10806=CARTESIAN_POINT('',(-6.389993677766E0,7.213100752293E0,
2.362996783356E0));
#10807=CARTESIAN_POINT('',(-6.808112497598E0,7.195461346971E0,
2.556896949124E-1));
#10808=CARTESIAN_POINT('',(-6.549235244194E0,7.177821941650E0,
-1.877043077888E0));
#10809=CARTESIAN_POINT('',(-5.639104571491E0,7.160182536328E0,
-3.823123413104E0));
#10810=CARTESIAN_POINT('',(-4.168223521526E0,7.142543131007E0,
-5.389033834988E0));
#10811=CARTESIAN_POINT('',(-2.282855936937E0,7.124903725685E0,
-6.419060816914E0));
#10812=CARTESIAN_POINT('',(-1.704820410360E-1,7.107264320364E0,
-6.810778874235E0));
#10813=CARTESIAN_POINT('',(1.958844523080E0,7.089624915042E0,
-6.525235714857E0));
#10814=CARTESIAN_POINT('',(3.893384345544E0,7.071985509721E0,
-5.590825640093E0));
#10815=CARTESIAN_POINT('',(5.440767534730E0,7.054346104400E0,
-4.100466026328E0));
#10816=CARTESIAN_POINT('',(6.447122904868E0,7.036706699078E0,
-2.202357657052E0));
#10817=CARTESIAN_POINT('',(6.812378867229E0,7.019067293757E0,
-8.524769427668E-2));
#10818=CARTESIAN_POINT('',(6.500214510205E0,7.001427888435E0,2.040339266242E0));
#10819=CARTESIAN_POINT('',(5.541671336706E0,6.983788483114E0,3.963035679372E0));
#10820=CARTESIAN_POINT('',(4.032066509121E0,6.966149077792E0,5.491649357531E0));
#10821=CARTESIAN_POINT('',(2.121514547557E0,6.948509672471E0,6.474175547863E0));
#10822=CARTESIAN_POINT('',(3.031375150897E-11,6.930870267150E0,
6.812912226064E0));
#10823=CARTESIAN_POINT('',(-2.121514547499E0,6.913230861828E0,
6.474175547882E0));
#10824=CARTESIAN_POINT('',(-4.032066509072E0,6.895591456507E0,
5.491649357567E0));
#10825=CARTESIAN_POINT('',(-5.541671336671E0,6.877952051185E0,
3.963035679421E0));
#10826=CARTESIAN_POINT('',(-6.500214510187E0,6.860312645864E0,
2.040339266299E0));
#10827=CARTESIAN_POINT('',(-6.812378867230E0,6.842673240542E0,
-8.524769421760E-2));
#10828=CARTESIAN_POINT('',(-6.447122904887E0,6.825033835221E0,
-2.202357656997E0));
#10829=CARTESIAN_POINT('',(-5.440767534765E0,6.807394429900E0,
-4.100466026282E0));
#10830=CARTESIAN_POINT('',(-3.893384345590E0,6.789755024578E0,
-5.590825640061E0));
#10831=CARTESIAN_POINT('',(-1.958844523133E0,6.772115619257E0,
-6.525235714841E0));
#10832=CARTESIAN_POINT('',(1.704820409817E-1,6.754476213936E0,
-6.810778874237E0));
#10833=CARTESIAN_POINT('',(2.282855936887E0,6.736836808614E0,
-6.419060816932E0));
#10834=CARTESIAN_POINT('',(4.168223521485E0,6.719197403293E0,
-5.389033835019E0));
#10835=CARTESIAN_POINT('',(5.639104571464E0,6.701557997971E0,
-3.823123413146E0));
#10836=CARTESIAN_POINT('',(6.549235244181E0,6.683918592650E0,
-1.877043077934E0));
#10837=CARTESIAN_POINT('',(6.808112497600E0,6.666279187329E0,
2.556896948662E-1));
#10838=CARTESIAN_POINT('',(6.389993677781E0,6.648639782007E0,2.362996783315E0));
#10839=CARTESIAN_POINT('',(5.336456358430E0,6.631000376686E0,4.235328385688E0));
#10840=CARTESIAN_POINT('',(3.752263883051E0,6.613360971365E0,5.686500571703E0));
#10841=CARTESIAN_POINT('',(1.794947738601E0,6.595721566043E0,6.572209340531E0));
#10842=CARTESIAN_POINT('',(-3.408573146620E-1,6.578082160722E0,
6.804380154798E0));
#10843=CARTESIAN_POINT('',(-2.442767648363E0,6.560442755400E0,
6.359926038588E0));
#10844=CARTESIAN_POINT('',(-4.301770112184E0,6.542803350079E0,
5.283043337123E0));
#10845=CARTESIAN_POINT('',(-5.733006219475E0,6.525163944758E0,
3.680816850316E0));
#10846=CARTESIAN_POINT('',(-6.594154408161E0,6.507524539436E0,
1.712571357842E0));
#10847=CARTESIAN_POINT('',(-6.799582425016E0,6.489885134115E0,
-4.259715609316E-1));
#10848=CARTESIAN_POINT('',(-6.328862626526E0,6.472245728794E0,
-2.522156058823E0));
#10849=CARTESIAN_POINT('',(-5.228803061758E0,6.454606323472E0,
-4.367538235463E0));
#10850=CARTESIAN_POINT('',(-3.608793771726E0,6.436966918151E0,
-5.778614466614E0));
#10851=CARTESIAN_POINT('',(-1.629925825512E0,6.419327512830E0,
-6.615066140138E0));
#10852=CARTESIAN_POINT('',(5.110153449502E-1,6.401688107508E0,
-6.793723309799E0));
#10853=CARTESIAN_POINT('',(2.601163625092E0,6.384048702187E0,
-6.296796174823E0));
#10854=CARTESIAN_POINT('',(3.822101247197E0,6.372289098639E0,
-5.548124922540E0));
#10855=CARTESIAN_POINT('',(4.359159598130E0,6.366409296865E0,
-5.087998388171E0));
#10857=CURVE_STYLE('',#14,POSITIVE_LENGTH_MEASURE(2.E-2),#7);
#10858=PRESENTATION_STYLE_ASSIGNMENT((#10857));
#10859=STYLED_ITEM('',(#10858),#10856);
#10860=CARTESIAN_POINT('',(4.359159598130E0,6.729668762560E0,
-5.087998388171E0));
#10861=CARTESIAN_POINT('',(4.359159598130E0,6.366409296865E0,
-5.087998388171E0));
#10862=VERTEX_POINT('',#10860);
#10863=VERTEX_POINT('',#10861);
#10864=VERTEX_POINT('',#10777);
#10865=CARTESIAN_POINT('',(-4.359159598126E0,7.495331237439E0,
-5.087998388174E0));
#10866=VERTEX_POINT('',#10865);
#10867=CARTESIAN_POINT('',(5.003965379338E0,6.753774663401E0,
-4.453832999206E0));
#10868=CARTESIAN_POINT('',(5.003965379338E0,6.611601686271E0,
-4.453832999206E0));
#10869=CARTESIAN_POINT('',(5.003965379338E0,6.469428709141E0,
-4.453832999206E0));
#10870=CARTESIAN_POINT('',(5.003965379338E0,6.327255732011E0,
-4.453832999206E0));
#10871=CARTESIAN_POINT('',(4.803952719436E0,6.756282607403E0,
-4.679869659815E0));
#10872=CARTESIAN_POINT('',(4.803952719436E0,6.614109630273E0,
-4.679869659815E0));
#10873=CARTESIAN_POINT('',(4.803952719436E0,6.471936653143E0,
-4.679869659815E0));
#10874=CARTESIAN_POINT('',(4.803952719436E0,6.329763676013E0,
-4.679869659815E0));
#10875=CARTESIAN_POINT('',(4.082487847294E0,6.764670353180E0,
-5.388457501008E0));
#10876=CARTESIAN_POINT('',(4.082487847294E0,6.622497376049E0,
-5.388457501008E0));
#10877=CARTESIAN_POINT('',(4.082487847294E0,6.480324398919E0,
-5.388457501008E0));
#10878=CARTESIAN_POINT('',(4.082487847294E0,6.338151421789E0,
-5.388457501008E0));
#10879=CARTESIAN_POINT('',(2.601163625092E0,6.778937900728E0,
-6.296796174823E0));
#10880=CARTESIAN_POINT('',(2.601163625092E0,6.636764923599E0,
-6.296796174823E0));
#10881=CARTESIAN_POINT('',(2.601163625092E0,6.494591946469E0,
-6.296796174823E0));
#10882=CARTESIAN_POINT('',(2.601163625092E0,6.352418969340E0,
-6.296796174823E0));
#10883=CARTESIAN_POINT('',(5.110153449502E-1,6.796577306050E0,
-6.793723309799E0));
#10884=CARTESIAN_POINT('',(5.110153449502E-1,6.654404328920E0,
-6.793723309799E0));
#10885=CARTESIAN_POINT('',(5.110153449502E-1,6.512231351791E0,
-6.793723309799E0));
#10886=CARTESIAN_POINT('',(5.110153449502E-1,6.370058374661E0,
-6.793723309799E0));
#10887=CARTESIAN_POINT('',(-1.629925825512E0,6.814216711371E0,
-6.615066140138E0));
#10888=CARTESIAN_POINT('',(-1.629925825512E0,6.672043734242E0,
-6.615066140138E0));
#10889=CARTESIAN_POINT('',(-1.629925825512E0,6.529870757112E0,
-6.615066140138E0));
#10890=CARTESIAN_POINT('',(-1.629925825512E0,6.387697779983E0,
-6.615066140138E0));
#10891=CARTESIAN_POINT('',(-3.608793771726E0,6.831856116692E0,
-5.778614466614E0));
#10892=CARTESIAN_POINT('',(-3.608793771726E0,6.689683139563E0,
-5.778614466614E0));
#10893=CARTESIAN_POINT('',(-3.608793771726E0,6.547510162433E0,
-5.778614466614E0));
#10894=CARTESIAN_POINT('',(-3.608793771726E0,6.405337185304E0,
-5.778614466614E0));
#10895=CARTESIAN_POINT('',(-5.228803061758E0,6.849495522014E0,
-4.367538235463E0));
#10896=CARTESIAN_POINT('',(-5.228803061758E0,6.707322544884E0,
-4.367538235463E0));
#10897=CARTESIAN_POINT('',(-5.228803061758E0,6.565149567755E0,
-4.367538235463E0));
#10898=CARTESIAN_POINT('',(-5.228803061758E0,6.422976590625E0,
-4.367538235463E0));
#10899=CARTESIAN_POINT('',(-6.328862626526E0,6.867134927335E0,
-2.522156058823E0));
#10900=CARTESIAN_POINT('',(-6.328862626526E0,6.724961950206E0,
-2.522156058823E0));
#10901=CARTESIAN_POINT('',(-6.328862626526E0,6.582788973076E0,
-2.522156058823E0));
#10902=CARTESIAN_POINT('',(-6.328862626526E0,6.440615995947E0,
-2.522156058823E0));
#10903=CARTESIAN_POINT('',(-6.799582425016E0,6.884774332656E0,
-4.259715609316E-1));
#10904=CARTESIAN_POINT('',(-6.799582425016E0,6.742601355527E0,
-4.259715609316E-1));
#10905=CARTESIAN_POINT('',(-6.799582425016E0,6.600428378397E0,
-4.259715609316E-1));
#10906=CARTESIAN_POINT('',(-6.799582425016E0,6.458255401268E0,
-4.259715609316E-1));
#10907=CARTESIAN_POINT('',(-6.594154408161E0,6.902413737978E0,
1.712571357842E0));
#10908=CARTESIAN_POINT('',(-6.594154408161E0,6.760240760848E0,
1.712571357842E0));
#10909=CARTESIAN_POINT('',(-6.594154408161E0,6.618067783719E0,
1.712571357842E0));
#10910=CARTESIAN_POINT('',(-6.594154408161E0,6.475894806589E0,
1.712571357842E0));
#10911=CARTESIAN_POINT('',(-5.733006219475E0,6.920053143299E0,
3.680816850316E0));
#10912=CARTESIAN_POINT('',(-5.733006219475E0,6.777880166170E0,
3.680816850316E0));
#10913=CARTESIAN_POINT('',(-5.733006219475E0,6.635707189040E0,
3.680816850316E0));
#10914=CARTESIAN_POINT('',(-5.733006219475E0,6.493534211911E0,
3.680816850316E0));
#10915=CARTESIAN_POINT('',(-4.301770112184E0,6.937692548621E0,
5.283043337123E0));
#10916=CARTESIAN_POINT('',(-4.301770112184E0,6.795519571491E0,
5.283043337123E0));
#10917=CARTESIAN_POINT('',(-4.301770112184E0,6.653346594362E0,
5.283043337123E0));
#10918=CARTESIAN_POINT('',(-4.301770112184E0,6.511173617232E0,
5.283043337123E0));
#10919=CARTESIAN_POINT('',(-2.442767648363E0,6.955331953942E0,
6.359926038588E0));
#10920=CARTESIAN_POINT('',(-2.442767648363E0,6.813158976812E0,
6.359926038588E0));
#10921=CARTESIAN_POINT('',(-2.442767648363E0,6.670985999683E0,
6.359926038588E0));
#10922=CARTESIAN_POINT('',(-2.442767648363E0,6.528813022553E0,
6.359926038588E0));
#10923=CARTESIAN_POINT('',(-3.408573146620E-1,6.972971359263E0,
6.804380154798E0));
#10924=CARTESIAN_POINT('',(-3.408573146620E-1,6.830798382134E0,
6.804380154798E0));
#10925=CARTESIAN_POINT('',(-3.408573146620E-1,6.688625405004E0,
6.804380154798E0));
#10926=CARTESIAN_POINT('',(-3.408573146620E-1,6.546452427875E0,
6.804380154798E0));
#10927=CARTESIAN_POINT('',(1.794947738601E0,6.990610764585E0,6.572209340531E0));
#10928=CARTESIAN_POINT('',(1.794947738601E0,6.848437787455E0,6.572209340531E0));
#10929=CARTESIAN_POINT('',(1.794947738601E0,6.706264810326E0,6.572209340531E0));
#10930=CARTESIAN_POINT('',(1.794947738601E0,6.564091833196E0,6.572209340531E0));
#10931=CARTESIAN_POINT('',(3.752263883051E0,7.008250169906E0,5.686500571703E0));
#10932=CARTESIAN_POINT('',(3.752263883051E0,6.866077192777E0,5.686500571703E0));
#10933=CARTESIAN_POINT('',(3.752263883051E0,6.723904215647E0,5.686500571703E0));
#10934=CARTESIAN_POINT('',(3.752263883051E0,6.581731238518E0,5.686500571703E0));
#10935=CARTESIAN_POINT('',(5.336456358430E0,7.025889575228E0,4.235328385688E0));
#10936=CARTESIAN_POINT('',(5.336456358430E0,6.883716598098E0,4.235328385688E0));
#10937=CARTESIAN_POINT('',(5.336456358430E0,6.741543620969E0,4.235328385688E0));
#10938=CARTESIAN_POINT('',(5.336456358430E0,6.599370643839E0,4.235328385688E0));
#10939=CARTESIAN_POINT('',(6.389993677781E0,7.043528980549E0,2.362996783315E0));
#10940=CARTESIAN_POINT('',(6.389993677781E0,6.901356003419E0,2.362996783315E0));
#10941=CARTESIAN_POINT('',(6.389993677781E0,6.759183026290E0,2.362996783315E0));
#10942=CARTESIAN_POINT('',(6.389993677781E0,6.617010049160E0,2.362996783315E0));
#10943=CARTESIAN_POINT('',(6.808112497600E0,7.061168385870E0,
2.556896948662E-1));
#10944=CARTESIAN_POINT('',(6.808112497600E0,6.918995408741E0,
2.556896948662E-1));
#10945=CARTESIAN_POINT('',(6.808112497600E0,6.776822431611E0,
2.556896948662E-1));
#10946=CARTESIAN_POINT('',(6.808112497600E0,6.634649454482E0,
2.556896948662E-1));
#10947=CARTESIAN_POINT('',(6.549235244181E0,7.078807791192E0,
-1.877043077934E0));
#10948=CARTESIAN_POINT('',(6.549235244181E0,6.936634814062E0,
-1.877043077934E0));
#10949=CARTESIAN_POINT('',(6.549235244181E0,6.794461836933E0,
-1.877043077934E0));
#10950=CARTESIAN_POINT('',(6.549235244181E0,6.652288859803E0,
-1.877043077934E0));
#10951=CARTESIAN_POINT('',(5.639104571464E0,7.096447196513E0,
-3.823123413146E0));
#10952=CARTESIAN_POINT('',(5.639104571464E0,6.954274219383E0,
-3.823123413146E0));
#10953=CARTESIAN_POINT('',(5.639104571464E0,6.812101242254E0,
-3.823123413146E0));
#10954=CARTESIAN_POINT('',(5.639104571464E0,6.669928265124E0,
-3.823123413146E0));
#10955=CARTESIAN_POINT('',(4.168223521485E0,7.114086601835E0,
-5.389033835019E0));
#10956=CARTESIAN_POINT('',(4.168223521485E0,6.971913624705E0,
-5.389033835019E0));
#10957=CARTESIAN_POINT('',(4.168223521485E0,6.829740647576E0,
-5.389033835019E0));
#10958=CARTESIAN_POINT('',(4.168223521485E0,6.687567670446E0,
-5.389033835019E0));
#10959=CARTESIAN_POINT('',(2.282855936887E0,7.131726007156E0,
-6.419060816932E0));
#10960=CARTESIAN_POINT('',(2.282855936887E0,6.989553030026E0,
-6.419060816932E0));
#10961=CARTESIAN_POINT('',(2.282855936887E0,6.847380052897E0,
-6.419060816932E0));
#10962=CARTESIAN_POINT('',(2.282855936887E0,6.705207075767E0,
-6.419060816932E0));
#10963=CARTESIAN_POINT('',(1.704820409816E-1,7.149365412478E0,
-6.810778874237E0));
#10964=CARTESIAN_POINT('',(1.704820409816E-1,7.007192435348E0,
-6.810778874237E0));
#10965=CARTESIAN_POINT('',(1.704820409817E-1,6.865019458219E0,
-6.810778874237E0));
#10966=CARTESIAN_POINT('',(1.704820409817E-1,6.722846481089E0,
-6.810778874237E0));
#10967=CARTESIAN_POINT('',(-1.958844523133E0,7.167004817799E0,
-6.525235714841E0));
#10968=CARTESIAN_POINT('',(-1.958844523133E0,7.024831840669E0,
-6.525235714841E0));
#10969=CARTESIAN_POINT('',(-1.958844523133E0,6.882658863540E0,
-6.525235714841E0));
#10970=CARTESIAN_POINT('',(-1.958844523133E0,6.740485886410E0,
-6.525235714841E0));
#10971=CARTESIAN_POINT('',(-3.893384345590E0,7.184644223122E0,
-5.590825640061E0));
#10972=CARTESIAN_POINT('',(-3.893384345590E0,7.042471245991E0,
-5.590825640061E0));
#10973=CARTESIAN_POINT('',(-3.893384345590E0,6.900298268861E0,
-5.590825640061E0));
#10974=CARTESIAN_POINT('',(-3.893384345590E0,6.758125291730E0,
-5.590825640061E0));
#10975=CARTESIAN_POINT('',(-5.440767534765E0,7.202283628442E0,
-4.100466026282E0));
#10976=CARTESIAN_POINT('',(-5.440767534765E0,7.060110651312E0,
-4.100466026282E0));
#10977=CARTESIAN_POINT('',(-5.440767534765E0,6.917937674183E0,
-4.100466026282E0));
#10978=CARTESIAN_POINT('',(-5.440767534765E0,6.775764697053E0,
-4.100466026282E0));
#10979=CARTESIAN_POINT('',(-6.447122904887E0,7.219923033763E0,
-2.202357656997E0));
#10980=CARTESIAN_POINT('',(-6.447122904887E0,7.077750056633E0,
-2.202357656997E0));
#10981=CARTESIAN_POINT('',(-6.447122904887E0,6.935577079504E0,
-2.202357656997E0));
#10982=CARTESIAN_POINT('',(-6.447122904887E0,6.793404102374E0,
-2.202357656997E0));
#10983=CARTESIAN_POINT('',(-6.812378867230E0,7.237562439086E0,
-8.524769421761E-2));
#10984=CARTESIAN_POINT('',(-6.812378867230E0,7.095389461955E0,
-8.524769421761E-2));
#10985=CARTESIAN_POINT('',(-6.812378867230E0,6.953216484825E0,
-8.524769421761E-2));
#10986=CARTESIAN_POINT('',(-6.812378867230E0,6.811043507694E0,
-8.524769421761E-2));
#10987=CARTESIAN_POINT('',(-6.500214510187E0,7.255201844406E0,
2.040339266299E0));
#10988=CARTESIAN_POINT('',(-6.500214510187E0,7.113028867276E0,
2.040339266299E0));
#10989=CARTESIAN_POINT('',(-6.500214510187E0,6.970855890147E0,
2.040339266299E0));
#10990=CARTESIAN_POINT('',(-6.500214510187E0,6.828682913017E0,
2.040339266299E0));
#10991=CARTESIAN_POINT('',(-5.541671336671E0,7.272841249729E0,
3.963035679421E0));
#10992=CARTESIAN_POINT('',(-5.541671336671E0,7.130668272598E0,
3.963035679421E0));
#10993=CARTESIAN_POINT('',(-5.541671336671E0,6.988495295468E0,
3.963035679421E0));
#10994=CARTESIAN_POINT('',(-5.541671336671E0,6.846322318337E0,
3.963035679421E0));
#10995=CARTESIAN_POINT('',(-4.032066509072E0,7.290480655049E0,
5.491649357567E0));
#10996=CARTESIAN_POINT('',(-4.032066509072E0,7.148307677919E0,
5.491649357567E0));
#10997=CARTESIAN_POINT('',(-4.032066509072E0,7.006134700790E0,
5.491649357567E0));
#10998=CARTESIAN_POINT('',(-4.032066509072E0,6.863961723660E0,
5.491649357567E0));
#10999=CARTESIAN_POINT('',(-2.121514547499E0,7.308120060372E0,
6.474175547882E0));
#11000=CARTESIAN_POINT('',(-2.121514547499E0,7.165947083241E0,
6.474175547882E0));
#11001=CARTESIAN_POINT('',(-2.121514547499E0,7.023774106111E0,
6.474175547882E0));
#11002=CARTESIAN_POINT('',(-2.121514547499E0,6.881601128980E0,
6.474175547882E0));
#11003=CARTESIAN_POINT('',(3.033462370183E-11,7.325759465692E0,
6.812912226064E0));
#11004=CARTESIAN_POINT('',(3.032696316296E-11,7.183586488562E0,
6.812912226064E0));
#11005=CARTESIAN_POINT('',(3.031930262409E-11,7.041413511433E0,
6.812912226064E0));
#11006=CARTESIAN_POINT('',(3.031175310753E-11,6.899240534303E0,
6.812912226064E0));
#11007=CARTESIAN_POINT('',(2.121514547557E0,7.343398871015E0,6.474175547863E0));
#11008=CARTESIAN_POINT('',(2.121514547557E0,7.201225893884E0,6.474175547863E0));
#11009=CARTESIAN_POINT('',(2.121514547557E0,7.059052916754E0,6.474175547863E0));
#11010=CARTESIAN_POINT('',(2.121514547557E0,6.916879939623E0,6.474175547863E0));
#11011=CARTESIAN_POINT('',(4.032066509121E0,7.361038276336E0,5.491649357531E0));
#11012=CARTESIAN_POINT('',(4.032066509121E0,7.218865299205E0,5.491649357531E0));
#11013=CARTESIAN_POINT('',(4.032066509121E0,7.076692322075E0,5.491649357531E0));
#11014=CARTESIAN_POINT('',(4.032066509121E0,6.934519344944E0,5.491649357531E0));
#11015=CARTESIAN_POINT('',(5.541671336706E0,7.378677681658E0,3.963035679372E0));
#11016=CARTESIAN_POINT('',(5.541671336706E0,7.236504704527E0,3.963035679372E0));
#11017=CARTESIAN_POINT('',(5.541671336706E0,7.094331727397E0,3.963035679372E0));
#11018=CARTESIAN_POINT('',(5.541671336706E0,6.952158750266E0,3.963035679372E0));
#11019=CARTESIAN_POINT('',(6.500214510205E0,7.396317086979E0,2.040339266242E0));
#11020=CARTESIAN_POINT('',(6.500214510205E0,7.254144109848E0,2.040339266242E0));
#11021=CARTESIAN_POINT('',(6.500214510205E0,7.111971132718E0,2.040339266242E0));
#11022=CARTESIAN_POINT('',(6.500214510205E0,6.969798155587E0,2.040339266242E0));
#11023=CARTESIAN_POINT('',(6.812378867229E0,7.413956492301E0,
-8.524769427670E-2));
#11024=CARTESIAN_POINT('',(6.812378867229E0,7.271783515170E0,
-8.524769427669E-2));
#11025=CARTESIAN_POINT('',(6.812378867229E0,7.129610538040E0,
-8.524769427668E-2));
#11026=CARTESIAN_POINT('',(6.812378867229E0,6.987437560909E0,
-8.524769427668E-2));
#11027=CARTESIAN_POINT('',(6.447122904868E0,7.431595897622E0,
-2.202357657052E0));
#11028=CARTESIAN_POINT('',(6.447122904868E0,7.289422920491E0,
-2.202357657052E0));
#11029=CARTESIAN_POINT('',(6.447122904868E0,7.147249943361E0,
-2.202357657052E0));
#11030=CARTESIAN_POINT('',(6.447122904868E0,7.005076966230E0,
-2.202357657052E0));
#11031=CARTESIAN_POINT('',(5.440767534730E0,7.449235302944E0,
-4.100466026328E0));
#11032=CARTESIAN_POINT('',(5.440767534730E0,7.307062325813E0,
-4.100466026328E0));
#11033=CARTESIAN_POINT('',(5.440767534730E0,7.164889348683E0,
-4.100466026328E0));
#11034=CARTESIAN_POINT('',(5.440767534730E0,7.022716371552E0,
-4.100466026328E0));
#11035=CARTESIAN_POINT('',(3.893384345544E0,7.466874708265E0,
-5.590825640093E0));
#11036=CARTESIAN_POINT('',(3.893384345544E0,7.324701731134E0,
-5.590825640093E0));
#11037=CARTESIAN_POINT('',(3.893384345544E0,7.182528754004E0,
-5.590825640093E0));
#11038=CARTESIAN_POINT('',(3.893384345544E0,7.040355776873E0,
-5.590825640093E0));
#11039=CARTESIAN_POINT('',(1.958844523080E0,7.484514113587E0,
-6.525235714857E0));
#11040=CARTESIAN_POINT('',(1.958844523080E0,7.342341136456E0,
-6.525235714857E0));
#11041=CARTESIAN_POINT('',(1.958844523080E0,7.200168159325E0,
-6.525235714857E0));
#11042=CARTESIAN_POINT('',(1.958844523080E0,7.057995182194E0,
-6.525235714857E0));
#11043=CARTESIAN_POINT('',(-1.704820410359E-1,7.502153518908E0,
-6.810778874235E0));
#11044=CARTESIAN_POINT('',(-1.704820410359E-1,7.359980541777E0,
-6.810778874235E0));
#11045=CARTESIAN_POINT('',(-1.704820410360E-1,7.217807564647E0,
-6.810778874235E0));
#11046=CARTESIAN_POINT('',(-1.704820410360E-1,7.075634587516E0,
-6.810778874235E0));
#11047=CARTESIAN_POINT('',(-2.282855936937E0,7.519792924230E0,
-6.419060816914E0));
#11048=CARTESIAN_POINT('',(-2.282855936937E0,7.377619947099E0,
-6.419060816914E0));
#11049=CARTESIAN_POINT('',(-2.282855936937E0,7.235446969968E0,
-6.419060816914E0));
#11050=CARTESIAN_POINT('',(-2.282855936937E0,7.093273992837E0,
-6.419060816914E0));
#11051=CARTESIAN_POINT('',(-4.168223521526E0,7.537432329551E0,
-5.389033834988E0));
#11052=CARTESIAN_POINT('',(-4.168223521526E0,7.395259352420E0,
-5.389033834988E0));
#11053=CARTESIAN_POINT('',(-4.168223521526E0,7.253086375290E0,
-5.389033834988E0));
#11054=CARTESIAN_POINT('',(-4.168223521526E0,7.110913398159E0,
-5.389033834988E0));
#11055=CARTESIAN_POINT('',(-5.639104571491E0,7.555071734873E0,
-3.823123413104E0));
#11056=CARTESIAN_POINT('',(-5.639104571491E0,7.412898757742E0,
-3.823123413104E0));
#11057=CARTESIAN_POINT('',(-5.639104571491E0,7.270725780611E0,
-3.823123413104E0));
#11058=CARTESIAN_POINT('',(-5.639104571491E0,7.128552803480E0,
-3.823123413104E0));
#11059=CARTESIAN_POINT('',(-6.549235244194E0,7.572711140194E0,
-1.877043077888E0));
#11060=CARTESIAN_POINT('',(-6.549235244194E0,7.430538163063E0,
-1.877043077888E0));
#11061=CARTESIAN_POINT('',(-6.549235244194E0,7.288365185933E0,
-1.877043077888E0));
#11062=CARTESIAN_POINT('',(-6.549235244194E0,7.146192208802E0,
-1.877043077888E0));
#11063=CARTESIAN_POINT('',(-6.808112497598E0,7.590350545516E0,
2.556896949124E-1));
#11064=CARTESIAN_POINT('',(-6.808112497598E0,7.448177568385E0,
2.556896949124E-1));
#11065=CARTESIAN_POINT('',(-6.808112497598E0,7.306004591254E0,
2.556896949124E-1));
#11066=CARTESIAN_POINT('',(-6.808112497598E0,7.163831614123E0,
2.556896949124E-1));
#11067=CARTESIAN_POINT('',(-6.389993677766E0,7.607989950837E0,
2.362996783356E0));
#11068=CARTESIAN_POINT('',(-6.389993677766E0,7.465816973706E0,
2.362996783356E0));
#11069=CARTESIAN_POINT('',(-6.389993677766E0,7.323643996576E0,
2.362996783356E0));
#11070=CARTESIAN_POINT('',(-6.389993677766E0,7.181471019445E0,
2.362996783356E0));
#11071=CARTESIAN_POINT('',(-5.336456358404E0,7.625629356159E0,
4.235328385721E0));
#11072=CARTESIAN_POINT('',(-5.336456358404E0,7.483456379028E0,
4.235328385721E0));
#11073=CARTESIAN_POINT('',(-5.336456358403E0,7.341283401898E0,
4.235328385721E0));
#11074=CARTESIAN_POINT('',(-5.336456358403E0,7.199110424767E0,
4.235328385721E0));
#11075=CARTESIAN_POINT('',(-3.752263883018E0,7.643268761480E0,
5.686500571725E0));
#11076=CARTESIAN_POINT('',(-3.752263883018E0,7.501095784349E0,
5.686500571725E0));
#11077=CARTESIAN_POINT('',(-3.752263883018E0,7.358922807219E0,
5.686500571725E0));
#11078=CARTESIAN_POINT('',(-3.752263883018E0,7.216749830088E0,
5.686500571725E0));
#11079=CARTESIAN_POINT('',(-1.794947738565E0,7.660908166802E0,
6.572209340540E0));
#11080=CARTESIAN_POINT('',(-1.794947738565E0,7.518735189671E0,
6.572209340540E0));
#11081=CARTESIAN_POINT('',(-1.794947738565E0,7.376562212541E0,
6.572209340540E0));
#11082=CARTESIAN_POINT('',(-1.794947738565E0,7.234389235410E0,
6.572209340540E0));
#11083=CARTESIAN_POINT('',(3.408573146969E-1,7.678547572123E0,
6.804380154796E0));
#11084=CARTESIAN_POINT('',(3.408573146969E-1,7.536374594992E0,
6.804380154796E0));
#11085=CARTESIAN_POINT('',(3.408573146969E-1,7.394201617862E0,
6.804380154796E0));
#11086=CARTESIAN_POINT('',(3.408573146969E-1,7.252028640731E0,
6.804380154796E0));
#11087=CARTESIAN_POINT('',(2.442767648393E0,7.696186977445E0,6.359926038576E0));
#11088=CARTESIAN_POINT('',(2.442767648393E0,7.554014000314E0,6.359926038576E0));
#11089=CARTESIAN_POINT('',(2.442767648393E0,7.411841023184E0,6.359926038576E0));
#11090=CARTESIAN_POINT('',(2.442767648393E0,7.269668046053E0,6.359926038576E0));
#11091=CARTESIAN_POINT('',(4.301770112207E0,7.713826382767E0,5.283043337104E0));
#11092=CARTESIAN_POINT('',(4.301770112207E0,7.571653405636E0,5.283043337104E0));
#11093=CARTESIAN_POINT('',(4.301770112207E0,7.429480428505E0,5.283043337104E0));
#11094=CARTESIAN_POINT('',(4.301770112207E0,7.287307451374E0,5.283043337104E0));
#11095=CARTESIAN_POINT('',(5.733006219489E0,7.731465788088E0,3.680816850294E0));
#11096=CARTESIAN_POINT('',(5.733006219489E0,7.589292810957E0,3.680816850294E0));
#11097=CARTESIAN_POINT('',(5.733006219489E0,7.447119833827E0,3.680816850294E0));
#11098=CARTESIAN_POINT('',(5.733006219489E0,7.304946856696E0,3.680816850294E0));
#11099=CARTESIAN_POINT('',(6.594154408166E0,7.749105193410E0,1.712571357819E0));
#11100=CARTESIAN_POINT('',(6.594154408166E0,7.606932216279E0,1.712571357819E0));
#11101=CARTESIAN_POINT('',(6.594154408166E0,7.464759239149E0,1.712571357819E0));
#11102=CARTESIAN_POINT('',(6.594154408166E0,7.322586262018E0,1.712571357819E0));
#11103=CARTESIAN_POINT('',(6.799582425015E0,7.766744598731E0,
-4.259715609522E-1));
#11104=CARTESIAN_POINT('',(6.799582425015E0,7.624571621600E0,
-4.259715609522E-1));
#11105=CARTESIAN_POINT('',(6.799582425015E0,7.482398644470E0,
-4.259715609522E-1));
#11106=CARTESIAN_POINT('',(6.799582425015E0,7.340225667339E0,
-4.259715609522E-1));
#11107=CARTESIAN_POINT('',(6.328862626519E0,7.784384004053E0,
-2.522156058839E0));
#11108=CARTESIAN_POINT('',(6.328862626519E0,7.642211026922E0,
-2.522156058839E0));
#11109=CARTESIAN_POINT('',(6.328862626519E0,7.500038049792E0,
-2.522156058839E0));
#11110=CARTESIAN_POINT('',(6.328862626519E0,7.357865072661E0,
-2.522156058839E0));
#11111=CARTESIAN_POINT('',(5.228803061749E0,7.802023409374E0,
-4.367538235473E0));
#11112=CARTESIAN_POINT('',(5.228803061749E0,7.659850432243E0,
-4.367538235473E0));
#11113=CARTESIAN_POINT('',(5.228803061749E0,7.517677455113E0,
-4.367538235473E0));
#11114=CARTESIAN_POINT('',(5.228803061749E0,7.375504477982E0,
-4.367538235473E0));
#11115=CARTESIAN_POINT('',(3.608793771717E0,7.819662814696E0,
-5.778614466619E0));
#11116=CARTESIAN_POINT('',(3.608793771717E0,7.677489837565E0,
-5.778614466619E0));
#11117=CARTESIAN_POINT('',(3.608793771717E0,7.535316860435E0,
-5.778614466619E0));
#11118=CARTESIAN_POINT('',(3.608793771717E0,7.393143883304E0,
-5.778614466619E0));
#11119=CARTESIAN_POINT('',(1.629925825505E0,7.837302220016E0,
-6.615066140139E0));
#11120=CARTESIAN_POINT('',(1.629925825505E0,7.695129242886E0,
-6.615066140139E0));
#11121=CARTESIAN_POINT('',(1.629925825505E0,7.552956265757E0,
-6.615066140139E0));
#11122=CARTESIAN_POINT('',(1.629925825505E0,7.410783288627E0,
-6.615066140139E0));
#11123=CARTESIAN_POINT('',(-5.110153449532E-1,7.854941625339E0,
-6.793723309799E0));
#11124=CARTESIAN_POINT('',(-5.110153449532E-1,7.712768648208E0,
-6.793723309799E0));
#11125=CARTESIAN_POINT('',(-5.110153449532E-1,7.570595671078E0,
-6.793723309799E0));
#11126=CARTESIAN_POINT('',(-5.110153449532E-1,7.428422693947E0,
-6.793723309799E0));
#11127=CARTESIAN_POINT('',(-2.601163625091E0,7.872581030661E0,
-6.296796174823E0));
#11128=CARTESIAN_POINT('',(-2.601163625091E0,7.730408053530E0,
-6.296796174823E0));
#11129=CARTESIAN_POINT('',(-2.601163625091E0,7.588235076400E0,
-6.296796174823E0));
#11130=CARTESIAN_POINT('',(-2.601163625091E0,7.446062099269E0,
-6.296796174823E0));
#11131=CARTESIAN_POINT('',(-4.082487847290E0,7.886848578209E0,
-5.388457501011E0));
#11132=CARTESIAN_POINT('',(-4.082487847290E0,7.744675601079E0,
-5.388457501011E0));
#11133=CARTESIAN_POINT('',(-4.082487847290E0,7.602502623950E0,
-5.388457501011E0));
#11134=CARTESIAN_POINT('',(-4.082487847290E0,7.460329646820E0,
-5.388457501011E0));
#11135=CARTESIAN_POINT('',(-4.803952719429E0,7.895236323986E0,
-4.679869659821E0));
#11136=CARTESIAN_POINT('',(-4.803952719429E0,7.753063346856E0,
-4.679869659821E0));
#11137=CARTESIAN_POINT('',(-4.803952719429E0,7.610890369726E0,
-4.679869659821E0));
#11138=CARTESIAN_POINT('',(-4.803952719429E0,7.468717392596E0,
-4.679869659821E0));
#11139=CARTESIAN_POINT('',(-5.003965379329E0,7.897744267988E0,
-4.453832999215E0));
#11140=CARTESIAN_POINT('',(-5.003965379329E0,7.755571290858E0,
-4.453832999215E0));
#11141=CARTESIAN_POINT('',(-5.003965379329E0,7.613398313728E0,
-4.453832999215E0));
#11142=CARTESIAN_POINT('',(-5.003965379329E0,7.471225336598E0,
-4.453832999215E0));
#11143=B_SPLINE_SURFACE_WITH_KNOTS('',3,3,((#10867,#10868,#10869,#10870),
(#10871,#10872,#10873,#10874),(#10875,#10876,#10877,#10878),(#10879,#10880,
#10881,#10882),(#10883,#10884,#10885,#10886),(#10887,#10888,#10889,#10890),(
#10891,#10892,#10893,#10894),(#10895,#10896,#10897,#10898),(#10899,#10900,
#10901,#10902),(#10903,#10904,#10905,#10906),(#10907,#10908,#10909,#10910),(
#10911,#10912,#10913,#10914),(#10915,#10916,#10917,#10918),(#10919,#10920,
#10921,#10922),(#10923,#10924,#10925,#10926),(#10927,#10928,#10929,#10930),(
#10931,#10932,#10933,#10934),(#10935,#10936,#10937,#10938),(#10939,#10940,
#10941,#10942),(#10943,#10944,#10945,#10946),(#10947,#10948,#10949,#10950),(
#10951,#10952,#10953,#10954),(#10955,#10956,#10957,#10958),(#10959,#10960,
#10961,#10962),(#10963,#10964,#10965,#10966),(#10967,#10968,#10969,#10970),(
#10971,#10972,#10973,#10974),(#10975,#10976,#10977,#10978),(#10979,#10980,
#10981,#10982),(#10983,#10984,#10985,#10986),(#10987,#10988,#10989,#10990),(
#10991,#10992,#10993,#10994),(#10995,#10996,#10997,#10998),(#10999,#11000,
#11001,#11002),(#11003,#11004,#11005,#11006),(#11007,#11008,#11009,#11010),(
#11011,#11012,#11013,#11014),(#11015,#11016,#11017,#11018),(#11019,#11020,
#11021,#11022),(#11023,#11024,#11025,#11026),(#11027,#11028,#11029,#11030),(
#11031,#11032,#11033,#11034),(#11035,#11036,#11037,#11038),(#11039,#11040,
#11041,#11042),(#11043,#11044,#11045,#11046),(#11047,#11048,#11049,#11050),(
#11051,#11052,#11053,#11054),(#11055,#11056,#11057,#11058),(#11059,#11060,
#11061,#11062),(#11063,#11064,#11065,#11066),(#11067,#11068,#11069,#11070),(
#11071,#11072,#11073,#11074),(#11075,#11076,#11077,#11078),(#11079,#11080,
#11081,#11082),(#11083,#11084,#11085,#11086),(#11087,#11088,#11089,#11090),(
#11091,#11092,#11093,#11094),(#11095,#11096,#11097,#11098),(#11099,#11100,
#11101,#11102),(#11103,#11104,#11105,#11106),(#11107,#11108,#11109,#11110),(
#11111,#11112,#11113,#11114),(#11115,#11116,#11117,#11118),(#11119,#11120,
#11121,#11122),(#11123,#11124,#11125,#11126),(#11127,#11128,#11129,#11130),(
#11131,#11132,#11133,#11134),(#11135,#11136,#11137,#11138),(#11139,#11140,
#11141,#11142)),.UNSPECIFIED.,.F.,.F.,.F.,(4,1,1,1,1,1,1,1,1,1,1,1,1,1,1,1,1,1,
1,1,1,1,1,1,1,1,1,1,1,1,1,1,1,1,1,1,1,1,1,1,1,1,1,1,1,1,1,1,1,1,1,1,1,1,1,1,1,1,
1,1,1,1,1,1,1,1,4),(4,4),(-6.664616689448E-3,0.E0,1.5625E-2,3.125000000004E-2,
4.687500000002E-2,6.25E-2,7.812499999998E-2,9.374999999997E-2,1.093750000001E-1,
1.25E-1,1.40625E-1,1.5625E-1,1.71875E-1,1.875E-1,2.031250000001E-1,2.1875E-1,
2.34375E-1,2.5E-1,2.65625E-1,2.8125E-1,2.968750000001E-1,3.125E-1,3.28125E-1,
3.4375E-1,3.59375E-1,3.75E-1,3.906250000001E-1,4.0625E-1,4.21875E-1,4.375E-1,
4.53125E-1,4.6875E-1,4.843750000001E-1,5.E-1,5.15625E-1,5.3125E-1,5.46875E-1,
5.625E-1,5.781250000001E-1,5.9375E-1,6.09375E-1,6.25E-1,6.40625E-1,6.5625E-1,
6.718750000001E-1,6.875E-1,7.03125E-1,7.1875E-1,7.34375E-1,7.500000000001E-1,
7.656250000001E-1,7.8125E-1,7.96875E-1,8.125E-1,8.28125E-1,8.437500000001E-1,
8.593750000001E-1,8.75E-1,8.90625E-1,9.0625E-1,9.21875E-1,9.375000000001E-1,
9.531250000001E-1,9.6875E-1,9.84375E-1,1.E0,1.006664616689E0),(
-8.707201280198E-2,1.087072012802E0),.UNSPECIFIED.);
#11145=ORIENTED_EDGE('',*,*,#11144,.T.);
#11147=ORIENTED_EDGE('',*,*,#11146,.T.);
#11149=ORIENTED_EDGE('',*,*,#11148,.T.);
#11151=ORIENTED_EDGE('',*,*,#11150,.T.);
#11152=EDGE_LOOP('',(#11145,#11147,#11149,#11151));
#11153=FACE_OUTER_BOUND('',#11152,.F.);
#11154=ADVANCED_FACE('',(#11153),#11143,.F.);
#11155=OPEN_SHELL('',(#11154));
#11156=FILL_AREA_STYLE_COLOUR('',#7);
#11157=FILL_AREA_STYLE('',(#11156));
#11158=SURFACE_STYLE_FILL_AREA(#11157);
#11159=SURFACE_SIDE_STYLE('',(#11158));
#11160=SURFACE_STYLE_USAGE(.POSITIVE.,#11159);
#11161=FILL_AREA_STYLE_COLOUR('',#1);
#11162=FILL_AREA_STYLE('',(#11161));
#11163=SURFACE_STYLE_FILL_AREA(#11162);
#11164=SURFACE_SIDE_STYLE('',(#11163));
#11165=SURFACE_STYLE_USAGE(.NEGATIVE.,#11164);
#11166=PRESENTATION_STYLE_ASSIGNMENT((#11160,#11165));
#10703=STYLED_ITEM('',(#11166),#11155);
#11168=DIRECTION('',(0.E0,1.E0,0.E0));
#11169=VECTOR('',#11168,3.632594656950E-1);
#11170=CARTESIAN_POINT('',(2.506086506541E0,4.984515248493E0,
-6.213656767294E0));
#11171=LINE('',#11170,#11169);
#11172=CURVE_STYLE('',#14,POSITIVE_LENGTH_MEASURE(2.E-2),#7);
#11173=PRESENTATION_STYLE_ASSIGNMENT((#11172));
#11174=STYLED_ITEM('',(#11173),#11171);
#11175=CARTESIAN_POINT('',(2.506086506541E0,5.347774714188E0,
-6.213656767294E0));
#11176=CARTESIAN_POINT('',(1.860935834499E0,5.353558365075E0,
-6.473858361048E0));
#11177=CARTESIAN_POINT('',(4.890468112003E-1,5.365125666849E0,
-6.791630078826E0));
#11178=CARTESIAN_POINT('',(-1.615946158762E0,5.382476619510E0,
-6.614698146716E0));
#11179=CARTESIAN_POINT('',(-3.565395235139E0,5.399827572170E0,
-5.801156831393E0));
#11180=CARTESIAN_POINT('',(-5.171716996178E0,5.417178524831E0,
-4.429314252647E0));
#11181=CARTESIAN_POINT('',(-6.280310345752E0,5.434529477492E0,
-2.631193257571E0));
#11182=CARTESIAN_POINT('',(-6.784486419100E0,5.451880430152E0,
-5.798461284719E-1));
#11183=CARTESIAN_POINT('',(-6.635722644260E0,5.469231382813E0,
1.527305507889E0));
#11184=CARTESIAN_POINT('',(-5.848336227058E0,5.486582335474E0,
3.487469080263E0));
#11185=CARTESIAN_POINT('',(-4.498105278985E0,5.503933288134E0,
5.111998248598E0));
#11186=CARTESIAN_POINT('',(-2.714976186718E0,5.521284240795E0,
6.244548142352E0));
#11187=CARTESIAN_POINT('',(-6.705574870273E-1,5.538635193456E0,
6.776122036480E0));
#11188=CARTESIAN_POINT('',(1.438395738774E0,5.555986146116E0,6.655561200618E0));
#11189=CARTESIAN_POINT('',(3.408917600553E0,5.573337098777E0,5.894468422956E0));
#11190=CARTESIAN_POINT('',(5.051364857583E0,5.590688051438E0,4.566091356086E0));
#11191=CARTESIAN_POINT('',(6.207668205257E0,5.608039004098E0,2.798273155002E0));
#11192=CARTESIAN_POINT('',(6.766544882236E0,5.625389956759E0,
7.611488377717E-1));
#11193=CARTESIAN_POINT('',(6.674208535674E0,5.642740909420E0,
-1.349228527305E0));
#11194=CARTESIAN_POINT('',(5.939545625717E0,5.660091862081E0,
-3.329755990547E0));
#11195=CARTESIAN_POINT('',(4.633260191606E0,5.677442814741E0,
-4.989827371106E0));
#11196=CARTESIAN_POINT('',(2.881069287163E0,5.694793767402E0,
-6.169677216769E0));
#11197=CARTESIAN_POINT('',(8.516039577100E-1,5.712144720063E0,
-6.755756648649E0));
#11198=CARTESIAN_POINT('',(-1.259819830279E0,5.729495672723E0,
-6.691661317774E0));
#11199=CARTESIAN_POINT('',(-3.249998419266E0,5.746846625384E0,
-5.983559765835E0));
#11200=CARTESIAN_POINT('',(-4.927396803002E0,5.764197578045E0,
-4.699599764057E0));
#11201=CARTESIAN_POINT('',(-6.130581976580E0,5.781548530705E0,
-2.963349764200E0));
#11202=CARTESIAN_POINT('',(-6.743759266591E0,5.798899483366E0,
-9.419066571746E-1));
#11203=CARTESIAN_POINT('',(-6.707916423214E0,5.816250436027E0,
1.170185650113E0));
#11204=CARTESIAN_POINT('',(-6.026502965639E0,5.833601388688E0,
3.169659161755E0));
#11205=CARTESIAN_POINT('',(-4.765098199954E0,5.850952341348E0,
4.864084327122E0));
#11206=CARTESIAN_POINT('',(-3.045099859516E0,5.868303294009E0,
6.090389481973E0));
#11207=CARTESIAN_POINT('',(-1.032040773748E0,5.885654246670E0,
6.730554883357E0));
#11208=CARTESIAN_POINT('',(1.080342029573E0,5.903005199330E0,6.722970942648E0));
#11209=CARTESIAN_POINT('',(3.088752597169E0,5.920356151991E0,6.068367539136E0));
#11210=CARTESIAN_POINT('',(4.799901275162E0,5.937707104652E0,4.829743776356E0));
#11211=CARTESIAN_POINT('',(6.049106926618E0,5.955058057313E0,3.126304941443E0));
#11212=CARTESIAN_POINT('',(6.716145862274E0,5.972409009973E0,1.121990175186E0));
#11213=CARTESIAN_POINT('',(6.736822181612E0,5.989759962634E0,
-9.903050489098E-1));
#11214=CARTESIAN_POINT('',(6.109145993385E0,6.007110915295E0,
-3.007293206200E0));
#11215=CARTESIAN_POINT('',(4.893524922971E0,6.024461867956E0,
-4.734859134633E0));
#11216=CARTESIAN_POINT('',(3.206950475860E0,6.041812820616E0,
-6.006741699286E0));
#11217=CARTESIAN_POINT('',(1.211738762304E0,6.059163773277E0,
-6.700534782276E0));
#11218=CARTESIAN_POINT('',(-9.000908229831E-1,6.076514725938E0,
-6.749467661004E0));
#11219=CARTESIAN_POINT('',(-2.925295568489E0,6.093865678598E0,
-6.148831029841E0));
#11220=CARTESIAN_POINT('',(-4.668969546806E0,6.111216631259E0,
-4.956430224219E0));
#11221=CARTESIAN_POINT('',(-5.963301382523E0,6.128567583920E0,
-3.287022028791E0));
#11222=CARTESIAN_POINT('',(-6.683724437439E0,6.145918536581E0,
-1.301270471860E0));
#11223=CARTESIAN_POINT('',(-6.760905117530E0,6.163269489241E0,
8.097154983751E-1));
#11224=CARTESIAN_POINT('',(-6.187415545657E0,6.180620441902E0,
2.842774360007E0));
#11225=CARTESIAN_POINT('',(-5.018448421281E0,6.197971394563E0,
4.602244304630E0));
#11226=CARTESIAN_POINT('',(-3.366505268994E0,6.215322347224E0,
5.918793751296E0));
#11227=CARTESIAN_POINT('',(-1.390569279430E0,6.232673299884E0,
6.665717836488E0));
#11228=CARTESIAN_POINT('',(7.191952505082E-1,6.250024252545E0,
6.771132504104E0));
#11229=CARTESIAN_POINT('',(2.759744350413E0,6.267375205206E0,6.224892634981E0));
#11230=CARTESIAN_POINT('',(4.534695350709E0,6.284726157867E0,5.079568414034E0));
#11231=CARTESIAN_POINT('',(5.873226771255E0,6.302077110527E0,3.445385970818E0));
#11232=CARTESIAN_POINT('',(6.646518203542E0,6.319428063188E0,1.479619201175E0));
#11233=CARTESIAN_POINT('',(6.780147985413E0,6.336779015849E0,
-6.285462766349E-1));
#11234=CARTESIAN_POINT('',(6.261255608095E0,6.354129968510E0,
-2.676220415763E0));
#11235=CARTESIAN_POINT('',(5.139779196205E0,6.371480921170E0,
-4.466334717853E0));
#11236=CARTESIAN_POINT('',(3.523650266161E0,6.388831873831E0,
-5.826608811224E0));
#11237=CARTESIAN_POINT('',(1.568403365878E0,6.406182826492E0,
-6.626128179190E0));
#11238=CARTESIAN_POINT('',(-5.377813190665E-1,6.423533779153E0,
-6.787952917709E0));
#11239=CARTESIAN_POINT('',(-2.592230500519E0,6.440884731813E0,
-6.296486873116E0));
#11240=CARTESIAN_POINT('',(-3.795494261589E0,6.452452033587E0,
-5.564903194960E0));
#11241=CARTESIAN_POINT('',(-4.326644047537E0,6.458235684474E0,
-5.115677011492E0));
#11243=CURVE_STYLE('',#14,POSITIVE_LENGTH_MEASURE(2.E-2),#7);
#11244=PRESENTATION_STYLE_ASSIGNMENT((#11243));
#11245=STYLED_ITEM('',(#11244),#11242);
#11246=DIRECTION('',(-3.667537271203E-14,-1.E0,2.934029816963E-14));
#11247=VECTOR('',#11246,3.632594656940E-1);
#11248=CARTESIAN_POINT('',(-4.326644047537E0,6.458235684474E0,
-5.115677011492E0));
#11249=LINE('',#11248,#11247);
#11250=CURVE_STYLE('',#14,POSITIVE_LENGTH_MEASURE(2.E-2),#7);
#11251=PRESENTATION_STYLE_ASSIGNMENT((#11250));
#11252=STYLED_ITEM('',(#11251),#11249);
#11253=CARTESIAN_POINT('',(-4.326644047537E0,6.094976218780E0,
-5.115677011492E0));
#11254=CARTESIAN_POINT('',(-3.795494261589E0,6.089192567893E0,
-5.564903194960E0));
#11255=CARTESIAN_POINT('',(-2.592230500519E0,6.077625266119E0,
-6.296486873116E0));
#11256=CARTESIAN_POINT('',(-5.377813190665E-1,6.060274313458E0,
-6.787952917709E0));
#11257=CARTESIAN_POINT('',(1.568403365878E0,6.042923360798E0,
-6.626128179190E0));
#11258=CARTESIAN_POINT('',(3.523650266161E0,6.025572408137E0,
-5.826608811224E0));
#11259=CARTESIAN_POINT('',(5.139779196205E0,6.008221455476E0,
-4.466334717853E0));
#11260=CARTESIAN_POINT('',(6.261255608095E0,5.990870502816E0,
-2.676220415763E0));
#11261=CARTESIAN_POINT('',(6.780147985413E0,5.973519550155E0,
-6.285462766349E-1));
#11262=CARTESIAN_POINT('',(6.646518203542E0,5.956168597494E0,1.479619201175E0));
#11263=CARTESIAN_POINT('',(5.873226771255E0,5.938817644833E0,3.445385970818E0));
#11264=CARTESIAN_POINT('',(4.534695350709E0,5.921466692173E0,5.079568414034E0));
#11265=CARTESIAN_POINT('',(2.759744350413E0,5.904115739512E0,6.224892634981E0));
#11266=CARTESIAN_POINT('',(7.191952505082E-1,5.886764786851E0,
6.771132504104E0));
#11267=CARTESIAN_POINT('',(-1.390569279430E0,5.869413834190E0,
6.665717836488E0));
#11268=CARTESIAN_POINT('',(-3.366505268994E0,5.852062881530E0,
5.918793751296E0));
#11269=CARTESIAN_POINT('',(-5.018448421281E0,5.834711928869E0,
4.602244304630E0));
#11270=CARTESIAN_POINT('',(-6.187415545657E0,5.817360976208E0,
2.842774360007E0));
#11271=CARTESIAN_POINT('',(-6.760905117530E0,5.800010023547E0,
8.097154983750E-1));
#11272=CARTESIAN_POINT('',(-6.683724437439E0,5.782659070887E0,
-1.301270471860E0));
#11273=CARTESIAN_POINT('',(-5.963301382523E0,5.765308118226E0,
-3.287022028791E0));
#11274=CARTESIAN_POINT('',(-4.668969546806E0,5.747957165565E0,
-4.956430224219E0));
#11275=CARTESIAN_POINT('',(-2.925295568489E0,5.730606212904E0,
-6.148831029841E0));
#11276=CARTESIAN_POINT('',(-9.000908229831E-1,5.713255260244E0,
-6.749467661004E0));
#11277=CARTESIAN_POINT('',(1.211738762304E0,5.695904307583E0,
-6.700534782276E0));
#11278=CARTESIAN_POINT('',(3.206950475860E0,5.678553354922E0,
-6.006741699286E0));
#11279=CARTESIAN_POINT('',(4.893524922971E0,5.661202402261E0,
-4.734859134633E0));
#11280=CARTESIAN_POINT('',(6.109145993385E0,5.643851449601E0,
-3.007293206200E0));
#11281=CARTESIAN_POINT('',(6.736822181612E0,5.626500496940E0,
-9.903050489098E-1));
#11282=CARTESIAN_POINT('',(6.716145862274E0,5.609149544279E0,1.121990175186E0));
#11283=CARTESIAN_POINT('',(6.049106926618E0,5.591798591618E0,3.126304941443E0));
#11284=CARTESIAN_POINT('',(4.799901275162E0,5.574447638958E0,4.829743776356E0));
#11285=CARTESIAN_POINT('',(3.088752597169E0,5.557096686297E0,6.068367539136E0));
#11286=CARTESIAN_POINT('',(1.080342029573E0,5.539745733636E0,6.722970942648E0));
#11287=CARTESIAN_POINT('',(-1.032040773748E0,5.522394780975E0,
6.730554883357E0));
#11288=CARTESIAN_POINT('',(-3.045099859516E0,5.505043828315E0,
6.090389481973E0));
#11289=CARTESIAN_POINT('',(-4.765098199954E0,5.487692875654E0,
4.864084327122E0));
#11290=CARTESIAN_POINT('',(-6.026502965639E0,5.470341922993E0,
3.169659161755E0));
#11291=CARTESIAN_POINT('',(-6.707916423214E0,5.452990970333E0,
1.170185650113E0));
#11292=CARTESIAN_POINT('',(-6.743759266591E0,5.435640017672E0,
-9.419066571746E-1));
#11293=CARTESIAN_POINT('',(-6.130581976580E0,5.418289065011E0,
-2.963349764200E0));
#11294=CARTESIAN_POINT('',(-4.927396803002E0,5.400938112350E0,
-4.699599764057E0));
#11295=CARTESIAN_POINT('',(-3.249998419266E0,5.383587159690E0,
-5.983559765835E0));
#11296=CARTESIAN_POINT('',(-1.259819830279E0,5.366236207029E0,
-6.691661317774E0));
#11297=CARTESIAN_POINT('',(8.516039577100E-1,5.348885254368E0,
-6.755756648649E0));
#11298=CARTESIAN_POINT('',(2.881069287163E0,5.331534301707E0,
-6.169677216769E0));
#11299=CARTESIAN_POINT('',(4.633260191606E0,5.314183349047E0,
-4.989827371106E0));
#11300=CARTESIAN_POINT('',(5.939545625717E0,5.296832396386E0,
-3.329755990547E0));
#11301=CARTESIAN_POINT('',(6.674208535674E0,5.279481443725E0,
-1.349228527305E0));
#11302=CARTESIAN_POINT('',(6.766544882236E0,5.262130491064E0,
7.611488377717E-1));
#11303=CARTESIAN_POINT('',(6.207668205257E0,5.244779538404E0,2.798273155002E0));
#11304=CARTESIAN_POINT('',(5.051364857583E0,5.227428585743E0,4.566091356086E0));
#11305=CARTESIAN_POINT('',(3.408917600553E0,5.210077633082E0,5.894468422956E0));
#11306=CARTESIAN_POINT('',(1.438395738774E0,5.192726680422E0,6.655561200618E0));
#11307=CARTESIAN_POINT('',(-6.705574870273E-1,5.175375727761E0,
6.776122036480E0));
#11308=CARTESIAN_POINT('',(-2.714976186718E0,5.158024775100E0,
6.244548142352E0));
#11309=CARTESIAN_POINT('',(-4.498105278985E0,5.140673822439E0,
5.111998248598E0));
#11310=CARTESIAN_POINT('',(-5.848336227058E0,5.123322869779E0,
3.487469080263E0));
#11311=CARTESIAN_POINT('',(-6.635722644260E0,5.105971917118E0,
1.527305507889E0));
#11312=CARTESIAN_POINT('',(-6.784486419100E0,5.088620964457E0,
-5.798461284719E-1));
#11313=CARTESIAN_POINT('',(-6.280310345752E0,5.071270011797E0,
-2.631193257571E0));
#11314=CARTESIAN_POINT('',(-5.171716996178E0,5.053919059136E0,
-4.429314252647E0));
#11315=CARTESIAN_POINT('',(-3.565395235139E0,5.036568106475E0,
-5.801156831393E0));
#11316=CARTESIAN_POINT('',(-1.615946158762E0,5.019217153815E0,
-6.614698146716E0));
#11317=CARTESIAN_POINT('',(4.890468112003E-1,5.001866201154E0,
-6.791630078826E0));
#11318=CARTESIAN_POINT('',(1.860935834499E0,4.990298899380E0,
-6.473858361048E0));
#11319=CARTESIAN_POINT('',(2.506086506541E0,4.984515248493E0,
-6.213656767294E0));
#11321=CURVE_STYLE('',#14,POSITIVE_LENGTH_MEASURE(2.E-2),#7);
#11322=PRESENTATION_STYLE_ASSIGNMENT((#11321));
#11323=STYLED_ITEM('',(#11322),#11320);
#11324=CARTESIAN_POINT('',(2.506086506541E0,5.347774714188E0,
-6.213656767294E0));
#11325=CARTESIAN_POINT('',(2.506086506541E0,4.984515248493E0,
-6.213656767294E0));
#11326=VERTEX_POINT('',#11324);
#11327=VERTEX_POINT('',#11325);
#11328=VERTEX_POINT('',#11241);
#11329=CARTESIAN_POINT('',(-4.326644047537E0,6.094976218780E0,
-5.115677011492E0));
#11330=VERTEX_POINT('',#11329);
#11331=CARTESIAN_POINT('',(3.319971529330E0,5.371877560605E0,
-5.818452008012E0));
#11332=CARTESIAN_POINT('',(3.319971529330E0,5.229704583475E0,
-5.818452008012E0));
#11333=CARTESIAN_POINT('',(3.319971529330E0,5.087531606345E0,
-5.818452008012E0));
#11334=CARTESIAN_POINT('',(3.319971529330E0,4.945358629215E0,
-5.818452008012E0));
#11335=CARTESIAN_POINT('',(3.058145667351E0,5.374386522748E0,
-5.968838508986E0));
#11336=CARTESIAN_POINT('',(3.058145667351E0,5.232213545618E0,
-5.968838508986E0));
#11337=CARTESIAN_POINT('',(3.058145667351E0,5.090040568488E0,
-5.968838508986E0));
#11338=CARTESIAN_POINT('',(3.058145667351E0,4.947867591358E0,
-5.968838508986E0));
#11339=CARTESIAN_POINT('',(2.158500270178E0,5.382679135779E0,
-6.404933280178E0));
#11340=CARTESIAN_POINT('',(2.158500270178E0,5.240506158649E0,
-6.404933280178E0));
#11341=CARTESIAN_POINT('',(2.158500270178E0,5.098333181519E0,
-6.404933280178E0));
#11342=CARTESIAN_POINT('',(2.158500270178E0,4.956160204389E0,
-6.404933280178E0));
#11343=CARTESIAN_POINT('',(4.890468112003E-1,5.396755399697E0,
-6.791630078826E0));
#11344=CARTESIAN_POINT('',(4.890468112003E-1,5.254582422567E0,
-6.791630078826E0));
#11345=CARTESIAN_POINT('',(4.890468112003E-1,5.112409445436E0,
-6.791630078826E0));
#11346=CARTESIAN_POINT('',(4.890468112003E-1,4.970236468306E0,
-6.791630078826E0));
#11347=CARTESIAN_POINT('',(-1.615946158762E0,5.414106352358E0,
-6.614698146716E0));
#11348=CARTESIAN_POINT('',(-1.615946158762E0,5.271933375228E0,
-6.614698146716E0));
#11349=CARTESIAN_POINT('',(-1.615946158762E0,5.129760398097E0,
-6.614698146716E0));
#11350=CARTESIAN_POINT('',(-1.615946158762E0,4.987587420967E0,
-6.614698146716E0));
#11351=CARTESIAN_POINT('',(-3.565395235139E0,5.431457305018E0,
-5.801156831393E0));
#11352=CARTESIAN_POINT('',(-3.565395235139E0,5.289284327888E0,
-5.801156831393E0));
#11353=CARTESIAN_POINT('',(-3.565395235139E0,5.147111350757E0,
-5.801156831393E0));
#11354=CARTESIAN_POINT('',(-3.565395235139E0,5.004938373627E0,
-5.801156831393E0));
#11355=CARTESIAN_POINT('',(-5.171716996178E0,5.448808257679E0,
-4.429314252647E0));
#11356=CARTESIAN_POINT('',(-5.171716996178E0,5.306635280549E0,
-4.429314252647E0));
#11357=CARTESIAN_POINT('',(-5.171716996178E0,5.164462303418E0,
-4.429314252647E0));
#11358=CARTESIAN_POINT('',(-5.171716996178E0,5.022289326288E0,
-4.429314252647E0));
#11359=CARTESIAN_POINT('',(-6.280310345752E0,5.466159210340E0,
-2.631193257571E0));
#11360=CARTESIAN_POINT('',(-6.280310345752E0,5.323986233210E0,
-2.631193257571E0));
#11361=CARTESIAN_POINT('',(-6.280310345752E0,5.181813256079E0,
-2.631193257571E0));
#11362=CARTESIAN_POINT('',(-6.280310345752E0,5.039640278949E0,
-2.631193257571E0));
#11363=CARTESIAN_POINT('',(-6.784486419100E0,5.483510163E0,-5.798461284719E-1));
#11364=CARTESIAN_POINT('',(-6.784486419100E0,5.341337185870E0,
-5.798461284719E-1));
#11365=CARTESIAN_POINT('',(-6.784486419100E0,5.199164208739E0,
-5.798461284719E-1));
#11366=CARTESIAN_POINT('',(-6.784486419100E0,5.056991231609E0,
-5.798461284719E-1));
#11367=CARTESIAN_POINT('',(-6.635722644260E0,5.500861115661E0,
1.527305507889E0));
#11368=CARTESIAN_POINT('',(-6.635722644260E0,5.358688138531E0,
1.527305507889E0));
#11369=CARTESIAN_POINT('',(-6.635722644260E0,5.216515161400E0,
1.527305507889E0));
#11370=CARTESIAN_POINT('',(-6.635722644260E0,5.074342184270E0,
1.527305507889E0));
#11371=CARTESIAN_POINT('',(-5.848336227058E0,5.518212068322E0,
3.487469080263E0));
#11372=CARTESIAN_POINT('',(-5.848336227058E0,5.376039091192E0,
3.487469080263E0));
#11373=CARTESIAN_POINT('',(-5.848336227058E0,5.233866114061E0,
3.487469080263E0));
#11374=CARTESIAN_POINT('',(-5.848336227058E0,5.091693136931E0,
3.487469080263E0));
#11375=CARTESIAN_POINT('',(-4.498105278985E0,5.535563020982E0,
5.111998248598E0));
#11376=CARTESIAN_POINT('',(-4.498105278985E0,5.393390043852E0,
5.111998248598E0));
#11377=CARTESIAN_POINT('',(-4.498105278985E0,5.251217066721E0,
5.111998248598E0));
#11378=CARTESIAN_POINT('',(-4.498105278985E0,5.109044089591E0,
5.111998248598E0));
#11379=CARTESIAN_POINT('',(-2.714976186718E0,5.552913973643E0,
6.244548142352E0));
#11380=CARTESIAN_POINT('',(-2.714976186718E0,5.410740996513E0,
6.244548142352E0));
#11381=CARTESIAN_POINT('',(-2.714976186718E0,5.268568019382E0,
6.244548142352E0));
#11382=CARTESIAN_POINT('',(-2.714976186718E0,5.126395042252E0,
6.244548142352E0));
#11383=CARTESIAN_POINT('',(-6.705574870273E-1,5.570264926304E0,
6.776122036480E0));
#11384=CARTESIAN_POINT('',(-6.705574870273E-1,5.428091949174E0,
6.776122036480E0));
#11385=CARTESIAN_POINT('',(-6.705574870273E-1,5.285918972043E0,
6.776122036480E0));
#11386=CARTESIAN_POINT('',(-6.705574870273E-1,5.143745994913E0,
6.776122036480E0));
#11387=CARTESIAN_POINT('',(1.438395738774E0,5.587615878963E0,6.655561200618E0));
#11388=CARTESIAN_POINT('',(1.438395738774E0,5.445442901834E0,6.655561200618E0));
#11389=CARTESIAN_POINT('',(1.438395738774E0,5.303269924704E0,6.655561200618E0));
#11390=CARTESIAN_POINT('',(1.438395738774E0,5.161096947575E0,6.655561200618E0));
#11391=CARTESIAN_POINT('',(3.408917600553E0,5.604966831625E0,5.894468422956E0));
#11392=CARTESIAN_POINT('',(3.408917600553E0,5.462793854495E0,5.894468422956E0));
#11393=CARTESIAN_POINT('',(3.408917600553E0,5.320620877364E0,5.894468422956E0));
#11394=CARTESIAN_POINT('',(3.408917600553E0,5.178447900234E0,5.894468422956E0));
#11395=CARTESIAN_POINT('',(5.051364857583E0,5.622317784286E0,4.566091356086E0));
#11396=CARTESIAN_POINT('',(5.051364857583E0,5.480144807156E0,4.566091356086E0));
#11397=CARTESIAN_POINT('',(5.051364857583E0,5.337971830025E0,4.566091356086E0));
#11398=CARTESIAN_POINT('',(5.051364857583E0,5.195798852895E0,4.566091356086E0));
#11399=CARTESIAN_POINT('',(6.207668205257E0,5.639668736945E0,2.798273155002E0));
#11400=CARTESIAN_POINT('',(6.207668205257E0,5.497495759816E0,2.798273155002E0));
#11401=CARTESIAN_POINT('',(6.207668205257E0,5.355322782686E0,2.798273155002E0));
#11402=CARTESIAN_POINT('',(6.207668205257E0,5.213149805557E0,2.798273155002E0));
#11403=CARTESIAN_POINT('',(6.766544882236E0,5.657019689607E0,
7.611488377717E-1));
#11404=CARTESIAN_POINT('',(6.766544882236E0,5.514846712477E0,
7.611488377717E-1));
#11405=CARTESIAN_POINT('',(6.766544882236E0,5.372673735346E0,
7.611488377717E-1));
#11406=CARTESIAN_POINT('',(6.766544882236E0,5.230500758216E0,
7.611488377717E-1));
#11407=CARTESIAN_POINT('',(6.674208535674E0,5.674370642268E0,
-1.349228527305E0));
#11408=CARTESIAN_POINT('',(6.674208535674E0,5.532197665138E0,
-1.349228527305E0));
#11409=CARTESIAN_POINT('',(6.674208535674E0,5.390024688007E0,
-1.349228527305E0));
#11410=CARTESIAN_POINT('',(6.674208535674E0,5.247851710877E0,
-1.349228527305E0));
#11411=CARTESIAN_POINT('',(5.939545625717E0,5.691721594929E0,
-3.329755990547E0));
#11412=CARTESIAN_POINT('',(5.939545625717E0,5.549548617799E0,
-3.329755990547E0));
#11413=CARTESIAN_POINT('',(5.939545625717E0,5.407375640668E0,
-3.329755990547E0));
#11414=CARTESIAN_POINT('',(5.939545625717E0,5.265202663538E0,
-3.329755990547E0));
#11415=CARTESIAN_POINT('',(4.633260191606E0,5.709072547588E0,
-4.989827371106E0));
#11416=CARTESIAN_POINT('',(4.633260191606E0,5.566899570459E0,
-4.989827371106E0));
#11417=CARTESIAN_POINT('',(4.633260191606E0,5.424726593329E0,
-4.989827371106E0));
#11418=CARTESIAN_POINT('',(4.633260191606E0,5.282553616200E0,
-4.989827371106E0));
#11419=CARTESIAN_POINT('',(2.881069287163E0,5.726423500250E0,
-6.169677216769E0));
#11420=CARTESIAN_POINT('',(2.881069287163E0,5.584250523120E0,
-6.169677216769E0));
#11421=CARTESIAN_POINT('',(2.881069287163E0,5.442077545989E0,
-6.169677216769E0));
#11422=CARTESIAN_POINT('',(2.881069287163E0,5.299904568859E0,
-6.169677216769E0));
#11423=CARTESIAN_POINT('',(8.516039577100E-1,5.743774452911E0,
-6.755756648649E0));
#11424=CARTESIAN_POINT('',(8.516039577100E-1,5.601601475781E0,
-6.755756648649E0));
#11425=CARTESIAN_POINT('',(8.516039577100E-1,5.459428498650E0,
-6.755756648649E0));
#11426=CARTESIAN_POINT('',(8.516039577100E-1,5.317255521520E0,
-6.755756648649E0));
#11427=CARTESIAN_POINT('',(-1.259819830279E0,5.761125405570E0,
-6.691661317774E0));
#11428=CARTESIAN_POINT('',(-1.259819830279E0,5.618952428441E0,
-6.691661317774E0));
#11429=CARTESIAN_POINT('',(-1.259819830279E0,5.476779451311E0,
-6.691661317774E0));
#11430=CARTESIAN_POINT('',(-1.259819830279E0,5.334606474182E0,
-6.691661317774E0));
#11431=CARTESIAN_POINT('',(-3.249998419266E0,5.778476358231E0,
-5.983559765835E0));
#11432=CARTESIAN_POINT('',(-3.249998419266E0,5.636303381102E0,
-5.983559765835E0));
#11433=CARTESIAN_POINT('',(-3.249998419266E0,5.494130403972E0,
-5.983559765835E0));
#11434=CARTESIAN_POINT('',(-3.249998419266E0,5.351957426843E0,
-5.983559765835E0));
#11435=CARTESIAN_POINT('',(-4.927396803002E0,5.795827310893E0,
-4.699599764057E0));
#11436=CARTESIAN_POINT('',(-4.927396803002E0,5.653654333763E0,
-4.699599764057E0));
#11437=CARTESIAN_POINT('',(-4.927396803002E0,5.511481356632E0,
-4.699599764057E0));
#11438=CARTESIAN_POINT('',(-4.927396803002E0,5.369308379502E0,
-4.699599764057E0));
#11439=CARTESIAN_POINT('',(-6.130581976580E0,5.813178263552E0,
-2.963349764200E0));
#11440=CARTESIAN_POINT('',(-6.130581976580E0,5.671005286423E0,
-2.963349764200E0));
#11441=CARTESIAN_POINT('',(-6.130581976580E0,5.528832309293E0,
-2.963349764200E0));
#11442=CARTESIAN_POINT('',(-6.130581976580E0,5.386659332164E0,
-2.963349764200E0));
#11443=CARTESIAN_POINT('',(-6.743759266591E0,5.830529216213E0,
-9.419066571746E-1));
#11444=CARTESIAN_POINT('',(-6.743759266591E0,5.688356239084E0,
-9.419066571746E-1));
#11445=CARTESIAN_POINT('',(-6.743759266591E0,5.546183261954E0,
-9.419066571746E-1));
#11446=CARTESIAN_POINT('',(-6.743759266591E0,5.404010284825E0,
-9.419066571746E-1));
#11447=CARTESIAN_POINT('',(-6.707916423214E0,5.847880168874E0,
1.170185650113E0));
#11448=CARTESIAN_POINT('',(-6.707916423214E0,5.705707191745E0,
1.170185650113E0));
#11449=CARTESIAN_POINT('',(-6.707916423214E0,5.563534214615E0,
1.170185650113E0));
#11450=CARTESIAN_POINT('',(-6.707916423214E0,5.421361237486E0,
1.170185650113E0));
#11451=CARTESIAN_POINT('',(-6.026502965639E0,5.865231121536E0,
3.169659161755E0));
#11452=CARTESIAN_POINT('',(-6.026502965639E0,5.723058144406E0,
3.169659161755E0));
#11453=CARTESIAN_POINT('',(-6.026502965639E0,5.580885167275E0,
3.169659161755E0));
#11454=CARTESIAN_POINT('',(-6.026502965639E0,5.438712190145E0,
3.169659161755E0));
#11455=CARTESIAN_POINT('',(-4.765098199954E0,5.882582074195E0,
4.864084327122E0));
#11456=CARTESIAN_POINT('',(-4.765098199954E0,5.740409097066E0,
4.864084327122E0));
#11457=CARTESIAN_POINT('',(-4.765098199954E0,5.598236119936E0,
4.864084327122E0));
#11458=CARTESIAN_POINT('',(-4.765098199954E0,5.456063142807E0,
4.864084327122E0));
#11459=CARTESIAN_POINT('',(-3.045099859516E0,5.899933026856E0,
6.090389481973E0));
#11460=CARTESIAN_POINT('',(-3.045099859516E0,5.757760049727E0,
6.090389481973E0));
#11461=CARTESIAN_POINT('',(-3.045099859516E0,5.615587072597E0,
6.090389481973E0));
#11462=CARTESIAN_POINT('',(-3.045099859516E0,5.473414095468E0,
6.090389481973E0));
#11463=CARTESIAN_POINT('',(-1.032040773748E0,5.917283979518E0,
6.730554883357E0));
#11464=CARTESIAN_POINT('',(-1.032040773748E0,5.775111002388E0,
6.730554883357E0));
#11465=CARTESIAN_POINT('',(-1.032040773748E0,5.632938025257E0,
6.730554883357E0));
#11466=CARTESIAN_POINT('',(-1.032040773748E0,5.490765048127E0,
6.730554883357E0));
#11467=CARTESIAN_POINT('',(1.080342029573E0,5.934634932177E0,6.722970942648E0));
#11468=CARTESIAN_POINT('',(1.080342029573E0,5.792461955048E0,6.722970942648E0));
#11469=CARTESIAN_POINT('',(1.080342029573E0,5.650288977918E0,6.722970942648E0));
#11470=CARTESIAN_POINT('',(1.080342029573E0,5.508116000789E0,6.722970942648E0));
#11471=CARTESIAN_POINT('',(3.088752597169E0,5.951985884838E0,6.068367539136E0));
#11472=CARTESIAN_POINT('',(3.088752597169E0,5.809812907709E0,6.068367539136E0));
#11473=CARTESIAN_POINT('',(3.088752597169E0,5.667639930579E0,6.068367539136E0));
#11474=CARTESIAN_POINT('',(3.088752597169E0,5.525466953450E0,6.068367539136E0));
#11475=CARTESIAN_POINT('',(4.799901275162E0,5.969336837499E0,4.829743776356E0));
#11476=CARTESIAN_POINT('',(4.799901275162E0,5.827163860370E0,4.829743776356E0));
#11477=CARTESIAN_POINT('',(4.799901275162E0,5.684990883240E0,4.829743776356E0));
#11478=CARTESIAN_POINT('',(4.799901275162E0,5.542817906111E0,4.829743776356E0));
#11479=CARTESIAN_POINT('',(6.049106926618E0,5.986687790161E0,3.126304941443E0));
#11480=CARTESIAN_POINT('',(6.049106926618E0,5.844514813031E0,3.126304941443E0));
#11481=CARTESIAN_POINT('',(6.049106926618E0,5.702341835900E0,3.126304941443E0));
#11482=CARTESIAN_POINT('',(6.049106926618E0,5.560168858770E0,3.126304941443E0));
#11483=CARTESIAN_POINT('',(6.716145862274E0,6.004038742820E0,1.121990175186E0));
#11484=CARTESIAN_POINT('',(6.716145862274E0,5.861865765691E0,1.121990175186E0));
#11485=CARTESIAN_POINT('',(6.716145862274E0,5.719692788561E0,1.121990175186E0));
#11486=CARTESIAN_POINT('',(6.716145862274E0,5.577519811432E0,1.121990175186E0));
#11487=CARTESIAN_POINT('',(6.736822181612E0,6.021389695481E0,
-9.903050489098E-1));
#11488=CARTESIAN_POINT('',(6.736822181612E0,5.879216718352E0,
-9.903050489098E-1));
#11489=CARTESIAN_POINT('',(6.736822181612E0,5.737043741222E0,
-9.903050489098E-1));
#11490=CARTESIAN_POINT('',(6.736822181612E0,5.594870764093E0,
-9.903050489098E-1));
#11491=CARTESIAN_POINT('',(6.109145993385E0,6.038740648142E0,
-3.007293206200E0));
#11492=CARTESIAN_POINT('',(6.109145993385E0,5.896567671013E0,
-3.007293206200E0));
#11493=CARTESIAN_POINT('',(6.109145993385E0,5.754394693883E0,
-3.007293206200E0));
#11494=CARTESIAN_POINT('',(6.109145993385E0,5.612221716754E0,
-3.007293206200E0));
#11495=CARTESIAN_POINT('',(4.893524922971E0,6.056091600804E0,
-4.734859134633E0));
#11496=CARTESIAN_POINT('',(4.893524922971E0,5.913918623674E0,
-4.734859134633E0));
#11497=CARTESIAN_POINT('',(4.893524922971E0,5.771745646543E0,
-4.734859134633E0));
#11498=CARTESIAN_POINT('',(4.893524922971E0,5.629572669413E0,
-4.734859134633E0));
#11499=CARTESIAN_POINT('',(3.206950475860E0,6.073442553463E0,
-6.006741699286E0));
#11500=CARTESIAN_POINT('',(3.206950475860E0,5.931269576334E0,
-6.006741699286E0));
#11501=CARTESIAN_POINT('',(3.206950475860E0,5.789096599204E0,
-6.006741699286E0));
#11502=CARTESIAN_POINT('',(3.206950475860E0,5.646923622075E0,
-6.006741699286E0));
#11503=CARTESIAN_POINT('',(1.211738762304E0,6.090793506124E0,
-6.700534782276E0));
#11504=CARTESIAN_POINT('',(1.211738762304E0,5.948620528995E0,
-6.700534782276E0));
#11505=CARTESIAN_POINT('',(1.211738762304E0,5.806447551865E0,
-6.700534782276E0));
#11506=CARTESIAN_POINT('',(1.211738762304E0,5.664274574736E0,
-6.700534782276E0));
#11507=CARTESIAN_POINT('',(-9.000908229831E-1,6.108144458785E0,
-6.749467661004E0));
#11508=CARTESIAN_POINT('',(-9.000908229831E-1,5.965971481656E0,
-6.749467661004E0));
#11509=CARTESIAN_POINT('',(-9.000908229831E-1,5.823798504526E0,
-6.749467661004E0));
#11510=CARTESIAN_POINT('',(-9.000908229831E-1,5.681625527397E0,
-6.749467661004E0));
#11511=CARTESIAN_POINT('',(-2.925295568489E0,6.125495411445E0,
-6.148831029841E0));
#11512=CARTESIAN_POINT('',(-2.925295568489E0,5.983322434316E0,
-6.148831029841E0));
#11513=CARTESIAN_POINT('',(-2.925295568489E0,5.841149457186E0,
-6.148831029841E0));
#11514=CARTESIAN_POINT('',(-2.925295568489E0,5.698976480057E0,
-6.148831029841E0));
#11515=CARTESIAN_POINT('',(-4.668969546806E0,6.142846364106E0,
-4.956430224219E0));
#11516=CARTESIAN_POINT('',(-4.668969546806E0,6.000673386977E0,
-4.956430224219E0));
#11517=CARTESIAN_POINT('',(-4.668969546806E0,5.858500409847E0,
-4.956430224219E0));
#11518=CARTESIAN_POINT('',(-4.668969546806E0,5.716327432718E0,
-4.956430224219E0));
#11519=CARTESIAN_POINT('',(-5.963301382523E0,6.160197316767E0,
-3.287022028791E0));
#11520=CARTESIAN_POINT('',(-5.963301382523E0,6.018024339638E0,
-3.287022028791E0));
#11521=CARTESIAN_POINT('',(-5.963301382523E0,5.875851362508E0,
-3.287022028791E0));
#11522=CARTESIAN_POINT('',(-5.963301382523E0,5.733678385379E0,
-3.287022028791E0));
#11523=CARTESIAN_POINT('',(-6.683724437439E0,6.177548269428E0,
-1.301270471860E0));
#11524=CARTESIAN_POINT('',(-6.683724437439E0,6.035375292299E0,
-1.301270471860E0));
#11525=CARTESIAN_POINT('',(-6.683724437439E0,5.893202315169E0,
-1.301270471860E0));
#11526=CARTESIAN_POINT('',(-6.683724437439E0,5.751029338040E0,
-1.301270471860E0));
#11527=CARTESIAN_POINT('',(-6.760905117530E0,6.194899222088E0,
8.097154983751E-1));
#11528=CARTESIAN_POINT('',(-6.760905117530E0,6.052726244959E0,
8.097154983751E-1));
#11529=CARTESIAN_POINT('',(-6.760905117530E0,5.910553267829E0,
8.097154983750E-1));
#11530=CARTESIAN_POINT('',(-6.760905117530E0,5.768380290700E0,
8.097154983750E-1));
#11531=CARTESIAN_POINT('',(-6.187415545657E0,6.212250174749E0,
2.842774360007E0));
#11532=CARTESIAN_POINT('',(-6.187415545657E0,6.070077197620E0,
2.842774360007E0));
#11533=CARTESIAN_POINT('',(-6.187415545657E0,5.927904220490E0,
2.842774360007E0));
#11534=CARTESIAN_POINT('',(-6.187415545657E0,5.785731243361E0,
2.842774360007E0));
#11535=CARTESIAN_POINT('',(-5.018448421281E0,6.229601127410E0,
4.602244304630E0));
#11536=CARTESIAN_POINT('',(-5.018448421281E0,6.087428150281E0,
4.602244304630E0));
#11537=CARTESIAN_POINT('',(-5.018448421281E0,5.945255173151E0,
4.602244304630E0));
#11538=CARTESIAN_POINT('',(-5.018448421281E0,5.803082196022E0,
4.602244304630E0));
#11539=CARTESIAN_POINT('',(-3.366505268994E0,6.246952080071E0,
5.918793751296E0));
#11540=CARTESIAN_POINT('',(-3.366505268994E0,6.104779102942E0,
5.918793751296E0));
#11541=CARTESIAN_POINT('',(-3.366505268994E0,5.962606125812E0,
5.918793751296E0));
#11542=CARTESIAN_POINT('',(-3.366505268994E0,5.820433148683E0,
5.918793751296E0));
#11543=CARTESIAN_POINT('',(-1.390569279430E0,6.264303032731E0,
6.665717836488E0));
#11544=CARTESIAN_POINT('',(-1.390569279430E0,6.122130055602E0,
6.665717836488E0));
#11545=CARTESIAN_POINT('',(-1.390569279430E0,5.979957078472E0,
6.665717836488E0));
#11546=CARTESIAN_POINT('',(-1.390569279430E0,5.837784101343E0,
6.665717836488E0));
#11547=CARTESIAN_POINT('',(7.191952505082E-1,6.281653985392E0,
6.771132504104E0));
#11548=CARTESIAN_POINT('',(7.191952505082E-1,6.139481008263E0,
6.771132504104E0));
#11549=CARTESIAN_POINT('',(7.191952505082E-1,5.997308031133E0,
6.771132504104E0));
#11550=CARTESIAN_POINT('',(7.191952505082E-1,5.855135054004E0,
6.771132504104E0));
#11551=CARTESIAN_POINT('',(2.759744350413E0,6.299004938053E0,6.224892634981E0));
#11552=CARTESIAN_POINT('',(2.759744350413E0,6.156831960924E0,6.224892634981E0));
#11553=CARTESIAN_POINT('',(2.759744350413E0,6.014658983794E0,6.224892634981E0));
#11554=CARTESIAN_POINT('',(2.759744350413E0,5.872486006665E0,6.224892634981E0));
#11555=CARTESIAN_POINT('',(4.534695350709E0,6.316355890714E0,5.079568414034E0));
#11556=CARTESIAN_POINT('',(4.534695350709E0,6.174182913585E0,5.079568414034E0));
#11557=CARTESIAN_POINT('',(4.534695350709E0,6.032009936455E0,5.079568414034E0));
#11558=CARTESIAN_POINT('',(4.534695350709E0,5.889836959326E0,5.079568414034E0));
#11559=CARTESIAN_POINT('',(5.873226771255E0,6.333706843374E0,3.445385970818E0));
#11560=CARTESIAN_POINT('',(5.873226771255E0,6.191533866245E0,3.445385970818E0));
#11561=CARTESIAN_POINT('',(5.873226771255E0,6.049360889115E0,3.445385970818E0));
#11562=CARTESIAN_POINT('',(5.873226771255E0,5.907187911986E0,3.445385970818E0));
#11563=CARTESIAN_POINT('',(6.646518203542E0,6.351057796035E0,1.479619201175E0));
#11564=CARTESIAN_POINT('',(6.646518203542E0,6.208884818906E0,1.479619201175E0));
#11565=CARTESIAN_POINT('',(6.646518203542E0,6.066711841776E0,1.479619201175E0));
#11566=CARTESIAN_POINT('',(6.646518203542E0,5.924538864647E0,1.479619201175E0));
#11567=CARTESIAN_POINT('',(6.780147985413E0,6.368408748696E0,
-6.285462766349E-1));
#11568=CARTESIAN_POINT('',(6.780147985413E0,6.226235771567E0,
-6.285462766349E-1));
#11569=CARTESIAN_POINT('',(6.780147985413E0,6.084062794437E0,
-6.285462766349E-1));
#11570=CARTESIAN_POINT('',(6.780147985413E0,5.941889817308E0,
-6.285462766349E-1));
#11571=CARTESIAN_POINT('',(6.261255608095E0,6.385759701357E0,
-2.676220415763E0));
#11572=CARTESIAN_POINT('',(6.261255608095E0,6.243586724228E0,
-2.676220415763E0));
#11573=CARTESIAN_POINT('',(6.261255608095E0,6.101413747098E0,
-2.676220415763E0));
#11574=CARTESIAN_POINT('',(6.261255608095E0,5.959240769969E0,
-2.676220415763E0));
#11575=CARTESIAN_POINT('',(5.139779196205E0,6.403110654017E0,
-4.466334717853E0));
#11576=CARTESIAN_POINT('',(5.139779196205E0,6.260937676888E0,
-4.466334717853E0));
#11577=CARTESIAN_POINT('',(5.139779196205E0,6.118764699758E0,
-4.466334717853E0));
#11578=CARTESIAN_POINT('',(5.139779196205E0,5.976591722629E0,
-4.466334717853E0));
#11579=CARTESIAN_POINT('',(3.523650266161E0,6.420461606678E0,
-5.826608811224E0));
#11580=CARTESIAN_POINT('',(3.523650266161E0,6.278288629549E0,
-5.826608811224E0));
#11581=CARTESIAN_POINT('',(3.523650266161E0,6.136115652419E0,
-5.826608811224E0));
#11582=CARTESIAN_POINT('',(3.523650266161E0,5.993942675290E0,
-5.826608811224E0));
#11583=CARTESIAN_POINT('',(1.568403365878E0,6.437812559339E0,
-6.626128179190E0));
#11584=CARTESIAN_POINT('',(1.568403365878E0,6.295639582210E0,
-6.626128179190E0));
#11585=CARTESIAN_POINT('',(1.568403365878E0,6.153466605080E0,
-6.626128179190E0));
#11586=CARTESIAN_POINT('',(1.568403365878E0,6.011293627951E0,
-6.626128179190E0));
#11587=CARTESIAN_POINT('',(-5.377813190665E-1,6.455163512001E0,
-6.787952917709E0));
#11588=CARTESIAN_POINT('',(-5.377813190665E-1,6.312990534871E0,
-6.787952917709E0));
#11589=CARTESIAN_POINT('',(-5.377813190665E-1,6.170817557740E0,
-6.787952917709E0));
#11590=CARTESIAN_POINT('',(-5.377813190665E-1,6.028644580610E0,
-6.787952917709E0));
#11591=CARTESIAN_POINT('',(-2.592230500519E0,6.472514464660E0,
-6.296486873116E0));
#11592=CARTESIAN_POINT('',(-2.592230500519E0,6.330341487531E0,
-6.296486873116E0));
#11593=CARTESIAN_POINT('',(-2.592230500519E0,6.188168510401E0,
-6.296486873116E0));
#11594=CARTESIAN_POINT('',(-2.592230500519E0,6.045995533272E0,
-6.296486873116E0));
#11595=CARTESIAN_POINT('',(-4.056483668132E0,6.486590728578E0,
-5.406221785135E0));
#11596=CARTESIAN_POINT('',(-4.056483668132E0,6.344417751448E0,
-5.406221785135E0));
#11597=CARTESIAN_POINT('',(-4.056483668132E0,6.202244774319E0,
-5.406221785135E0));
#11598=CARTESIAN_POINT('',(-4.056483668132E0,6.060071797189E0,
-5.406221785135E0));
#11599=CARTESIAN_POINT('',(-4.774208599993E0,6.494883341609E0,
-4.710225080908E0));
#11600=CARTESIAN_POINT('',(-4.774208599993E0,6.352710364479E0,
-4.710225080908E0));
#11601=CARTESIAN_POINT('',(-4.774208599993E0,6.210537387349E0,
-4.710225080908E0));
#11602=CARTESIAN_POINT('',(-4.774208599993E0,6.068364410220E0,
-4.710225080908E0));
#11603=CARTESIAN_POINT('',(-4.975736988830E0,6.497392303752E0,
-4.485380267386E0));
#11604=CARTESIAN_POINT('',(-4.975736988830E0,6.355219326623E0,
-4.485380267386E0));
#11605=CARTESIAN_POINT('',(-4.975736988830E0,6.213046349493E0,
-4.485380267386E0));
#11606=CARTESIAN_POINT('',(-4.975736988830E0,6.070873372363E0,
-4.485380267386E0));
#11607=B_SPLINE_SURFACE_WITH_KNOTS('',3,3,((#11331,#11332,#11333,#11334),
(#11335,#11336,#11337,#11338),(#11339,#11340,#11341,#11342),(#11343,#11344,
#11345,#11346),(#11347,#11348,#11349,#11350),(#11351,#11352,#11353,#11354),(
#11355,#11356,#11357,#11358),(#11359,#11360,#11361,#11362),(#11363,#11364,
#11365,#11366),(#11367,#11368,#11369,#11370),(#11371,#11372,#11373,#11374),(
#11375,#11376,#11377,#11378),(#11379,#11380,#11381,#11382),(#11383,#11384,
#11385,#11386),(#11387,#11388,#11389,#11390),(#11391,#11392,#11393,#11394),(
#11395,#11396,#11397,#11398),(#11399,#11400,#11401,#11402),(#11403,#11404,
#11405,#11406),(#11407,#11408,#11409,#11410),(#11411,#11412,#11413,#11414),(
#11415,#11416,#11417,#11418),(#11419,#11420,#11421,#11422),(#11423,#11424,
#11425,#11426),(#11427,#11428,#11429,#11430),(#11431,#11432,#11433,#11434),(
#11435,#11436,#11437,#11438),(#11439,#11440,#11441,#11442),(#11443,#11444,
#11445,#11446),(#11447,#11448,#11449,#11450),(#11451,#11452,#11453,#11454),(
#11455,#11456,#11457,#11458),(#11459,#11460,#11461,#11462),(#11463,#11464,
#11465,#11466),(#11467,#11468,#11469,#11470),(#11471,#11472,#11473,#11474),(
#11475,#11476,#11477,#11478),(#11479,#11480,#11481,#11482),(#11483,#11484,
#11485,#11486),(#11487,#11488,#11489,#11490),(#11491,#11492,#11493,#11494),(
#11495,#11496,#11497,#11498),(#11499,#11500,#11501,#11502),(#11503,#11504,
#11505,#11506),(#11507,#11508,#11509,#11510),(#11511,#11512,#11513,#11514),(
#11515,#11516,#11517,#11518),(#11519,#11520,#11521,#11522),(#11523,#11524,
#11525,#11526),(#11527,#11528,#11529,#11530),(#11531,#11532,#11533,#11534),(
#11535,#11536,#11537,#11538),(#11539,#11540,#11541,#11542),(#11543,#11544,
#11545,#11546),(#11547,#11548,#11549,#11550),(#11551,#11552,#11553,#11554),(
#11555,#11556,#11557,#11558),(#11559,#11560,#11561,#11562),(#11563,#11564,
#11565,#11566),(#11567,#11568,#11569,#11570),(#11571,#11572,#11573,#11574),(
#11575,#11576,#11577,#11578),(#11579,#11580,#11581,#11582),(#11583,#11584,
#11585,#11586),(#11587,#11588,#11589,#11590),(#11591,#11592,#11593,#11594),(
#11595,#11596,#11597,#11598),(#11599,#11600,#11601,#11602),(#11603,#11604,
#11605,#11606)),.UNSPECIFIED.,.F.,.F.,.F.,(4,1,1,1,1,1,1,1,1,1,1,1,1,1,1,1,1,1,
1,1,1,1,1,1,1,1,1,1,1,1,1,1,1,1,1,1,1,1,1,1,1,1,1,1,1,1,1,1,1,1,1,1,1,1,1,1,1,1,
1,1,1,1,1,1,1,1,4),(4,4),(-6.778163872616E-3,0.E0,1.562499999999E-2,3.125E-2,
4.687499999999E-2,6.249999999999E-2,7.812499999999E-2,9.374999999999E-2,
1.09375E-1,1.25E-1,1.40625E-1,1.5625E-1,1.71875E-1,1.875E-1,2.03125E-1,
2.187499999999E-1,2.34375E-1,2.5E-1,2.65625E-1,2.8125E-1,2.96875E-1,3.125E-1,
3.281249999999E-1,3.437499999999E-1,3.59375E-1,3.75E-1,3.90625E-1,4.0625E-1,
4.21875E-1,4.375E-1,4.531249999999E-1,4.687499999999E-1,4.84375E-1,5.E-1,
5.15625E-1,5.3125E-1,5.46875E-1,5.624999999999E-1,5.781249999999E-1,5.9375E-1,
6.09375E-1,6.25E-1,6.40625E-1,6.5625E-1,6.718749999999E-1,6.874999999999E-1,
7.031249999999E-1,7.1875E-1,7.34375E-1,7.5E-1,7.65625E-1,7.812499999999E-1,
7.968749999999E-1,8.124999999999E-1,8.281249999999E-1,8.4375E-1,8.59375E-1,
8.75E-1,8.90625E-1,9.062499999999E-1,9.218749999999E-1,9.374999999999E-1,
9.53125E-1,9.6875E-1,9.84375E-1,1.E0,1.006778163873E0),(-8.707201280222E-2,
1.087072012802E0),.UNSPECIFIED.);
#11609=ORIENTED_EDGE('',*,*,#11608,.T.);
#11611=ORIENTED_EDGE('',*,*,#11610,.T.);
#11613=ORIENTED_EDGE('',*,*,#11612,.T.);
#11615=ORIENTED_EDGE('',*,*,#11614,.T.);
#11616=EDGE_LOOP('',(#11609,#11611,#11613,#11615));
#11617=FACE_OUTER_BOUND('',#11616,.F.);
#11618=ADVANCED_FACE('',(#11617),#11607,.F.);
#11619=OPEN_SHELL('',(#11618));
#11620=FILL_AREA_STYLE_COLOUR('',#7);
#11621=FILL_AREA_STYLE('',(#11620));
#11622=SURFACE_STYLE_FILL_AREA(#11621);
#11623=SURFACE_SIDE_STYLE('',(#11622));
#11624=SURFACE_STYLE_USAGE(.POSITIVE.,#11623);
#11625=FILL_AREA_STYLE_COLOUR('',#1);
#11626=FILL_AREA_STYLE('',(#11625));
#11627=SURFACE_STYLE_FILL_AREA(#11626);
#11628=SURFACE_SIDE_STYLE('',(#11627));
#11629=SURFACE_STYLE_USAGE(.NEGATIVE.,#11628);
#11630=PRESENTATION_STYLE_ASSIGNMENT((#11624,#11629));
#11167=STYLED_ITEM('',(#11630),#11619);
#11632=DIRECTION('',(0.E0,1.E0,0.E0));
#11633=VECTOR('',#11632,3.632594656950E-1);
#11634=CARTESIAN_POINT('',(2.506086506541E0,4.984515248493E0,
-6.213656767294E0));
#11635=LINE('',#11634,#11633);
#11636=CURVE_STYLE('',#14,POSITIVE_LENGTH_MEASURE(2.E-2),#7);
#11637=PRESENTATION_STYLE_ASSIGNMENT((#11636));
#11638=STYLED_ITEM('',(#11637),#11635);
#11639=CARTESIAN_POINT('',(2.506086506541E0,5.347774714188E0,
-6.213656767294E0));
#11640=CARTESIAN_POINT('',(1.860935834499E0,5.353558365075E0,
-6.473858361048E0));
#11641=CARTESIAN_POINT('',(4.890468112003E-1,5.365125666849E0,
-6.791630078826E0));
#11642=CARTESIAN_POINT('',(-1.615946158762E0,5.382476619510E0,
-6.614698146716E0));
#11643=CARTESIAN_POINT('',(-3.565395235139E0,5.399827572170E0,
-5.801156831393E0));
#11644=CARTESIAN_POINT('',(-5.171716996178E0,5.417178524831E0,
-4.429314252647E0));
#11645=CARTESIAN_POINT('',(-6.280310345752E0,5.434529477492E0,
-2.631193257571E0));
#11646=CARTESIAN_POINT('',(-6.784486419100E0,5.451880430152E0,
-5.798461284719E-1));
#11647=CARTESIAN_POINT('',(-6.635722644260E0,5.469231382813E0,
1.527305507889E0));
#11648=CARTESIAN_POINT('',(-5.848336227058E0,5.486582335474E0,
3.487469080263E0));
#11649=CARTESIAN_POINT('',(-4.498105278985E0,5.503933288134E0,
5.111998248598E0));
#11650=CARTESIAN_POINT('',(-2.714976186718E0,5.521284240795E0,
6.244548142352E0));
#11651=CARTESIAN_POINT('',(-6.705574870273E-1,5.538635193456E0,
6.776122036480E0));
#11652=CARTESIAN_POINT('',(1.438395738774E0,5.555986146116E0,6.655561200618E0));
#11653=CARTESIAN_POINT('',(3.408917600553E0,5.573337098777E0,5.894468422956E0));
#11654=CARTESIAN_POINT('',(5.051364857583E0,5.590688051438E0,4.566091356086E0));
#11655=CARTESIAN_POINT('',(6.207668205257E0,5.608039004098E0,2.798273155002E0));
#11656=CARTESIAN_POINT('',(6.766544882236E0,5.625389956759E0,
7.611488377717E-1));
#11657=CARTESIAN_POINT('',(6.674208535674E0,5.642740909420E0,
-1.349228527305E0));
#11658=CARTESIAN_POINT('',(5.939545625717E0,5.660091862081E0,
-3.329755990547E0));
#11659=CARTESIAN_POINT('',(4.633260191606E0,5.677442814741E0,
-4.989827371106E0));
#11660=CARTESIAN_POINT('',(2.881069287163E0,5.694793767402E0,
-6.169677216769E0));
#11661=CARTESIAN_POINT('',(8.516039577100E-1,5.712144720063E0,
-6.755756648649E0));
#11662=CARTESIAN_POINT('',(-1.259819830279E0,5.729495672723E0,
-6.691661317774E0));
#11663=CARTESIAN_POINT('',(-3.249998419266E0,5.746846625384E0,
-5.983559765835E0));
#11664=CARTESIAN_POINT('',(-4.927396803002E0,5.764197578045E0,
-4.699599764057E0));
#11665=CARTESIAN_POINT('',(-6.130581976580E0,5.781548530705E0,
-2.963349764200E0));
#11666=CARTESIAN_POINT('',(-6.743759266591E0,5.798899483366E0,
-9.419066571746E-1));
#11667=CARTESIAN_POINT('',(-6.707916423214E0,5.816250436027E0,
1.170185650113E0));
#11668=CARTESIAN_POINT('',(-6.026502965639E0,5.833601388688E0,
3.169659161755E0));
#11669=CARTESIAN_POINT('',(-4.765098199954E0,5.850952341348E0,
4.864084327122E0));
#11670=CARTESIAN_POINT('',(-3.045099859516E0,5.868303294009E0,
6.090389481973E0));
#11671=CARTESIAN_POINT('',(-1.032040773748E0,5.885654246670E0,
6.730554883357E0));
#11672=CARTESIAN_POINT('',(1.080342029573E0,5.903005199330E0,6.722970942648E0));
#11673=CARTESIAN_POINT('',(3.088752597169E0,5.920356151991E0,6.068367539136E0));
#11674=CARTESIAN_POINT('',(4.799901275162E0,5.937707104652E0,4.829743776356E0));
#11675=CARTESIAN_POINT('',(6.049106926618E0,5.955058057313E0,3.126304941443E0));
#11676=CARTESIAN_POINT('',(6.716145862274E0,5.972409009973E0,1.121990175186E0));
#11677=CARTESIAN_POINT('',(6.736822181612E0,5.989759962634E0,
-9.903050489098E-1));
#11678=CARTESIAN_POINT('',(6.109145993385E0,6.007110915295E0,
-3.007293206200E0));
#11679=CARTESIAN_POINT('',(4.893524922971E0,6.024461867956E0,
-4.734859134633E0));
#11680=CARTESIAN_POINT('',(3.206950475860E0,6.041812820616E0,
-6.006741699286E0));
#11681=CARTESIAN_POINT('',(1.211738762304E0,6.059163773277E0,
-6.700534782276E0));
#11682=CARTESIAN_POINT('',(-9.000908229831E-1,6.076514725938E0,
-6.749467661004E0));
#11683=CARTESIAN_POINT('',(-2.925295568489E0,6.093865678598E0,
-6.148831029841E0));
#11684=CARTESIAN_POINT('',(-4.668969546806E0,6.111216631259E0,
-4.956430224219E0));
#11685=CARTESIAN_POINT('',(-5.963301382523E0,6.128567583920E0,
-3.287022028791E0));
#11686=CARTESIAN_POINT('',(-6.683724437439E0,6.145918536581E0,
-1.301270471860E0));
#11687=CARTESIAN_POINT('',(-6.760905117530E0,6.163269489241E0,
8.097154983751E-1));
#11688=CARTESIAN_POINT('',(-6.187415545657E0,6.180620441902E0,
2.842774360007E0));
#11689=CARTESIAN_POINT('',(-5.018448421281E0,6.197971394563E0,
4.602244304630E0));
#11690=CARTESIAN_POINT('',(-3.366505268994E0,6.215322347224E0,
5.918793751296E0));
#11691=CARTESIAN_POINT('',(-1.390569279430E0,6.232673299884E0,
6.665717836488E0));
#11692=CARTESIAN_POINT('',(7.191952505082E-1,6.250024252545E0,
6.771132504104E0));
#11693=CARTESIAN_POINT('',(2.759744350413E0,6.267375205206E0,6.224892634981E0));
#11694=CARTESIAN_POINT('',(4.534695350709E0,6.284726157867E0,5.079568414034E0));
#11695=CARTESIAN_POINT('',(5.873226771255E0,6.302077110527E0,3.445385970818E0));
#11696=CARTESIAN_POINT('',(6.646518203542E0,6.319428063188E0,1.479619201175E0));
#11697=CARTESIAN_POINT('',(6.780147985413E0,6.336779015849E0,
-6.285462766349E-1));
#11698=CARTESIAN_POINT('',(6.261255608095E0,6.354129968510E0,
-2.676220415763E0));
#11699=CARTESIAN_POINT('',(5.139779196205E0,6.371480921170E0,
-4.466334717853E0));
#11700=CARTESIAN_POINT('',(3.523650266161E0,6.388831873831E0,
-5.826608811224E0));
#11701=CARTESIAN_POINT('',(1.568403365878E0,6.406182826492E0,
-6.626128179190E0));
#11702=CARTESIAN_POINT('',(-5.377813190665E-1,6.423533779153E0,
-6.787952917709E0));
#11703=CARTESIAN_POINT('',(-2.592230500519E0,6.440884731813E0,
-6.296486873116E0));
#11704=CARTESIAN_POINT('',(-3.795494261589E0,6.452452033587E0,
-5.564903194960E0));
#11705=CARTESIAN_POINT('',(-4.326644047537E0,6.458235684474E0,
-5.115677011492E0));
#11707=CURVE_STYLE('',#14,POSITIVE_LENGTH_MEASURE(2.E-2),#7);
#11708=PRESENTATION_STYLE_ASSIGNMENT((#11707));
#11709=STYLED_ITEM('',(#11708),#11706);
#11710=DIRECTION('',(-3.667537271203E-14,-1.E0,2.934029816963E-14));
#11711=VECTOR('',#11710,3.632594656940E-1);
#11712=CARTESIAN_POINT('',(-4.326644047537E0,6.458235684474E0,
-5.115677011492E0));
#11713=LINE('',#11712,#11711);
#11714=CURVE_STYLE('',#14,POSITIVE_LENGTH_MEASURE(2.E-2),#7);
#11715=PRESENTATION_STYLE_ASSIGNMENT((#11714));
#11716=STYLED_ITEM('',(#11715),#11713);
#11717=CARTESIAN_POINT('',(-4.326644047537E0,6.094976218780E0,
-5.115677011492E0));
#11718=CARTESIAN_POINT('',(-3.795494261589E0,6.089192567893E0,
-5.564903194960E0));
#11719=CARTESIAN_POINT('',(-2.592230500519E0,6.077625266119E0,
-6.296486873116E0));
#11720=CARTESIAN_POINT('',(-5.377813190665E-1,6.060274313458E0,
-6.787952917709E0));
#11721=CARTESIAN_POINT('',(1.568403365878E0,6.042923360798E0,
-6.626128179190E0));
#11722=CARTESIAN_POINT('',(3.523650266161E0,6.025572408137E0,
-5.826608811224E0));
#11723=CARTESIAN_POINT('',(5.139779196205E0,6.008221455476E0,
-4.466334717853E0));
#11724=CARTESIAN_POINT('',(6.261255608095E0,5.990870502816E0,
-2.676220415763E0));
#11725=CARTESIAN_POINT('',(6.780147985413E0,5.973519550155E0,
-6.285462766349E-1));
#11726=CARTESIAN_POINT('',(6.646518203542E0,5.956168597494E0,1.479619201175E0));
#11727=CARTESIAN_POINT('',(5.873226771255E0,5.938817644833E0,3.445385970818E0));
#11728=CARTESIAN_POINT('',(4.534695350709E0,5.921466692173E0,5.079568414034E0));
#11729=CARTESIAN_POINT('',(2.759744350413E0,5.904115739512E0,6.224892634981E0));
#11730=CARTESIAN_POINT('',(7.191952505082E-1,5.886764786851E0,
6.771132504104E0));
#11731=CARTESIAN_POINT('',(-1.390569279430E0,5.869413834190E0,
6.665717836488E0));
#11732=CARTESIAN_POINT('',(-3.366505268994E0,5.852062881530E0,
5.918793751296E0));
#11733=CARTESIAN_POINT('',(-5.018448421281E0,5.834711928869E0,
4.602244304630E0));
#11734=CARTESIAN_POINT('',(-6.187415545657E0,5.817360976208E0,
2.842774360007E0));
#11735=CARTESIAN_POINT('',(-6.760905117530E0,5.800010023547E0,
8.097154983750E-1));
#11736=CARTESIAN_POINT('',(-6.683724437439E0,5.782659070887E0,
-1.301270471860E0));
#11737=CARTESIAN_POINT('',(-5.963301382523E0,5.765308118226E0,
-3.287022028791E0));
#11738=CARTESIAN_POINT('',(-4.668969546806E0,5.747957165565E0,
-4.956430224219E0));
#11739=CARTESIAN_POINT('',(-2.925295568489E0,5.730606212904E0,
-6.148831029841E0));
#11740=CARTESIAN_POINT('',(-9.000908229831E-1,5.713255260244E0,
-6.749467661004E0));
#11741=CARTESIAN_POINT('',(1.211738762304E0,5.695904307583E0,
-6.700534782276E0));
#11742=CARTESIAN_POINT('',(3.206950475860E0,5.678553354922E0,
-6.006741699286E0));
#11743=CARTESIAN_POINT('',(4.893524922971E0,5.661202402261E0,
-4.734859134633E0));
#11744=CARTESIAN_POINT('',(6.109145993385E0,5.643851449601E0,
-3.007293206200E0));
#11745=CARTESIAN_POINT('',(6.736822181612E0,5.626500496940E0,
-9.903050489098E-1));
#11746=CARTESIAN_POINT('',(6.716145862274E0,5.609149544279E0,1.121990175186E0));
#11747=CARTESIAN_POINT('',(6.049106926618E0,5.591798591618E0,3.126304941443E0));
#11748=CARTESIAN_POINT('',(4.799901275162E0,5.574447638958E0,4.829743776356E0));
#11749=CARTESIAN_POINT('',(3.088752597169E0,5.557096686297E0,6.068367539136E0));
#11750=CARTESIAN_POINT('',(1.080342029573E0,5.539745733636E0,6.722970942648E0));
#11751=CARTESIAN_POINT('',(-1.032040773748E0,5.522394780975E0,
6.730554883357E0));
#11752=CARTESIAN_POINT('',(-3.045099859516E0,5.505043828315E0,
6.090389481973E0));
#11753=CARTESIAN_POINT('',(-4.765098199954E0,5.487692875654E0,
4.864084327122E0));
#11754=CARTESIAN_POINT('',(-6.026502965639E0,5.470341922993E0,
3.169659161755E0));
#11755=CARTESIAN_POINT('',(-6.707916423214E0,5.452990970333E0,
1.170185650113E0));
#11756=CARTESIAN_POINT('',(-6.743759266591E0,5.435640017672E0,
-9.419066571746E-1));
#11757=CARTESIAN_POINT('',(-6.130581976580E0,5.418289065011E0,
-2.963349764200E0));
#11758=CARTESIAN_POINT('',(-4.927396803002E0,5.400938112350E0,
-4.699599764057E0));
#11759=CARTESIAN_POINT('',(-3.249998419266E0,5.383587159690E0,
-5.983559765835E0));
#11760=CARTESIAN_POINT('',(-1.259819830279E0,5.366236207029E0,
-6.691661317774E0));
#11761=CARTESIAN_POINT('',(8.516039577100E-1,5.348885254368E0,
-6.755756648649E0));
#11762=CARTESIAN_POINT('',(2.881069287163E0,5.331534301707E0,
-6.169677216769E0));
#11763=CARTESIAN_POINT('',(4.633260191606E0,5.314183349047E0,
-4.989827371106E0));
#11764=CARTESIAN_POINT('',(5.939545625717E0,5.296832396386E0,
-3.329755990547E0));
#11765=CARTESIAN_POINT('',(6.674208535674E0,5.279481443725E0,
-1.349228527305E0));
#11766=CARTESIAN_POINT('',(6.766544882236E0,5.262130491064E0,
7.611488377717E-1));
#11767=CARTESIAN_POINT('',(6.207668205257E0,5.244779538404E0,2.798273155002E0));
#11768=CARTESIAN_POINT('',(5.051364857583E0,5.227428585743E0,4.566091356086E0));
#11769=CARTESIAN_POINT('',(3.408917600553E0,5.210077633082E0,5.894468422956E0));
#11770=CARTESIAN_POINT('',(1.438395738774E0,5.192726680422E0,6.655561200618E0));
#11771=CARTESIAN_POINT('',(-6.705574870273E-1,5.175375727761E0,
6.776122036480E0));
#11772=CARTESIAN_POINT('',(-2.714976186718E0,5.158024775100E0,
6.244548142352E0));
#11773=CARTESIAN_POINT('',(-4.498105278985E0,5.140673822439E0,
5.111998248598E0));
#11774=CARTESIAN_POINT('',(-5.848336227058E0,5.123322869779E0,
3.487469080263E0));
#11775=CARTESIAN_POINT('',(-6.635722644260E0,5.105971917118E0,
1.527305507889E0));
#11776=CARTESIAN_POINT('',(-6.784486419100E0,5.088620964457E0,
-5.798461284719E-1));
#11777=CARTESIAN_POINT('',(-6.280310345752E0,5.071270011797E0,
-2.631193257571E0));
#11778=CARTESIAN_POINT('',(-5.171716996178E0,5.053919059136E0,
-4.429314252647E0));
#11779=CARTESIAN_POINT('',(-3.565395235139E0,5.036568106475E0,
-5.801156831393E0));
#11780=CARTESIAN_POINT('',(-1.615946158762E0,5.019217153815E0,
-6.614698146716E0));
#11781=CARTESIAN_POINT('',(4.890468112003E-1,5.001866201154E0,
-6.791630078826E0));
#11782=CARTESIAN_POINT('',(1.860935834499E0,4.990298899380E0,
-6.473858361048E0));
#11783=CARTESIAN_POINT('',(2.506086506541E0,4.984515248493E0,
-6.213656767294E0));
#11785=CURVE_STYLE('',#14,POSITIVE_LENGTH_MEASURE(2.E-2),#7);
#11786=PRESENTATION_STYLE_ASSIGNMENT((#11785));
#11787=STYLED_ITEM('',(#11786),#11784);
#11788=CARTESIAN_POINT('',(2.506086506541E0,5.347774714188E0,
-6.213656767294E0));
#11789=CARTESIAN_POINT('',(2.506086506541E0,4.984515248493E0,
-6.213656767294E0));
#11790=VERTEX_POINT('',#11788);
#11791=VERTEX_POINT('',#11789);
#11792=VERTEX_POINT('',#11705);
#11793=CARTESIAN_POINT('',(-4.326644047537E0,6.094976218780E0,
-5.115677011492E0));
#11794=VERTEX_POINT('',#11793);
#11795=CARTESIAN_POINT('',(3.319971529330E0,5.371877560605E0,
-5.818452008012E0));
#11796=CARTESIAN_POINT('',(3.319971529330E0,5.229704583475E0,
-5.818452008012E0));
#11797=CARTESIAN_POINT('',(3.319971529330E0,5.087531606345E0,
-5.818452008012E0));
#11798=CARTESIAN_POINT('',(3.319971529330E0,4.945358629215E0,
-5.818452008012E0));
#11799=CARTESIAN_POINT('',(3.058145667351E0,5.374386522748E0,
-5.968838508986E0));
#11800=CARTESIAN_POINT('',(3.058145667351E0,5.232213545618E0,
-5.968838508986E0));
#11801=CARTESIAN_POINT('',(3.058145667351E0,5.090040568488E0,
-5.968838508986E0));
#11802=CARTESIAN_POINT('',(3.058145667351E0,4.947867591358E0,
-5.968838508986E0));
#11803=CARTESIAN_POINT('',(2.158500270178E0,5.382679135779E0,
-6.404933280178E0));
#11804=CARTESIAN_POINT('',(2.158500270178E0,5.240506158649E0,
-6.404933280178E0));
#11805=CARTESIAN_POINT('',(2.158500270178E0,5.098333181519E0,
-6.404933280178E0));
#11806=CARTESIAN_POINT('',(2.158500270178E0,4.956160204389E0,
-6.404933280178E0));
#11807=CARTESIAN_POINT('',(4.890468112003E-1,5.396755399697E0,
-6.791630078826E0));
#11808=CARTESIAN_POINT('',(4.890468112003E-1,5.254582422567E0,
-6.791630078826E0));
#11809=CARTESIAN_POINT('',(4.890468112003E-1,5.112409445436E0,
-6.791630078826E0));
#11810=CARTESIAN_POINT('',(4.890468112003E-1,4.970236468306E0,
-6.791630078826E0));
#11811=CARTESIAN_POINT('',(-1.615946158762E0,5.414106352358E0,
-6.614698146716E0));
#11812=CARTESIAN_POINT('',(-1.615946158762E0,5.271933375228E0,
-6.614698146716E0));
#11813=CARTESIAN_POINT('',(-1.615946158762E0,5.129760398097E0,
-6.614698146716E0));
#11814=CARTESIAN_POINT('',(-1.615946158762E0,4.987587420967E0,
-6.614698146716E0));
#11815=CARTESIAN_POINT('',(-3.565395235139E0,5.431457305018E0,
-5.801156831393E0));
#11816=CARTESIAN_POINT('',(-3.565395235139E0,5.289284327888E0,
-5.801156831393E0));
#11817=CARTESIAN_POINT('',(-3.565395235139E0,5.147111350757E0,
-5.801156831393E0));
#11818=CARTESIAN_POINT('',(-3.565395235139E0,5.004938373627E0,
-5.801156831393E0));
#11819=CARTESIAN_POINT('',(-5.171716996178E0,5.448808257679E0,
-4.429314252647E0));
#11820=CARTESIAN_POINT('',(-5.171716996178E0,5.306635280549E0,
-4.429314252647E0));
#11821=CARTESIAN_POINT('',(-5.171716996178E0,5.164462303418E0,
-4.429314252647E0));
#11822=CARTESIAN_POINT('',(-5.171716996178E0,5.022289326288E0,
-4.429314252647E0));
#11823=CARTESIAN_POINT('',(-6.280310345752E0,5.466159210340E0,
-2.631193257571E0));
#11824=CARTESIAN_POINT('',(-6.280310345752E0,5.323986233210E0,
-2.631193257571E0));
#11825=CARTESIAN_POINT('',(-6.280310345752E0,5.181813256079E0,
-2.631193257571E0));
#11826=CARTESIAN_POINT('',(-6.280310345752E0,5.039640278949E0,
-2.631193257571E0));
#11827=CARTESIAN_POINT('',(-6.784486419100E0,5.483510163E0,-5.798461284719E-1));
#11828=CARTESIAN_POINT('',(-6.784486419100E0,5.341337185870E0,
-5.798461284719E-1));
#11829=CARTESIAN_POINT('',(-6.784486419100E0,5.199164208739E0,
-5.798461284719E-1));
#11830=CARTESIAN_POINT('',(-6.784486419100E0,5.056991231609E0,
-5.798461284719E-1));
#11831=CARTESIAN_POINT('',(-6.635722644260E0,5.500861115661E0,
1.527305507889E0));
#11832=CARTESIAN_POINT('',(-6.635722644260E0,5.358688138531E0,
1.527305507889E0));
#11833=CARTESIAN_POINT('',(-6.635722644260E0,5.216515161400E0,
1.527305507889E0));
#11834=CARTESIAN_POINT('',(-6.635722644260E0,5.074342184270E0,
1.527305507889E0));
#11835=CARTESIAN_POINT('',(-5.848336227058E0,5.518212068322E0,
3.487469080263E0));
#11836=CARTESIAN_POINT('',(-5.848336227058E0,5.376039091192E0,
3.487469080263E0));
#11837=CARTESIAN_POINT('',(-5.848336227058E0,5.233866114061E0,
3.487469080263E0));
#11838=CARTESIAN_POINT('',(-5.848336227058E0,5.091693136931E0,
3.487469080263E0));
#11839=CARTESIAN_POINT('',(-4.498105278985E0,5.535563020982E0,
5.111998248598E0));
#11840=CARTESIAN_POINT('',(-4.498105278985E0,5.393390043852E0,
5.111998248598E0));
#11841=CARTESIAN_POINT('',(-4.498105278985E0,5.251217066721E0,
5.111998248598E0));
#11842=CARTESIAN_POINT('',(-4.498105278985E0,5.109044089591E0,
5.111998248598E0));
#11843=CARTESIAN_POINT('',(-2.714976186718E0,5.552913973643E0,
6.244548142352E0));
#11844=CARTESIAN_POINT('',(-2.714976186718E0,5.410740996513E0,
6.244548142352E0));
#11845=CARTESIAN_POINT('',(-2.714976186718E0,5.268568019382E0,
6.244548142352E0));
#11846=CARTESIAN_POINT('',(-2.714976186718E0,5.126395042252E0,
6.244548142352E0));
#11847=CARTESIAN_POINT('',(-6.705574870273E-1,5.570264926304E0,
6.776122036480E0));
#11848=CARTESIAN_POINT('',(-6.705574870273E-1,5.428091949174E0,
6.776122036480E0));
#11849=CARTESIAN_POINT('',(-6.705574870273E-1,5.285918972043E0,
6.776122036480E0));
#11850=CARTESIAN_POINT('',(-6.705574870273E-1,5.143745994913E0,
6.776122036480E0));
#11851=CARTESIAN_POINT('',(1.438395738774E0,5.587615878963E0,6.655561200618E0));
#11852=CARTESIAN_POINT('',(1.438395738774E0,5.445442901834E0,6.655561200618E0));
#11853=CARTESIAN_POINT('',(1.438395738774E0,5.303269924704E0,6.655561200618E0));
#11854=CARTESIAN_POINT('',(1.438395738774E0,5.161096947575E0,6.655561200618E0));
#11855=CARTESIAN_POINT('',(3.408917600553E0,5.604966831625E0,5.894468422956E0));
#11856=CARTESIAN_POINT('',(3.408917600553E0,5.462793854495E0,5.894468422956E0));
#11857=CARTESIAN_POINT('',(3.408917600553E0,5.320620877364E0,5.894468422956E0));
#11858=CARTESIAN_POINT('',(3.408917600553E0,5.178447900234E0,5.894468422956E0));
#11859=CARTESIAN_POINT('',(5.051364857583E0,5.622317784286E0,4.566091356086E0));
#11860=CARTESIAN_POINT('',(5.051364857583E0,5.480144807156E0,4.566091356086E0));
#11861=CARTESIAN_POINT('',(5.051364857583E0,5.337971830025E0,4.566091356086E0));
#11862=CARTESIAN_POINT('',(5.051364857583E0,5.195798852895E0,4.566091356086E0));
#11863=CARTESIAN_POINT('',(6.207668205257E0,5.639668736945E0,2.798273155002E0));
#11864=CARTESIAN_POINT('',(6.207668205257E0,5.497495759816E0,2.798273155002E0));
#11865=CARTESIAN_POINT('',(6.207668205257E0,5.355322782686E0,2.798273155002E0));
#11866=CARTESIAN_POINT('',(6.207668205257E0,5.213149805557E0,2.798273155002E0));
#11867=CARTESIAN_POINT('',(6.766544882236E0,5.657019689607E0,
7.611488377717E-1));
#11868=CARTESIAN_POINT('',(6.766544882236E0,5.514846712477E0,
7.611488377717E-1));
#11869=CARTESIAN_POINT('',(6.766544882236E0,5.372673735346E0,
7.611488377717E-1));
#11870=CARTESIAN_POINT('',(6.766544882236E0,5.230500758216E0,
7.611488377717E-1));
#11871=CARTESIAN_POINT('',(6.674208535674E0,5.674370642268E0,
-1.349228527305E0));
#11872=CARTESIAN_POINT('',(6.674208535674E0,5.532197665138E0,
-1.349228527305E0));
#11873=CARTESIAN_POINT('',(6.674208535674E0,5.390024688007E0,
-1.349228527305E0));
#11874=CARTESIAN_POINT('',(6.674208535674E0,5.247851710877E0,
-1.349228527305E0));
#11875=CARTESIAN_POINT('',(5.939545625717E0,5.691721594929E0,
-3.329755990547E0));
#11876=CARTESIAN_POINT('',(5.939545625717E0,5.549548617799E0,
-3.329755990547E0));
#11877=CARTESIAN_POINT('',(5.939545625717E0,5.407375640668E0,
-3.329755990547E0));
#11878=CARTESIAN_POINT('',(5.939545625717E0,5.265202663538E0,
-3.329755990547E0));
#11879=CARTESIAN_POINT('',(4.633260191606E0,5.709072547588E0,
-4.989827371106E0));
#11880=CARTESIAN_POINT('',(4.633260191606E0,5.566899570459E0,
-4.989827371106E0));
#11881=CARTESIAN_POINT('',(4.633260191606E0,5.424726593329E0,
-4.989827371106E0));
#11882=CARTESIAN_POINT('',(4.633260191606E0,5.282553616200E0,
-4.989827371106E0));
#11883=CARTESIAN_POINT('',(2.881069287163E0,5.726423500250E0,
-6.169677216769E0));
#11884=CARTESIAN_POINT('',(2.881069287163E0,5.584250523120E0,
-6.169677216769E0));
#11885=CARTESIAN_POINT('',(2.881069287163E0,5.442077545989E0,
-6.169677216769E0));
#11886=CARTESIAN_POINT('',(2.881069287163E0,5.299904568859E0,
-6.169677216769E0));
#11887=CARTESIAN_POINT('',(8.516039577100E-1,5.743774452911E0,
-6.755756648649E0));
#11888=CARTESIAN_POINT('',(8.516039577100E-1,5.601601475781E0,
-6.755756648649E0));
#11889=CARTESIAN_POINT('',(8.516039577100E-1,5.459428498650E0,
-6.755756648649E0));
#11890=CARTESIAN_POINT('',(8.516039577100E-1,5.317255521520E0,
-6.755756648649E0));
#11891=CARTESIAN_POINT('',(-1.259819830279E0,5.761125405570E0,
-6.691661317774E0));
#11892=CARTESIAN_POINT('',(-1.259819830279E0,5.618952428441E0,
-6.691661317774E0));
#11893=CARTESIAN_POINT('',(-1.259819830279E0,5.476779451311E0,
-6.691661317774E0));
#11894=CARTESIAN_POINT('',(-1.259819830279E0,5.334606474182E0,
-6.691661317774E0));
#11895=CARTESIAN_POINT('',(-3.249998419266E0,5.778476358231E0,
-5.983559765835E0));
#11896=CARTESIAN_POINT('',(-3.249998419266E0,5.636303381102E0,
-5.983559765835E0));
#11897=CARTESIAN_POINT('',(-3.249998419266E0,5.494130403972E0,
-5.983559765835E0));
#11898=CARTESIAN_POINT('',(-3.249998419266E0,5.351957426843E0,
-5.983559765835E0));
#11899=CARTESIAN_POINT('',(-4.927396803002E0,5.795827310893E0,
-4.699599764057E0));
#11900=CARTESIAN_POINT('',(-4.927396803002E0,5.653654333763E0,
-4.699599764057E0));
#11901=CARTESIAN_POINT('',(-4.927396803002E0,5.511481356632E0,
-4.699599764057E0));
#11902=CARTESIAN_POINT('',(-4.927396803002E0,5.369308379502E0,
-4.699599764057E0));
#11903=CARTESIAN_POINT('',(-6.130581976580E0,5.813178263552E0,
-2.963349764200E0));
#11904=CARTESIAN_POINT('',(-6.130581976580E0,5.671005286423E0,
-2.963349764200E0));
#11905=CARTESIAN_POINT('',(-6.130581976580E0,5.528832309293E0,
-2.963349764200E0));
#11906=CARTESIAN_POINT('',(-6.130581976580E0,5.386659332164E0,
-2.963349764200E0));
#11907=CARTESIAN_POINT('',(-6.743759266591E0,5.830529216213E0,
-9.419066571746E-1));
#11908=CARTESIAN_POINT('',(-6.743759266591E0,5.688356239084E0,
-9.419066571746E-1));
#11909=CARTESIAN_POINT('',(-6.743759266591E0,5.546183261954E0,
-9.419066571746E-1));
#11910=CARTESIAN_POINT('',(-6.743759266591E0,5.404010284825E0,
-9.419066571746E-1));
#11911=CARTESIAN_POINT('',(-6.707916423214E0,5.847880168874E0,
1.170185650113E0));
#11912=CARTESIAN_POINT('',(-6.707916423214E0,5.705707191745E0,
1.170185650113E0));
#11913=CARTESIAN_POINT('',(-6.707916423214E0,5.563534214615E0,
1.170185650113E0));
#11914=CARTESIAN_POINT('',(-6.707916423214E0,5.421361237486E0,
1.170185650113E0));
#11915=CARTESIAN_POINT('',(-6.026502965639E0,5.865231121536E0,
3.169659161755E0));
#11916=CARTESIAN_POINT('',(-6.026502965639E0,5.723058144406E0,
3.169659161755E0));
#11917=CARTESIAN_POINT('',(-6.026502965639E0,5.580885167275E0,
3.169659161755E0));
#11918=CARTESIAN_POINT('',(-6.026502965639E0,5.438712190145E0,
3.169659161755E0));
#11919=CARTESIAN_POINT('',(-4.765098199954E0,5.882582074195E0,
4.864084327122E0));
#11920=CARTESIAN_POINT('',(-4.765098199954E0,5.740409097066E0,
4.864084327122E0));
#11921=CARTESIAN_POINT('',(-4.765098199954E0,5.598236119936E0,
4.864084327122E0));
#11922=CARTESIAN_POINT('',(-4.765098199954E0,5.456063142807E0,
4.864084327122E0));
#11923=CARTESIAN_POINT('',(-3.045099859516E0,5.899933026856E0,
6.090389481973E0));
#11924=CARTESIAN_POINT('',(-3.045099859516E0,5.757760049727E0,
6.090389481973E0));
#11925=CARTESIAN_POINT('',(-3.045099859516E0,5.615587072597E0,
6.090389481973E0));
#11926=CARTESIAN_POINT('',(-3.045099859516E0,5.473414095468E0,
6.090389481973E0));
#11927=CARTESIAN_POINT('',(-1.032040773748E0,5.917283979518E0,
6.730554883357E0));
#11928=CARTESIAN_POINT('',(-1.032040773748E0,5.775111002388E0,
6.730554883357E0));
#11929=CARTESIAN_POINT('',(-1.032040773748E0,5.632938025257E0,
6.730554883357E0));
#11930=CARTESIAN_POINT('',(-1.032040773748E0,5.490765048127E0,
6.730554883357E0));
#11931=CARTESIAN_POINT('',(1.080342029573E0,5.934634932177E0,6.722970942648E0));
#11932=CARTESIAN_POINT('',(1.080342029573E0,5.792461955048E0,6.722970942648E0));
#11933=CARTESIAN_POINT('',(1.080342029573E0,5.650288977918E0,6.722970942648E0));
#11934=CARTESIAN_POINT('',(1.080342029573E0,5.508116000789E0,6.722970942648E0));
#11935=CARTESIAN_POINT('',(3.088752597169E0,5.951985884838E0,6.068367539136E0));
#11936=CARTESIAN_POINT('',(3.088752597169E0,5.809812907709E0,6.068367539136E0));
#11937=CARTESIAN_POINT('',(3.088752597169E0,5.667639930579E0,6.068367539136E0));
#11938=CARTESIAN_POINT('',(3.088752597169E0,5.525466953450E0,6.068367539136E0));
#11939=CARTESIAN_POINT('',(4.799901275162E0,5.969336837499E0,4.829743776356E0));
#11940=CARTESIAN_POINT('',(4.799901275162E0,5.827163860370E0,4.829743776356E0));
#11941=CARTESIAN_POINT('',(4.799901275162E0,5.684990883240E0,4.829743776356E0));
#11942=CARTESIAN_POINT('',(4.799901275162E0,5.542817906111E0,4.829743776356E0));
#11943=CARTESIAN_POINT('',(6.049106926618E0,5.986687790161E0,3.126304941443E0));
#11944=CARTESIAN_POINT('',(6.049106926618E0,5.844514813031E0,3.126304941443E0));
#11945=CARTESIAN_POINT('',(6.049106926618E0,5.702341835900E0,3.126304941443E0));
#11946=CARTESIAN_POINT('',(6.049106926618E0,5.560168858770E0,3.126304941443E0));
#11947=CARTESIAN_POINT('',(6.716145862274E0,6.004038742820E0,1.121990175186E0));
#11948=CARTESIAN_POINT('',(6.716145862274E0,5.861865765691E0,1.121990175186E0));
#11949=CARTESIAN_POINT('',(6.716145862274E0,5.719692788561E0,1.121990175186E0));
#11950=CARTESIAN_POINT('',(6.716145862274E0,5.577519811432E0,1.121990175186E0));
#11951=CARTESIAN_POINT('',(6.736822181612E0,6.021389695481E0,
-9.903050489098E-1));
#11952=CARTESIAN_POINT('',(6.736822181612E0,5.879216718352E0,
-9.903050489098E-1));
#11953=CARTESIAN_POINT('',(6.736822181612E0,5.737043741222E0,
-9.903050489098E-1));
#11954=CARTESIAN_POINT('',(6.736822181612E0,5.594870764093E0,
-9.903050489098E-1));
#11955=CARTESIAN_POINT('',(6.109145993385E0,6.038740648142E0,
-3.007293206200E0));
#11956=CARTESIAN_POINT('',(6.109145993385E0,5.896567671013E0,
-3.007293206200E0));
#11957=CARTESIAN_POINT('',(6.109145993385E0,5.754394693883E0,
-3.007293206200E0));
#11958=CARTESIAN_POINT('',(6.109145993385E0,5.612221716754E0,
-3.007293206200E0));
#11959=CARTESIAN_POINT('',(4.893524922971E0,6.056091600804E0,
-4.734859134633E0));
#11960=CARTESIAN_POINT('',(4.893524922971E0,5.913918623674E0,
-4.734859134633E0));
#11961=CARTESIAN_POINT('',(4.893524922971E0,5.771745646543E0,
-4.734859134633E0));
#11962=CARTESIAN_POINT('',(4.893524922971E0,5.629572669413E0,
-4.734859134633E0));
#11963=CARTESIAN_POINT('',(3.206950475860E0,6.073442553463E0,
-6.006741699286E0));
#11964=CARTESIAN_POINT('',(3.206950475860E0,5.931269576334E0,
-6.006741699286E0));
#11965=CARTESIAN_POINT('',(3.206950475860E0,5.789096599204E0,
-6.006741699286E0));
#11966=CARTESIAN_POINT('',(3.206950475860E0,5.646923622075E0,
-6.006741699286E0));
#11967=CARTESIAN_POINT('',(1.211738762304E0,6.090793506124E0,
-6.700534782276E0));
#11968=CARTESIAN_POINT('',(1.211738762304E0,5.948620528995E0,
-6.700534782276E0));
#11969=CARTESIAN_POINT('',(1.211738762304E0,5.806447551865E0,
-6.700534782276E0));
#11970=CARTESIAN_POINT('',(1.211738762304E0,5.664274574736E0,
-6.700534782276E0));
#11971=CARTESIAN_POINT('',(-9.000908229831E-1,6.108144458785E0,
-6.749467661004E0));
#11972=CARTESIAN_POINT('',(-9.000908229831E-1,5.965971481656E0,
-6.749467661004E0));
#11973=CARTESIAN_POINT('',(-9.000908229831E-1,5.823798504526E0,
-6.749467661004E0));
#11974=CARTESIAN_POINT('',(-9.000908229831E-1,5.681625527397E0,
-6.749467661004E0));
#11975=CARTESIAN_POINT('',(-2.925295568489E0,6.125495411445E0,
-6.148831029841E0));
#11976=CARTESIAN_POINT('',(-2.925295568489E0,5.983322434316E0,
-6.148831029841E0));
#11977=CARTESIAN_POINT('',(-2.925295568489E0,5.841149457186E0,
-6.148831029841E0));
#11978=CARTESIAN_POINT('',(-2.925295568489E0,5.698976480057E0,
-6.148831029841E0));
#11979=CARTESIAN_POINT('',(-4.668969546806E0,6.142846364106E0,
-4.956430224219E0));
#11980=CARTESIAN_POINT('',(-4.668969546806E0,6.000673386977E0,
-4.956430224219E0));
#11981=CARTESIAN_POINT('',(-4.668969546806E0,5.858500409847E0,
-4.956430224219E0));
#11982=CARTESIAN_POINT('',(-4.668969546806E0,5.716327432718E0,
-4.956430224219E0));
#11983=CARTESIAN_POINT('',(-5.963301382523E0,6.160197316767E0,
-3.287022028791E0));
#11984=CARTESIAN_POINT('',(-5.963301382523E0,6.018024339638E0,
-3.287022028791E0));
#11985=CARTESIAN_POINT('',(-5.963301382523E0,5.875851362508E0,
-3.287022028791E0));
#11986=CARTESIAN_POINT('',(-5.963301382523E0,5.733678385379E0,
-3.287022028791E0));
#11987=CARTESIAN_POINT('',(-6.683724437439E0,6.177548269428E0,
-1.301270471860E0));
#11988=CARTESIAN_POINT('',(-6.683724437439E0,6.035375292299E0,
-1.301270471860E0));
#11989=CARTESIAN_POINT('',(-6.683724437439E0,5.893202315169E0,
-1.301270471860E0));
#11990=CARTESIAN_POINT('',(-6.683724437439E0,5.751029338040E0,
-1.301270471860E0));
#11991=CARTESIAN_POINT('',(-6.760905117530E0,6.194899222088E0,
8.097154983751E-1));
#11992=CARTESIAN_POINT('',(-6.760905117530E0,6.052726244959E0,
8.097154983751E-1));
#11993=CARTESIAN_POINT('',(-6.760905117530E0,5.910553267829E0,
8.097154983750E-1));
#11994=CARTESIAN_POINT('',(-6.760905117530E0,5.768380290700E0,
8.097154983750E-1));
#11995=CARTESIAN_POINT('',(-6.187415545657E0,6.212250174749E0,
2.842774360007E0));
#11996=CARTESIAN_POINT('',(-6.187415545657E0,6.070077197620E0,
2.842774360007E0));
#11997=CARTESIAN_POINT('',(-6.187415545657E0,5.927904220490E0,
2.842774360007E0));
#11998=CARTESIAN_POINT('',(-6.187415545657E0,5.785731243361E0,
2.842774360007E0));
#11999=CARTESIAN_POINT('',(-5.018448421281E0,6.229601127410E0,
4.602244304630E0));
#12000=CARTESIAN_POINT('',(-5.018448421281E0,6.087428150281E0,
4.602244304630E0));
#12001=CARTESIAN_POINT('',(-5.018448421281E0,5.945255173151E0,
4.602244304630E0));
#12002=CARTESIAN_POINT('',(-5.018448421281E0,5.803082196022E0,
4.602244304630E0));
#12003=CARTESIAN_POINT('',(-3.366505268994E0,6.246952080071E0,
5.918793751296E0));
#12004=CARTESIAN_POINT('',(-3.366505268994E0,6.104779102942E0,
5.918793751296E0));
#12005=CARTESIAN_POINT('',(-3.366505268994E0,5.962606125812E0,
5.918793751296E0));
#12006=CARTESIAN_POINT('',(-3.366505268994E0,5.820433148683E0,
5.918793751296E0));
#12007=CARTESIAN_POINT('',(-1.390569279430E0,6.264303032731E0,
6.665717836488E0));
#12008=CARTESIAN_POINT('',(-1.390569279430E0,6.122130055602E0,
6.665717836488E0));
#12009=CARTESIAN_POINT('',(-1.390569279430E0,5.979957078472E0,
6.665717836488E0));
#12010=CARTESIAN_POINT('',(-1.390569279430E0,5.837784101343E0,
6.665717836488E0));
#12011=CARTESIAN_POINT('',(7.191952505082E-1,6.281653985392E0,
6.771132504104E0));
#12012=CARTESIAN_POINT('',(7.191952505082E-1,6.139481008263E0,
6.771132504104E0));
#12013=CARTESIAN_POINT('',(7.191952505082E-1,5.997308031133E0,
6.771132504104E0));
#12014=CARTESIAN_POINT('',(7.191952505082E-1,5.855135054004E0,
6.771132504104E0));
#12015=CARTESIAN_POINT('',(2.759744350413E0,6.299004938053E0,6.224892634981E0));
#12016=CARTESIAN_POINT('',(2.759744350413E0,6.156831960924E0,6.224892634981E0));
#12017=CARTESIAN_POINT('',(2.759744350413E0,6.014658983794E0,6.224892634981E0));
#12018=CARTESIAN_POINT('',(2.759744350413E0,5.872486006665E0,6.224892634981E0));
#12019=CARTESIAN_POINT('',(4.534695350709E0,6.316355890714E0,5.079568414034E0));
#12020=CARTESIAN_POINT('',(4.534695350709E0,6.174182913585E0,5.079568414034E0));
#12021=CARTESIAN_POINT('',(4.534695350709E0,6.032009936455E0,5.079568414034E0));
#12022=CARTESIAN_POINT('',(4.534695350709E0,5.889836959326E0,5.079568414034E0));
#12023=CARTESIAN_POINT('',(5.873226771255E0,6.333706843374E0,3.445385970818E0));
#12024=CARTESIAN_POINT('',(5.873226771255E0,6.191533866245E0,3.445385970818E0));
#12025=CARTESIAN_POINT('',(5.873226771255E0,6.049360889115E0,3.445385970818E0));
#12026=CARTESIAN_POINT('',(5.873226771255E0,5.907187911986E0,3.445385970818E0));
#12027=CARTESIAN_POINT('',(6.646518203542E0,6.351057796035E0,1.479619201175E0));
#12028=CARTESIAN_POINT('',(6.646518203542E0,6.208884818906E0,1.479619201175E0));
#12029=CARTESIAN_POINT('',(6.646518203542E0,6.066711841776E0,1.479619201175E0));
#12030=CARTESIAN_POINT('',(6.646518203542E0,5.924538864647E0,1.479619201175E0));
#12031=CARTESIAN_POINT('',(6.780147985413E0,6.368408748696E0,
-6.285462766349E-1));
#12032=CARTESIAN_POINT('',(6.780147985413E0,6.226235771567E0,
-6.285462766349E-1));
#12033=CARTESIAN_POINT('',(6.780147985413E0,6.084062794437E0,
-6.285462766349E-1));
#12034=CARTESIAN_POINT('',(6.780147985413E0,5.941889817308E0,
-6.285462766349E-1));
#12035=CARTESIAN_POINT('',(6.261255608095E0,6.385759701357E0,
-2.676220415763E0));
#12036=CARTESIAN_POINT('',(6.261255608095E0,6.243586724228E0,
-2.676220415763E0));
#12037=CARTESIAN_POINT('',(6.261255608095E0,6.101413747098E0,
-2.676220415763E0));
#12038=CARTESIAN_POINT('',(6.261255608095E0,5.959240769969E0,
-2.676220415763E0));
#12039=CARTESIAN_POINT('',(5.139779196205E0,6.403110654017E0,
-4.466334717853E0));
#12040=CARTESIAN_POINT('',(5.139779196205E0,6.260937676888E0,
-4.466334717853E0));
#12041=CARTESIAN_POINT('',(5.139779196205E0,6.118764699758E0,
-4.466334717853E0));
#12042=CARTESIAN_POINT('',(5.139779196205E0,5.976591722629E0,
-4.466334717853E0));
#12043=CARTESIAN_POINT('',(3.523650266161E0,6.420461606678E0,
-5.826608811224E0));
#12044=CARTESIAN_POINT('',(3.523650266161E0,6.278288629549E0,
-5.826608811224E0));
#12045=CARTESIAN_POINT('',(3.523650266161E0,6.136115652419E0,
-5.826608811224E0));
#12046=CARTESIAN_POINT('',(3.523650266161E0,5.993942675290E0,
-5.826608811224E0));
#12047=CARTESIAN_POINT('',(1.568403365878E0,6.437812559339E0,
-6.626128179190E0));
#12048=CARTESIAN_POINT('',(1.568403365878E0,6.295639582210E0,
-6.626128179190E0));
#12049=CARTESIAN_POINT('',(1.568403365878E0,6.153466605080E0,
-6.626128179190E0));
#12050=CARTESIAN_POINT('',(1.568403365878E0,6.011293627951E0,
-6.626128179190E0));
#12051=CARTESIAN_POINT('',(-5.377813190665E-1,6.455163512001E0,
-6.787952917709E0));
#12052=CARTESIAN_POINT('',(-5.377813190665E-1,6.312990534871E0,
-6.787952917709E0));
#12053=CARTESIAN_POINT('',(-5.377813190665E-1,6.170817557740E0,
-6.787952917709E0));
#12054=CARTESIAN_POINT('',(-5.377813190665E-1,6.028644580610E0,
-6.787952917709E0));
#12055=CARTESIAN_POINT('',(-2.592230500519E0,6.472514464660E0,
-6.296486873116E0));
#12056=CARTESIAN_POINT('',(-2.592230500519E0,6.330341487531E0,
-6.296486873116E0));
#12057=CARTESIAN_POINT('',(-2.592230500519E0,6.188168510401E0,
-6.296486873116E0));
#12058=CARTESIAN_POINT('',(-2.592230500519E0,6.045995533272E0,
-6.296486873116E0));
#12059=CARTESIAN_POINT('',(-4.056483668132E0,6.486590728578E0,
-5.406221785135E0));
#12060=CARTESIAN_POINT('',(-4.056483668132E0,6.344417751448E0,
-5.406221785135E0));
#12061=CARTESIAN_POINT('',(-4.056483668132E0,6.202244774319E0,
-5.406221785135E0));
#12062=CARTESIAN_POINT('',(-4.056483668132E0,6.060071797189E0,
-5.406221785135E0));
#12063=CARTESIAN_POINT('',(-4.774208599993E0,6.494883341609E0,
-4.710225080908E0));
#12064=CARTESIAN_POINT('',(-4.774208599993E0,6.352710364479E0,
-4.710225080908E0));
#12065=CARTESIAN_POINT('',(-4.774208599993E0,6.210537387349E0,
-4.710225080908E0));
#12066=CARTESIAN_POINT('',(-4.774208599993E0,6.068364410220E0,
-4.710225080908E0));
#12067=CARTESIAN_POINT('',(-4.975736988830E0,6.497392303752E0,
-4.485380267386E0));
#12068=CARTESIAN_POINT('',(-4.975736988830E0,6.355219326623E0,
-4.485380267386E0));
#12069=CARTESIAN_POINT('',(-4.975736988830E0,6.213046349493E0,
-4.485380267386E0));
#12070=CARTESIAN_POINT('',(-4.975736988830E0,6.070873372363E0,
-4.485380267386E0));
#12071=B_SPLINE_SURFACE_WITH_KNOTS('',3,3,((#11795,#11796,#11797,#11798),
(#11799,#11800,#11801,#11802),(#11803,#11804,#11805,#11806),(#11807,#11808,
#11809,#11810),(#11811,#11812,#11813,#11814),(#11815,#11816,#11817,#11818),(
#11819,#11820,#11821,#11822),(#11823,#11824,#11825,#11826),(#11827,#11828,
#11829,#11830),(#11831,#11832,#11833,#11834),(#11835,#11836,#11837,#11838),(
#11839,#11840,#11841,#11842),(#11843,#11844,#11845,#11846),(#11847,#11848,
#11849,#11850),(#11851,#11852,#11853,#11854),(#11855,#11856,#11857,#11858),(
#11859,#11860,#11861,#11862),(#11863,#11864,#11865,#11866),(#11867,#11868,
#11869,#11870),(#11871,#11872,#11873,#11874),(#11875,#11876,#11877,#11878),(
#11879,#11880,#11881,#11882),(#11883,#11884,#11885,#11886),(#11887,#11888,
#11889,#11890),(#11891,#11892,#11893,#11894),(#11895,#11896,#11897,#11898),(
#11899,#11900,#11901,#11902),(#11903,#11904,#11905,#11906),(#11907,#11908,
#11909,#11910),(#11911,#11912,#11913,#11914),(#11915,#11916,#11917,#11918),(
#11919,#11920,#11921,#11922),(#11923,#11924,#11925,#11926),(#11927,#11928,
#11929,#11930),(#11931,#11932,#11933,#11934),(#11935,#11936,#11937,#11938),(
#11939,#11940,#11941,#11942),(#11943,#11944,#11945,#11946),(#11947,#11948,
#11949,#11950),(#11951,#11952,#11953,#11954),(#11955,#11956,#11957,#11958),(
#11959,#11960,#11961,#11962),(#11963,#11964,#11965,#11966),(#11967,#11968,
#11969,#11970),(#11971,#11972,#11973,#11974),(#11975,#11976,#11977,#11978),(
#11979,#11980,#11981,#11982),(#11983,#11984,#11985,#11986),(#11987,#11988,
#11989,#11990),(#11991,#11992,#11993,#11994),(#11995,#11996,#11997,#11998),(
#11999,#12000,#12001,#12002),(#12003,#12004,#12005,#12006),(#12007,#12008,
#12009,#12010),(#12011,#12012,#12013,#12014),(#12015,#12016,#12017,#12018),(
#12019,#12020,#12021,#12022),(#12023,#12024,#12025,#12026),(#12027,#12028,
#12029,#12030),(#12031,#12032,#12033,#12034),(#12035,#12036,#12037,#12038),(
#12039,#12040,#12041,#12042),(#12043,#12044,#12045,#12046),(#12047,#12048,
#12049,#12050),(#12051,#12052,#12053,#12054),(#12055,#12056,#12057,#12058),(
#12059,#12060,#12061,#12062),(#12063,#12064,#12065,#12066),(#12067,#12068,
#12069,#12070)),.UNSPECIFIED.,.F.,.F.,.F.,(4,1,1,1,1,1,1,1,1,1,1,1,1,1,1,1,1,1,
1,1,1,1,1,1,1,1,1,1,1,1,1,1,1,1,1,1,1,1,1,1,1,1,1,1,1,1,1,1,1,1,1,1,1,1,1,1,1,1,
1,1,1,1,1,1,1,1,4),(4,4),(-6.778163872616E-3,0.E0,1.562499999999E-2,3.125E-2,
4.687499999999E-2,6.249999999999E-2,7.812499999999E-2,9.374999999999E-2,
1.09375E-1,1.25E-1,1.40625E-1,1.5625E-1,1.71875E-1,1.875E-1,2.03125E-1,
2.187499999999E-1,2.34375E-1,2.5E-1,2.65625E-1,2.8125E-1,2.96875E-1,3.125E-1,
3.281249999999E-1,3.437499999999E-1,3.59375E-1,3.75E-1,3.90625E-1,4.0625E-1,
4.21875E-1,4.375E-1,4.531249999999E-1,4.687499999999E-1,4.84375E-1,5.E-1,
5.15625E-1,5.3125E-1,5.46875E-1,5.624999999999E-1,5.781249999999E-1,5.9375E-1,
6.09375E-1,6.25E-1,6.40625E-1,6.5625E-1,6.718749999999E-1,6.874999999999E-1,
7.031249999999E-1,7.1875E-1,7.34375E-1,7.5E-1,7.65625E-1,7.812499999999E-1,
7.968749999999E-1,8.124999999999E-1,8.281249999999E-1,8.4375E-1,8.59375E-1,
8.75E-1,8.90625E-1,9.062499999999E-1,9.218749999999E-1,9.374999999999E-1,
9.53125E-1,9.6875E-1,9.84375E-1,1.E0,1.006778163873E0),(-8.707201280222E-2,
1.087072012802E0),.UNSPECIFIED.);
#12073=ORIENTED_EDGE('',*,*,#12072,.T.);
#12075=ORIENTED_EDGE('',*,*,#12074,.T.);
#12077=ORIENTED_EDGE('',*,*,#12076,.T.);
#12079=ORIENTED_EDGE('',*,*,#12078,.T.);
#12080=EDGE_LOOP('',(#12073,#12075,#12077,#12079));
#12081=FACE_OUTER_BOUND('',#12080,.F.);
#12082=ADVANCED_FACE('',(#12081),#12071,.F.);
#12083=OPEN_SHELL('',(#12082));
#12084=FILL_AREA_STYLE_COLOUR('',#7);
#12085=FILL_AREA_STYLE('',(#12084));
#12086=SURFACE_STYLE_FILL_AREA(#12085);
#12087=SURFACE_SIDE_STYLE('',(#12086));
#12088=SURFACE_STYLE_USAGE(.POSITIVE.,#12087);
#12089=FILL_AREA_STYLE_COLOUR('',#1);
#12090=FILL_AREA_STYLE('',(#12089));
#12091=SURFACE_STYLE_FILL_AREA(#12090);
#12092=SURFACE_SIDE_STYLE('',(#12091));
#12093=SURFACE_STYLE_USAGE(.NEGATIVE.,#12092);
#12094=PRESENTATION_STYLE_ASSIGNMENT((#12088,#12093));
#11631=STYLED_ITEM('',(#12094),#12083);
#12096=DIRECTION('',(0.E0,1.E0,0.E0));
#12097=VECTOR('',#12096,3.632594656940E-1);
#12098=CARTESIAN_POINT('',(4.326644047542E0,3.916764315525E0,
-5.115677011488E0));
#12099=LINE('',#12098,#12097);
#12100=CURVE_STYLE('',#14,POSITIVE_LENGTH_MEASURE(2.E-2),#7);
#12101=PRESENTATION_STYLE_ASSIGNMENT((#12100));
#12102=STYLED_ITEM('',(#12101),#12099);
#12103=CARTESIAN_POINT('',(4.326644047542E0,4.280023781219E0,
-5.115677011488E0));
#12104=CARTESIAN_POINT('',(3.795494261592E0,4.285807432106E0,
-5.564903194958E0));
#12105=CARTESIAN_POINT('',(2.592230500517E0,4.297374733880E0,
-6.296486873118E0));
#12106=CARTESIAN_POINT('',(5.377813190565E-1,4.314725686541E0,
-6.787952917711E0));
#12107=CARTESIAN_POINT('',(-1.568403365895E0,4.332076639202E0,
-6.626128179187E0));
#12108=CARTESIAN_POINT('',(-3.523650266182E0,4.349427591862E0,
-5.826608811212E0));
#12109=CARTESIAN_POINT('',(-5.139779196226E0,4.366778544523E0,
-4.466334717830E0));
#12110=CARTESIAN_POINT('',(-6.261255608109E0,4.384129497184E0,
-2.676220415731E0));
#12111=CARTESIAN_POINT('',(-6.780147985417E0,4.401480449844E0,
-6.285462765952E-1));
#12112=CARTESIAN_POINT('',(-6.646518203533E0,4.418831402505E0,
1.479619201218E0));
#12113=CARTESIAN_POINT('',(-5.873226771231E0,4.436182355166E0,
3.445385970859E0));
#12114=CARTESIAN_POINT('',(-4.534695350672E0,4.453533307827E0,
5.079568414067E0));
#12115=CARTESIAN_POINT('',(-2.759744350365E0,4.470884260487E0,
6.224892635002E0));
#12116=CARTESIAN_POINT('',(-7.191952504546E-1,4.488235213148E0,
6.771132504109E0));
#12117=CARTESIAN_POINT('',(1.390569279484E0,4.505586165809E0,6.665717836477E0));
#12118=CARTESIAN_POINT('',(3.366505269043E0,4.522937118469E0,5.918793751268E0));
#12119=CARTESIAN_POINT('',(5.018448421319E0,4.540288071130E0,4.602244304588E0));
#12120=CARTESIAN_POINT('',(6.187415545680E0,4.557639023791E0,2.842774359956E0));
#12121=CARTESIAN_POINT('',(6.760905117536E0,4.574989976452E0,
8.097154983203E-1));
#12122=CARTESIAN_POINT('',(6.683724437428E0,4.592340929112E0,
-1.301270471913E0));
#12123=CARTESIAN_POINT('',(5.963301382497E0,4.609691881773E0,
-3.287022028837E0));
#12124=CARTESIAN_POINT('',(4.668969546769E0,4.627042834434E0,
-4.956430224253E0));
#12125=CARTESIAN_POINT('',(2.925295568444E0,4.644393787094E0,
-6.148831029862E0));
#12126=CARTESIAN_POINT('',(9.000908229370E-1,4.661744739755E0,
-6.749467661010E0));
#12127=CARTESIAN_POINT('',(-1.211738762347E0,4.679095692416E0,
-6.700534782267E0));
#12128=CARTESIAN_POINT('',(-3.206950475896E0,4.696446645077E0,
-6.006741699266E0));
#12129=CARTESIAN_POINT('',(-4.893524922997E0,4.713797597737E0,
-4.734859134605E0));
#12130=CARTESIAN_POINT('',(-6.109145993400E0,4.731148550398E0,
-3.007293206169E0));
#12131=CARTESIAN_POINT('',(-6.736822181616E0,4.748499503059E0,
-9.903050488788E-1));
#12132=CARTESIAN_POINT('',(-6.716145862269E0,4.765850455719E0,
1.121990175213E0));
#12133=CARTESIAN_POINT('',(-6.049106926607E0,4.783201408380E0,
3.126304941465E0));
#12134=CARTESIAN_POINT('',(-4.799901275147E0,4.800552361041E0,
4.829743776370E0));
#12135=CARTESIAN_POINT('',(-3.088752597154E0,4.817903313701E0,
6.068367539143E0));
#12136=CARTESIAN_POINT('',(-1.080342029561E0,4.835254266362E0,
6.722970942650E0));
#12137=CARTESIAN_POINT('',(1.032040773756E0,4.852605219023E0,6.730554883355E0));
#12138=CARTESIAN_POINT('',(3.045099859520E0,4.869956171684E0,6.090389481971E0));
#12139=CARTESIAN_POINT('',(4.765098199954E0,4.887307124344E0,4.864084327121E0));
#12140=CARTESIAN_POINT('',(6.026502965637E0,4.904658077005E0,3.169659161758E0));
#12141=CARTESIAN_POINT('',(6.707916423213E0,4.922009029666E0,1.170185650120E0));
#12142=CARTESIAN_POINT('',(6.743759266592E0,4.939359982327E0,
-9.419066571635E-1));
#12143=CARTESIAN_POINT('',(6.130581976587E0,4.956710934987E0,
-2.963349764186E0));
#12144=CARTESIAN_POINT('',(4.927396803014E0,4.974061887648E0,
-4.699599764044E0));
#12145=CARTESIAN_POINT('',(3.249998419285E0,4.991412840309E0,
-5.983559765825E0));
#12146=CARTESIAN_POINT('',(1.259819830303E0,5.008763792969E0,
-6.691661317769E0));
#12147=CARTESIAN_POINT('',(-8.516039576825E-1,5.026114745630E0,
-6.755756648652E0));
#12148=CARTESIAN_POINT('',(-2.881069287135E0,5.043465698291E0,
-6.169677216782E0));
#12149=CARTESIAN_POINT('',(-4.633260191581E0,5.060816650952E0,
-4.989827371128E0));
#12150=CARTESIAN_POINT('',(-5.939545625700E0,5.078167603612E0,
-3.329755990577E0));
#12151=CARTESIAN_POINT('',(-6.674208535667E0,5.095518556273E0,
-1.349228527341E0));
#12152=CARTESIAN_POINT('',(-6.766544882240E0,5.112869508934E0,
7.611488377336E-1));
#12153=CARTESIAN_POINT('',(-6.207668205273E0,5.130220461595E0,
2.798273154966E0));
#12154=CARTESIAN_POINT('',(-5.051364857610E0,5.147571414256E0,
4.566091356056E0));
#12155=CARTESIAN_POINT('',(-3.408917600588E0,5.164922366916E0,
5.894468422936E0));
#12156=CARTESIAN_POINT('',(-1.438395738814E0,5.182273319577E0,
6.655561200609E0));
#12157=CARTESIAN_POINT('',(6.705574869877E-1,5.199624272238E0,
6.776122036484E0));
#12158=CARTESIAN_POINT('',(2.714976186683E0,5.216975224899E0,6.244548142368E0));
#12159=CARTESIAN_POINT('',(4.498105278957E0,5.234326177559E0,5.111998248623E0));
#12160=CARTESIAN_POINT('',(5.848336227040E0,5.251677130220E0,3.487469080294E0));
#12161=CARTESIAN_POINT('',(6.635722644253E0,5.269028082881E0,1.527305507920E0));
#12162=CARTESIAN_POINT('',(6.784486419103E0,5.286379035542E0,
-5.798461284426E-1));
#12163=CARTESIAN_POINT('',(6.280310345763E0,5.303729988203E0,
-2.631193257547E0));
#12164=CARTESIAN_POINT('',(5.171716996193E0,5.321080940864E0,
-4.429314252631E0));
#12165=CARTESIAN_POINT('',(3.565395235153E0,5.338431893524E0,
-5.801156831385E0));
#12166=CARTESIAN_POINT('',(1.615946158772E0,5.355782846185E0,
-6.614698146714E0));
#12167=CARTESIAN_POINT('',(-4.890468111965E-1,5.373133798846E0,
-6.791630078827E0));
#12168=CARTESIAN_POINT('',(-1.860935834499E0,5.384701100620E0,
-6.473858361048E0));
#12169=CARTESIAN_POINT('',(-2.506086506544E0,5.390484751507E0,
-6.213656767292E0));
#12171=CURVE_STYLE('',#14,POSITIVE_LENGTH_MEASURE(2.E-2),#7);
#12172=PRESENTATION_STYLE_ASSIGNMENT((#12171));
#12173=STYLED_ITEM('',(#12172),#12170);
#12174=DIRECTION('',(-8.679838208491E-14,-1.E0,3.423034786447E-14));
#12175=VECTOR('',#12174,3.632594656950E-1);
#12176=CARTESIAN_POINT('',(-2.506086506544E0,5.390484751507E0,
-6.213656767292E0));
#12177=LINE('',#12176,#12175);
#12178=CURVE_STYLE('',#14,POSITIVE_LENGTH_MEASURE(2.E-2),#7);
#12179=PRESENTATION_STYLE_ASSIGNMENT((#12178));
#12180=STYLED_ITEM('',(#12179),#12177);
#12181=CARTESIAN_POINT('',(-2.506086506544E0,5.027225285812E0,
-6.213656767292E0));
#12182=CARTESIAN_POINT('',(-1.860935834499E0,5.021441634925E0,
-6.473858361048E0));
#12183=CARTESIAN_POINT('',(-4.890468111965E-1,5.009874333151E0,
-6.791630078827E0));
#12184=CARTESIAN_POINT('',(1.615946158772E0,4.992523380490E0,
-6.614698146714E0));
#12185=CARTESIAN_POINT('',(3.565395235153E0,4.975172427829E0,
-5.801156831385E0));
#12186=CARTESIAN_POINT('',(5.171716996193E0,4.957821475169E0,
-4.429314252631E0));
#12187=CARTESIAN_POINT('',(6.280310345763E0,4.940470522508E0,
-2.631193257547E0));
#12188=CARTESIAN_POINT('',(6.784486419103E0,4.923119569847E0,
-5.798461284425E-1));
#12189=CARTESIAN_POINT('',(6.635722644253E0,4.905768617186E0,1.527305507920E0));
#12190=CARTESIAN_POINT('',(5.848336227040E0,4.888417664525E0,3.487469080293E0));
#12191=CARTESIAN_POINT('',(4.498105278957E0,4.871066711865E0,5.111998248623E0));
#12192=CARTESIAN_POINT('',(2.714976186683E0,4.853715759204E0,6.244548142368E0));
#12193=CARTESIAN_POINT('',(6.705574869877E-1,4.836364806543E0,
6.776122036484E0));
#12194=CARTESIAN_POINT('',(-1.438395738814E0,4.819013853882E0,
6.655561200609E0));
#12195=CARTESIAN_POINT('',(-3.408917600588E0,4.801662901221E0,
5.894468422936E0));
#12196=CARTESIAN_POINT('',(-5.051364857610E0,4.784311948561E0,
4.566091356056E0));
#12197=CARTESIAN_POINT('',(-6.207668205273E0,4.766960995900E0,
2.798273154966E0));
#12198=CARTESIAN_POINT('',(-6.766544882240E0,4.749610043239E0,
7.611488377336E-1));
#12199=CARTESIAN_POINT('',(-6.674208535667E0,4.732259090578E0,
-1.349228527341E0));
#12200=CARTESIAN_POINT('',(-5.939545625700E0,4.714908137918E0,
-3.329755990577E0));
#12201=CARTESIAN_POINT('',(-4.633260191581E0,4.697557185257E0,
-4.989827371128E0));
#12202=CARTESIAN_POINT('',(-2.881069287135E0,4.680206232596E0,
-6.169677216782E0));
#12203=CARTESIAN_POINT('',(-8.516039576825E-1,4.662855279935E0,
-6.755756648652E0));
#12204=CARTESIAN_POINT('',(1.259819830303E0,4.645504327275E0,
-6.691661317769E0));
#12205=CARTESIAN_POINT('',(3.249998419285E0,4.628153374614E0,
-5.983559765825E0));
#12206=CARTESIAN_POINT('',(4.927396803014E0,4.610802421953E0,
-4.699599764044E0));
#12207=CARTESIAN_POINT('',(6.130581976587E0,4.593451469292E0,
-2.963349764186E0));
#12208=CARTESIAN_POINT('',(6.743759266592E0,4.576100516632E0,
-9.419066571635E-1));
#12209=CARTESIAN_POINT('',(6.707916423213E0,4.558749563971E0,1.170185650120E0));
#12210=CARTESIAN_POINT('',(6.026502965637E0,4.541398611310E0,3.169659161758E0));
#12211=CARTESIAN_POINT('',(4.765098199954E0,4.524047658649E0,4.864084327121E0));
#12212=CARTESIAN_POINT('',(3.045099859520E0,4.506696705989E0,6.090389481971E0));
#12213=CARTESIAN_POINT('',(1.032040773756E0,4.489345753328E0,6.730554883355E0));
#12214=CARTESIAN_POINT('',(-1.080342029561E0,4.471994800667E0,
6.722970942650E0));
#12215=CARTESIAN_POINT('',(-3.088752597154E0,4.454643848007E0,
6.068367539143E0));
#12216=CARTESIAN_POINT('',(-4.799901275147E0,4.437292895346E0,
4.829743776370E0));
#12217=CARTESIAN_POINT('',(-6.049106926607E0,4.419941942685E0,
3.126304941465E0));
#12218=CARTESIAN_POINT('',(-6.716145862269E0,4.402590990024E0,
1.121990175213E0));
#12219=CARTESIAN_POINT('',(-6.736822181616E0,4.385240037364E0,
-9.903050488788E-1));
#12220=CARTESIAN_POINT('',(-6.109145993400E0,4.367889084703E0,
-3.007293206169E0));
#12221=CARTESIAN_POINT('',(-4.893524922997E0,4.350538132042E0,
-4.734859134606E0));
#12222=CARTESIAN_POINT('',(-3.206950475896E0,4.333187179382E0,
-6.006741699266E0));
#12223=CARTESIAN_POINT('',(-1.211738762347E0,4.315836226721E0,
-6.700534782267E0));
#12224=CARTESIAN_POINT('',(9.000908229370E-1,4.298485274060E0,
-6.749467661010E0));
#12225=CARTESIAN_POINT('',(2.925295568444E0,4.281134321400E0,
-6.148831029862E0));
#12226=CARTESIAN_POINT('',(4.668969546769E0,4.263783368739E0,
-4.956430224253E0));
#12227=CARTESIAN_POINT('',(5.963301382497E0,4.246432416078E0,
-3.287022028837E0));
#12228=CARTESIAN_POINT('',(6.683724437428E0,4.229081463417E0,
-1.301270471913E0));
#12229=CARTESIAN_POINT('',(6.760905117536E0,4.211730510757E0,
8.097154983203E-1));
#12230=CARTESIAN_POINT('',(6.187415545680E0,4.194379558096E0,2.842774359956E0));
#12231=CARTESIAN_POINT('',(5.018448421319E0,4.177028605435E0,4.602244304589E0));
#12232=CARTESIAN_POINT('',(3.366505269043E0,4.159677652775E0,5.918793751268E0));
#12233=CARTESIAN_POINT('',(1.390569279484E0,4.142326700114E0,6.665717836477E0));
#12234=CARTESIAN_POINT('',(-7.191952504546E-1,4.124975747453E0,
6.771132504109E0));
#12235=CARTESIAN_POINT('',(-2.759744350365E0,4.107624794792E0,
6.224892635002E0));
#12236=CARTESIAN_POINT('',(-4.534695350672E0,4.090273842132E0,
5.079568414067E0));
#12237=CARTESIAN_POINT('',(-5.873226771231E0,4.072922889471E0,
3.445385970859E0));
#12238=CARTESIAN_POINT('',(-6.646518203533E0,4.055571936810E0,
1.479619201218E0));
#12239=CARTESIAN_POINT('',(-6.780147985417E0,4.038220984150E0,
-6.285462765952E-1));
#12240=CARTESIAN_POINT('',(-6.261255608109E0,4.020870031489E0,
-2.676220415731E0));
#12241=CARTESIAN_POINT('',(-5.139779196226E0,4.003519078828E0,
-4.466334717830E0));
#12242=CARTESIAN_POINT('',(-3.523650266182E0,3.986168126167E0,
-5.826608811212E0));
#12243=CARTESIAN_POINT('',(-1.568403365895E0,3.968817173507E0,
-6.626128179187E0));
#12244=CARTESIAN_POINT('',(5.377813190565E-1,3.951466220846E0,
-6.787952917711E0));
#12245=CARTESIAN_POINT('',(2.592230500517E0,3.934115268185E0,
-6.296486873118E0));
#12246=CARTESIAN_POINT('',(3.795494261592E0,3.922547966411E0,
-5.564903194958E0));
#12247=CARTESIAN_POINT('',(4.326644047542E0,3.916764315525E0,
-5.115677011488E0));
#12249=CURVE_STYLE('',#14,POSITIVE_LENGTH_MEASURE(2.E-2),#7);
#12250=PRESENTATION_STYLE_ASSIGNMENT((#12249));
#12251=STYLED_ITEM('',(#12250),#12248);
#12252=CARTESIAN_POINT('',(4.326644047542E0,4.280023781219E0,
-5.115677011488E0));
#12253=CARTESIAN_POINT('',(4.326644047542E0,3.916764315525E0,
-5.115677011488E0));
#12254=VERTEX_POINT('',#12252);
#12255=VERTEX_POINT('',#12253);
#12256=VERTEX_POINT('',#12169);
#12257=CARTESIAN_POINT('',(-2.506086506544E0,5.027225285812E0,
-6.213656767292E0));
#12258=VERTEX_POINT('',#12257);
#12259=CARTESIAN_POINT('',(4.975736988839E0,4.304126627635E0,
-4.485380267377E0));
#12260=CARTESIAN_POINT('',(4.975736988839E0,4.161953650507E0,
-4.485380267377E0));
#12261=CARTESIAN_POINT('',(4.975736988839E0,4.019780673378E0,
-4.485380267377E0));
#12262=CARTESIAN_POINT('',(4.975736988839E0,3.877607696249E0,
-4.485380267377E0));
#12263=CARTESIAN_POINT('',(4.774208600002E0,4.306635589779E0,
-4.710225080901E0));
#12264=CARTESIAN_POINT('',(4.774208600002E0,4.164462612650E0,
-4.710225080901E0));
#12265=CARTESIAN_POINT('',(4.774208600002E0,4.022289635521E0,
-4.710225080901E0));
#12266=CARTESIAN_POINT('',(4.774208600002E0,3.880116658391E0,
-4.710225080901E0));
#12267=CARTESIAN_POINT('',(4.056483668137E0,4.314928202810E0,
-5.406221785131E0));
#12268=CARTESIAN_POINT('',(4.056483668137E0,4.172755225680E0,
-5.406221785131E0));
#12269=CARTESIAN_POINT('',(4.056483668137E0,4.030582248550E0,
-5.406221785131E0));
#12270=CARTESIAN_POINT('',(4.056483668137E0,3.888409271420E0,
-5.406221785131E0));
#12271=CARTESIAN_POINT('',(2.592230500517E0,4.329004466728E0,
-6.296486873118E0));
#12272=CARTESIAN_POINT('',(2.592230500517E0,4.186831489598E0,
-6.296486873118E0));
#12273=CARTESIAN_POINT('',(2.592230500517E0,4.044658512467E0,
-6.296486873118E0));
#12274=CARTESIAN_POINT('',(2.592230500517E0,3.902485535337E0,
-6.296486873118E0));
#12275=CARTESIAN_POINT('',(5.377813190565E-1,4.346355419389E0,
-6.787952917711E0));
#12276=CARTESIAN_POINT('',(5.377813190565E-1,4.204182442259E0,
-6.787952917711E0));
#12277=CARTESIAN_POINT('',(5.377813190565E-1,4.062009465128E0,
-6.787952917711E0));
#12278=CARTESIAN_POINT('',(5.377813190565E-1,3.919836487998E0,
-6.787952917711E0));
#12279=CARTESIAN_POINT('',(-1.568403365895E0,4.363706372050E0,
-6.626128179187E0));
#12280=CARTESIAN_POINT('',(-1.568403365895E0,4.221533394920E0,
-6.626128179187E0));
#12281=CARTESIAN_POINT('',(-1.568403365895E0,4.079360417789E0,
-6.626128179187E0));
#12282=CARTESIAN_POINT('',(-1.568403365895E0,3.937187440659E0,
-6.626128179187E0));
#12283=CARTESIAN_POINT('',(-3.523650266182E0,4.381057324710E0,
-5.826608811212E0));
#12284=CARTESIAN_POINT('',(-3.523650266182E0,4.238884347580E0,
-5.826608811212E0));
#12285=CARTESIAN_POINT('',(-3.523650266182E0,4.096711370449E0,
-5.826608811212E0));
#12286=CARTESIAN_POINT('',(-3.523650266182E0,3.954538393319E0,
-5.826608811212E0));
#12287=CARTESIAN_POINT('',(-5.139779196226E0,4.398408277371E0,
-4.466334717830E0));
#12288=CARTESIAN_POINT('',(-5.139779196226E0,4.256235300241E0,
-4.466334717830E0));
#12289=CARTESIAN_POINT('',(-5.139779196226E0,4.114062323110E0,
-4.466334717830E0));
#12290=CARTESIAN_POINT('',(-5.139779196226E0,3.971889345980E0,
-4.466334717830E0));
#12291=CARTESIAN_POINT('',(-6.261255608109E0,4.415759230032E0,
-2.676220415731E0));
#12292=CARTESIAN_POINT('',(-6.261255608109E0,4.273586252902E0,
-2.676220415731E0));
#12293=CARTESIAN_POINT('',(-6.261255608109E0,4.131413275771E0,
-2.676220415731E0));
#12294=CARTESIAN_POINT('',(-6.261255608109E0,3.989240298641E0,
-2.676220415731E0));
#12295=CARTESIAN_POINT('',(-6.780147985417E0,4.433110182691E0,
-6.285462765952E-1));
#12296=CARTESIAN_POINT('',(-6.780147985417E0,4.290937205562E0,
-6.285462765952E-1));
#12297=CARTESIAN_POINT('',(-6.780147985417E0,4.148764228432E0,
-6.285462765952E-1));
#12298=CARTESIAN_POINT('',(-6.780147985417E0,4.006591251303E0,
-6.285462765952E-1));
#12299=CARTESIAN_POINT('',(-6.646518203533E0,4.450461135353E0,
1.479619201218E0));
#12300=CARTESIAN_POINT('',(-6.646518203533E0,4.308288158223E0,
1.479619201218E0));
#12301=CARTESIAN_POINT('',(-6.646518203533E0,4.166115181092E0,
1.479619201218E0));
#12302=CARTESIAN_POINT('',(-6.646518203533E0,4.023942203962E0,
1.479619201218E0));
#12303=CARTESIAN_POINT('',(-5.873226771231E0,4.467812088014E0,
3.445385970859E0));
#12304=CARTESIAN_POINT('',(-5.873226771231E0,4.325639110884E0,
3.445385970859E0));
#12305=CARTESIAN_POINT('',(-5.873226771231E0,4.183466133753E0,
3.445385970859E0));
#12306=CARTESIAN_POINT('',(-5.873226771231E0,4.041293156623E0,
3.445385970859E0));
#12307=CARTESIAN_POINT('',(-4.534695350672E0,4.485163040675E0,
5.079568414067E0));
#12308=CARTESIAN_POINT('',(-4.534695350672E0,4.342990063545E0,
5.079568414067E0));
#12309=CARTESIAN_POINT('',(-4.534695350672E0,4.200817086414E0,
5.079568414067E0));
#12310=CARTESIAN_POINT('',(-4.534695350672E0,4.058644109284E0,
5.079568414067E0));
#12311=CARTESIAN_POINT('',(-2.759744350365E0,4.502513993335E0,
6.224892635002E0));
#12312=CARTESIAN_POINT('',(-2.759744350365E0,4.360341016205E0,
6.224892635002E0));
#12313=CARTESIAN_POINT('',(-2.759744350365E0,4.218168039074E0,
6.224892635002E0));
#12314=CARTESIAN_POINT('',(-2.759744350365E0,4.075995061944E0,
6.224892635002E0));
#12315=CARTESIAN_POINT('',(-7.191952504546E-1,4.519864945996E0,
6.771132504109E0));
#12316=CARTESIAN_POINT('',(-7.191952504546E-1,4.377691968866E0,
6.771132504109E0));
#12317=CARTESIAN_POINT('',(-7.191952504546E-1,4.235518991735E0,
6.771132504109E0));
#12318=CARTESIAN_POINT('',(-7.191952504546E-1,4.093346014605E0,
6.771132504109E0));
#12319=CARTESIAN_POINT('',(1.390569279484E0,4.537215898657E0,6.665717836477E0));
#12320=CARTESIAN_POINT('',(1.390569279484E0,4.395042921527E0,6.665717836477E0));
#12321=CARTESIAN_POINT('',(1.390569279484E0,4.252869944396E0,6.665717836477E0));
#12322=CARTESIAN_POINT('',(1.390569279484E0,4.110696967266E0,6.665717836477E0));
#12323=CARTESIAN_POINT('',(3.366505269043E0,4.554566851316E0,5.918793751268E0));
#12324=CARTESIAN_POINT('',(3.366505269043E0,4.412393874187E0,5.918793751268E0));
#12325=CARTESIAN_POINT('',(3.366505269043E0,4.270220897057E0,5.918793751268E0));
#12326=CARTESIAN_POINT('',(3.366505269043E0,4.128047919928E0,5.918793751268E0));
#12327=CARTESIAN_POINT('',(5.018448421319E0,4.571917803978E0,4.602244304588E0));
#12328=CARTESIAN_POINT('',(5.018448421319E0,4.429744826848E0,4.602244304588E0));
#12329=CARTESIAN_POINT('',(5.018448421319E0,4.287571849717E0,4.602244304589E0));
#12330=CARTESIAN_POINT('',(5.018448421319E0,4.145398872587E0,4.602244304589E0));
#12331=CARTESIAN_POINT('',(6.187415545680E0,4.589268756639E0,2.842774359956E0));
#12332=CARTESIAN_POINT('',(6.187415545680E0,4.447095779509E0,2.842774359956E0));
#12333=CARTESIAN_POINT('',(6.187415545680E0,4.304922802378E0,2.842774359956E0));
#12334=CARTESIAN_POINT('',(6.187415545680E0,4.162749825248E0,2.842774359956E0));
#12335=CARTESIAN_POINT('',(6.760905117536E0,4.606619709300E0,
8.097154983203E-1));
#12336=CARTESIAN_POINT('',(6.760905117536E0,4.464446732170E0,
8.097154983203E-1));
#12337=CARTESIAN_POINT('',(6.760905117536E0,4.322273755039E0,
8.097154983203E-1));
#12338=CARTESIAN_POINT('',(6.760905117536E0,4.180100777909E0,
8.097154983203E-1));
#12339=CARTESIAN_POINT('',(6.683724437428E0,4.623970661960E0,
-1.301270471913E0));
#12340=CARTESIAN_POINT('',(6.683724437428E0,4.481797684830E0,
-1.301270471913E0));
#12341=CARTESIAN_POINT('',(6.683724437428E0,4.339624707699E0,
-1.301270471913E0));
#12342=CARTESIAN_POINT('',(6.683724437428E0,4.197451730569E0,
-1.301270471913E0));
#12343=CARTESIAN_POINT('',(5.963301382497E0,4.641321614621E0,
-3.287022028837E0));
#12344=CARTESIAN_POINT('',(5.963301382497E0,4.499148637491E0,
-3.287022028837E0));
#12345=CARTESIAN_POINT('',(5.963301382497E0,4.356975660360E0,
-3.287022028837E0));
#12346=CARTESIAN_POINT('',(5.963301382497E0,4.214802683230E0,
-3.287022028837E0));
#12347=CARTESIAN_POINT('',(4.668969546769E0,4.658672567282E0,
-4.956430224253E0));
#12348=CARTESIAN_POINT('',(4.668969546769E0,4.516499590152E0,
-4.956430224253E0));
#12349=CARTESIAN_POINT('',(4.668969546769E0,4.374326613021E0,
-4.956430224253E0));
#12350=CARTESIAN_POINT('',(4.668969546769E0,4.232153635891E0,
-4.956430224253E0));
#12351=CARTESIAN_POINT('',(2.925295568444E0,4.676023519941E0,
-6.148831029862E0));
#12352=CARTESIAN_POINT('',(2.925295568444E0,4.533850542812E0,
-6.148831029862E0));
#12353=CARTESIAN_POINT('',(2.925295568444E0,4.391677565682E0,
-6.148831029862E0));
#12354=CARTESIAN_POINT('',(2.925295568444E0,4.249504588553E0,
-6.148831029862E0));
#12355=CARTESIAN_POINT('',(9.000908229370E-1,4.693374472603E0,
-6.749467661010E0));
#12356=CARTESIAN_POINT('',(9.000908229370E-1,4.551201495473E0,
-6.749467661010E0));
#12357=CARTESIAN_POINT('',(9.000908229370E-1,4.409028518342E0,
-6.749467661010E0));
#12358=CARTESIAN_POINT('',(9.000908229370E-1,4.266855541212E0,
-6.749467661010E0));
#12359=CARTESIAN_POINT('',(-1.211738762347E0,4.710725425264E0,
-6.700534782267E0));
#12360=CARTESIAN_POINT('',(-1.211738762347E0,4.568552448134E0,
-6.700534782267E0));
#12361=CARTESIAN_POINT('',(-1.211738762347E0,4.426379471003E0,
-6.700534782267E0));
#12362=CARTESIAN_POINT('',(-1.211738762347E0,4.284206493873E0,
-6.700534782267E0));
#12363=CARTESIAN_POINT('',(-3.206950475896E0,4.728076377925E0,
-6.006741699266E0));
#12364=CARTESIAN_POINT('',(-3.206950475896E0,4.585903400795E0,
-6.006741699266E0));
#12365=CARTESIAN_POINT('',(-3.206950475896E0,4.443730423664E0,
-6.006741699266E0));
#12366=CARTESIAN_POINT('',(-3.206950475896E0,4.301557446534E0,
-6.006741699266E0));
#12367=CARTESIAN_POINT('',(-4.893524922997E0,4.745427330585E0,
-4.734859134605E0));
#12368=CARTESIAN_POINT('',(-4.893524922997E0,4.603254353455E0,
-4.734859134605E0));
#12369=CARTESIAN_POINT('',(-4.893524922997E0,4.461081376324E0,
-4.734859134606E0));
#12370=CARTESIAN_POINT('',(-4.893524922997E0,4.318908399194E0,
-4.734859134606E0));
#12371=CARTESIAN_POINT('',(-6.109145993400E0,4.762778283246E0,
-3.007293206169E0));
#12372=CARTESIAN_POINT('',(-6.109145993400E0,4.620605306116E0,
-3.007293206169E0));
#12373=CARTESIAN_POINT('',(-6.109145993400E0,4.478432328985E0,
-3.007293206169E0));
#12374=CARTESIAN_POINT('',(-6.109145993400E0,4.336259351855E0,
-3.007293206169E0));
#12375=CARTESIAN_POINT('',(-6.736822181616E0,4.780129235907E0,
-9.903050488788E-1));
#12376=CARTESIAN_POINT('',(-6.736822181616E0,4.637956258777E0,
-9.903050488788E-1));
#12377=CARTESIAN_POINT('',(-6.736822181616E0,4.495783281646E0,
-9.903050488788E-1));
#12378=CARTESIAN_POINT('',(-6.736822181616E0,4.353610304516E0,
-9.903050488788E-1));
#12379=CARTESIAN_POINT('',(-6.716145862269E0,4.797480188567E0,
1.121990175213E0));
#12380=CARTESIAN_POINT('',(-6.716145862269E0,4.655307211437E0,
1.121990175213E0));
#12381=CARTESIAN_POINT('',(-6.716145862269E0,4.513134234306E0,
1.121990175213E0));
#12382=CARTESIAN_POINT('',(-6.716145862269E0,4.370961257176E0,
1.121990175213E0));
#12383=CARTESIAN_POINT('',(-6.049106926607E0,4.814831141228E0,
3.126304941465E0));
#12384=CARTESIAN_POINT('',(-6.049106926607E0,4.672658164098E0,
3.126304941465E0));
#12385=CARTESIAN_POINT('',(-6.049106926607E0,4.530485186967E0,
3.126304941465E0));
#12386=CARTESIAN_POINT('',(-6.049106926607E0,4.388312209837E0,
3.126304941465E0));
#12387=CARTESIAN_POINT('',(-4.799901275147E0,4.832182093889E0,
4.829743776370E0));
#12388=CARTESIAN_POINT('',(-4.799901275147E0,4.690009116759E0,
4.829743776370E0));
#12389=CARTESIAN_POINT('',(-4.799901275147E0,4.547836139628E0,
4.829743776370E0));
#12390=CARTESIAN_POINT('',(-4.799901275147E0,4.405663162498E0,
4.829743776370E0));
#12391=CARTESIAN_POINT('',(-3.088752597154E0,4.849533046548E0,
6.068367539143E0));
#12392=CARTESIAN_POINT('',(-3.088752597154E0,4.707360069419E0,
6.068367539143E0));
#12393=CARTESIAN_POINT('',(-3.088752597154E0,4.565187092289E0,
6.068367539143E0));
#12394=CARTESIAN_POINT('',(-3.088752597154E0,4.423014115160E0,
6.068367539143E0));
#12395=CARTESIAN_POINT('',(-1.080342029561E0,4.866883999210E0,
6.722970942650E0));
#12396=CARTESIAN_POINT('',(-1.080342029561E0,4.724711022080E0,
6.722970942650E0));
#12397=CARTESIAN_POINT('',(-1.080342029561E0,4.582538044949E0,
6.722970942650E0));
#12398=CARTESIAN_POINT('',(-1.080342029561E0,4.440365067819E0,
6.722970942650E0));
#12399=CARTESIAN_POINT('',(1.032040773756E0,4.884234951871E0,6.730554883355E0));
#12400=CARTESIAN_POINT('',(1.032040773756E0,4.742061974741E0,6.730554883355E0));
#12401=CARTESIAN_POINT('',(1.032040773756E0,4.599888997610E0,6.730554883355E0));
#12402=CARTESIAN_POINT('',(1.032040773756E0,4.457716020480E0,6.730554883355E0));
#12403=CARTESIAN_POINT('',(3.045099859520E0,4.901585904532E0,6.090389481971E0));
#12404=CARTESIAN_POINT('',(3.045099859520E0,4.759412927402E0,6.090389481971E0));
#12405=CARTESIAN_POINT('',(3.045099859520E0,4.617239950271E0,6.090389481971E0));
#12406=CARTESIAN_POINT('',(3.045099859520E0,4.475066973141E0,6.090389481971E0));
#12407=CARTESIAN_POINT('',(4.765098199954E0,4.918936857192E0,4.864084327121E0));
#12408=CARTESIAN_POINT('',(4.765098199954E0,4.776763880062E0,4.864084327121E0));
#12409=CARTESIAN_POINT('',(4.765098199954E0,4.634590902931E0,4.864084327121E0));
#12410=CARTESIAN_POINT('',(4.765098199954E0,4.492417925801E0,4.864084327121E0));
#12411=CARTESIAN_POINT('',(6.026502965637E0,4.936287809853E0,3.169659161758E0));
#12412=CARTESIAN_POINT('',(6.026502965637E0,4.794114832723E0,3.169659161758E0));
#12413=CARTESIAN_POINT('',(6.026502965637E0,4.651941855592E0,3.169659161758E0));
#12414=CARTESIAN_POINT('',(6.026502965637E0,4.509768878462E0,3.169659161758E0));
#12415=CARTESIAN_POINT('',(6.707916423213E0,4.953638762514E0,1.170185650120E0));
#12416=CARTESIAN_POINT('',(6.707916423213E0,4.811465785384E0,1.170185650120E0));
#12417=CARTESIAN_POINT('',(6.707916423213E0,4.669292808253E0,1.170185650120E0));
#12418=CARTESIAN_POINT('',(6.707916423213E0,4.527119831123E0,1.170185650120E0));
#12419=CARTESIAN_POINT('',(6.743759266592E0,4.970989715175E0,
-9.419066571635E-1));
#12420=CARTESIAN_POINT('',(6.743759266592E0,4.828816738045E0,
-9.419066571635E-1));
#12421=CARTESIAN_POINT('',(6.743759266592E0,4.686643760914E0,
-9.419066571635E-1));
#12422=CARTESIAN_POINT('',(6.743759266592E0,4.544470783784E0,
-9.419066571635E-1));
#12423=CARTESIAN_POINT('',(6.130581976587E0,4.988340667835E0,
-2.963349764186E0));
#12424=CARTESIAN_POINT('',(6.130581976587E0,4.846167690705E0,
-2.963349764186E0));
#12425=CARTESIAN_POINT('',(6.130581976587E0,4.703994713574E0,
-2.963349764186E0));
#12426=CARTESIAN_POINT('',(6.130581976587E0,4.561821736444E0,
-2.963349764186E0));
#12427=CARTESIAN_POINT('',(4.927396803014E0,5.005691620496E0,
-4.699599764044E0));
#12428=CARTESIAN_POINT('',(4.927396803014E0,4.863518643366E0,
-4.699599764044E0));
#12429=CARTESIAN_POINT('',(4.927396803014E0,4.721345666235E0,
-4.699599764044E0));
#12430=CARTESIAN_POINT('',(4.927396803014E0,4.579172689105E0,
-4.699599764044E0));
#12431=CARTESIAN_POINT('',(3.249998419285E0,5.023042573157E0,
-5.983559765825E0));
#12432=CARTESIAN_POINT('',(3.249998419285E0,4.880869596027E0,
-5.983559765825E0));
#12433=CARTESIAN_POINT('',(3.249998419285E0,4.738696618896E0,
-5.983559765825E0));
#12434=CARTESIAN_POINT('',(3.249998419285E0,4.596523641766E0,
-5.983559765825E0));
#12435=CARTESIAN_POINT('',(1.259819830303E0,5.040393525816E0,
-6.691661317769E0));
#12436=CARTESIAN_POINT('',(1.259819830303E0,4.898220548687E0,
-6.691661317769E0));
#12437=CARTESIAN_POINT('',(1.259819830303E0,4.756047571557E0,
-6.691661317769E0));
#12438=CARTESIAN_POINT('',(1.259819830303E0,4.613874594428E0,
-6.691661317769E0));
#12439=CARTESIAN_POINT('',(-8.516039576825E-1,5.057744478478E0,
-6.755756648652E0));
#12440=CARTESIAN_POINT('',(-8.516039576825E-1,4.915571501348E0,
-6.755756648652E0));
#12441=CARTESIAN_POINT('',(-8.516039576825E-1,4.773398524217E0,
-6.755756648652E0));
#12442=CARTESIAN_POINT('',(-8.516039576825E-1,4.631225547087E0,
-6.755756648652E0));
#12443=CARTESIAN_POINT('',(-2.881069287135E0,5.075095431139E0,
-6.169677216782E0));
#12444=CARTESIAN_POINT('',(-2.881069287135E0,4.932922454009E0,
-6.169677216782E0));
#12445=CARTESIAN_POINT('',(-2.881069287135E0,4.790749476878E0,
-6.169677216782E0));
#12446=CARTESIAN_POINT('',(-2.881069287135E0,4.648576499748E0,
-6.169677216782E0));
#12447=CARTESIAN_POINT('',(-4.633260191581E0,5.092446383800E0,
-4.989827371128E0));
#12448=CARTESIAN_POINT('',(-4.633260191581E0,4.950273406670E0,
-4.989827371128E0));
#12449=CARTESIAN_POINT('',(-4.633260191581E0,4.808100429539E0,
-4.989827371128E0));
#12450=CARTESIAN_POINT('',(-4.633260191581E0,4.665927452409E0,
-4.989827371128E0));
#12451=CARTESIAN_POINT('',(-5.939545625700E0,5.109797336459E0,
-3.329755990577E0));
#12452=CARTESIAN_POINT('',(-5.939545625700E0,4.967624359330E0,
-3.329755990577E0));
#12453=CARTESIAN_POINT('',(-5.939545625700E0,4.825451382200E0,
-3.329755990577E0));
#12454=CARTESIAN_POINT('',(-5.939545625700E0,4.683278405071E0,
-3.329755990577E0));
#12455=CARTESIAN_POINT('',(-6.674208535667E0,5.127148289121E0,
-1.349228527341E0));
#12456=CARTESIAN_POINT('',(-6.674208535667E0,4.984975311991E0,
-1.349228527341E0));
#12457=CARTESIAN_POINT('',(-6.674208535667E0,4.842802334860E0,
-1.349228527341E0));
#12458=CARTESIAN_POINT('',(-6.674208535667E0,4.700629357730E0,
-1.349228527341E0));
#12459=CARTESIAN_POINT('',(-6.766544882240E0,5.144499241782E0,
7.611488377336E-1));
#12460=CARTESIAN_POINT('',(-6.766544882240E0,5.002326264652E0,
7.611488377336E-1));
#12461=CARTESIAN_POINT('',(-6.766544882240E0,4.860153287521E0,
7.611488377336E-1));
#12462=CARTESIAN_POINT('',(-6.766544882240E0,4.717980310391E0,
7.611488377336E-1));
#12463=CARTESIAN_POINT('',(-6.207668205273E0,5.161850194443E0,
2.798273154966E0));
#12464=CARTESIAN_POINT('',(-6.207668205273E0,5.019677217313E0,
2.798273154966E0));
#12465=CARTESIAN_POINT('',(-6.207668205273E0,4.877504240182E0,
2.798273154966E0));
#12466=CARTESIAN_POINT('',(-6.207668205273E0,4.735331263052E0,
2.798273154966E0));
#12467=CARTESIAN_POINT('',(-5.051364857610E0,5.179201147104E0,
4.566091356056E0));
#12468=CARTESIAN_POINT('',(-5.051364857610E0,5.037028169974E0,
4.566091356056E0));
#12469=CARTESIAN_POINT('',(-5.051364857610E0,4.894855192843E0,
4.566091356056E0));
#12470=CARTESIAN_POINT('',(-5.051364857610E0,4.752682215713E0,
4.566091356056E0));
#12471=CARTESIAN_POINT('',(-3.408917600588E0,5.196552099764E0,
5.894468422936E0));
#12472=CARTESIAN_POINT('',(-3.408917600588E0,5.054379122634E0,
5.894468422936E0));
#12473=CARTESIAN_POINT('',(-3.408917600588E0,4.912206145503E0,
5.894468422936E0));
#12474=CARTESIAN_POINT('',(-3.408917600588E0,4.770033168373E0,
5.894468422936E0));
#12475=CARTESIAN_POINT('',(-1.438395738814E0,5.213903052425E0,
6.655561200609E0));
#12476=CARTESIAN_POINT('',(-1.438395738814E0,5.071730075295E0,
6.655561200609E0));
#12477=CARTESIAN_POINT('',(-1.438395738814E0,4.929557098164E0,
6.655561200609E0));
#12478=CARTESIAN_POINT('',(-1.438395738814E0,4.787384121034E0,
6.655561200609E0));
#12479=CARTESIAN_POINT('',(6.705574869877E-1,5.231254005086E0,
6.776122036484E0));
#12480=CARTESIAN_POINT('',(6.705574869877E-1,5.089081027956E0,
6.776122036484E0));
#12481=CARTESIAN_POINT('',(6.705574869877E-1,4.946908050825E0,
6.776122036484E0));
#12482=CARTESIAN_POINT('',(6.705574869877E-1,4.804735073695E0,
6.776122036484E0));
#12483=CARTESIAN_POINT('',(2.714976186683E0,5.248604957747E0,6.244548142368E0));
#12484=CARTESIAN_POINT('',(2.714976186683E0,5.106431980617E0,6.244548142368E0));
#12485=CARTESIAN_POINT('',(2.714976186683E0,4.964259003486E0,6.244548142368E0));
#12486=CARTESIAN_POINT('',(2.714976186683E0,4.822086026356E0,6.244548142368E0));
#12487=CARTESIAN_POINT('',(4.498105278957E0,5.265955910406E0,5.111998248623E0));
#12488=CARTESIAN_POINT('',(4.498105278957E0,5.123782933277E0,5.111998248623E0));
#12489=CARTESIAN_POINT('',(4.498105278957E0,4.981609956147E0,5.111998248623E0));
#12490=CARTESIAN_POINT('',(4.498105278957E0,4.839436979018E0,5.111998248623E0));
#12491=CARTESIAN_POINT('',(5.848336227040E0,5.283306863068E0,3.487469080294E0));
#12492=CARTESIAN_POINT('',(5.848336227040E0,5.141133885938E0,3.487469080294E0));
#12493=CARTESIAN_POINT('',(5.848336227040E0,4.998960908807E0,3.487469080293E0));
#12494=CARTESIAN_POINT('',(5.848336227040E0,4.856787931677E0,3.487469080293E0));
#12495=CARTESIAN_POINT('',(6.635722644253E0,5.300657815729E0,1.527305507920E0));
#12496=CARTESIAN_POINT('',(6.635722644253E0,5.158484838599E0,1.527305507920E0));
#12497=CARTESIAN_POINT('',(6.635722644253E0,5.016311861468E0,1.527305507920E0));
#12498=CARTESIAN_POINT('',(6.635722644253E0,4.874138884338E0,1.527305507920E0));
#12499=CARTESIAN_POINT('',(6.784486419103E0,5.318008768390E0,
-5.798461284426E-1));
#12500=CARTESIAN_POINT('',(6.784486419103E0,5.175835791260E0,
-5.798461284426E-1));
#12501=CARTESIAN_POINT('',(6.784486419103E0,5.033662814129E0,
-5.798461284425E-1));
#12502=CARTESIAN_POINT('',(6.784486419103E0,4.891489836999E0,
-5.798461284425E-1));
#12503=CARTESIAN_POINT('',(6.280310345763E0,5.335359721051E0,
-2.631193257547E0));
#12504=CARTESIAN_POINT('',(6.280310345763E0,5.193186743921E0,
-2.631193257547E0));
#12505=CARTESIAN_POINT('',(6.280310345763E0,5.051013766790E0,
-2.631193257547E0));
#12506=CARTESIAN_POINT('',(6.280310345763E0,4.908840789660E0,
-2.631193257547E0));
#12507=CARTESIAN_POINT('',(5.171716996193E0,5.352710673712E0,
-4.429314252631E0));
#12508=CARTESIAN_POINT('',(5.171716996193E0,5.210537696582E0,
-4.429314252631E0));
#12509=CARTESIAN_POINT('',(5.171716996193E0,5.068364719451E0,
-4.429314252631E0));
#12510=CARTESIAN_POINT('',(5.171716996193E0,4.926191742321E0,
-4.429314252631E0));
#12511=CARTESIAN_POINT('',(3.565395235153E0,5.370061626372E0,
-5.801156831385E0));
#12512=CARTESIAN_POINT('',(3.565395235153E0,5.227888649242E0,
-5.801156831385E0));
#12513=CARTESIAN_POINT('',(3.565395235153E0,5.085715672111E0,
-5.801156831385E0));
#12514=CARTESIAN_POINT('',(3.565395235153E0,4.943542694981E0,
-5.801156831385E0));
#12515=CARTESIAN_POINT('',(1.615946158772E0,5.387412579033E0,
-6.614698146714E0));
#12516=CARTESIAN_POINT('',(1.615946158772E0,5.245239601903E0,
-6.614698146714E0));
#12517=CARTESIAN_POINT('',(1.615946158772E0,5.103066624772E0,
-6.614698146714E0));
#12518=CARTESIAN_POINT('',(1.615946158772E0,4.960893647642E0,
-6.614698146714E0));
#12519=CARTESIAN_POINT('',(-4.890468111965E-1,5.404763531694E0,
-6.791630078827E0));
#12520=CARTESIAN_POINT('',(-4.890468111965E-1,5.262590554564E0,
-6.791630078827E0));
#12521=CARTESIAN_POINT('',(-4.890468111965E-1,5.120417577433E0,
-6.791630078827E0));
#12522=CARTESIAN_POINT('',(-4.890468111965E-1,4.978244600303E0,
-6.791630078827E0));
#12523=CARTESIAN_POINT('',(-2.158500270185E0,5.418839795611E0,
-6.404933280176E0));
#12524=CARTESIAN_POINT('',(-2.158500270185E0,5.276666818481E0,
-6.404933280176E0));
#12525=CARTESIAN_POINT('',(-2.158500270185E0,5.134493841351E0,
-6.404933280176E0));
#12526=CARTESIAN_POINT('',(-2.158500270185E0,4.992320864221E0,
-6.404933280176E0));
#12527=CARTESIAN_POINT('',(-3.058145667404E0,5.427132408642E0,
-5.968838508961E0));
#12528=CARTESIAN_POINT('',(-3.058145667404E0,5.284959431512E0,
-5.968838508961E0));
#12529=CARTESIAN_POINT('',(-3.058145667404E0,5.142786454382E0,
-5.968838508961E0));
#12530=CARTESIAN_POINT('',(-3.058145667404E0,5.000613477252E0,
-5.968838508961E0));
#12531=CARTESIAN_POINT('',(-3.319971529417E0,5.429641370786E0,
-5.818452007967E0));
#12532=CARTESIAN_POINT('',(-3.319971529417E0,5.287468393656E0,
-5.818452007967E0));
#12533=CARTESIAN_POINT('',(-3.319971529417E0,5.145295416526E0,
-5.818452007967E0));
#12534=CARTESIAN_POINT('',(-3.319971529417E0,5.003122439396E0,
-5.818452007967E0));
#12535=B_SPLINE_SURFACE_WITH_KNOTS('',3,3,((#12259,#12260,#12261,#12262),
(#12263,#12264,#12265,#12266),(#12267,#12268,#12269,#12270),(#12271,#12272,
#12273,#12274),(#12275,#12276,#12277,#12278),(#12279,#12280,#12281,#12282),(
#12283,#12284,#12285,#12286),(#12287,#12288,#12289,#12290),(#12291,#12292,
#12293,#12294),(#12295,#12296,#12297,#12298),(#12299,#12300,#12301,#12302),(
#12303,#12304,#12305,#12306),(#12307,#12308,#12309,#12310),(#12311,#12312,
#12313,#12314),(#12315,#12316,#12317,#12318),(#12319,#12320,#12321,#12322),(
#12323,#12324,#12325,#12326),(#12327,#12328,#12329,#12330),(#12331,#12332,
#12333,#12334),(#12335,#12336,#12337,#12338),(#12339,#12340,#12341,#12342),(
#12343,#12344,#12345,#12346),(#12347,#12348,#12349,#12350),(#12351,#12352,
#12353,#12354),(#12355,#12356,#12357,#12358),(#12359,#12360,#12361,#12362),(
#12363,#12364,#12365,#12366),(#12367,#12368,#12369,#12370),(#12371,#12372,
#12373,#12374),(#12375,#12376,#12377,#12378),(#12379,#12380,#12381,#12382),(
#12383,#12384,#12385,#12386),(#12387,#12388,#12389,#12390),(#12391,#12392,
#12393,#12394),(#12395,#12396,#12397,#12398),(#12399,#12400,#12401,#12402),(
#12403,#12404,#12405,#12406),(#12407,#12408,#12409,#12410),(#12411,#12412,
#12413,#12414),(#12415,#12416,#12417,#12418),(#12419,#12420,#12421,#12422),(
#12423,#12424,#12425,#12426),(#12427,#12428,#12429,#12430),(#12431,#12432,
#12433,#12434),(#12435,#12436,#12437,#12438),(#12439,#12440,#12441,#12442),(
#12443,#12444,#12445,#12446),(#12447,#12448,#12449,#12450),(#12451,#12452,
#12453,#12454),(#12455,#12456,#12457,#12458),(#12459,#12460,#12461,#12462),(
#12463,#12464,#12465,#12466),(#12467,#12468,#12469,#12470),(#12471,#12472,
#12473,#12474),(#12475,#12476,#12477,#12478),(#12479,#12480,#12481,#12482),(
#12483,#12484,#12485,#12486),(#12487,#12488,#12489,#12490),(#12491,#12492,
#12493,#12494),(#12495,#12496,#12497,#12498),(#12499,#12500,#12501,#12502),(
#12503,#12504,#12505,#12506),(#12507,#12508,#12509,#12510),(#12511,#12512,
#12513,#12514),(#12515,#12516,#12517,#12518),(#12519,#12520,#12521,#12522),(
#12523,#12524,#12525,#12526),(#12527,#12528,#12529,#12530),(#12531,#12532,
#12533,#12534)),.UNSPECIFIED.,.F.,.F.,.F.,(4,1,1,1,1,1,1,1,1,1,1,1,1,1,1,1,1,1,
1,1,1,1,1,1,1,1,1,1,1,1,1,1,1,1,1,1,1,1,1,1,1,1,1,1,1,1,1,1,1,1,1,1,1,1,1,1,1,1,
1,1,1,1,1,1,1,1,4),(4,4),(-6.778163872603E-3,0.E0,1.562500000001E-2,
3.125000000002E-2,4.687500000003E-2,6.250000000004E-2,7.812500000004E-2,
9.375000000005E-2,1.093750000001E-1,1.250000000001E-1,1.406250000001E-1,
1.562500000001E-1,1.718750000001E-1,1.875000000001E-1,2.031250000001E-1,
2.187500000001E-1,2.343750000001E-1,2.500000000001E-1,2.656250000002E-1,
2.812500000002E-1,2.968750000002E-1,3.125000000002E-1,3.281250000002E-1,
3.437500000002E-1,3.593750000002E-1,3.750000000002E-1,3.906250000002E-1,
4.062500000002E-1,4.218750000002E-1,4.375000000002E-1,4.531250000003E-1,
4.687500000003E-1,4.843750000003E-1,5.000000000003E-1,5.156250000003E-1,
5.312500000003E-1,5.468750000003E-1,5.625000000003E-1,5.781250000003E-1,
5.937500000003E-1,6.093750000003E-1,6.250000000004E-1,6.406250000004E-1,
6.562500000004E-1,6.718750000004E-1,6.875000000004E-1,7.031250000004E-1,
7.187500000004E-1,7.343750000004E-1,7.500000000004E-1,7.656250000004E-1,
7.812500000004E-1,7.968750000005E-1,8.125000000005E-1,8.281250000005E-1,
8.437500000005E-1,8.593750000005E-1,8.750000000005E-1,8.906250000005E-1,
9.062500000004E-1,9.218750000004E-1,9.375000000004E-1,9.531250000004E-1,
9.687500000004E-1,9.843750000010E-1,1.E0,1.006778163873E0),(-8.707201280222E-2,
1.087072012802E0),.UNSPECIFIED.);
#12537=ORIENTED_EDGE('',*,*,#12536,.T.);
#12539=ORIENTED_EDGE('',*,*,#12538,.T.);
#12541=ORIENTED_EDGE('',*,*,#12540,.T.);
#12543=ORIENTED_EDGE('',*,*,#12542,.T.);
#12544=EDGE_LOOP('',(#12537,#12539,#12541,#12543));
#12545=FACE_OUTER_BOUND('',#12544,.F.);
#12546=ADVANCED_FACE('',(#12545),#12535,.F.);
#12547=OPEN_SHELL('',(#12546));
#12548=FILL_AREA_STYLE_COLOUR('',#7);
#12549=FILL_AREA_STYLE('',(#12548));
#12550=SURFACE_STYLE_FILL_AREA(#12549);
#12551=SURFACE_SIDE_STYLE('',(#12550));
#12552=SURFACE_STYLE_USAGE(.POSITIVE.,#12551);
#12553=FILL_AREA_STYLE_COLOUR('',#1);
#12554=FILL_AREA_STYLE('',(#12553));
#12555=SURFACE_STYLE_FILL_AREA(#12554);
#12556=SURFACE_SIDE_STYLE('',(#12555));
#12557=SURFACE_STYLE_USAGE(.NEGATIVE.,#12556);
#12558=PRESENTATION_STYLE_ASSIGNMENT((#12552,#12557));
#12095=STYLED_ITEM('',(#12558),#12547);
#12560=DIRECTION('',(0.E0,1.E0,0.E0));
#12561=VECTOR('',#12560,3.632594656940E-1);
#12562=CARTESIAN_POINT('',(4.326644047542E0,3.916764315525E0,
-5.115677011488E0));
#12563=LINE('',#12562,#12561);
#12564=CURVE_STYLE('',#14,POSITIVE_LENGTH_MEASURE(2.E-2),#7);
#12565=PRESENTATION_STYLE_ASSIGNMENT((#12564));
#12566=STYLED_ITEM('',(#12565),#12563);
#12567=CARTESIAN_POINT('',(4.326644047542E0,4.280023781219E0,
-5.115677011488E0));
#12568=CARTESIAN_POINT('',(3.795494261592E0,4.285807432106E0,
-5.564903194958E0));
#12569=CARTESIAN_POINT('',(2.592230500517E0,4.297374733880E0,
-6.296486873118E0));
#12570=CARTESIAN_POINT('',(5.377813190565E-1,4.314725686541E0,
-6.787952917711E0));
#12571=CARTESIAN_POINT('',(-1.568403365895E0,4.332076639202E0,
-6.626128179187E0));
#12572=CARTESIAN_POINT('',(-3.523650266182E0,4.349427591862E0,
-5.826608811212E0));
#12573=CARTESIAN_POINT('',(-5.139779196226E0,4.366778544523E0,
-4.466334717830E0));
#12574=CARTESIAN_POINT('',(-6.261255608109E0,4.384129497184E0,
-2.676220415731E0));
#12575=CARTESIAN_POINT('',(-6.780147985417E0,4.401480449844E0,
-6.285462765952E-1));
#12576=CARTESIAN_POINT('',(-6.646518203533E0,4.418831402505E0,
1.479619201218E0));
#12577=CARTESIAN_POINT('',(-5.873226771231E0,4.436182355166E0,
3.445385970859E0));
#12578=CARTESIAN_POINT('',(-4.534695350672E0,4.453533307827E0,
5.079568414067E0));
#12579=CARTESIAN_POINT('',(-2.759744350365E0,4.470884260487E0,
6.224892635002E0));
#12580=CARTESIAN_POINT('',(-7.191952504546E-1,4.488235213148E0,
6.771132504109E0));
#12581=CARTESIAN_POINT('',(1.390569279484E0,4.505586165809E0,6.665717836477E0));
#12582=CARTESIAN_POINT('',(3.366505269043E0,4.522937118469E0,5.918793751268E0));
#12583=CARTESIAN_POINT('',(5.018448421319E0,4.540288071130E0,4.602244304588E0));
#12584=CARTESIAN_POINT('',(6.187415545680E0,4.557639023791E0,2.842774359956E0));
#12585=CARTESIAN_POINT('',(6.760905117536E0,4.574989976452E0,
8.097154983203E-1));
#12586=CARTESIAN_POINT('',(6.683724437428E0,4.592340929112E0,
-1.301270471913E0));
#12587=CARTESIAN_POINT('',(5.963301382497E0,4.609691881773E0,
-3.287022028837E0));
#12588=CARTESIAN_POINT('',(4.668969546769E0,4.627042834434E0,
-4.956430224253E0));
#12589=CARTESIAN_POINT('',(2.925295568444E0,4.644393787094E0,
-6.148831029862E0));
#12590=CARTESIAN_POINT('',(9.000908229370E-1,4.661744739755E0,
-6.749467661010E0));
#12591=CARTESIAN_POINT('',(-1.211738762347E0,4.679095692416E0,
-6.700534782267E0));
#12592=CARTESIAN_POINT('',(-3.206950475896E0,4.696446645077E0,
-6.006741699266E0));
#12593=CARTESIAN_POINT('',(-4.893524922997E0,4.713797597737E0,
-4.734859134605E0));
#12594=CARTESIAN_POINT('',(-6.109145993400E0,4.731148550398E0,
-3.007293206169E0));
#12595=CARTESIAN_POINT('',(-6.736822181616E0,4.748499503059E0,
-9.903050488788E-1));
#12596=CARTESIAN_POINT('',(-6.716145862269E0,4.765850455719E0,
1.121990175213E0));
#12597=CARTESIAN_POINT('',(-6.049106926607E0,4.783201408380E0,
3.126304941465E0));
#12598=CARTESIAN_POINT('',(-4.799901275147E0,4.800552361041E0,
4.829743776370E0));
#12599=CARTESIAN_POINT('',(-3.088752597154E0,4.817903313701E0,
6.068367539143E0));
#12600=CARTESIAN_POINT('',(-1.080342029561E0,4.835254266362E0,
6.722970942650E0));
#12601=CARTESIAN_POINT('',(1.032040773756E0,4.852605219023E0,6.730554883355E0));
#12602=CARTESIAN_POINT('',(3.045099859520E0,4.869956171684E0,6.090389481971E0));
#12603=CARTESIAN_POINT('',(4.765098199954E0,4.887307124344E0,4.864084327121E0));
#12604=CARTESIAN_POINT('',(6.026502965637E0,4.904658077005E0,3.169659161758E0));
#12605=CARTESIAN_POINT('',(6.707916423213E0,4.922009029666E0,1.170185650120E0));
#12606=CARTESIAN_POINT('',(6.743759266592E0,4.939359982327E0,
-9.419066571635E-1));
#12607=CARTESIAN_POINT('',(6.130581976587E0,4.956710934987E0,
-2.963349764186E0));
#12608=CARTESIAN_POINT('',(4.927396803014E0,4.974061887648E0,
-4.699599764044E0));
#12609=CARTESIAN_POINT('',(3.249998419285E0,4.991412840309E0,
-5.983559765825E0));
#12610=CARTESIAN_POINT('',(1.259819830303E0,5.008763792969E0,
-6.691661317769E0));
#12611=CARTESIAN_POINT('',(-8.516039576825E-1,5.026114745630E0,
-6.755756648652E0));
#12612=CARTESIAN_POINT('',(-2.881069287135E0,5.043465698291E0,
-6.169677216782E0));
#12613=CARTESIAN_POINT('',(-4.633260191581E0,5.060816650952E0,
-4.989827371128E0));
#12614=CARTESIAN_POINT('',(-5.939545625700E0,5.078167603612E0,
-3.329755990577E0));
#12615=CARTESIAN_POINT('',(-6.674208535667E0,5.095518556273E0,
-1.349228527341E0));
#12616=CARTESIAN_POINT('',(-6.766544882240E0,5.112869508934E0,
7.611488377336E-1));
#12617=CARTESIAN_POINT('',(-6.207668205273E0,5.130220461595E0,
2.798273154966E0));
#12618=CARTESIAN_POINT('',(-5.051364857610E0,5.147571414256E0,
4.566091356056E0));
#12619=CARTESIAN_POINT('',(-3.408917600588E0,5.164922366916E0,
5.894468422936E0));
#12620=CARTESIAN_POINT('',(-1.438395738814E0,5.182273319577E0,
6.655561200609E0));
#12621=CARTESIAN_POINT('',(6.705574869877E-1,5.199624272238E0,
6.776122036484E0));
#12622=CARTESIAN_POINT('',(2.714976186683E0,5.216975224899E0,6.244548142368E0));
#12623=CARTESIAN_POINT('',(4.498105278957E0,5.234326177559E0,5.111998248623E0));
#12624=CARTESIAN_POINT('',(5.848336227040E0,5.251677130220E0,3.487469080294E0));
#12625=CARTESIAN_POINT('',(6.635722644253E0,5.269028082881E0,1.527305507920E0));
#12626=CARTESIAN_POINT('',(6.784486419103E0,5.286379035542E0,
-5.798461284426E-1));
#12627=CARTESIAN_POINT('',(6.280310345763E0,5.303729988203E0,
-2.631193257547E0));
#12628=CARTESIAN_POINT('',(5.171716996193E0,5.321080940864E0,
-4.429314252631E0));
#12629=CARTESIAN_POINT('',(3.565395235153E0,5.338431893524E0,
-5.801156831385E0));
#12630=CARTESIAN_POINT('',(1.615946158772E0,5.355782846185E0,
-6.614698146714E0));
#12631=CARTESIAN_POINT('',(-4.890468111965E-1,5.373133798846E0,
-6.791630078827E0));
#12632=CARTESIAN_POINT('',(-1.860935834499E0,5.384701100620E0,
-6.473858361048E0));
#12633=CARTESIAN_POINT('',(-2.506086506544E0,5.390484751507E0,
-6.213656767292E0));
#12635=CURVE_STYLE('',#14,POSITIVE_LENGTH_MEASURE(2.E-2),#7);
#12636=PRESENTATION_STYLE_ASSIGNMENT((#12635));
#12637=STYLED_ITEM('',(#12636),#12634);
#12638=DIRECTION('',(-8.679838208491E-14,-1.E0,3.423034786447E-14));
#12639=VECTOR('',#12638,3.632594656950E-1);
#12640=CARTESIAN_POINT('',(-2.506086506544E0,5.390484751507E0,
-6.213656767292E0));
#12641=LINE('',#12640,#12639);
#12642=CURVE_STYLE('',#14,POSITIVE_LENGTH_MEASURE(2.E-2),#7);
#12643=PRESENTATION_STYLE_ASSIGNMENT((#12642));
#12644=STYLED_ITEM('',(#12643),#12641);
#12645=CARTESIAN_POINT('',(-2.506086506544E0,5.027225285812E0,
-6.213656767292E0));
#12646=CARTESIAN_POINT('',(-1.860935834499E0,5.021441634925E0,
-6.473858361048E0));
#12647=CARTESIAN_POINT('',(-4.890468111965E-1,5.009874333151E0,
-6.791630078827E0));
#12648=CARTESIAN_POINT('',(1.615946158772E0,4.992523380490E0,
-6.614698146714E0));
#12649=CARTESIAN_POINT('',(3.565395235153E0,4.975172427829E0,
-5.801156831385E0));
#12650=CARTESIAN_POINT('',(5.171716996193E0,4.957821475169E0,
-4.429314252631E0));
#12651=CARTESIAN_POINT('',(6.280310345763E0,4.940470522508E0,
-2.631193257547E0));
#12652=CARTESIAN_POINT('',(6.784486419103E0,4.923119569847E0,
-5.798461284425E-1));
#12653=CARTESIAN_POINT('',(6.635722644253E0,4.905768617186E0,1.527305507920E0));
#12654=CARTESIAN_POINT('',(5.848336227040E0,4.888417664525E0,3.487469080293E0));
#12655=CARTESIAN_POINT('',(4.498105278957E0,4.871066711865E0,5.111998248623E0));
#12656=CARTESIAN_POINT('',(2.714976186683E0,4.853715759204E0,6.244548142368E0));
#12657=CARTESIAN_POINT('',(6.705574869877E-1,4.836364806543E0,
6.776122036484E0));
#12658=CARTESIAN_POINT('',(-1.438395738814E0,4.819013853882E0,
6.655561200609E0));
#12659=CARTESIAN_POINT('',(-3.408917600588E0,4.801662901221E0,
5.894468422936E0));
#12660=CARTESIAN_POINT('',(-5.051364857610E0,4.784311948561E0,
4.566091356056E0));
#12661=CARTESIAN_POINT('',(-6.207668205273E0,4.766960995900E0,
2.798273154966E0));
#12662=CARTESIAN_POINT('',(-6.766544882240E0,4.749610043239E0,
7.611488377336E-1));
#12663=CARTESIAN_POINT('',(-6.674208535667E0,4.732259090578E0,
-1.349228527341E0));
#12664=CARTESIAN_POINT('',(-5.939545625700E0,4.714908137918E0,
-3.329755990577E0));
#12665=CARTESIAN_POINT('',(-4.633260191581E0,4.697557185257E0,
-4.989827371128E0));
#12666=CARTESIAN_POINT('',(-2.881069287135E0,4.680206232596E0,
-6.169677216782E0));
#12667=CARTESIAN_POINT('',(-8.516039576825E-1,4.662855279935E0,
-6.755756648652E0));
#12668=CARTESIAN_POINT('',(1.259819830303E0,4.645504327275E0,
-6.691661317769E0));
#12669=CARTESIAN_POINT('',(3.249998419285E0,4.628153374614E0,
-5.983559765825E0));
#12670=CARTESIAN_POINT('',(4.927396803014E0,4.610802421953E0,
-4.699599764044E0));
#12671=CARTESIAN_POINT('',(6.130581976587E0,4.593451469292E0,
-2.963349764186E0));
#12672=CARTESIAN_POINT('',(6.743759266592E0,4.576100516632E0,
-9.419066571635E-1));
#12673=CARTESIAN_POINT('',(6.707916423213E0,4.558749563971E0,1.170185650120E0));
#12674=CARTESIAN_POINT('',(6.026502965637E0,4.541398611310E0,3.169659161758E0));
#12675=CARTESIAN_POINT('',(4.765098199954E0,4.524047658649E0,4.864084327121E0));
#12676=CARTESIAN_POINT('',(3.045099859520E0,4.506696705989E0,6.090389481971E0));
#12677=CARTESIAN_POINT('',(1.032040773756E0,4.489345753328E0,6.730554883355E0));
#12678=CARTESIAN_POINT('',(-1.080342029561E0,4.471994800667E0,
6.722970942650E0));
#12679=CARTESIAN_POINT('',(-3.088752597154E0,4.454643848007E0,
6.068367539143E0));
#12680=CARTESIAN_POINT('',(-4.799901275147E0,4.437292895346E0,
4.829743776370E0));
#12681=CARTESIAN_POINT('',(-6.049106926607E0,4.419941942685E0,
3.126304941465E0));
#12682=CARTESIAN_POINT('',(-6.716145862269E0,4.402590990024E0,
1.121990175213E0));
#12683=CARTESIAN_POINT('',(-6.736822181616E0,4.385240037364E0,
-9.903050488788E-1));
#12684=CARTESIAN_POINT('',(-6.109145993400E0,4.367889084703E0,
-3.007293206169E0));
#12685=CARTESIAN_POINT('',(-4.893524922997E0,4.350538132042E0,
-4.734859134606E0));
#12686=CARTESIAN_POINT('',(-3.206950475896E0,4.333187179382E0,
-6.006741699266E0));
#12687=CARTESIAN_POINT('',(-1.211738762347E0,4.315836226721E0,
-6.700534782267E0));
#12688=CARTESIAN_POINT('',(9.000908229370E-1,4.298485274060E0,
-6.749467661010E0));
#12689=CARTESIAN_POINT('',(2.925295568444E0,4.281134321400E0,
-6.148831029862E0));
#12690=CARTESIAN_POINT('',(4.668969546769E0,4.263783368739E0,
-4.956430224253E0));
#12691=CARTESIAN_POINT('',(5.963301382497E0,4.246432416078E0,
-3.287022028837E0));
#12692=CARTESIAN_POINT('',(6.683724437428E0,4.229081463417E0,
-1.301270471913E0));
#12693=CARTESIAN_POINT('',(6.760905117536E0,4.211730510757E0,
8.097154983203E-1));
#12694=CARTESIAN_POINT('',(6.187415545680E0,4.194379558096E0,2.842774359956E0));
#12695=CARTESIAN_POINT('',(5.018448421319E0,4.177028605435E0,4.602244304589E0));
#12696=CARTESIAN_POINT('',(3.366505269043E0,4.159677652775E0,5.918793751268E0));
#12697=CARTESIAN_POINT('',(1.390569279484E0,4.142326700114E0,6.665717836477E0));
#12698=CARTESIAN_POINT('',(-7.191952504546E-1,4.124975747453E0,
6.771132504109E0));
#12699=CARTESIAN_POINT('',(-2.759744350365E0,4.107624794792E0,
6.224892635002E0));
#12700=CARTESIAN_POINT('',(-4.534695350672E0,4.090273842132E0,
5.079568414067E0));
#12701=CARTESIAN_POINT('',(-5.873226771231E0,4.072922889471E0,
3.445385970859E0));
#12702=CARTESIAN_POINT('',(-6.646518203533E0,4.055571936810E0,
1.479619201218E0));
#12703=CARTESIAN_POINT('',(-6.780147985417E0,4.038220984150E0,
-6.285462765952E-1));
#12704=CARTESIAN_POINT('',(-6.261255608109E0,4.020870031489E0,
-2.676220415731E0));
#12705=CARTESIAN_POINT('',(-5.139779196226E0,4.003519078828E0,
-4.466334717830E0));
#12706=CARTESIAN_POINT('',(-3.523650266182E0,3.986168126167E0,
-5.826608811212E0));
#12707=CARTESIAN_POINT('',(-1.568403365895E0,3.968817173507E0,
-6.626128179187E0));
#12708=CARTESIAN_POINT('',(5.377813190565E-1,3.951466220846E0,
-6.787952917711E0));
#12709=CARTESIAN_POINT('',(2.592230500517E0,3.934115268185E0,
-6.296486873118E0));
#12710=CARTESIAN_POINT('',(3.795494261592E0,3.922547966411E0,
-5.564903194958E0));
#12711=CARTESIAN_POINT('',(4.326644047542E0,3.916764315525E0,
-5.115677011488E0));
#12713=CURVE_STYLE('',#14,POSITIVE_LENGTH_MEASURE(2.E-2),#7);
#12714=PRESENTATION_STYLE_ASSIGNMENT((#12713));
#12715=STYLED_ITEM('',(#12714),#12712);
#12716=CARTESIAN_POINT('',(4.326644047542E0,4.280023781219E0,
-5.115677011488E0));
#12717=CARTESIAN_POINT('',(4.326644047542E0,3.916764315525E0,
-5.115677011488E0));
#12718=VERTEX_POINT('',#12716);
#12719=VERTEX_POINT('',#12717);
#12720=VERTEX_POINT('',#12633);
#12721=CARTESIAN_POINT('',(-2.506086506544E0,5.027225285812E0,
-6.213656767292E0));
#12722=VERTEX_POINT('',#12721);
#12723=CARTESIAN_POINT('',(4.975736988839E0,4.304126627635E0,
-4.485380267377E0));
#12724=CARTESIAN_POINT('',(4.975736988839E0,4.161953650507E0,
-4.485380267377E0));
#12725=CARTESIAN_POINT('',(4.975736988839E0,4.019780673378E0,
-4.485380267377E0));
#12726=CARTESIAN_POINT('',(4.975736988839E0,3.877607696249E0,
-4.485380267377E0));
#12727=CARTESIAN_POINT('',(4.774208600002E0,4.306635589779E0,
-4.710225080901E0));
#12728=CARTESIAN_POINT('',(4.774208600002E0,4.164462612650E0,
-4.710225080901E0));
#12729=CARTESIAN_POINT('',(4.774208600002E0,4.022289635521E0,
-4.710225080901E0));
#12730=CARTESIAN_POINT('',(4.774208600002E0,3.880116658391E0,
-4.710225080901E0));
#12731=CARTESIAN_POINT('',(4.056483668137E0,4.314928202810E0,
-5.406221785131E0));
#12732=CARTESIAN_POINT('',(4.056483668137E0,4.172755225680E0,
-5.406221785131E0));
#12733=CARTESIAN_POINT('',(4.056483668137E0,4.030582248550E0,
-5.406221785131E0));
#12734=CARTESIAN_POINT('',(4.056483668137E0,3.888409271420E0,
-5.406221785131E0));
#12735=CARTESIAN_POINT('',(2.592230500517E0,4.329004466728E0,
-6.296486873118E0));
#12736=CARTESIAN_POINT('',(2.592230500517E0,4.186831489598E0,
-6.296486873118E0));
#12737=CARTESIAN_POINT('',(2.592230500517E0,4.044658512467E0,
-6.296486873118E0));
#12738=CARTESIAN_POINT('',(2.592230500517E0,3.902485535337E0,
-6.296486873118E0));
#12739=CARTESIAN_POINT('',(5.377813190565E-1,4.346355419389E0,
-6.787952917711E0));
#12740=CARTESIAN_POINT('',(5.377813190565E-1,4.204182442259E0,
-6.787952917711E0));
#12741=CARTESIAN_POINT('',(5.377813190565E-1,4.062009465128E0,
-6.787952917711E0));
#12742=CARTESIAN_POINT('',(5.377813190565E-1,3.919836487998E0,
-6.787952917711E0));
#12743=CARTESIAN_POINT('',(-1.568403365895E0,4.363706372050E0,
-6.626128179187E0));
#12744=CARTESIAN_POINT('',(-1.568403365895E0,4.221533394920E0,
-6.626128179187E0));
#12745=CARTESIAN_POINT('',(-1.568403365895E0,4.079360417789E0,
-6.626128179187E0));
#12746=CARTESIAN_POINT('',(-1.568403365895E0,3.937187440659E0,
-6.626128179187E0));
#12747=CARTESIAN_POINT('',(-3.523650266182E0,4.381057324710E0,
-5.826608811212E0));
#12748=CARTESIAN_POINT('',(-3.523650266182E0,4.238884347580E0,
-5.826608811212E0));
#12749=CARTESIAN_POINT('',(-3.523650266182E0,4.096711370449E0,
-5.826608811212E0));
#12750=CARTESIAN_POINT('',(-3.523650266182E0,3.954538393319E0,
-5.826608811212E0));
#12751=CARTESIAN_POINT('',(-5.139779196226E0,4.398408277371E0,
-4.466334717830E0));
#12752=CARTESIAN_POINT('',(-5.139779196226E0,4.256235300241E0,
-4.466334717830E0));
#12753=CARTESIAN_POINT('',(-5.139779196226E0,4.114062323110E0,
-4.466334717830E0));
#12754=CARTESIAN_POINT('',(-5.139779196226E0,3.971889345980E0,
-4.466334717830E0));
#12755=CARTESIAN_POINT('',(-6.261255608109E0,4.415759230032E0,
-2.676220415731E0));
#12756=CARTESIAN_POINT('',(-6.261255608109E0,4.273586252902E0,
-2.676220415731E0));
#12757=CARTESIAN_POINT('',(-6.261255608109E0,4.131413275771E0,
-2.676220415731E0));
#12758=CARTESIAN_POINT('',(-6.261255608109E0,3.989240298641E0,
-2.676220415731E0));
#12759=CARTESIAN_POINT('',(-6.780147985417E0,4.433110182691E0,
-6.285462765952E-1));
#12760=CARTESIAN_POINT('',(-6.780147985417E0,4.290937205562E0,
-6.285462765952E-1));
#12761=CARTESIAN_POINT('',(-6.780147985417E0,4.148764228432E0,
-6.285462765952E-1));
#12762=CARTESIAN_POINT('',(-6.780147985417E0,4.006591251303E0,
-6.285462765952E-1));
#12763=CARTESIAN_POINT('',(-6.646518203533E0,4.450461135353E0,
1.479619201218E0));
#12764=CARTESIAN_POINT('',(-6.646518203533E0,4.308288158223E0,
1.479619201218E0));
#12765=CARTESIAN_POINT('',(-6.646518203533E0,4.166115181092E0,
1.479619201218E0));
#12766=CARTESIAN_POINT('',(-6.646518203533E0,4.023942203962E0,
1.479619201218E0));
#12767=CARTESIAN_POINT('',(-5.873226771231E0,4.467812088014E0,
3.445385970859E0));
#12768=CARTESIAN_POINT('',(-5.873226771231E0,4.325639110884E0,
3.445385970859E0));
#12769=CARTESIAN_POINT('',(-5.873226771231E0,4.183466133753E0,
3.445385970859E0));
#12770=CARTESIAN_POINT('',(-5.873226771231E0,4.041293156623E0,
3.445385970859E0));
#12771=CARTESIAN_POINT('',(-4.534695350672E0,4.485163040675E0,
5.079568414067E0));
#12772=CARTESIAN_POINT('',(-4.534695350672E0,4.342990063545E0,
5.079568414067E0));
#12773=CARTESIAN_POINT('',(-4.534695350672E0,4.200817086414E0,
5.079568414067E0));
#12774=CARTESIAN_POINT('',(-4.534695350672E0,4.058644109284E0,
5.079568414067E0));
#12775=CARTESIAN_POINT('',(-2.759744350365E0,4.502513993335E0,
6.224892635002E0));
#12776=CARTESIAN_POINT('',(-2.759744350365E0,4.360341016205E0,
6.224892635002E0));
#12777=CARTESIAN_POINT('',(-2.759744350365E0,4.218168039074E0,
6.224892635002E0));
#12778=CARTESIAN_POINT('',(-2.759744350365E0,4.075995061944E0,
6.224892635002E0));
#12779=CARTESIAN_POINT('',(-7.191952504546E-1,4.519864945996E0,
6.771132504109E0));
#12780=CARTESIAN_POINT('',(-7.191952504546E-1,4.377691968866E0,
6.771132504109E0));
#12781=CARTESIAN_POINT('',(-7.191952504546E-1,4.235518991735E0,
6.771132504109E0));
#12782=CARTESIAN_POINT('',(-7.191952504546E-1,4.093346014605E0,
6.771132504109E0));
#12783=CARTESIAN_POINT('',(1.390569279484E0,4.537215898657E0,6.665717836477E0));
#12784=CARTESIAN_POINT('',(1.390569279484E0,4.395042921527E0,6.665717836477E0));
#12785=CARTESIAN_POINT('',(1.390569279484E0,4.252869944396E0,6.665717836477E0));
#12786=CARTESIAN_POINT('',(1.390569279484E0,4.110696967266E0,6.665717836477E0));
#12787=CARTESIAN_POINT('',(3.366505269043E0,4.554566851316E0,5.918793751268E0));
#12788=CARTESIAN_POINT('',(3.366505269043E0,4.412393874187E0,5.918793751268E0));
#12789=CARTESIAN_POINT('',(3.366505269043E0,4.270220897057E0,5.918793751268E0));
#12790=CARTESIAN_POINT('',(3.366505269043E0,4.128047919928E0,5.918793751268E0));
#12791=CARTESIAN_POINT('',(5.018448421319E0,4.571917803978E0,4.602244304588E0));
#12792=CARTESIAN_POINT('',(5.018448421319E0,4.429744826848E0,4.602244304588E0));
#12793=CARTESIAN_POINT('',(5.018448421319E0,4.287571849717E0,4.602244304589E0));
#12794=CARTESIAN_POINT('',(5.018448421319E0,4.145398872587E0,4.602244304589E0));
#12795=CARTESIAN_POINT('',(6.187415545680E0,4.589268756639E0,2.842774359956E0));
#12796=CARTESIAN_POINT('',(6.187415545680E0,4.447095779509E0,2.842774359956E0));
#12797=CARTESIAN_POINT('',(6.187415545680E0,4.304922802378E0,2.842774359956E0));
#12798=CARTESIAN_POINT('',(6.187415545680E0,4.162749825248E0,2.842774359956E0));
#12799=CARTESIAN_POINT('',(6.760905117536E0,4.606619709300E0,
8.097154983203E-1));
#12800=CARTESIAN_POINT('',(6.760905117536E0,4.464446732170E0,
8.097154983203E-1));
#12801=CARTESIAN_POINT('',(6.760905117536E0,4.322273755039E0,
8.097154983203E-1));
#12802=CARTESIAN_POINT('',(6.760905117536E0,4.180100777909E0,
8.097154983203E-1));
#12803=CARTESIAN_POINT('',(6.683724437428E0,4.623970661960E0,
-1.301270471913E0));
#12804=CARTESIAN_POINT('',(6.683724437428E0,4.481797684830E0,
-1.301270471913E0));
#12805=CARTESIAN_POINT('',(6.683724437428E0,4.339624707699E0,
-1.301270471913E0));
#12806=CARTESIAN_POINT('',(6.683724437428E0,4.197451730569E0,
-1.301270471913E0));
#12807=CARTESIAN_POINT('',(5.963301382497E0,4.641321614621E0,
-3.287022028837E0));
#12808=CARTESIAN_POINT('',(5.963301382497E0,4.499148637491E0,
-3.287022028837E0));
#12809=CARTESIAN_POINT('',(5.963301382497E0,4.356975660360E0,
-3.287022028837E0));
#12810=CARTESIAN_POINT('',(5.963301382497E0,4.214802683230E0,
-3.287022028837E0));
#12811=CARTESIAN_POINT('',(4.668969546769E0,4.658672567282E0,
-4.956430224253E0));
#12812=CARTESIAN_POINT('',(4.668969546769E0,4.516499590152E0,
-4.956430224253E0));
#12813=CARTESIAN_POINT('',(4.668969546769E0,4.374326613021E0,
-4.956430224253E0));
#12814=CARTESIAN_POINT('',(4.668969546769E0,4.232153635891E0,
-4.956430224253E0));
#12815=CARTESIAN_POINT('',(2.925295568444E0,4.676023519941E0,
-6.148831029862E0));
#12816=CARTESIAN_POINT('',(2.925295568444E0,4.533850542812E0,
-6.148831029862E0));
#12817=CARTESIAN_POINT('',(2.925295568444E0,4.391677565682E0,
-6.148831029862E0));
#12818=CARTESIAN_POINT('',(2.925295568444E0,4.249504588553E0,
-6.148831029862E0));
#12819=CARTESIAN_POINT('',(9.000908229370E-1,4.693374472603E0,
-6.749467661010E0));
#12820=CARTESIAN_POINT('',(9.000908229370E-1,4.551201495473E0,
-6.749467661010E0));
#12821=CARTESIAN_POINT('',(9.000908229370E-1,4.409028518342E0,
-6.749467661010E0));
#12822=CARTESIAN_POINT('',(9.000908229370E-1,4.266855541212E0,
-6.749467661010E0));
#12823=CARTESIAN_POINT('',(-1.211738762347E0,4.710725425264E0,
-6.700534782267E0));
#12824=CARTESIAN_POINT('',(-1.211738762347E0,4.568552448134E0,
-6.700534782267E0));
#12825=CARTESIAN_POINT('',(-1.211738762347E0,4.426379471003E0,
-6.700534782267E0));
#12826=CARTESIAN_POINT('',(-1.211738762347E0,4.284206493873E0,
-6.700534782267E0));
#12827=CARTESIAN_POINT('',(-3.206950475896E0,4.728076377925E0,
-6.006741699266E0));
#12828=CARTESIAN_POINT('',(-3.206950475896E0,4.585903400795E0,
-6.006741699266E0));
#12829=CARTESIAN_POINT('',(-3.206950475896E0,4.443730423664E0,
-6.006741699266E0));
#12830=CARTESIAN_POINT('',(-3.206950475896E0,4.301557446534E0,
-6.006741699266E0));
#12831=CARTESIAN_POINT('',(-4.893524922997E0,4.745427330585E0,
-4.734859134605E0));
#12832=CARTESIAN_POINT('',(-4.893524922997E0,4.603254353455E0,
-4.734859134605E0));
#12833=CARTESIAN_POINT('',(-4.893524922997E0,4.461081376324E0,
-4.734859134606E0));
#12834=CARTESIAN_POINT('',(-4.893524922997E0,4.318908399194E0,
-4.734859134606E0));
#12835=CARTESIAN_POINT('',(-6.109145993400E0,4.762778283246E0,
-3.007293206169E0));
#12836=CARTESIAN_POINT('',(-6.109145993400E0,4.620605306116E0,
-3.007293206169E0));
#12837=CARTESIAN_POINT('',(-6.109145993400E0,4.478432328985E0,
-3.007293206169E0));
#12838=CARTESIAN_POINT('',(-6.109145993400E0,4.336259351855E0,
-3.007293206169E0));
#12839=CARTESIAN_POINT('',(-6.736822181616E0,4.780129235907E0,
-9.903050488788E-1));
#12840=CARTESIAN_POINT('',(-6.736822181616E0,4.637956258777E0,
-9.903050488788E-1));
#12841=CARTESIAN_POINT('',(-6.736822181616E0,4.495783281646E0,
-9.903050488788E-1));
#12842=CARTESIAN_POINT('',(-6.736822181616E0,4.353610304516E0,
-9.903050488788E-1));
#12843=CARTESIAN_POINT('',(-6.716145862269E0,4.797480188567E0,
1.121990175213E0));
#12844=CARTESIAN_POINT('',(-6.716145862269E0,4.655307211437E0,
1.121990175213E0));
#12845=CARTESIAN_POINT('',(-6.716145862269E0,4.513134234306E0,
1.121990175213E0));
#12846=CARTESIAN_POINT('',(-6.716145862269E0,4.370961257176E0,
1.121990175213E0));
#12847=CARTESIAN_POINT('',(-6.049106926607E0,4.814831141228E0,
3.126304941465E0));
#12848=CARTESIAN_POINT('',(-6.049106926607E0,4.672658164098E0,
3.126304941465E0));
#12849=CARTESIAN_POINT('',(-6.049106926607E0,4.530485186967E0,
3.126304941465E0));
#12850=CARTESIAN_POINT('',(-6.049106926607E0,4.388312209837E0,
3.126304941465E0));
#12851=CARTESIAN_POINT('',(-4.799901275147E0,4.832182093889E0,
4.829743776370E0));
#12852=CARTESIAN_POINT('',(-4.799901275147E0,4.690009116759E0,
4.829743776370E0));
#12853=CARTESIAN_POINT('',(-4.799901275147E0,4.547836139628E0,
4.829743776370E0));
#12854=CARTESIAN_POINT('',(-4.799901275147E0,4.405663162498E0,
4.829743776370E0));
#12855=CARTESIAN_POINT('',(-3.088752597154E0,4.849533046548E0,
6.068367539143E0));
#12856=CARTESIAN_POINT('',(-3.088752597154E0,4.707360069419E0,
6.068367539143E0));
#12857=CARTESIAN_POINT('',(-3.088752597154E0,4.565187092289E0,
6.068367539143E0));
#12858=CARTESIAN_POINT('',(-3.088752597154E0,4.423014115160E0,
6.068367539143E0));
#12859=CARTESIAN_POINT('',(-1.080342029561E0,4.866883999210E0,
6.722970942650E0));
#12860=CARTESIAN_POINT('',(-1.080342029561E0,4.724711022080E0,
6.722970942650E0));
#12861=CARTESIAN_POINT('',(-1.080342029561E0,4.582538044949E0,
6.722970942650E0));
#12862=CARTESIAN_POINT('',(-1.080342029561E0,4.440365067819E0,
6.722970942650E0));
#12863=CARTESIAN_POINT('',(1.032040773756E0,4.884234951871E0,6.730554883355E0));
#12864=CARTESIAN_POINT('',(1.032040773756E0,4.742061974741E0,6.730554883355E0));
#12865=CARTESIAN_POINT('',(1.032040773756E0,4.599888997610E0,6.730554883355E0));
#12866=CARTESIAN_POINT('',(1.032040773756E0,4.457716020480E0,6.730554883355E0));
#12867=CARTESIAN_POINT('',(3.045099859520E0,4.901585904532E0,6.090389481971E0));
#12868=CARTESIAN_POINT('',(3.045099859520E0,4.759412927402E0,6.090389481971E0));
#12869=CARTESIAN_POINT('',(3.045099859520E0,4.617239950271E0,6.090389481971E0));
#12870=CARTESIAN_POINT('',(3.045099859520E0,4.475066973141E0,6.090389481971E0));
#12871=CARTESIAN_POINT('',(4.765098199954E0,4.918936857192E0,4.864084327121E0));
#12872=CARTESIAN_POINT('',(4.765098199954E0,4.776763880062E0,4.864084327121E0));
#12873=CARTESIAN_POINT('',(4.765098199954E0,4.634590902931E0,4.864084327121E0));
#12874=CARTESIAN_POINT('',(4.765098199954E0,4.492417925801E0,4.864084327121E0));
#12875=CARTESIAN_POINT('',(6.026502965637E0,4.936287809853E0,3.169659161758E0));
#12876=CARTESIAN_POINT('',(6.026502965637E0,4.794114832723E0,3.169659161758E0));
#12877=CARTESIAN_POINT('',(6.026502965637E0,4.651941855592E0,3.169659161758E0));
#12878=CARTESIAN_POINT('',(6.026502965637E0,4.509768878462E0,3.169659161758E0));
#12879=CARTESIAN_POINT('',(6.707916423213E0,4.953638762514E0,1.170185650120E0));
#12880=CARTESIAN_POINT('',(6.707916423213E0,4.811465785384E0,1.170185650120E0));
#12881=CARTESIAN_POINT('',(6.707916423213E0,4.669292808253E0,1.170185650120E0));
#12882=CARTESIAN_POINT('',(6.707916423213E0,4.527119831123E0,1.170185650120E0));
#12883=CARTESIAN_POINT('',(6.743759266592E0,4.970989715175E0,
-9.419066571635E-1));
#12884=CARTESIAN_POINT('',(6.743759266592E0,4.828816738045E0,
-9.419066571635E-1));
#12885=CARTESIAN_POINT('',(6.743759266592E0,4.686643760914E0,
-9.419066571635E-1));
#12886=CARTESIAN_POINT('',(6.743759266592E0,4.544470783784E0,
-9.419066571635E-1));
#12887=CARTESIAN_POINT('',(6.130581976587E0,4.988340667835E0,
-2.963349764186E0));
#12888=CARTESIAN_POINT('',(6.130581976587E0,4.846167690705E0,
-2.963349764186E0));
#12889=CARTESIAN_POINT('',(6.130581976587E0,4.703994713574E0,
-2.963349764186E0));
#12890=CARTESIAN_POINT('',(6.130581976587E0,4.561821736444E0,
-2.963349764186E0));
#12891=CARTESIAN_POINT('',(4.927396803014E0,5.005691620496E0,
-4.699599764044E0));
#12892=CARTESIAN_POINT('',(4.927396803014E0,4.863518643366E0,
-4.699599764044E0));
#12893=CARTESIAN_POINT('',(4.927396803014E0,4.721345666235E0,
-4.699599764044E0));
#12894=CARTESIAN_POINT('',(4.927396803014E0,4.579172689105E0,
-4.699599764044E0));
#12895=CARTESIAN_POINT('',(3.249998419285E0,5.023042573157E0,
-5.983559765825E0));
#12896=CARTESIAN_POINT('',(3.249998419285E0,4.880869596027E0,
-5.983559765825E0));
#12897=CARTESIAN_POINT('',(3.249998419285E0,4.738696618896E0,
-5.983559765825E0));
#12898=CARTESIAN_POINT('',(3.249998419285E0,4.596523641766E0,
-5.983559765825E0));
#12899=CARTESIAN_POINT('',(1.259819830303E0,5.040393525816E0,
-6.691661317769E0));
#12900=CARTESIAN_POINT('',(1.259819830303E0,4.898220548687E0,
-6.691661317769E0));
#12901=CARTESIAN_POINT('',(1.259819830303E0,4.756047571557E0,
-6.691661317769E0));
#12902=CARTESIAN_POINT('',(1.259819830303E0,4.613874594428E0,
-6.691661317769E0));
#12903=CARTESIAN_POINT('',(-8.516039576825E-1,5.057744478478E0,
-6.755756648652E0));
#12904=CARTESIAN_POINT('',(-8.516039576825E-1,4.915571501348E0,
-6.755756648652E0));
#12905=CARTESIAN_POINT('',(-8.516039576825E-1,4.773398524217E0,
-6.755756648652E0));
#12906=CARTESIAN_POINT('',(-8.516039576825E-1,4.631225547087E0,
-6.755756648652E0));
#12907=CARTESIAN_POINT('',(-2.881069287135E0,5.075095431139E0,
-6.169677216782E0));
#12908=CARTESIAN_POINT('',(-2.881069287135E0,4.932922454009E0,
-6.169677216782E0));
#12909=CARTESIAN_POINT('',(-2.881069287135E0,4.790749476878E0,
-6.169677216782E0));
#12910=CARTESIAN_POINT('',(-2.881069287135E0,4.648576499748E0,
-6.169677216782E0));
#12911=CARTESIAN_POINT('',(-4.633260191581E0,5.092446383800E0,
-4.989827371128E0));
#12912=CARTESIAN_POINT('',(-4.633260191581E0,4.950273406670E0,
-4.989827371128E0));
#12913=CARTESIAN_POINT('',(-4.633260191581E0,4.808100429539E0,
-4.989827371128E0));
#12914=CARTESIAN_POINT('',(-4.633260191581E0,4.665927452409E0,
-4.989827371128E0));
#12915=CARTESIAN_POINT('',(-5.939545625700E0,5.109797336459E0,
-3.329755990577E0));
#12916=CARTESIAN_POINT('',(-5.939545625700E0,4.967624359330E0,
-3.329755990577E0));
#12917=CARTESIAN_POINT('',(-5.939545625700E0,4.825451382200E0,
-3.329755990577E0));
#12918=CARTESIAN_POINT('',(-5.939545625700E0,4.683278405071E0,
-3.329755990577E0));
#12919=CARTESIAN_POINT('',(-6.674208535667E0,5.127148289121E0,
-1.349228527341E0));
#12920=CARTESIAN_POINT('',(-6.674208535667E0,4.984975311991E0,
-1.349228527341E0));
#12921=CARTESIAN_POINT('',(-6.674208535667E0,4.842802334860E0,
-1.349228527341E0));
#12922=CARTESIAN_POINT('',(-6.674208535667E0,4.700629357730E0,
-1.349228527341E0));
#12923=CARTESIAN_POINT('',(-6.766544882240E0,5.144499241782E0,
7.611488377336E-1));
#12924=CARTESIAN_POINT('',(-6.766544882240E0,5.002326264652E0,
7.611488377336E-1));
#12925=CARTESIAN_POINT('',(-6.766544882240E0,4.860153287521E0,
7.611488377336E-1));
#12926=CARTESIAN_POINT('',(-6.766544882240E0,4.717980310391E0,
7.611488377336E-1));
#12927=CARTESIAN_POINT('',(-6.207668205273E0,5.161850194443E0,
2.798273154966E0));
#12928=CARTESIAN_POINT('',(-6.207668205273E0,5.019677217313E0,
2.798273154966E0));
#12929=CARTESIAN_POINT('',(-6.207668205273E0,4.877504240182E0,
2.798273154966E0));
#12930=CARTESIAN_POINT('',(-6.207668205273E0,4.735331263052E0,
2.798273154966E0));
#12931=CARTESIAN_POINT('',(-5.051364857610E0,5.179201147104E0,
4.566091356056E0));
#12932=CARTESIAN_POINT('',(-5.051364857610E0,5.037028169974E0,
4.566091356056E0));
#12933=CARTESIAN_POINT('',(-5.051364857610E0,4.894855192843E0,
4.566091356056E0));
#12934=CARTESIAN_POINT('',(-5.051364857610E0,4.752682215713E0,
4.566091356056E0));
#12935=CARTESIAN_POINT('',(-3.408917600588E0,5.196552099764E0,
5.894468422936E0));
#12936=CARTESIAN_POINT('',(-3.408917600588E0,5.054379122634E0,
5.894468422936E0));
#12937=CARTESIAN_POINT('',(-3.408917600588E0,4.912206145503E0,
5.894468422936E0));
#12938=CARTESIAN_POINT('',(-3.408917600588E0,4.770033168373E0,
5.894468422936E0));
#12939=CARTESIAN_POINT('',(-1.438395738814E0,5.213903052425E0,
6.655561200609E0));
#12940=CARTESIAN_POINT('',(-1.438395738814E0,5.071730075295E0,
6.655561200609E0));
#12941=CARTESIAN_POINT('',(-1.438395738814E0,4.929557098164E0,
6.655561200609E0));
#12942=CARTESIAN_POINT('',(-1.438395738814E0,4.787384121034E0,
6.655561200609E0));
#12943=CARTESIAN_POINT('',(6.705574869877E-1,5.231254005086E0,
6.776122036484E0));
#12944=CARTESIAN_POINT('',(6.705574869877E-1,5.089081027956E0,
6.776122036484E0));
#12945=CARTESIAN_POINT('',(6.705574869877E-1,4.946908050825E0,
6.776122036484E0));
#12946=CARTESIAN_POINT('',(6.705574869877E-1,4.804735073695E0,
6.776122036484E0));
#12947=CARTESIAN_POINT('',(2.714976186683E0,5.248604957747E0,6.244548142368E0));
#12948=CARTESIAN_POINT('',(2.714976186683E0,5.106431980617E0,6.244548142368E0));
#12949=CARTESIAN_POINT('',(2.714976186683E0,4.964259003486E0,6.244548142368E0));
#12950=CARTESIAN_POINT('',(2.714976186683E0,4.822086026356E0,6.244548142368E0));
#12951=CARTESIAN_POINT('',(4.498105278957E0,5.265955910406E0,5.111998248623E0));
#12952=CARTESIAN_POINT('',(4.498105278957E0,5.123782933277E0,5.111998248623E0));
#12953=CARTESIAN_POINT('',(4.498105278957E0,4.981609956147E0,5.111998248623E0));
#12954=CARTESIAN_POINT('',(4.498105278957E0,4.839436979018E0,5.111998248623E0));
#12955=CARTESIAN_POINT('',(5.848336227040E0,5.283306863068E0,3.487469080294E0));
#12956=CARTESIAN_POINT('',(5.848336227040E0,5.141133885938E0,3.487469080294E0));
#12957=CARTESIAN_POINT('',(5.848336227040E0,4.998960908807E0,3.487469080293E0));
#12958=CARTESIAN_POINT('',(5.848336227040E0,4.856787931677E0,3.487469080293E0));
#12959=CARTESIAN_POINT('',(6.635722644253E0,5.300657815729E0,1.527305507920E0));
#12960=CARTESIAN_POINT('',(6.635722644253E0,5.158484838599E0,1.527305507920E0));
#12961=CARTESIAN_POINT('',(6.635722644253E0,5.016311861468E0,1.527305507920E0));
#12962=CARTESIAN_POINT('',(6.635722644253E0,4.874138884338E0,1.527305507920E0));
#12963=CARTESIAN_POINT('',(6.784486419103E0,5.318008768390E0,
-5.798461284426E-1));
#12964=CARTESIAN_POINT('',(6.784486419103E0,5.175835791260E0,
-5.798461284426E-1));
#12965=CARTESIAN_POINT('',(6.784486419103E0,5.033662814129E0,
-5.798461284425E-1));
#12966=CARTESIAN_POINT('',(6.784486419103E0,4.891489836999E0,
-5.798461284425E-1));
#12967=CARTESIAN_POINT('',(6.280310345763E0,5.335359721051E0,
-2.631193257547E0));
#12968=CARTESIAN_POINT('',(6.280310345763E0,5.193186743921E0,
-2.631193257547E0));
#12969=CARTESIAN_POINT('',(6.280310345763E0,5.051013766790E0,
-2.631193257547E0));
#12970=CARTESIAN_POINT('',(6.280310345763E0,4.908840789660E0,
-2.631193257547E0));
#12971=CARTESIAN_POINT('',(5.171716996193E0,5.352710673712E0,
-4.429314252631E0));
#12972=CARTESIAN_POINT('',(5.171716996193E0,5.210537696582E0,
-4.429314252631E0));
#12973=CARTESIAN_POINT('',(5.171716996193E0,5.068364719451E0,
-4.429314252631E0));
#12974=CARTESIAN_POINT('',(5.171716996193E0,4.926191742321E0,
-4.429314252631E0));
#12975=CARTESIAN_POINT('',(3.565395235153E0,5.370061626372E0,
-5.801156831385E0));
#12976=CARTESIAN_POINT('',(3.565395235153E0,5.227888649242E0,
-5.801156831385E0));
#12977=CARTESIAN_POINT('',(3.565395235153E0,5.085715672111E0,
-5.801156831385E0));
#12978=CARTESIAN_POINT('',(3.565395235153E0,4.943542694981E0,
-5.801156831385E0));
#12979=CARTESIAN_POINT('',(1.615946158772E0,5.387412579033E0,
-6.614698146714E0));
#12980=CARTESIAN_POINT('',(1.615946158772E0,5.245239601903E0,
-6.614698146714E0));
#12981=CARTESIAN_POINT('',(1.615946158772E0,5.103066624772E0,
-6.614698146714E0));
#12982=CARTESIAN_POINT('',(1.615946158772E0,4.960893647642E0,
-6.614698146714E0));
#12983=CARTESIAN_POINT('',(-4.890468111965E-1,5.404763531694E0,
-6.791630078827E0));
#12984=CARTESIAN_POINT('',(-4.890468111965E-1,5.262590554564E0,
-6.791630078827E0));
#12985=CARTESIAN_POINT('',(-4.890468111965E-1,5.120417577433E0,
-6.791630078827E0));
#12986=CARTESIAN_POINT('',(-4.890468111965E-1,4.978244600303E0,
-6.791630078827E0));
#12987=CARTESIAN_POINT('',(-2.158500270185E0,5.418839795611E0,
-6.404933280176E0));
#12988=CARTESIAN_POINT('',(-2.158500270185E0,5.276666818481E0,
-6.404933280176E0));
#12989=CARTESIAN_POINT('',(-2.158500270185E0,5.134493841351E0,
-6.404933280176E0));
#12990=CARTESIAN_POINT('',(-2.158500270185E0,4.992320864221E0,
-6.404933280176E0));
#12991=CARTESIAN_POINT('',(-3.058145667404E0,5.427132408642E0,
-5.968838508961E0));
#12992=CARTESIAN_POINT('',(-3.058145667404E0,5.284959431512E0,
-5.968838508961E0));
#12993=CARTESIAN_POINT('',(-3.058145667404E0,5.142786454382E0,
-5.968838508961E0));
#12994=CARTESIAN_POINT('',(-3.058145667404E0,5.000613477252E0,
-5.968838508961E0));
#12995=CARTESIAN_POINT('',(-3.319971529417E0,5.429641370786E0,
-5.818452007967E0));
#12996=CARTESIAN_POINT('',(-3.319971529417E0,5.287468393656E0,
-5.818452007967E0));
#12997=CARTESIAN_POINT('',(-3.319971529417E0,5.145295416526E0,
-5.818452007967E0));
#12998=CARTESIAN_POINT('',(-3.319971529417E0,5.003122439396E0,
-5.818452007967E0));
#12999=B_SPLINE_SURFACE_WITH_KNOTS('',3,3,((#12723,#12724,#12725,#12726),
(#12727,#12728,#12729,#12730),(#12731,#12732,#12733,#12734),(#12735,#12736,
#12737,#12738),(#12739,#12740,#12741,#12742),(#12743,#12744,#12745,#12746),(
#12747,#12748,#12749,#12750),(#12751,#12752,#12753,#12754),(#12755,#12756,
#12757,#12758),(#12759,#12760,#12761,#12762),(#12763,#12764,#12765,#12766),(
#12767,#12768,#12769,#12770),(#12771,#12772,#12773,#12774),(#12775,#12776,
#12777,#12778),(#12779,#12780,#12781,#12782),(#12783,#12784,#12785,#12786),(
#12787,#12788,#12789,#12790),(#12791,#12792,#12793,#12794),(#12795,#12796,
#12797,#12798),(#12799,#12800,#12801,#12802),(#12803,#12804,#12805,#12806),(
#12807,#12808,#12809,#12810),(#12811,#12812,#12813,#12814),(#12815,#12816,
#12817,#12818),(#12819,#12820,#12821,#12822),(#12823,#12824,#12825,#12826),(
#12827,#12828,#12829,#12830),(#12831,#12832,#12833,#12834),(#12835,#12836,
#12837,#12838),(#12839,#12840,#12841,#12842),(#12843,#12844,#12845,#12846),(
#12847,#12848,#12849,#12850),(#12851,#12852,#12853,#12854),(#12855,#12856,
#12857,#12858),(#12859,#12860,#12861,#12862),(#12863,#12864,#12865,#12866),(
#12867,#12868,#12869,#12870),(#12871,#12872,#12873,#12874),(#12875,#12876,
#12877,#12878),(#12879,#12880,#12881,#12882),(#12883,#12884,#12885,#12886),(
#12887,#12888,#12889,#12890),(#12891,#12892,#12893,#12894),(#12895,#12896,
#12897,#12898),(#12899,#12900,#12901,#12902),(#12903,#12904,#12905,#12906),(
#12907,#12908,#12909,#12910),(#12911,#12912,#12913,#12914),(#12915,#12916,
#12917,#12918),(#12919,#12920,#12921,#12922),(#12923,#12924,#12925,#12926),(
#12927,#12928,#12929,#12930),(#12931,#12932,#12933,#12934),(#12935,#12936,
#12937,#12938),(#12939,#12940,#12941,#12942),(#12943,#12944,#12945,#12946),(
#12947,#12948,#12949,#12950),(#12951,#12952,#12953,#12954),(#12955,#12956,
#12957,#12958),(#12959,#12960,#12961,#12962),(#12963,#12964,#12965,#12966),(
#12967,#12968,#12969,#12970),(#12971,#12972,#12973,#12974),(#12975,#12976,
#12977,#12978),(#12979,#12980,#12981,#12982),(#12983,#12984,#12985,#12986),(
#12987,#12988,#12989,#12990),(#12991,#12992,#12993,#12994),(#12995,#12996,
#12997,#12998)),.UNSPECIFIED.,.F.,.F.,.F.,(4,1,1,1,1,1,1,1,1,1,1,1,1,1,1,1,1,1,
1,1,1,1,1,1,1,1,1,1,1,1,1,1,1,1,1,1,1,1,1,1,1,1,1,1,1,1,1,1,1,1,1,1,1,1,1,1,1,1,
1,1,1,1,1,1,1,1,4),(4,4),(-6.778163872603E-3,0.E0,1.562500000001E-2,
3.125000000002E-2,4.687500000003E-2,6.250000000004E-2,7.812500000004E-2,
9.375000000005E-2,1.093750000001E-1,1.250000000001E-1,1.406250000001E-1,
1.562500000001E-1,1.718750000001E-1,1.875000000001E-1,2.031250000001E-1,
2.187500000001E-1,2.343750000001E-1,2.500000000001E-1,2.656250000002E-1,
2.812500000002E-1,2.968750000002E-1,3.125000000002E-1,3.281250000002E-1,
3.437500000002E-1,3.593750000002E-1,3.750000000002E-1,3.906250000002E-1,
4.062500000002E-1,4.218750000002E-1,4.375000000002E-1,4.531250000003E-1,
4.687500000003E-1,4.843750000003E-1,5.000000000003E-1,5.156250000003E-1,
5.312500000003E-1,5.468750000003E-1,5.625000000003E-1,5.781250000003E-1,
5.937500000003E-1,6.093750000003E-1,6.250000000004E-1,6.406250000004E-1,
6.562500000004E-1,6.718750000004E-1,6.875000000004E-1,7.031250000004E-1,
7.187500000004E-1,7.343750000004E-1,7.500000000004E-1,7.656250000004E-1,
7.812500000004E-1,7.968750000005E-1,8.125000000005E-1,8.281250000005E-1,
8.437500000005E-1,8.593750000005E-1,8.750000000005E-1,8.906250000005E-1,
9.062500000004E-1,9.218750000004E-1,9.375000000004E-1,9.531250000004E-1,
9.687500000004E-1,9.843750000010E-1,1.E0,1.006778163873E0),(-8.707201280222E-2,
1.087072012802E0),.UNSPECIFIED.);
#13001=ORIENTED_EDGE('',*,*,#13000,.T.);
#13003=ORIENTED_EDGE('',*,*,#13002,.T.);
#13005=ORIENTED_EDGE('',*,*,#13004,.T.);
#13007=ORIENTED_EDGE('',*,*,#13006,.T.);
#13008=EDGE_LOOP('',(#13001,#13003,#13005,#13007));
#13009=FACE_OUTER_BOUND('',#13008,.F.);
#13010=ADVANCED_FACE('',(#13009),#12999,.F.);
#13011=OPEN_SHELL('',(#13010));
#13012=FILL_AREA_STYLE_COLOUR('',#7);
#13013=FILL_AREA_STYLE('',(#13012));
#13014=SURFACE_STYLE_FILL_AREA(#13013);
#13015=SURFACE_SIDE_STYLE('',(#13014));
#13016=SURFACE_STYLE_USAGE(.POSITIVE.,#13015);
#13017=FILL_AREA_STYLE_COLOUR('',#1);
#13018=FILL_AREA_STYLE('',(#13017));
#13019=SURFACE_STYLE_FILL_AREA(#13018);
#13020=SURFACE_SIDE_STYLE('',(#13019));
#13021=SURFACE_STYLE_USAGE(.NEGATIVE.,#13020);
#13022=PRESENTATION_STYLE_ASSIGNMENT((#13016,#13021));
#12559=STYLED_ITEM('',(#13022),#13011);
#13023=SHELL_BASED_SURFACE_MODEL('',(#9304,#9763,#10227,#10691,#11155,#11619,
#12083,#12547,#13011));
#13024=PRESENTATION_LAYER_ASSIGNMENT('INTFCLR_7','',(#9311,#9775,#10239,#10703,
#11167,#11631,#12095,#12559));
#13026=DIMENSIONAL_EXPONENTS(0.E0,0.E0,0.E0,0.E0,0.E0,0.E0,0.E0);
#13028=PLANE_ANGLE_MEASURE_WITH_UNIT(PLANE_ANGLE_MEASURE(1.745329251994E-2),
#13027);
#13029=(CONVERSION_BASED_UNIT('DEGREE',#13028)NAMED_UNIT(*)PLANE_ANGLE_UNIT());
#13031=UNCERTAINTY_MEASURE_WITH_UNIT(LENGTH_MEASURE(2.635705638177E-3),#13025,
'closure',
'Maximum model space distance between geometric entities at asserted connectivities');
#13032=(GEOMETRIC_REPRESENTATION_CONTEXT(3)GLOBAL_UNCERTAINTY_ASSIGNED_CONTEXT((
#13031))GLOBAL_UNIT_ASSIGNED_CONTEXT((#13025,#13029,#13030))REPRESENTATION_CONTEXT('ID1','3'));
#13034=MECHANICAL_DESIGN_GEOMETRIC_PRESENTATION_REPRESENTATION('',(#17,#24,#32,
#40,#47,#55,#62,#70,#77,#85,#93,#100,#107,#114,#121,#128,#135,#142,#149,#156,
#163,#170,#177,#185,#193,#200,#208,#215,#223,#230,#238,#246,#253,#260,#268,#275,
#282,#290,#297,#304,#311,#318,#325,#333,#340,#348,#356,#363,#371,#378,#385,#393,
#400,#407,#414,#421,#428,#435,#442,#449,#456,#463,#470,#477,#484,#491,#498,#505,
#512,#519,#526,#533,#540,#547,#554,#561,#568,#575,#582,#589,#596,#603,#611,#618,
#625,#633,#640,#647,#654,#661,#668,#675,#682,#689,#696,#703,#710,#717,#724,#731,
#738,#745,#753,#760,#768,#776,#783,#791,#798,#805,#812,#820,#827,#834,#841,#849,
#857,#864,#871,#879,#886,#893,#900,#907,#914,#921,#928,#935,#942,#949,#956,#963,
#970,#977,#984,#991,#998,#1005,#1013,#1020,#1027,#1034,#1042,#1049,#1057,#1065,
#1072,#1080,#1087,#1094,#1101,#1108,#1115,#1122,#1129,#1136,#1143,#1150,#1157,
#1164,#1171,#1178,#1185,#1192,#1199,#1206,#1213,#1220,#1230,#1242,#1252,#1264,
#1271,#1283,#1290,#1300,#1312,#1322,#1329,#1336,#1343,#1350,#1357,#1364,#1371,
#1378,#1385,#1392,#1403,#1410,#1421,#1428,#1435,#1442,#1449,#1456,#1463,#1470,
#1477,#1484,#1491,#1498,#1505,#1512,#1519,#1530,#1537,#1545,#1552,#1559,#1566,
#1574,#1581,#1588,#1595,#1602,#1609,#1616,#1623,#1630,#1637,#1645,#1652,#1659,
#1666,#1673,#1681,#1688,#1699,#1706,#1713,#1720,#1727,#1734,#1741,#1748,#1755,
#1762,#1769,#1776,#1783,#1790,#1797,#1804,#1811,#1818,#1825,#1832,#1839,#1846,
#1853,#1860,#1867,#1874,#1881,#1888,#1895,#1902,#1909,#1916,#1923,#1930,#1937,
#1944,#1951,#1958,#1965,#1972,#1979,#1986,#1993,#2000,#2007,#2014,#2021,#2028,
#2035,#2042,#2049,#2056,#2063,#2070,#2077,#2084,#2091,#2098,#2105,#2112,#2119,
#2126,#2133,#2143,#2155,#2165,#2177,#2184,#2196,#2203,#2213,#2225,#2235,#2242,
#2252,#2264,#2274,#2286,#2293,#2300,#2307,#2314,#2321,#2328,#2335,#2342,#2349,
#2356,#2363,#2370,#2377,#2384,#2391,#2398,#2405,#2412,#2419,#2430,#2437,#2444,
#2451,#2462,#2469,#2476,#2483,#2490,#2497,#2504,#2511,#2518,#2525,#2532,#2540,
#2547,#2555,#2563,#2570,#2578,#2585,#2592,#2599,#2606,#2613,#2624,#2631,#2638,
#2645,#2656,#2663,#2670,#2677,#2684,#2691,#2699,#2706,#2713,#2720,#2728,#2736,
#2743,#2750,#2758,#2765,#2772,#2779,#2786,#2793,#2800,#2807,#2814,#2821,#2828,
#2835,#2842,#2849,#2856,#2863,#2870,#2877,#2884,#2891,#2898,#2905,#2915,#2927,
#2937,#2949,#2956,#2966,#2978,#2988,#3000,#3010,#3022,#3032,#3044,#3051,#3061,
#3073,#3083,#3095,#3102,#3114,#3121,#3131,#3143,#3153,#3160,#3170,#3182,#3192,
#3204,#3211,#3223,#3230,#3240,#3252,#3262,#3269,#3279,#3291,#3301,#3313,#3323,
#3335,#3345,#3357,#3364,#3374,#3386,#3396,#3408,#3418,#3430,#3440,#3452,#3459,
#3469,#3479,#3489,#3499,#3509,#3516,#3526,#3533,#3543,#3550,#3560,#3570,#3577,
#3584,#3594,#3606,#3616,#3628,#3638,#3648,#3655,#3665,#3675,#3687,#3697,#3709,
#3716,#3726,#3738,#3748,#3760,#3770,#3782,#3792,#3804,#3811,#3821,#3833,#3843,
#3855,#3862,#3874,#3881,#3891,#3903,#3913,#3920,#3930,#3942,#3952,#3964,#3971,
#3983,#3990,#4000,#4012,#4022,#4029,#4039,#4051,#4061,#4073,#4083,#4095,#4105,
#4117,#4124,#4134,#4146,#4156,#4168,#4178,#4190,#4200,#4212,#4219,#4227,#4234,
#4241,#4249,#4256,#4263,#4270,#4277,#5025,#5051,#5139,#5509,#5530,#5574,#5785,
#6045,#6129,#6174,#6195,#6338,#6464,#6714,#6735,#6756,#6797,#6818,#6838,#6862,
#6882,#6926,#6970,#7027,#7071,#7091,#7111,#7131,#7151,#7171,#7191,#7247,#7292,
#7311,#7333,#7376,#7431,#7498,#7547,#7567,#7587,#7607,#7627,#7646,#7666,#7685,
#7743,#7787,#7845,#7889,#7933,#7990,#8071,#8128,#8223,#8320,#8428,#8484,#8593,
#8651,#8746,#8827,#8884,#8965,#9009,#9029,#9111,#9131,#9213,#9232,#9264,#9284,
#9303,#9,#9318,#9389,#9396,#9467,#9311,#9782,#9853,#9860,#9931,#9775,#10246,
#10317,#10324,#10395,#10239,#10710,#10781,#10788,#10859,#10703,#11174,#11245,
#11252,#11323,#11167,#11638,#11709,#11716,#11787,#11631,#12102,#12173,#12180,
#12251,#12095,#12566,#12637,#12644,#12715,#12559),#13032);
#13035=APPLICATION_CONTEXT(
'CONFIGURATION CONTROLLED 3D DESIGNS OF MECHANICAL PARTS AND ASSEMBLIES');
#13036=APPLICATION_PROTOCOL_DEFINITION('international standard',
'config_control_design',1994,#13035);
#13037=DESIGN_CONTEXT('',#13035,'design');
#13038=MECHANICAL_CONTEXT('',#13035,'mechanical');
#13039=PRODUCT('B82559B_10_75_ERU16','B82559B_10_75_ERU16','NOT SPECIFIED',(
#13038));
#13040=PRODUCT_DEFINITION_FORMATION_WITH_SPECIFIED_SOURCE('1','LAST_VERSION',
#13039,.MADE.);
#13044=PRODUCT_CATEGORY('part','');
#13045=PRODUCT_RELATED_PRODUCT_CATEGORY('detail','',(#13039));
#13046=PRODUCT_CATEGORY_RELATIONSHIP('','',#13044,#13045);
#13047=SECURITY_CLASSIFICATION_LEVEL('unclassified');
#13048=SECURITY_CLASSIFICATION('','',#13047);
#13049=CC_DESIGN_SECURITY_CLASSIFICATION(#13048,(#13040));
#13050=APPROVAL_STATUS('approved');
#13051=APPROVAL(#13050,'');
#13052=CC_DESIGN_APPROVAL(#13051,(#13048,#13040,#13041));
#13053=CALENDAR_DATE(121,28,7);
#13054=COORDINATED_UNIVERSAL_TIME_OFFSET(8,0,.AHEAD.);
#13055=LOCAL_TIME(10,40,2.8E1,#13054);
#13056=DATE_AND_TIME(#13053,#13055);
#13057=APPROVAL_DATE_TIME(#13056,#13051);
#13058=DATE_TIME_ROLE('creation_date');
#13059=CC_DESIGN_DATE_AND_TIME_ASSIGNMENT(#13056,#13058,(#13041));
#13060=DATE_TIME_ROLE('classification_date');
#13061=CC_DESIGN_DATE_AND_TIME_ASSIGNMENT(#13056,#13060,(#13048));
#13062=PERSON('UNSPECIFIED','UNSPECIFIED',$,$,$,$);
#13063=ORGANIZATION('UNSPECIFIED','UNSPECIFIED','UNSPECIFIED');
#13064=PERSON_AND_ORGANIZATION(#13062,#13063);
#13065=APPROVAL_ROLE('approver');
#13066=APPROVAL_PERSON_ORGANIZATION(#13064,#13051,#13065);
#13067=PERSON_AND_ORGANIZATION_ROLE('creator');
#13068=CC_DESIGN_PERSON_AND_ORGANIZATION_ASSIGNMENT(#13064,#13067,(#13040,
#13041));
#13069=PERSON_AND_ORGANIZATION_ROLE('design_supplier');
#13070=CC_DESIGN_PERSON_AND_ORGANIZATION_ASSIGNMENT(#13064,#13069,(#13040));
#13071=PERSON_AND_ORGANIZATION_ROLE('classification_officer');
#13072=CC_DESIGN_PERSON_AND_ORGANIZATION_ASSIGNMENT(#13064,#13071,(#13048));
#13073=PERSON_AND_ORGANIZATION_ROLE('design_owner');
#13074=CC_DESIGN_PERSON_AND_ORGANIZATION_ASSIGNMENT(#13064,#13073,(#13039));
#1=COLOUR_RGB('',7.325528882446E-2,3.326238740348E-1,6.456310679612E-1);
#2=COLOUR_RGB('',2.470588235294E-1,4.862745098039E-1,9.960784313725E-1);
#3=COLOUR_RGB('',3.33333E-1,3.33333E-1,3.33333E-1);
#4=COLOUR_RGB('',6.666666666667E-1,3.137254901961E-1,9.803921568627E-2);
#5=COLOUR_RGB('',8.745098039216E-1,6.117647058824E-1,2.156862745098E-1);
#6=COLOUR_RGB('',8.784E-1,9.49E-1,1.E0);
#7=COLOUR_RGB('',1.E0,7.25191E-1,2.19125E-1);
#8=DRAUGHTING_PRE_DEFINED_COLOUR('white');
#29=CIRCLE('',#28,5.E-1);
#37=CIRCLE('',#36,5.E-1);
#52=CIRCLE('',#51,5.E-1);
#67=CIRCLE('',#66,5.E-1);
#82=CIRCLE('',#81,5.E-1);
#90=CIRCLE('',#89,5.E-1);
#182=CIRCLE('',#181,5.E-1);
#190=CIRCLE('',#189,5.E-1);
#205=CIRCLE('',#204,5.E-1);
#220=CIRCLE('',#219,5.E-1);
#235=CIRCLE('',#234,5.E-1);
#243=CIRCLE('',#242,5.E-1);
#265=CIRCLE('',#264,3.E-1);
#287=CIRCLE('',#286,3.E-1);
#330=CIRCLE('',#329,5.E-1);
#345=CIRCLE('',#344,5.E-1);
#353=CIRCLE('',#352,5.E-1);
#368=CIRCLE('',#367,5.E-1);
#390=CIRCLE('',#389,5.E-1);
#608=CIRCLE('',#607,5.E-1);
#630=CIRCLE('',#629,5.E-1);
#750=CIRCLE('',#749,3.E-1);
#765=CIRCLE('',#764,5.E-1);
#773=CIRCLE('',#772,5.E-1);
#788=CIRCLE('',#787,3.E-1);
#817=CIRCLE('',#816,3.E-1);
#846=CIRCLE('',#845,5.E-1);
#854=CIRCLE('',#853,5.E-1);
#876=CIRCLE('',#875,3.E-1);
#1010=CIRCLE('',#1009,5.E-1);
#1039=CIRCLE('',#1038,5.E-1);
#1054=CIRCLE('',#1053,5.E-1);
#1062=CIRCLE('',#1061,5.E-1);
#1077=CIRCLE('',#1076,5.E-1);
#1227=B_SPLINE_CURVE_WITH_KNOTS('',3,(#1221,#1222,#1223,#1224,#1225,#1226),
.UNSPECIFIED.,.F.,.F.,(4,1,1,4),(0.E0,3.333333333333E-1,6.666666666667E-1,1.E0),
.UNSPECIFIED.);
#1239=B_SPLINE_CURVE_WITH_KNOTS('',3,(#1231,#1232,#1233,#1234,#1235,#1236,#1237,
#1238),.UNSPECIFIED.,.F.,.F.,(4,1,1,1,1,4),(0.E0,2.E-1,4.E-1,6.E-1,8.E-1,1.E0),
.UNSPECIFIED.);
#1249=B_SPLINE_CURVE_WITH_KNOTS('',3,(#1243,#1244,#1245,#1246,#1247,#1248),
.UNSPECIFIED.,.F.,.F.,(4,1,1,4),(0.E0,3.333333333333E-1,6.666666666667E-1,1.E0),
.UNSPECIFIED.);
#1261=B_SPLINE_CURVE_WITH_KNOTS('',3,(#1253,#1254,#1255,#1256,#1257,#1258,#1259,
#1260),.UNSPECIFIED.,.F.,.F.,(4,1,1,1,1,4),(0.E0,2.E-1,4.E-1,6.E-1,8.E-1,1.E0),
.UNSPECIFIED.);
#1280=B_SPLINE_CURVE_WITH_KNOTS('',3,(#1272,#1273,#1274,#1275,#1276,#1277,#1278,
#1279),.UNSPECIFIED.,.F.,.F.,(4,1,1,1,1,4),(0.E0,2.E-1,4.E-1,6.E-1,8.E-1,1.E0),
.UNSPECIFIED.);
#1297=B_SPLINE_CURVE_WITH_KNOTS('',3,(#1291,#1292,#1293,#1294,#1295,#1296),
.UNSPECIFIED.,.F.,.F.,(4,1,1,4),(0.E0,3.333333333333E-1,6.666666666667E-1,1.E0),
.UNSPECIFIED.);
#1309=B_SPLINE_CURVE_WITH_KNOTS('',3,(#1301,#1302,#1303,#1304,#1305,#1306,#1307,
#1308),.UNSPECIFIED.,.F.,.F.,(4,1,1,1,1,4),(0.E0,2.E-1,4.E-1,6.E-1,8.E-1,1.E0),
.UNSPECIFIED.);
#1319=B_SPLINE_CURVE_WITH_KNOTS('',3,(#1313,#1314,#1315,#1316,#1317,#1318),
.UNSPECIFIED.,.F.,.F.,(4,1,1,4),(0.E0,3.333333333333E-1,6.666666666667E-1,1.E0),
.UNSPECIFIED.);
#1400=B_SPLINE_CURVE_WITH_KNOTS('',3,(#1393,#1394,#1395,#1396,#1397,#1398,
#1399),.UNSPECIFIED.,.F.,.F.,(4,1,1,1,4),(0.E0,2.5E-1,5.E-1,7.5E-1,1.E0),
.UNSPECIFIED.);
#1418=B_SPLINE_CURVE_WITH_KNOTS('',3,(#1411,#1412,#1413,#1414,#1415,#1416,
#1417),.UNSPECIFIED.,.F.,.F.,(4,1,1,1,4),(0.E0,2.5E-1,5.E-1,7.5E-1,1.E0),
.UNSPECIFIED.);
#1527=B_SPLINE_CURVE_WITH_KNOTS('',3,(#1520,#1521,#1522,#1523,#1524,#1525,
#1526),.UNSPECIFIED.,.F.,.F.,(4,1,1,1,4),(0.E0,2.5E-1,5.E-1,7.5E-1,1.E0),
.UNSPECIFIED.);
#1542=CIRCLE('',#1541,3.E-1);
#1571=CIRCLE('',#1570,3.E-1);
#1642=CIRCLE('',#1641,3.E-1);
#1678=CIRCLE('',#1677,3.E-1);
#1696=B_SPLINE_CURVE_WITH_KNOTS('',3,(#1689,#1690,#1691,#1692,#1693,#1694,
#1695),.UNSPECIFIED.,.F.,.F.,(4,1,1,1,4),(0.E0,2.5E-1,5.E-1,7.5E-1,1.E0),
.UNSPECIFIED.);
#2140=B_SPLINE_CURVE_WITH_KNOTS('',3,(#2134,#2135,#2136,#2137,#2138,#2139),
.UNSPECIFIED.,.F.,.F.,(4,1,1,4),(0.E0,3.333333333333E-1,6.666666666667E-1,1.E0),
.UNSPECIFIED.);
#2152=B_SPLINE_CURVE_WITH_KNOTS('',3,(#2144,#2145,#2146,#2147,#2148,#2149,#2150,
#2151),.UNSPECIFIED.,.F.,.F.,(4,1,1,1,1,4),(0.E0,2.E-1,4.E-1,6.E-1,8.E-1,1.E0),
.UNSPECIFIED.);
#2162=B_SPLINE_CURVE_WITH_KNOTS('',3,(#2156,#2157,#2158,#2159,#2160,#2161),
.UNSPECIFIED.,.F.,.F.,(4,1,1,4),(0.E0,3.333333333333E-1,6.666666666667E-1,1.E0),
.UNSPECIFIED.);
#2174=B_SPLINE_CURVE_WITH_KNOTS('',3,(#2166,#2167,#2168,#2169,#2170,#2171,#2172,
#2173),.UNSPECIFIED.,.F.,.F.,(4,1,1,1,1,4),(0.E0,2.E-1,4.E-1,6.E-1,8.E-1,1.E0),
.UNSPECIFIED.);
#2193=B_SPLINE_CURVE_WITH_KNOTS('',3,(#2185,#2186,#2187,#2188,#2189,#2190,#2191,
#2192),.UNSPECIFIED.,.F.,.F.,(4,1,1,1,1,4),(0.E0,2.E-1,4.E-1,6.E-1,8.E-1,1.E0),
.UNSPECIFIED.);
#2210=B_SPLINE_CURVE_WITH_KNOTS('',3,(#2204,#2205,#2206,#2207,#2208,#2209),
.UNSPECIFIED.,.F.,.F.,(4,1,1,4),(0.E0,3.333333333333E-1,6.666666666667E-1,1.E0),
.UNSPECIFIED.);
#2222=B_SPLINE_CURVE_WITH_KNOTS('',3,(#2214,#2215,#2216,#2217,#2218,#2219,#2220,
#2221),.UNSPECIFIED.,.F.,.F.,(4,1,1,1,1,4),(0.E0,2.E-1,4.E-1,6.E-1,8.E-1,1.E0),
.UNSPECIFIED.);
#2232=B_SPLINE_CURVE_WITH_KNOTS('',3,(#2226,#2227,#2228,#2229,#2230,#2231),
.UNSPECIFIED.,.F.,.F.,(4,1,1,4),(0.E0,3.333333333333E-1,6.666666666667E-1,1.E0),
.UNSPECIFIED.);
#2249=B_SPLINE_CURVE_WITH_KNOTS('',3,(#2243,#2244,#2245,#2246,#2247,#2248),
.UNSPECIFIED.,.F.,.F.,(4,1,1,4),(0.E0,3.333333333333E-1,6.666666666667E-1,1.E0),
.UNSPECIFIED.);
#2261=B_SPLINE_CURVE_WITH_KNOTS('',3,(#2253,#2254,#2255,#2256,#2257,#2258,#2259,
#2260),.UNSPECIFIED.,.F.,.F.,(4,1,1,1,1,4),(0.E0,2.E-1,4.E-1,6.E-1,8.E-1,1.E0),
.UNSPECIFIED.);
#2271=B_SPLINE_CURVE_WITH_KNOTS('',3,(#2265,#2266,#2267,#2268,#2269,#2270),
.UNSPECIFIED.,.F.,.F.,(4,1,1,4),(0.E0,3.333333333333E-1,6.666666666667E-1,1.E0),
.UNSPECIFIED.);
#2283=B_SPLINE_CURVE_WITH_KNOTS('',3,(#2275,#2276,#2277,#2278,#2279,#2280,#2281,
#2282),.UNSPECIFIED.,.F.,.F.,(4,1,1,1,1,4),(0.E0,2.E-1,4.E-1,6.E-1,8.E-1,1.E0),
.UNSPECIFIED.);
#2427=B_SPLINE_CURVE_WITH_KNOTS('',3,(#2420,#2421,#2422,#2423,#2424,#2425,
#2426),.UNSPECIFIED.,.F.,.F.,(4,1,1,1,4),(0.E0,2.5E-1,5.E-1,7.5E-1,1.E0),
.UNSPECIFIED.);
#2459=B_SPLINE_CURVE_WITH_KNOTS('',3,(#2452,#2453,#2454,#2455,#2456,#2457,
#2458),.UNSPECIFIED.,.F.,.F.,(4,1,1,1,4),(0.E0,2.5E-1,5.E-1,7.5E-1,1.E0),
.UNSPECIFIED.);
#2537=CIRCLE('',#2536,3.E-1);
#2552=CIRCLE('',#2551,5.E-1);
#2560=CIRCLE('',#2559,5.E-1);
#2575=CIRCLE('',#2574,3.E-1);
#2621=B_SPLINE_CURVE_WITH_KNOTS('',3,(#2614,#2615,#2616,#2617,#2618,#2619,
#2620),.UNSPECIFIED.,.F.,.F.,(4,1,1,1,4),(0.E0,2.5E-1,5.E-1,7.5E-1,1.E0),
.UNSPECIFIED.);
#2653=B_SPLINE_CURVE_WITH_KNOTS('',3,(#2646,#2647,#2648,#2649,#2650,#2651,
#2652),.UNSPECIFIED.,.F.,.F.,(4,1,1,1,4),(0.E0,2.5E-1,5.E-1,7.5E-1,1.E0),
.UNSPECIFIED.);
#2696=CIRCLE('',#2695,3.E-1);
#2725=CIRCLE('',#2724,5.E-1);
#2733=CIRCLE('',#2732,5.E-1);
#2755=CIRCLE('',#2754,3.E-1);
#2912=B_SPLINE_CURVE_WITH_KNOTS('',3,(#2906,#2907,#2908,#2909,#2910,#2911),
.UNSPECIFIED.,.F.,.F.,(4,1,1,4),(0.E0,3.333333333333E-1,6.666666666667E-1,1.E0),
.UNSPECIFIED.);
#2924=B_SPLINE_CURVE_WITH_KNOTS('',3,(#2916,#2917,#2918,#2919,#2920,#2921,#2922,
#2923),.UNSPECIFIED.,.F.,.F.,(4,1,1,1,1,4),(0.E0,2.E-1,4.E-1,6.E-1,8.E-1,1.E0),
.UNSPECIFIED.);
#2934=B_SPLINE_CURVE_WITH_KNOTS('',3,(#2928,#2929,#2930,#2931,#2932,#2933),
.UNSPECIFIED.,.F.,.F.,(4,1,1,4),(0.E0,3.333333333333E-1,6.666666666667E-1,1.E0),
.UNSPECIFIED.);
#2946=B_SPLINE_CURVE_WITH_KNOTS('',3,(#2938,#2939,#2940,#2941,#2942,#2943,#2944,
#2945),.UNSPECIFIED.,.F.,.F.,(4,1,1,1,1,4),(0.E0,2.E-1,4.E-1,6.E-1,8.E-1,1.E0),
.UNSPECIFIED.);
#2963=B_SPLINE_CURVE_WITH_KNOTS('',3,(#2957,#2958,#2959,#2960,#2961,#2962),
.UNSPECIFIED.,.F.,.F.,(4,1,1,4),(0.E0,3.333333333333E-1,6.666666666667E-1,1.E0),
.UNSPECIFIED.);
#2975=B_SPLINE_CURVE_WITH_KNOTS('',3,(#2967,#2968,#2969,#2970,#2971,#2972,#2973,
#2974),.UNSPECIFIED.,.F.,.F.,(4,1,1,1,1,4),(0.E0,2.E-1,4.E-1,6.E-1,8.E-1,1.E0),
.UNSPECIFIED.);
#2985=B_SPLINE_CURVE_WITH_KNOTS('',3,(#2979,#2980,#2981,#2982,#2983,#2984),
.UNSPECIFIED.,.F.,.F.,(4,1,1,4),(0.E0,3.333333333333E-1,6.666666666667E-1,1.E0),
.UNSPECIFIED.);
#2997=B_SPLINE_CURVE_WITH_KNOTS('',3,(#2989,#2990,#2991,#2992,#2993,#2994,#2995,
#2996),.UNSPECIFIED.,.F.,.F.,(4,1,1,1,1,4),(0.E0,2.E-1,4.E-1,6.E-1,8.E-1,1.E0),
.UNSPECIFIED.);
#3007=B_SPLINE_CURVE_WITH_KNOTS('',3,(#3001,#3002,#3003,#3004,#3005,#3006),
.UNSPECIFIED.,.F.,.F.,(4,1,1,4),(0.E0,3.333333333333E-1,6.666666666667E-1,1.E0),
.UNSPECIFIED.);
#3019=B_SPLINE_CURVE_WITH_KNOTS('',3,(#3011,#3012,#3013,#3014,#3015,#3016,#3017,
#3018),.UNSPECIFIED.,.F.,.F.,(4,1,1,1,1,4),(0.E0,2.E-1,4.E-1,6.E-1,8.E-1,1.E0),
.UNSPECIFIED.);
#3029=B_SPLINE_CURVE_WITH_KNOTS('',3,(#3023,#3024,#3025,#3026,#3027,#3028),
.UNSPECIFIED.,.F.,.F.,(4,1,1,4),(0.E0,3.333333333333E-1,6.666666666667E-1,1.E0),
.UNSPECIFIED.);
#3041=B_SPLINE_CURVE_WITH_KNOTS('',3,(#3033,#3034,#3035,#3036,#3037,#3038,#3039,
#3040),.UNSPECIFIED.,.F.,.F.,(4,1,1,1,1,4),(0.E0,2.E-1,4.E-1,6.E-1,8.E-1,1.E0),
.UNSPECIFIED.);
#3058=B_SPLINE_CURVE_WITH_KNOTS('',3,(#3052,#3053,#3054,#3055,#3056,#3057),
.UNSPECIFIED.,.F.,.F.,(4,1,1,4),(0.E0,3.333333333333E-1,6.666666666667E-1,1.E0),
.UNSPECIFIED.);
#3070=B_SPLINE_CURVE_WITH_KNOTS('',3,(#3062,#3063,#3064,#3065,#3066,#3067,#3068,
#3069),.UNSPECIFIED.,.F.,.F.,(4,1,1,1,1,4),(0.E0,2.E-1,4.E-1,6.E-1,8.E-1,1.E0),
.UNSPECIFIED.);
#3080=B_SPLINE_CURVE_WITH_KNOTS('',3,(#3074,#3075,#3076,#3077,#3078,#3079),
.UNSPECIFIED.,.F.,.F.,(4,1,1,4),(0.E0,3.333333333333E-1,6.666666666667E-1,1.E0),
.UNSPECIFIED.);
#3092=B_SPLINE_CURVE_WITH_KNOTS('',3,(#3084,#3085,#3086,#3087,#3088,#3089,#3090,
#3091),.UNSPECIFIED.,.F.,.F.,(4,1,1,1,1,4),(0.E0,2.E-1,4.E-1,6.E-1,8.E-1,1.E0),
.UNSPECIFIED.);
#3111=B_SPLINE_CURVE_WITH_KNOTS('',3,(#3103,#3104,#3105,#3106,#3107,#3108,#3109,
#3110),.UNSPECIFIED.,.F.,.F.,(4,1,1,1,1,4),(0.E0,2.E-1,4.E-1,6.E-1,8.E-1,1.E0),
.UNSPECIFIED.);
#3128=B_SPLINE_CURVE_WITH_KNOTS('',3,(#3122,#3123,#3124,#3125,#3126,#3127),
.UNSPECIFIED.,.F.,.F.,(4,1,1,4),(0.E0,3.333333333333E-1,6.666666666667E-1,1.E0),
.UNSPECIFIED.);
#3140=B_SPLINE_CURVE_WITH_KNOTS('',3,(#3132,#3133,#3134,#3135,#3136,#3137,#3138,
#3139),.UNSPECIFIED.,.F.,.F.,(4,1,1,1,1,4),(0.E0,2.E-1,4.E-1,6.E-1,8.E-1,1.E0),
.UNSPECIFIED.);
#3150=B_SPLINE_CURVE_WITH_KNOTS('',3,(#3144,#3145,#3146,#3147,#3148,#3149),
.UNSPECIFIED.,.F.,.F.,(4,1,1,4),(0.E0,3.333333333333E-1,6.666666666667E-1,1.E0),
.UNSPECIFIED.);
#3167=B_SPLINE_CURVE_WITH_KNOTS('',3,(#3161,#3162,#3163,#3164,#3165,#3166),
.UNSPECIFIED.,.F.,.F.,(4,1,1,4),(0.E0,3.333333333333E-1,6.666666666667E-1,1.E0),
.UNSPECIFIED.);
#3179=B_SPLINE_CURVE_WITH_KNOTS('',3,(#3171,#3172,#3173,#3174,#3175,#3176,#3177,
#3178),.UNSPECIFIED.,.F.,.F.,(4,1,1,1,1,4),(0.E0,2.E-1,4.E-1,6.E-1,8.E-1,1.E0),
.UNSPECIFIED.);
#3189=B_SPLINE_CURVE_WITH_KNOTS('',3,(#3183,#3184,#3185,#3186,#3187,#3188),
.UNSPECIFIED.,.F.,.F.,(4,1,1,4),(0.E0,3.333333333333E-1,6.666666666667E-1,1.E0),
.UNSPECIFIED.);
#3201=B_SPLINE_CURVE_WITH_KNOTS('',3,(#3193,#3194,#3195,#3196,#3197,#3198,#3199,
#3200),.UNSPECIFIED.,.F.,.F.,(4,1,1,1,1,4),(0.E0,2.E-1,4.E-1,6.E-1,8.E-1,1.E0),
.UNSPECIFIED.);
#3220=B_SPLINE_CURVE_WITH_KNOTS('',3,(#3212,#3213,#3214,#3215,#3216,#3217,#3218,
#3219),.UNSPECIFIED.,.F.,.F.,(4,1,1,1,1,4),(0.E0,2.E-1,4.E-1,6.E-1,8.E-1,1.E0),
.UNSPECIFIED.);
#3237=B_SPLINE_CURVE_WITH_KNOTS('',3,(#3231,#3232,#3233,#3234,#3235,#3236),
.UNSPECIFIED.,.F.,.F.,(4,1,1,4),(0.E0,3.333333333333E-1,6.666666666667E-1,1.E0),
.UNSPECIFIED.);
#3249=B_SPLINE_CURVE_WITH_KNOTS('',3,(#3241,#3242,#3243,#3244,#3245,#3246,#3247,
#3248),.UNSPECIFIED.,.F.,.F.,(4,1,1,1,1,4),(0.E0,2.E-1,4.E-1,6.E-1,8.E-1,1.E0),
.UNSPECIFIED.);
#3259=B_SPLINE_CURVE_WITH_KNOTS('',3,(#3253,#3254,#3255,#3256,#3257,#3258),
.UNSPECIFIED.,.F.,.F.,(4,1,1,4),(0.E0,3.333333333333E-1,6.666666666667E-1,1.E0),
.UNSPECIFIED.);
#3276=B_SPLINE_CURVE_WITH_KNOTS('',3,(#3270,#3271,#3272,#3273,#3274,#3275),
.UNSPECIFIED.,.F.,.F.,(4,1,1,4),(0.E0,3.333333333333E-1,6.666666666667E-1,1.E0),
.UNSPECIFIED.);
#3288=B_SPLINE_CURVE_WITH_KNOTS('',3,(#3280,#3281,#3282,#3283,#3284,#3285,#3286,
#3287),.UNSPECIFIED.,.F.,.F.,(4,1,1,1,1,4),(0.E0,2.E-1,4.E-1,6.E-1,8.E-1,1.E0),
.UNSPECIFIED.);
#3298=B_SPLINE_CURVE_WITH_KNOTS('',3,(#3292,#3293,#3294,#3295,#3296,#3297),
.UNSPECIFIED.,.F.,.F.,(4,1,1,4),(0.E0,3.333333333333E-1,6.666666666667E-1,1.E0),
.UNSPECIFIED.);
#3310=B_SPLINE_CURVE_WITH_KNOTS('',3,(#3302,#3303,#3304,#3305,#3306,#3307,#3308,
#3309),.UNSPECIFIED.,.F.,.F.,(4,1,1,1,1,4),(0.E0,2.E-1,4.E-1,6.E-1,8.E-1,1.E0),
.UNSPECIFIED.);
#3320=B_SPLINE_CURVE_WITH_KNOTS('',3,(#3314,#3315,#3316,#3317,#3318,#3319),
.UNSPECIFIED.,.F.,.F.,(4,1,1,4),(0.E0,3.333333333333E-1,6.666666666667E-1,1.E0),
.UNSPECIFIED.);
#3332=B_SPLINE_CURVE_WITH_KNOTS('',3,(#3324,#3325,#3326,#3327,#3328,#3329,#3330,
#3331),.UNSPECIFIED.,.F.,.F.,(4,1,1,1,1,4),(0.E0,2.E-1,4.E-1,6.E-1,8.E-1,1.E0),
.UNSPECIFIED.);
#3342=B_SPLINE_CURVE_WITH_KNOTS('',3,(#3336,#3337,#3338,#3339,#3340,#3341),
.UNSPECIFIED.,.F.,.F.,(4,1,1,4),(0.E0,3.333333333333E-1,6.666666666667E-1,1.E0),
.UNSPECIFIED.);
#3354=B_SPLINE_CURVE_WITH_KNOTS('',3,(#3346,#3347,#3348,#3349,#3350,#3351,#3352,
#3353),.UNSPECIFIED.,.F.,.F.,(4,1,1,1,1,4),(0.E0,2.E-1,4.E-1,6.E-1,8.E-1,1.E0),
.UNSPECIFIED.);
#3371=B_SPLINE_CURVE_WITH_KNOTS('',3,(#3365,#3366,#3367,#3368,#3369,#3370),
.UNSPECIFIED.,.F.,.F.,(4,1,1,4),(0.E0,3.333333333333E-1,6.666666666667E-1,1.E0),
.UNSPECIFIED.);
#3383=B_SPLINE_CURVE_WITH_KNOTS('',3,(#3375,#3376,#3377,#3378,#3379,#3380,#3381,
#3382),.UNSPECIFIED.,.F.,.F.,(4,1,1,1,1,4),(0.E0,2.E-1,4.E-1,6.E-1,8.E-1,1.E0),
.UNSPECIFIED.);
#3393=B_SPLINE_CURVE_WITH_KNOTS('',3,(#3387,#3388,#3389,#3390,#3391,#3392),
.UNSPECIFIED.,.F.,.F.,(4,1,1,4),(0.E0,3.333333333333E-1,6.666666666667E-1,1.E0),
.UNSPECIFIED.);
#3405=B_SPLINE_CURVE_WITH_KNOTS('',3,(#3397,#3398,#3399,#3400,#3401,#3402,#3403,
#3404),.UNSPECIFIED.,.F.,.F.,(4,1,1,1,1,4),(0.E0,2.E-1,4.E-1,6.E-1,8.E-1,1.E0),
.UNSPECIFIED.);
#3415=B_SPLINE_CURVE_WITH_KNOTS('',3,(#3409,#3410,#3411,#3412,#3413,#3414),
.UNSPECIFIED.,.F.,.F.,(4,1,1,4),(0.E0,3.333333333333E-1,6.666666666667E-1,1.E0),
.UNSPECIFIED.);
#3427=B_SPLINE_CURVE_WITH_KNOTS('',3,(#3419,#3420,#3421,#3422,#3423,#3424,#3425,
#3426),.UNSPECIFIED.,.F.,.F.,(4,1,1,1,1,4),(0.E0,2.E-1,4.E-1,6.E-1,8.E-1,1.E0),
.UNSPECIFIED.);
#3437=B_SPLINE_CURVE_WITH_KNOTS('',3,(#3431,#3432,#3433,#3434,#3435,#3436),
.UNSPECIFIED.,.F.,.F.,(4,1,1,4),(0.E0,3.333333333333E-1,6.666666666667E-1,1.E0),
.UNSPECIFIED.);
#3449=B_SPLINE_CURVE_WITH_KNOTS('',3,(#3441,#3442,#3443,#3444,#3445,#3446,#3447,
#3448),.UNSPECIFIED.,.F.,.F.,(4,1,1,1,1,4),(0.E0,2.E-1,4.E-1,6.E-1,8.E-1,1.E0),
.UNSPECIFIED.);
#3466=B_SPLINE_CURVE_WITH_KNOTS('',3,(#3460,#3461,#3462,#3463,#3464,#3465),
.UNSPECIFIED.,.F.,.F.,(4,1,1,4),(0.E0,3.333333333333E-1,6.666666666667E-1,1.E0),
.UNSPECIFIED.);
#3476=B_SPLINE_CURVE_WITH_KNOTS('',3,(#3470,#3471,#3472,#3473,#3474,#3475),
.UNSPECIFIED.,.F.,.F.,(4,1,1,4),(0.E0,3.333333333333E-1,6.666666666667E-1,1.E0),
.UNSPECIFIED.);
#3486=B_SPLINE_CURVE_WITH_KNOTS('',3,(#3480,#3481,#3482,#3483,#3484,#3485),
.UNSPECIFIED.,.F.,.F.,(4,1,1,4),(0.E0,3.333333333333E-1,6.666666666667E-1,1.E0),
.UNSPECIFIED.);
#3496=B_SPLINE_CURVE_WITH_KNOTS('',3,(#3490,#3491,#3492,#3493,#3494,#3495),
.UNSPECIFIED.,.F.,.F.,(4,1,1,4),(0.E0,3.333333333333E-1,6.666666666667E-1,1.E0),
.UNSPECIFIED.);
#3506=B_SPLINE_CURVE_WITH_KNOTS('',3,(#3500,#3501,#3502,#3503,#3504,#3505),
.UNSPECIFIED.,.F.,.F.,(4,1,1,4),(0.E0,3.333333333333E-1,6.666666666667E-1,1.E0),
.UNSPECIFIED.);
#3523=B_SPLINE_CURVE_WITH_KNOTS('',3,(#3517,#3518,#3519,#3520,#3521,#3522),
.UNSPECIFIED.,.F.,.F.,(4,1,1,4),(0.E0,3.333333333333E-1,6.666666666667E-1,1.E0),
.UNSPECIFIED.);
#3540=B_SPLINE_CURVE_WITH_KNOTS('',3,(#3534,#3535,#3536,#3537,#3538,#3539),
.UNSPECIFIED.,.F.,.F.,(4,1,1,4),(0.E0,3.333333333333E-1,6.666666666667E-1,1.E0),
.UNSPECIFIED.);
#3557=B_SPLINE_CURVE_WITH_KNOTS('',3,(#3551,#3552,#3553,#3554,#3555,#3556),
.UNSPECIFIED.,.F.,.F.,(4,1,1,4),(0.E0,3.333333333333E-1,6.666666666667E-1,1.E0),
.UNSPECIFIED.);
#3567=B_SPLINE_CURVE_WITH_KNOTS('',3,(#3561,#3562,#3563,#3564,#3565,#3566),
.UNSPECIFIED.,.F.,.F.,(4,1,1,4),(0.E0,3.333333333333E-1,6.666666666667E-1,1.E0),
.UNSPECIFIED.);
#3591=B_SPLINE_CURVE_WITH_KNOTS('',3,(#3585,#3586,#3587,#3588,#3589,#3590),
.UNSPECIFIED.,.F.,.F.,(4,1,1,4),(0.E0,3.333333333333E-1,6.666666666667E-1,1.E0),
.UNSPECIFIED.);
#3603=B_SPLINE_CURVE_WITH_KNOTS('',3,(#3595,#3596,#3597,#3598,#3599,#3600,#3601,
#3602),.UNSPECIFIED.,.F.,.F.,(4,1,1,1,1,4),(0.E0,2.E-1,4.E-1,6.E-1,8.E-1,1.E0),
.UNSPECIFIED.);
#3613=B_SPLINE_CURVE_WITH_KNOTS('',3,(#3607,#3608,#3609,#3610,#3611,#3612),
.UNSPECIFIED.,.F.,.F.,(4,1,1,4),(0.E0,3.333333333333E-1,6.666666666667E-1,1.E0),
.UNSPECIFIED.);
#3625=B_SPLINE_CURVE_WITH_KNOTS('',3,(#3617,#3618,#3619,#3620,#3621,#3622,#3623,
#3624),.UNSPECIFIED.,.F.,.F.,(4,1,1,1,1,4),(0.E0,2.E-1,4.E-1,6.E-1,8.E-1,1.E0),
.UNSPECIFIED.);
#3635=B_SPLINE_CURVE_WITH_KNOTS('',3,(#3629,#3630,#3631,#3632,#3633,#3634),
.UNSPECIFIED.,.F.,.F.,(4,1,1,4),(0.E0,3.333333333333E-1,6.666666666667E-1,1.E0),
.UNSPECIFIED.);
#3645=B_SPLINE_CURVE_WITH_KNOTS('',3,(#3639,#3640,#3641,#3642,#3643,#3644),
.UNSPECIFIED.,.F.,.F.,(4,1,1,4),(0.E0,3.333333333333E-1,6.666666666667E-1,1.E0),
.UNSPECIFIED.);
#3662=B_SPLINE_CURVE_WITH_KNOTS('',3,(#3656,#3657,#3658,#3659,#3660,#3661),
.UNSPECIFIED.,.F.,.F.,(4,1,1,4),(0.E0,3.333333333333E-1,6.666666666667E-1,1.E0),
.UNSPECIFIED.);
#3672=B_SPLINE_CURVE_WITH_KNOTS('',3,(#3666,#3667,#3668,#3669,#3670,#3671),
.UNSPECIFIED.,.F.,.F.,(4,1,1,4),(0.E0,3.333333333333E-1,6.666666666667E-1,1.E0),
.UNSPECIFIED.);
#3684=B_SPLINE_CURVE_WITH_KNOTS('',3,(#3676,#3677,#3678,#3679,#3680,#3681,#3682,
#3683),.UNSPECIFIED.,.F.,.F.,(4,1,1,1,1,4),(0.E0,2.E-1,4.E-1,6.E-1,8.E-1,1.E0),
.UNSPECIFIED.);
#3694=B_SPLINE_CURVE_WITH_KNOTS('',3,(#3688,#3689,#3690,#3691,#3692,#3693),
.UNSPECIFIED.,.F.,.F.,(4,1,1,4),(0.E0,3.333333333333E-1,6.666666666667E-1,1.E0),
.UNSPECIFIED.);
#3706=B_SPLINE_CURVE_WITH_KNOTS('',3,(#3698,#3699,#3700,#3701,#3702,#3703,#3704,
#3705),.UNSPECIFIED.,.F.,.F.,(4,1,1,1,1,4),(0.E0,2.E-1,4.E-1,6.E-1,8.E-1,1.E0),
.UNSPECIFIED.);
#3723=B_SPLINE_CURVE_WITH_KNOTS('',3,(#3717,#3718,#3719,#3720,#3721,#3722),
.UNSPECIFIED.,.F.,.F.,(4,1,1,4),(0.E0,3.333333333333E-1,6.666666666667E-1,1.E0),
.UNSPECIFIED.);
#3735=B_SPLINE_CURVE_WITH_KNOTS('',3,(#3727,#3728,#3729,#3730,#3731,#3732,#3733,
#3734),.UNSPECIFIED.,.F.,.F.,(4,1,1,1,1,4),(0.E0,2.E-1,4.E-1,6.E-1,8.E-1,1.E0),
.UNSPECIFIED.);
#3745=B_SPLINE_CURVE_WITH_KNOTS('',3,(#3739,#3740,#3741,#3742,#3743,#3744),
.UNSPECIFIED.,.F.,.F.,(4,1,1,4),(0.E0,3.333333333333E-1,6.666666666667E-1,1.E0),
.UNSPECIFIED.);
#3757=B_SPLINE_CURVE_WITH_KNOTS('',3,(#3749,#3750,#3751,#3752,#3753,#3754,#3755,
#3756),.UNSPECIFIED.,.F.,.F.,(4,1,1,1,1,4),(0.E0,2.E-1,4.E-1,6.E-1,8.E-1,1.E0),
.UNSPECIFIED.);
#3767=B_SPLINE_CURVE_WITH_KNOTS('',3,(#3761,#3762,#3763,#3764,#3765,#3766),
.UNSPECIFIED.,.F.,.F.,(4,1,1,4),(0.E0,3.333333333333E-1,6.666666666667E-1,1.E0),
.UNSPECIFIED.);
#3779=B_SPLINE_CURVE_WITH_KNOTS('',3,(#3771,#3772,#3773,#3774,#3775,#3776,#3777,
#3778),.UNSPECIFIED.,.F.,.F.,(4,1,1,1,1,4),(0.E0,2.E-1,4.E-1,6.E-1,8.E-1,1.E0),
.UNSPECIFIED.);
#3789=B_SPLINE_CURVE_WITH_KNOTS('',3,(#3783,#3784,#3785,#3786,#3787,#3788),
.UNSPECIFIED.,.F.,.F.,(4,1,1,4),(0.E0,3.333333333333E-1,6.666666666667E-1,1.E0),
.UNSPECIFIED.);
#3801=B_SPLINE_CURVE_WITH_KNOTS('',3,(#3793,#3794,#3795,#3796,#3797,#3798,#3799,
#3800),.UNSPECIFIED.,.F.,.F.,(4,1,1,1,1,4),(0.E0,2.E-1,4.E-1,6.E-1,8.E-1,1.E0),
.UNSPECIFIED.);
#3818=B_SPLINE_CURVE_WITH_KNOTS('',3,(#3812,#3813,#3814,#3815,#3816,#3817),
.UNSPECIFIED.,.F.,.F.,(4,1,1,4),(0.E0,3.333333333333E-1,6.666666666667E-1,1.E0),
.UNSPECIFIED.);
#3830=B_SPLINE_CURVE_WITH_KNOTS('',3,(#3822,#3823,#3824,#3825,#3826,#3827,#3828,
#3829),.UNSPECIFIED.,.F.,.F.,(4,1,1,1,1,4),(0.E0,2.E-1,4.E-1,6.E-1,8.E-1,1.E0),
.UNSPECIFIED.);
#3840=B_SPLINE_CURVE_WITH_KNOTS('',3,(#3834,#3835,#3836,#3837,#3838,#3839),
.UNSPECIFIED.,.F.,.F.,(4,1,1,4),(0.E0,3.333333333333E-1,6.666666666667E-1,1.E0),
.UNSPECIFIED.);
#3852=B_SPLINE_CURVE_WITH_KNOTS('',3,(#3844,#3845,#3846,#3847,#3848,#3849,#3850,
#3851),.UNSPECIFIED.,.F.,.F.,(4,1,1,1,1,4),(0.E0,2.E-1,4.E-1,6.E-1,8.E-1,1.E0),
.UNSPECIFIED.);
#3871=B_SPLINE_CURVE_WITH_KNOTS('',3,(#3863,#3864,#3865,#3866,#3867,#3868,#3869,
#3870),.UNSPECIFIED.,.F.,.F.,(4,1,1,1,1,4),(0.E0,2.E-1,4.E-1,6.E-1,8.E-1,1.E0),
.UNSPECIFIED.);
#3888=B_SPLINE_CURVE_WITH_KNOTS('',3,(#3882,#3883,#3884,#3885,#3886,#3887),
.UNSPECIFIED.,.F.,.F.,(4,1,1,4),(0.E0,3.333333333333E-1,6.666666666667E-1,1.E0),
.UNSPECIFIED.);
#3900=B_SPLINE_CURVE_WITH_KNOTS('',3,(#3892,#3893,#3894,#3895,#3896,#3897,#3898,
#3899),.UNSPECIFIED.,.F.,.F.,(4,1,1,1,1,4),(0.E0,2.E-1,4.E-1,6.E-1,8.E-1,1.E0),
.UNSPECIFIED.);
#3910=B_SPLINE_CURVE_WITH_KNOTS('',3,(#3904,#3905,#3906,#3907,#3908,#3909),
.UNSPECIFIED.,.F.,.F.,(4,1,1,4),(0.E0,3.333333333333E-1,6.666666666667E-1,1.E0),
.UNSPECIFIED.);
#3927=B_SPLINE_CURVE_WITH_KNOTS('',3,(#3921,#3922,#3923,#3924,#3925,#3926),
.UNSPECIFIED.,.F.,.F.,(4,1,1,4),(0.E0,3.333333333333E-1,6.666666666667E-1,1.E0),
.UNSPECIFIED.);
#3939=B_SPLINE_CURVE_WITH_KNOTS('',3,(#3931,#3932,#3933,#3934,#3935,#3936,#3937,
#3938),.UNSPECIFIED.,.F.,.F.,(4,1,1,1,1,4),(0.E0,2.E-1,4.E-1,6.E-1,8.E-1,1.E0),
.UNSPECIFIED.);
#3949=B_SPLINE_CURVE_WITH_KNOTS('',3,(#3943,#3944,#3945,#3946,#3947,#3948),
.UNSPECIFIED.,.F.,.F.,(4,1,1,4),(0.E0,3.333333333333E-1,6.666666666667E-1,1.E0),
.UNSPECIFIED.);
#3961=B_SPLINE_CURVE_WITH_KNOTS('',3,(#3953,#3954,#3955,#3956,#3957,#3958,#3959,
#3960),.UNSPECIFIED.,.F.,.F.,(4,1,1,1,1,4),(0.E0,2.E-1,4.E-1,6.E-1,8.E-1,1.E0),
.UNSPECIFIED.);
#3980=B_SPLINE_CURVE_WITH_KNOTS('',3,(#3972,#3973,#3974,#3975,#3976,#3977,#3978,
#3979),.UNSPECIFIED.,.F.,.F.,(4,1,1,1,1,4),(0.E0,2.E-1,4.E-1,6.E-1,8.E-1,1.E0),
.UNSPECIFIED.);
#3997=B_SPLINE_CURVE_WITH_KNOTS('',3,(#3991,#3992,#3993,#3994,#3995,#3996),
.UNSPECIFIED.,.F.,.F.,(4,1,1,4),(0.E0,3.333333333333E-1,6.666666666667E-1,1.E0),
.UNSPECIFIED.);
#4009=B_SPLINE_CURVE_WITH_KNOTS('',3,(#4001,#4002,#4003,#4004,#4005,#4006,#4007,
#4008),.UNSPECIFIED.,.F.,.F.,(4,1,1,1,1,4),(0.E0,2.E-1,4.E-1,6.E-1,8.E-1,1.E0),
.UNSPECIFIED.);
#4019=B_SPLINE_CURVE_WITH_KNOTS('',3,(#4013,#4014,#4015,#4016,#4017,#4018),
.UNSPECIFIED.,.F.,.F.,(4,1,1,4),(0.E0,3.333333333333E-1,6.666666666667E-1,1.E0),
.UNSPECIFIED.);
#4036=B_SPLINE_CURVE_WITH_KNOTS('',3,(#4030,#4031,#4032,#4033,#4034,#4035),
.UNSPECIFIED.,.F.,.F.,(4,1,1,4),(0.E0,3.333333333333E-1,6.666666666667E-1,1.E0),
.UNSPECIFIED.);
#4048=B_SPLINE_CURVE_WITH_KNOTS('',3,(#4040,#4041,#4042,#4043,#4044,#4045,#4046,
#4047),.UNSPECIFIED.,.F.,.F.,(4,1,1,1,1,4),(0.E0,2.E-1,4.E-1,6.E-1,8.E-1,1.E0),
.UNSPECIFIED.);
#4058=B_SPLINE_CURVE_WITH_KNOTS('',3,(#4052,#4053,#4054,#4055,#4056,#4057),
.UNSPECIFIED.,.F.,.F.,(4,1,1,4),(0.E0,3.333333333333E-1,6.666666666667E-1,1.E0),
.UNSPECIFIED.);
#4070=B_SPLINE_CURVE_WITH_KNOTS('',3,(#4062,#4063,#4064,#4065,#4066,#4067,#4068,
#4069),.UNSPECIFIED.,.F.,.F.,(4,1,1,1,1,4),(0.E0,2.E-1,4.E-1,6.E-1,8.E-1,1.E0),
.UNSPECIFIED.);
#4080=B_SPLINE_CURVE_WITH_KNOTS('',3,(#4074,#4075,#4076,#4077,#4078,#4079),
.UNSPECIFIED.,.F.,.F.,(4,1,1,4),(0.E0,3.333333333333E-1,6.666666666667E-1,1.E0),
.UNSPECIFIED.);
#4092=B_SPLINE_CURVE_WITH_KNOTS('',3,(#4084,#4085,#4086,#4087,#4088,#4089,#4090,
#4091),.UNSPECIFIED.,.F.,.F.,(4,1,1,1,1,4),(0.E0,2.E-1,4.E-1,6.E-1,8.E-1,1.E0),
.UNSPECIFIED.);
#4102=B_SPLINE_CURVE_WITH_KNOTS('',3,(#4096,#4097,#4098,#4099,#4100,#4101),
.UNSPECIFIED.,.F.,.F.,(4,1,1,4),(0.E0,3.333333333333E-1,6.666666666667E-1,1.E0),
.UNSPECIFIED.);
#4114=B_SPLINE_CURVE_WITH_KNOTS('',3,(#4106,#4107,#4108,#4109,#4110,#4111,#4112,
#4113),.UNSPECIFIED.,.F.,.F.,(4,1,1,1,1,4),(0.E0,2.E-1,4.E-1,6.E-1,8.E-1,1.E0),
.UNSPECIFIED.);
#4131=B_SPLINE_CURVE_WITH_KNOTS('',3,(#4125,#4126,#4127,#4128,#4129,#4130),
.UNSPECIFIED.,.F.,.F.,(4,1,1,4),(0.E0,3.333333333333E-1,6.666666666667E-1,1.E0),
.UNSPECIFIED.);
#4143=B_SPLINE_CURVE_WITH_KNOTS('',3,(#4135,#4136,#4137,#4138,#4139,#4140,#4141,
#4142),.UNSPECIFIED.,.F.,.F.,(4,1,1,1,1,4),(0.E0,2.E-1,4.E-1,6.E-1,8.E-1,1.E0),
.UNSPECIFIED.);
#4153=B_SPLINE_CURVE_WITH_KNOTS('',3,(#4147,#4148,#4149,#4150,#4151,#4152),
.UNSPECIFIED.,.F.,.F.,(4,1,1,4),(0.E0,3.333333333333E-1,6.666666666667E-1,1.E0),
.UNSPECIFIED.);
#4165=B_SPLINE_CURVE_WITH_KNOTS('',3,(#4157,#4158,#4159,#4160,#4161,#4162,#4163,
#4164),.UNSPECIFIED.,.F.,.F.,(4,1,1,1,1,4),(0.E0,2.E-1,4.E-1,6.E-1,8.E-1,1.E0),
.UNSPECIFIED.);
#4175=B_SPLINE_CURVE_WITH_KNOTS('',3,(#4169,#4170,#4171,#4172,#4173,#4174),
.UNSPECIFIED.,.F.,.F.,(4,1,1,4),(0.E0,3.333333333333E-1,6.666666666667E-1,1.E0),
.UNSPECIFIED.);
#4187=B_SPLINE_CURVE_WITH_KNOTS('',3,(#4179,#4180,#4181,#4182,#4183,#4184,#4185,
#4186),.UNSPECIFIED.,.F.,.F.,(4,1,1,1,1,4),(0.E0,2.E-1,4.E-1,6.E-1,8.E-1,1.E0),
.UNSPECIFIED.);
#4197=B_SPLINE_CURVE_WITH_KNOTS('',3,(#4191,#4192,#4193,#4194,#4195,#4196),
.UNSPECIFIED.,.F.,.F.,(4,1,1,4),(0.E0,3.333333333333E-1,6.666666666667E-1,1.E0),
.UNSPECIFIED.);
#4209=B_SPLINE_CURVE_WITH_KNOTS('',3,(#4201,#4202,#4203,#4204,#4205,#4206,#4207,
#4208),.UNSPECIFIED.,.F.,.F.,(4,1,1,1,1,4),(0.E0,2.E-1,4.E-1,6.E-1,8.E-1,1.E0),
.UNSPECIFIED.);
#4224=CIRCLE('',#4223,3.E-1);
#4246=CIRCLE('',#4245,3.E-1);
#4909=EDGE_CURVE('',#4342,#4343,#257,.T.);
#4911=EDGE_CURVE('',#4345,#4342,#4253,.T.);
#4913=EDGE_CURVE('',#4345,#4347,#13,.T.);
#4915=EDGE_CURVE('',#4347,#4349,#21,.T.);
#4917=EDGE_CURVE('',#4351,#4349,#301,.T.);
#4919=EDGE_CURVE('',#4351,#4353,#29,.T.);
#4921=EDGE_CURVE('',#4355,#4353,#1084,.T.);
#4923=EDGE_CURVE('',#4355,#4357,#37,.T.);
#4925=EDGE_CURVE('',#4357,#4359,#44,.T.);
#4927=EDGE_CURVE('',#4359,#4361,#52,.T.);
#4929=EDGE_CURVE('',#4361,#4363,#59,.T.);
#4931=EDGE_CURVE('',#4363,#4365,#67,.T.);
#4933=EDGE_CURVE('',#4365,#4367,#74,.T.);
#4935=EDGE_CURVE('',#4367,#4369,#82,.T.);
#4937=EDGE_CURVE('',#4371,#4369,#995,.T.);
#4939=EDGE_CURVE('',#4371,#4373,#90,.T.);
#4941=EDGE_CURVE('',#4375,#4373,#974,.T.);
#4943=EDGE_CURVE('',#4375,#4377,#97,.T.);
#4945=EDGE_CURVE('',#4377,#4379,#104,.T.);
#4947=EDGE_CURVE('',#4379,#4381,#111,.T.);
#4949=EDGE_CURVE('',#4383,#4381,#932,.T.);
#4951=EDGE_CURVE('',#4383,#4385,#118,.T.);
#4953=EDGE_CURVE('',#4385,#4387,#125,.T.);
#4955=EDGE_CURVE('',#4387,#4389,#132,.T.);
#4957=EDGE_CURVE('',#4391,#4389,#918,.T.);
#4959=EDGE_CURVE('',#4391,#4393,#139,.T.);
#4961=EDGE_CURVE('',#4393,#4395,#146,.T.);
#4963=EDGE_CURVE('',#4395,#4397,#153,.T.);
#4965=EDGE_CURVE('',#4399,#4397,#544,.T.);
#4967=EDGE_CURVE('',#4399,#4401,#160,.T.);
#4969=EDGE_CURVE('',#4401,#4403,#167,.T.);
#4971=EDGE_CURVE('',#4403,#4405,#174,.T.);
#4973=EDGE_CURVE('',#4407,#4405,#523,.T.);
#4975=EDGE_CURVE('',#4407,#4409,#182,.T.);
#4977=EDGE_CURVE('',#4411,#4409,#495,.T.);
#4979=EDGE_CURVE('',#4411,#4413,#190,.T.);
#4981=EDGE_CURVE('',#4413,#4415,#197,.T.);
#4983=EDGE_CURVE('',#4415,#4417,#205,.T.);
#4985=EDGE_CURVE('',#4417,#4419,#212,.T.);
#4987=EDGE_CURVE('',#4419,#4421,#220,.T.);
#4989=EDGE_CURVE('',#4421,#4423,#227,.T.);
#4991=EDGE_CURVE('',#4423,#4425,#235,.T.);
#4993=EDGE_CURVE('',#4427,#4425,#404,.T.);
#4995=EDGE_CURVE('',#4427,#4429,#243,.T.);
#4997=EDGE_CURVE('',#4431,#4429,#322,.T.);
#4999=EDGE_CURVE('',#4431,#4343,#250,.T.);
#5010=EDGE_CURVE('',#4343,#4433,#265,.T.);
#5012=EDGE_CURVE('',#4435,#4433,#4274,.T.);
#5014=EDGE_CURVE('',#4342,#4435,#4260,.T.);
#5031=EDGE_CURVE('',#4443,#4343,#287,.T.);
#5033=EDGE_CURVE('',#4443,#4445,#272,.T.);
#5035=EDGE_CURVE('',#4347,#4445,#4224,.T.);
#5037=EDGE_CURVE('',#4447,#4347,#4246,.T.);
#5039=EDGE_CURVE('',#4447,#4433,#279,.T.);
#5059=EDGE_CURVE('',#4443,#4431,#315,.T.);
#5069=EDGE_CURVE('',#4464,#4465,#382,.T.);
#5071=EDGE_CURVE('',#4467,#4464,#1361,.T.);
#5073=EDGE_CURVE('',#4469,#4467,#1425,.T.);
#5075=EDGE_CURVE('',#4471,#4469,#1389,.T.);
#5077=EDGE_CURVE('',#4471,#4473,#294,.T.);
#5079=EDGE_CURVE('',#4475,#4473,#1340,.T.);
#5081=EDGE_CURVE('',#4477,#4475,#1017,.T.);
#5083=EDGE_CURVE('',#4351,#4477,#1161,.T.);
#5086=EDGE_CURVE('',#4349,#4445,#308,.T.);
#5091=EDGE_CURVE('',#4465,#4429,#411,.T.);
#5101=EDGE_CURVE('',#4506,#4507,#397,.T.);
#5103=EDGE_CURVE('',#4506,#4509,#330,.T.);
#5105=EDGE_CURVE('',#4509,#4511,#337,.T.);
#5107=EDGE_CURVE('',#4511,#4513,#345,.T.);
#5109=EDGE_CURVE('',#4515,#4513,#453,.T.);
#5111=EDGE_CURVE('',#4515,#4517,#353,.T.);
#5113=EDGE_CURVE('',#4517,#4519,#360,.T.);
#5115=EDGE_CURVE('',#4519,#4521,#368,.T.);
#5117=EDGE_CURVE('',#4523,#4521,#488,.T.);
#5119=EDGE_CURVE('',#4525,#4523,#2032,.T.);
#5121=EDGE_CURVE('',#4527,#4525,#2011,.T.);
#5123=EDGE_CURVE('',#4529,#4527,#1983,.T.);
#5125=EDGE_CURVE('',#4529,#4464,#375,.T.);
#5128=EDGE_CURVE('',#4465,#4507,#390,.T.);
#5146=EDGE_CURVE('',#4427,#4507,#418,.T.);
#5149=EDGE_CURVE('',#4506,#4425,#425,.T.);
#5174=EDGE_CURVE('',#4423,#4509,#432,.T.);
#5187=EDGE_CURVE('',#4511,#4421,#439,.T.);
#5200=EDGE_CURVE('',#4419,#4513,#446,.T.);
#5213=EDGE_CURVE('',#4515,#4417,#460,.T.);
#5226=EDGE_CURVE('',#4415,#4517,#467,.T.);
#5239=EDGE_CURVE('',#4519,#4413,#474,.T.);
#5252=EDGE_CURVE('',#4411,#4521,#481,.T.);
#5265=EDGE_CURVE('',#4551,#4409,#509,.T.);
#5267=EDGE_CURVE('',#4523,#4551,#622,.T.);
#5278=EDGE_CURVE('',#4407,#4553,#502,.T.);
#5280=EDGE_CURVE('',#4551,#4553,#630,.T.);
#5291=EDGE_CURVE('',#4405,#4555,#516,.T.);
#5293=EDGE_CURVE('',#4553,#4555,#637,.T.);
#5306=EDGE_CURVE('',#4403,#4557,#530,.T.);
#5308=EDGE_CURVE('',#4555,#4557,#644,.T.);
#5321=EDGE_CURVE('',#4401,#4770,#537,.T.);
#5323=EDGE_CURVE('',#4771,#4770,#2621,.T.);
#5325=EDGE_CURVE('',#4559,#4771,#2769,.T.);
#5327=EDGE_CURVE('',#4557,#4559,#651,.T.);
#5339=EDGE_CURVE('',#4773,#4399,#551,.T.);
#5341=EDGE_CURVE('',#4770,#4773,#2776,.T.);
#5352=EDGE_CURVE('',#4775,#4397,#558,.T.);
#5354=EDGE_CURVE('',#4773,#4775,#2783,.T.);
#5365=EDGE_CURVE('',#4777,#4395,#565,.T.);
#5367=EDGE_CURVE('',#4775,#4777,#2790,.T.);
#5379=EDGE_CURVE('',#4567,#4393,#572,.T.);
#5381=EDGE_CURVE('',#4565,#4567,#679,.T.);
#5383=EDGE_CURVE('',#4779,#4565,#2596,.T.);
#5385=EDGE_CURVE('',#4777,#4779,#2653,.T.);
#5397=EDGE_CURVE('',#4567,#4569,#686,.T.);
#5401=EDGE_CURVE('',#4569,#4391,#911,.T.);
#5411=EDGE_CURVE('',#4542,#4543,#579,.T.);
#5413=EDGE_CURVE('',#4543,#4545,#586,.T.);
#5415=EDGE_CURVE('',#4545,#4547,#593,.T.);
#5417=EDGE_CURVE('',#4547,#4549,#600,.T.);
#5419=EDGE_CURVE('',#4549,#4531,#608,.T.);
#5421=EDGE_CURVE('',#4531,#4489,#615,.T.);
#5423=EDGE_CURVE('',#4523,#4489,#2039,.T.);
#5430=EDGE_CURVE('',#4559,#4561,#658,.T.);
#5432=EDGE_CURVE('',#4561,#4563,#665,.T.);
#5434=EDGE_CURVE('',#4563,#4565,#672,.T.);
#5438=EDGE_CURVE('',#4569,#4571,#693,.T.);
#5440=EDGE_CURVE('',#4571,#4573,#700,.T.);
#5442=EDGE_CURVE('',#4573,#4575,#707,.T.);
#5444=EDGE_CURVE('',#4575,#4577,#714,.T.);
#5446=EDGE_CURVE('',#4577,#4542,#721,.T.);
#5456=EDGE_CURVE('',#4542,#4764,#728,.T.);
#5458=EDGE_CURVE('',#4766,#4764,#2466,.T.);
#5460=EDGE_CURVE('',#4766,#4543,#735,.T.);
#5472=EDGE_CURVE('',#4542,#4807,#742,.T.);
#5474=EDGE_CURVE('',#4807,#4815,#750,.T.);
#5476=EDGE_CURVE('',#4815,#4728,#757,.T.);
#5478=EDGE_CURVE('',#4726,#4728,#2053,.T.);
#5480=EDGE_CURVE('',#4817,#4726,#2297,.T.);
#5482=EDGE_CURVE('',#4817,#4819,#765,.T.);
#5484=EDGE_CURVE('',#4821,#4819,#2325,.T.);
#5486=EDGE_CURVE('',#4821,#4823,#773,.T.);
#5488=EDGE_CURVE('',#4825,#4823,#2360,.T.);
#5490=EDGE_CURVE('',#4827,#4825,#2374,.T.);
#5492=EDGE_CURVE('',#4829,#4827,#2402,.T.);
#5494=EDGE_CURVE('',#4829,#4831,#780,.T.);
#5496=EDGE_CURVE('',#4831,#4811,#788,.T.);
#5498=EDGE_CURVE('',#4811,#4764,#795,.T.);
#5516=EDGE_CURVE('',#4760,#4577,#883,.T.);
#5518=EDGE_CURVE('',#4807,#4760,#2508,.T.);
#5536=EDGE_CURVE('',#4577,#4738,#802,.T.);
#5538=EDGE_CURVE('',#4738,#4740,#809,.T.);
#5540=EDGE_CURVE('',#4740,#4742,#817,.T.);
#5542=EDGE_CURVE('',#4742,#4744,#824,.T.);
#5544=EDGE_CURVE('',#4744,#4746,#831,.T.);
#5546=EDGE_CURVE('',#4746,#4748,#838,.T.);
#5548=EDGE_CURVE('',#4750,#4748,#2346,.T.);
#5550=EDGE_CURVE('',#4750,#4752,#846,.T.);
#5552=EDGE_CURVE('',#4754,#4752,#2318,.T.);
#5554=EDGE_CURVE('',#4754,#4756,#854,.T.);
#5556=EDGE_CURVE('',#4756,#4723,#861,.T.);
#5558=EDGE_CURVE('',#4723,#4724,#868,.T.);
#5560=EDGE_CURVE('',#4758,#4724,#2494,.T.);
#5562=EDGE_CURVE('',#4758,#4760,#876,.T.);
#5582=EDGE_CURVE('',#4575,#4762,#890,.T.);
#5584=EDGE_CURVE('',#4738,#4762,#2416,.T.);
#5594=EDGE_CURVE('',#4387,#4573,#904,.T.);
#5597=EDGE_CURVE('',#4385,#4768,#897,.T.);
#5599=EDGE_CURVE('',#4762,#4768,#2427,.T.);
#5614=EDGE_CURVE('',#4389,#4571,#925,.T.);
#5638=EDGE_CURVE('',#4851,#4383,#939,.T.);
#5640=EDGE_CURVE('',#4768,#4851,#2381,.T.);
#5651=EDGE_CURVE('',#4853,#4381,#946,.T.);
#5653=EDGE_CURVE('',#4851,#4853,#2388,.T.);
#5664=EDGE_CURVE('',#4855,#4379,#953,.T.);
#5666=EDGE_CURVE('',#4853,#4855,#2395,.T.);
#5678=EDGE_CURVE('',#4545,#4377,#960,.T.);
#5682=EDGE_CURVE('',#4855,#4766,#2459,.T.);
#5697=EDGE_CURVE('',#4547,#4375,#967,.T.);
#5709=EDGE_CURVE('',#4549,#4373,#988,.T.);
#5721=EDGE_CURVE('',#4371,#4531,#981,.T.);
#5733=EDGE_CURVE('',#4489,#4491,#1031,.T.);
#5738=EDGE_CURVE('',#4491,#4369,#1140,.T.);
#5748=EDGE_CURVE('',#4480,#4481,#1002,.T.);
#5750=EDGE_CURVE('',#4481,#4477,#1010,.T.);
#5753=EDGE_CURVE('',#4475,#4483,#1024,.T.);
#5755=EDGE_CURVE('',#4485,#4483,#2102,.T.);
#5757=EDGE_CURVE('',#4487,#4485,#2081,.T.);
#5759=EDGE_CURVE('',#4489,#4487,#2046,.T.);
#5762=EDGE_CURVE('',#4491,#4493,#1039,.T.);
#5764=EDGE_CURVE('',#4493,#4495,#1046,.T.);
#5766=EDGE_CURVE('',#4495,#4497,#1054,.T.);
#5768=EDGE_CURVE('',#4499,#4497,#1119,.T.);
#5770=EDGE_CURVE('',#4499,#4501,#1062,.T.);
#5772=EDGE_CURVE('',#4501,#4503,#1069,.T.);
#5774=EDGE_CURVE('',#4503,#4480,#1077,.T.);
#5792=EDGE_CURVE('',#4355,#4480,#1098,.T.);
#5795=EDGE_CURVE('',#4481,#4353,#1154,.T.);
#5806=EDGE_CURVE('',#4503,#4357,#1091,.T.);
#5819=EDGE_CURVE('',#4359,#4501,#1112,.T.);
#5832=EDGE_CURVE('',#4499,#4361,#1105,.T.);
#5845=EDGE_CURVE('',#4363,#4497,#1133,.T.);
#5858=EDGE_CURVE('',#4495,#4365,#1126,.T.);
#5871=EDGE_CURVE('',#4367,#4493,#1147,.T.);
#5907=EDGE_CURVE('',#4578,#4579,#1227,.T.);
#5909=EDGE_CURVE('',#4581,#4578,#4216,.T.);
#5911=EDGE_CURVE('',#4280,#4581,#4175,.T.);
#5913=EDGE_CURVE('',#4280,#4281,#1168,.T.);
#5915=EDGE_CURVE('',#4582,#4281,#4131,.T.);
#5917=EDGE_CURVE('',#4584,#4582,#4121,.T.);
#5919=EDGE_CURVE('',#4284,#4584,#4080,.T.);
#5921=EDGE_CURVE('',#4284,#4285,#1175,.T.);
#5923=EDGE_CURVE('',#4585,#4285,#4036,.T.);
#5925=EDGE_CURVE('',#4587,#4585,#4026,.T.);
#5927=EDGE_CURVE('',#4588,#4587,#3997,.T.);
#5929=EDGE_CURVE('',#4590,#4588,#3968,.T.);
#5931=EDGE_CURVE('',#4591,#4590,#3927,.T.);
#5933=EDGE_CURVE('',#4593,#4591,#3917,.T.);
#5935=EDGE_CURVE('',#4594,#4593,#3888,.T.);
#5937=EDGE_CURVE('',#4596,#4594,#3859,.T.);
#5939=EDGE_CURVE('',#4597,#4596,#3818,.T.);
#5941=EDGE_CURVE('',#4599,#4597,#3808,.T.);
#5943=EDGE_CURVE('',#4288,#4599,#3767,.T.);
#5945=EDGE_CURVE('',#4288,#4289,#1182,.T.);
#5947=EDGE_CURVE('',#4600,#4289,#3723,.T.);
#5949=EDGE_CURVE('',#4602,#4600,#3713,.T.);
#5951=EDGE_CURVE('',#4292,#4602,#3672,.T.);
#5953=EDGE_CURVE('',#4292,#4293,#1189,.T.);
#5955=EDGE_CURVE('',#4603,#4293,#3591,.T.);
#5957=EDGE_CURVE('',#4605,#4603,#3581,.T.);
#5959=EDGE_CURVE('',#4606,#4605,#3557,.T.);
#5961=EDGE_CURVE('',#4608,#4606,#3530,.T.);
#5963=EDGE_CURVE('',#4609,#4608,#3496,.T.);
#5965=EDGE_CURVE('',#4611,#4609,#3456,.T.);
#5967=EDGE_CURVE('',#4296,#4611,#3415,.T.);
#5969=EDGE_CURVE('',#4296,#4297,#1196,.T.);
#5971=EDGE_CURVE('',#4612,#4297,#3371,.T.);
#5973=EDGE_CURVE('',#4614,#4612,#3361,.T.);
#5975=EDGE_CURVE('',#4300,#4614,#3320,.T.);
#5977=EDGE_CURVE('',#4300,#4301,#1203,.T.);
#5979=EDGE_CURVE('',#4615,#4301,#3276,.T.);
#5981=EDGE_CURVE('',#4617,#4615,#3266,.T.);
#5983=EDGE_CURVE('',#4618,#4617,#3237,.T.);
#5985=EDGE_CURVE('',#4620,#4618,#3208,.T.);
#5987=EDGE_CURVE('',#4621,#4620,#3167,.T.);
#5989=EDGE_CURVE('',#4623,#4621,#3157,.T.);
#5991=EDGE_CURVE('',#4624,#4623,#3128,.T.);
#5993=EDGE_CURVE('',#4626,#4624,#3099,.T.);
#5995=EDGE_CURVE('',#4627,#4626,#3058,.T.);
#5997=EDGE_CURVE('',#4629,#4627,#3048,.T.);
#5999=EDGE_CURVE('',#4304,#4629,#3007,.T.);
#6001=EDGE_CURVE('',#4304,#4305,#1210,.T.);
#6003=EDGE_CURVE('',#4630,#4305,#2963,.T.);
#6005=EDGE_CURVE('',#4632,#4630,#2953,.T.);
#6007=EDGE_CURVE('',#4308,#4632,#2912,.T.);
#6009=EDGE_CURVE('',#4308,#4309,#1217,.T.);
#6011=EDGE_CURVE('',#4633,#4309,#2249,.T.);
#6013=EDGE_CURVE('',#4635,#4633,#2239,.T.);
#6015=EDGE_CURVE('',#4636,#4635,#2210,.T.);
#6017=EDGE_CURVE('',#4638,#4636,#2181,.T.);
#6019=EDGE_CURVE('',#4639,#4638,#2140,.T.);
#6021=EDGE_CURVE('',#4641,#4639,#2130,.T.);
#6023=EDGE_CURVE('',#4643,#4641,#2116,.T.);
#6025=EDGE_CURVE('',#4483,#4643,#2088,.T.);
#6028=EDGE_CURVE('',#4533,#4475,#1333,.T.);
#6030=EDGE_CURVE('',#4645,#4533,#1326,.T.);
#6032=EDGE_CURVE('',#4646,#4645,#1297,.T.);
#6034=EDGE_CURVE('',#4579,#4646,#1268,.T.);
#6076=EDGE_CURVE('',#4579,#4647,#1239,.T.);
#6078=EDGE_CURVE('',#4647,#4648,#1249,.T.);
#6080=EDGE_CURVE('',#4648,#4578,#1261,.T.);
#6115=EDGE_CURVE('',#4646,#4653,#1280,.T.);
#6117=EDGE_CURVE('',#4653,#4647,#1287,.T.);
#6160=EDGE_CURVE('',#4645,#4655,#1309,.T.);
#6162=EDGE_CURVE('',#4655,#4653,#1319,.T.);
#6182=EDGE_CURVE('',#4539,#4533,#1375,.T.);
#6184=EDGE_CURVE('',#4655,#4539,#1801,.T.);
#6203=EDGE_CURVE('',#4473,#4535,#1347,.T.);
#6205=EDGE_CURVE('',#4537,#4535,#1474,.T.);
#6207=EDGE_CURVE('',#4537,#4467,#1354,.T.);
#6210=EDGE_CURVE('',#4464,#4539,#1368,.T.);
#6221=EDGE_CURVE('',#4858,#4471,#1418,.T.);
#6223=EDGE_CURVE('',#4860,#4858,#1620,.T.);
#6225=EDGE_CURVE('',#4861,#4860,#1527,.T.);
#6227=EDGE_CURVE('',#4861,#4535,#1382,.T.);
#6240=EDGE_CURVE('',#4469,#4862,#1400,.T.);
#6242=EDGE_CURVE('',#4862,#4858,#1407,.T.);
#6256=EDGE_CURVE('',#4864,#4537,#1467,.T.);
#6258=EDGE_CURVE('',#4865,#4864,#1696,.T.);
#6260=EDGE_CURVE('',#4862,#4865,#1627,.T.);
#6270=EDGE_CURVE('',#4867,#4861,#1516,.T.);
#6272=EDGE_CURVE('',#4867,#4869,#1432,.T.);
#6274=EDGE_CURVE('',#4869,#4871,#1439,.T.);
#6276=EDGE_CURVE('',#4871,#4873,#1446,.T.);
#6278=EDGE_CURVE('',#4873,#4441,#1453,.T.);
#6280=EDGE_CURVE('',#4441,#4439,#1460,.T.);
#6282=EDGE_CURVE('',#4864,#4439,#1703,.T.);
#6289=EDGE_CURVE('',#4459,#4456,#1481,.T.);
#6291=EDGE_CURVE('',#4456,#4875,#1488,.T.);
#6293=EDGE_CURVE('',#4877,#4875,#1766,.T.);
#6295=EDGE_CURVE('',#4877,#4879,#1495,.T.);
#6297=EDGE_CURVE('',#4879,#4881,#1502,.T.);
#6299=EDGE_CURVE('',#4881,#4459,#1509,.T.);
#6309=EDGE_CURVE('',#4867,#4883,#1542,.T.);
#6313=EDGE_CURVE('',#4860,#4885,#1534,.T.);
#6315=EDGE_CURVE('',#4883,#4885,#1571,.T.);
#6326=EDGE_CURVE('',#4883,#4869,#1549,.T.);
#6344=EDGE_CURVE('',#4883,#4889,#1556,.T.);
#6346=EDGE_CURVE('',#4891,#4889,#1585,.T.);
#6348=EDGE_CURVE('',#4891,#4871,#1563,.T.);
#6360=EDGE_CURVE('',#4889,#4893,#1578,.T.);
#6364=EDGE_CURVE('',#4893,#4885,#1613,.T.);
#6375=EDGE_CURVE('',#4891,#4893,#1606,.T.);
#6386=EDGE_CURVE('',#4453,#4451,#1592,.T.);
#6388=EDGE_CURVE('',#4899,#4451,#1663,.T.);
#6390=EDGE_CURVE('',#4899,#4873,#1599,.T.);
#6400=EDGE_CURVE('',#4453,#4865,#1685,.T.);
#6410=EDGE_CURVE('',#4450,#4451,#1634,.T.);
#6413=EDGE_CURVE('',#4453,#4438,#1642,.T.);
#6415=EDGE_CURVE('',#4438,#4450,#1649,.T.);
#6426=EDGE_CURVE('',#4450,#4899,#1656,.T.);
#6438=EDGE_CURVE('',#4438,#4441,#1670,.T.);
#6451=EDGE_CURVE('',#4438,#4439,#1678,.T.);
#6483=EDGE_CURVE('',#4456,#4457,#1717,.T.);
#6486=EDGE_CURVE('',#4461,#4459,#1780,.T.);
#6488=EDGE_CURVE('',#4461,#4457,#1710,.T.);
#6499=EDGE_CURVE('',#4903,#4457,#1738,.T.);
#6501=EDGE_CURVE('',#4903,#4875,#1724,.T.);
#6512=EDGE_CURVE('',#4901,#4903,#1731,.T.);
#6516=EDGE_CURVE('',#4897,#4461,#1794,.T.);
#6518=EDGE_CURVE('',#4897,#4895,#1745,.T.);
#6520=EDGE_CURVE('',#4895,#4901,#1752,.T.);
#6531=EDGE_CURVE('',#4901,#4877,#1759,.T.);
#6543=EDGE_CURVE('',#4879,#4895,#1773,.T.);
#6558=EDGE_CURVE('',#4881,#4897,#1787,.T.);
#6587=EDGE_CURVE('',#4697,#4529,#1976,.T.);
#6589=EDGE_CURVE('',#4695,#4697,#2109,.T.);
#6591=EDGE_CURVE('',#4695,#4693,#1808,.T.);
#6593=EDGE_CURVE('',#4698,#4693,#2162,.T.);
#6595=EDGE_CURVE('',#4700,#4698,#2200,.T.);
#6597=EDGE_CURVE('',#4692,#4700,#2232,.T.);
#6599=EDGE_CURVE('',#4692,#4690,#1815,.T.);
#6601=EDGE_CURVE('',#4318,#4690,#2271,.T.);
#6603=EDGE_CURVE('',#4318,#4319,#1822,.T.);
#6605=EDGE_CURVE('',#4689,#4319,#2934,.T.);
#6607=EDGE_CURVE('',#4689,#4687,#1829,.T.);
#6609=EDGE_CURVE('',#4322,#4687,#2985,.T.);
#6611=EDGE_CURVE('',#4322,#4323,#1836,.T.);
#6613=EDGE_CURVE('',#4686,#4323,#3029,.T.);
#6615=EDGE_CURVE('',#4686,#4684,#1843,.T.);
#6617=EDGE_CURVE('',#4701,#4684,#3080,.T.);
#6619=EDGE_CURVE('',#4703,#4701,#3118,.T.);
#6621=EDGE_CURVE('',#4683,#4703,#3150,.T.);
#6623=EDGE_CURVE('',#4683,#4681,#1850,.T.);
#6625=EDGE_CURVE('',#4704,#4681,#3189,.T.);
#6627=EDGE_CURVE('',#4706,#4704,#3227,.T.);
#6629=EDGE_CURVE('',#4680,#4706,#3259,.T.);
#6631=EDGE_CURVE('',#4680,#4678,#1857,.T.);
#6633=EDGE_CURVE('',#4326,#4678,#3298,.T.);
#6635=EDGE_CURVE('',#4326,#4327,#1864,.T.);
#6637=EDGE_CURVE('',#4677,#4327,#3342,.T.);
#6639=EDGE_CURVE('',#4677,#4675,#1871,.T.);
#6641=EDGE_CURVE('',#4330,#4675,#3393,.T.);
#6643=EDGE_CURVE('',#4330,#4331,#1878,.T.);
#6645=EDGE_CURVE('',#4674,#4331,#3437,.T.);
#6647=EDGE_CURVE('',#4674,#4671,#1885,.T.);
#6649=EDGE_CURVE('',#4707,#4671,#3486,.T.);
#6651=EDGE_CURVE('',#4709,#4707,#3652,.T.);
#6653=EDGE_CURVE('',#4669,#4709,#3645,.T.);
#6655=EDGE_CURVE('',#4669,#4667,#1892,.T.);
#6657=EDGE_CURVE('',#4334,#4667,#3613,.T.);
#6659=EDGE_CURVE('',#4334,#4335,#1899,.T.);
#6661=EDGE_CURVE('',#4666,#4335,#3694,.T.);
#6663=EDGE_CURVE('',#4666,#4664,#1906,.T.);
#6665=EDGE_CURVE('',#4338,#4664,#3745,.T.);
#6667=EDGE_CURVE('',#4338,#4339,#1913,.T.);
#6669=EDGE_CURVE('',#4663,#4339,#3789,.T.);
#6671=EDGE_CURVE('',#4663,#4661,#1920,.T.);
#6673=EDGE_CURVE('',#4710,#4661,#3840,.T.);
#6675=EDGE_CURVE('',#4712,#4710,#3878,.T.);
#6677=EDGE_CURVE('',#4660,#4712,#3910,.T.);
#6679=EDGE_CURVE('',#4660,#4652,#1927,.T.);
#6681=EDGE_CURVE('',#4651,#4652,#3949,.T.);
#6683=EDGE_CURVE('',#4654,#4651,#3987,.T.);
#6685=EDGE_CURVE('',#4658,#4654,#4019,.T.);
#6687=EDGE_CURVE('',#4658,#4650,#1934,.T.);
#6689=EDGE_CURVE('',#4311,#4650,#4058,.T.);
#6691=EDGE_CURVE('',#4311,#4315,#1941,.T.);
#6693=EDGE_CURVE('',#4657,#4315,#4102,.T.);
#6695=EDGE_CURVE('',#4657,#4649,#1948,.T.);
#6697=EDGE_CURVE('',#4310,#4649,#4153,.T.);
#6699=EDGE_CURVE('',#4310,#4313,#1955,.T.);
#6701=EDGE_CURVE('',#4656,#4313,#4197,.T.);
#6703=EDGE_CURVE('',#4656,#4648,#1962,.T.);
#6720=EDGE_CURVE('',#4716,#4527,#2004,.T.);
#6722=EDGE_CURVE('',#4716,#4697,#1969,.T.);
#6741=EDGE_CURVE('',#4525,#4718,#1990,.T.);
#6743=EDGE_CURVE('',#4718,#4716,#1997,.T.);
#6762=EDGE_CURVE('',#4487,#4720,#2018,.T.);
#6764=EDGE_CURVE('',#4720,#4718,#2025,.T.);
#6773=EDGE_CURVE('',#4726,#4723,#2290,.T.);
#6776=EDGE_CURVE('',#4724,#4728,#2487,.T.);
#6780=EDGE_CURVE('',#4731,#4732,#2515,.T.);
#6782=EDGE_CURVE('',#4734,#4731,#2747,.T.);
#6784=EDGE_CURVE('',#4736,#4734,#2881,.T.);
#6786=EDGE_CURVE('',#4736,#4732,#2060,.T.);
#6803=EDGE_CURVE('',#4485,#4714,#2067,.T.);
#6805=EDGE_CURVE('',#4714,#4720,#2074,.T.);
#6825=EDGE_CURVE('',#4643,#4714,#2095,.T.);
#6851=EDGE_CURVE('',#4641,#4695,#2123,.T.);
#6868=EDGE_CURVE('',#4693,#4639,#2174,.T.);
#6913=EDGE_CURVE('',#4638,#4698,#2152,.T.);
#6957=EDGE_CURVE('',#4636,#4700,#2193,.T.);
#7001=EDGE_CURVE('',#4635,#4692,#2222,.T.);
#7013=EDGE_CURVE('',#4690,#4633,#2283,.T.);
#7058=EDGE_CURVE('',#4309,#4318,#2261,.T.);
#7079=EDGE_CURVE('',#4817,#4756,#2304,.T.);
#7100=EDGE_CURVE('',#4754,#4819,#2311,.T.);
#7119=EDGE_CURVE('',#4821,#4752,#2339,.T.);
#7138=EDGE_CURVE('',#4750,#4823,#2332,.T.);
#7159=EDGE_CURVE('',#4748,#4825,#2353,.T.);
#7177=EDGE_CURVE('',#4746,#4827,#2367,.T.);
#7198=EDGE_CURVE('',#4768,#4744,#2434,.T.);
#7203=EDGE_CURVE('',#4829,#4855,#2448,.T.);
#7215=EDGE_CURVE('',#4764,#4738,#2409,.T.);
#7220=EDGE_CURVE('',#4744,#4829,#2441,.T.);
#7235=EDGE_CURVE('',#4740,#4811,#2473,.T.);
#7255=EDGE_CURVE('',#4831,#4742,#2480,.T.);
#7280=EDGE_CURVE('',#4758,#4815,#2501,.T.);
#7318=EDGE_CURVE('',#4841,#4732,#2544,.T.);
#7320=EDGE_CURVE('',#4803,#4841,#2895,.T.);
#7322=EDGE_CURVE('',#4803,#4731,#2522,.T.);
#7339=EDGE_CURVE('',#4563,#4783,#2589,.T.);
#7341=EDGE_CURVE('',#4563,#4809,#2529,.T.);
#7343=EDGE_CURVE('',#4809,#4841,#2537,.T.);
#7347=EDGE_CURVE('',#4843,#4736,#2888,.T.);
#7349=EDGE_CURVE('',#4843,#4833,#2552,.T.);
#7351=EDGE_CURVE('',#4835,#4833,#2860,.T.);
#7353=EDGE_CURVE('',#4835,#4837,#2560,.T.);
#7355=EDGE_CURVE('',#4839,#4837,#2832,.T.);
#7357=EDGE_CURVE('',#4845,#4839,#2811,.T.);
#7359=EDGE_CURVE('',#4847,#4845,#2797,.T.);
#7361=EDGE_CURVE('',#4847,#4849,#2567,.T.);
#7363=EDGE_CURVE('',#4849,#4813,#2575,.T.);
#7365=EDGE_CURVE('',#4813,#4783,#2582,.T.);
#7383=EDGE_CURVE('',#4779,#4783,#2660,.T.);
#7395=EDGE_CURVE('',#4783,#4781,#2603,.T.);
#7397=EDGE_CURVE('',#4781,#4771,#2610,.T.);
#7400=EDGE_CURVE('',#4770,#4789,#2628,.T.);
#7402=EDGE_CURVE('',#4789,#4847,#2635,.T.);
#7404=EDGE_CURVE('',#4847,#4777,#2642,.T.);
#7418=EDGE_CURVE('',#4785,#4813,#2667,.T.);
#7420=EDGE_CURVE('',#4781,#4785,#2688,.T.);
#7439=EDGE_CURVE('',#4849,#4787,#2674,.T.);
#7441=EDGE_CURVE('',#4785,#4787,#2696,.T.);
#7452=EDGE_CURVE('',#4787,#4789,#2703,.T.);
#7464=EDGE_CURVE('',#4561,#4781,#2681,.T.);
#7469=EDGE_CURVE('',#4789,#4791,#2710,.T.);
#7471=EDGE_CURVE('',#4791,#4793,#2717,.T.);
#7473=EDGE_CURVE('',#4795,#4793,#2818,.T.);
#7475=EDGE_CURVE('',#4795,#4797,#2725,.T.);
#7477=EDGE_CURVE('',#4799,#4797,#2853,.T.);
#7479=EDGE_CURVE('',#4799,#4801,#2733,.T.);
#7481=EDGE_CURVE('',#4801,#4734,#2740,.T.);
#7485=EDGE_CURVE('',#4803,#4805,#2755,.T.);
#7487=EDGE_CURVE('',#4805,#4561,#2762,.T.);
#7523=EDGE_CURVE('',#4791,#4845,#2804,.T.);
#7535=EDGE_CURVE('',#4793,#4839,#2825,.T.);
#7553=EDGE_CURVE('',#4795,#4837,#2839,.T.);
#7576=EDGE_CURVE('',#4835,#4797,#2846,.T.);
#7593=EDGE_CURVE('',#4799,#4833,#2874,.T.);
#7614=EDGE_CURVE('',#4843,#4801,#2867,.T.);
#7654=EDGE_CURVE('',#4809,#4805,#2902,.T.);
#7716=EDGE_CURVE('',#4632,#4689,#2924,.T.);
#7719=EDGE_CURVE('',#4319,#4308,#2946,.T.);
#7729=EDGE_CURVE('',#4687,#4630,#2997,.T.);
#7774=EDGE_CURVE('',#4305,#4322,#2975,.T.);
#7818=EDGE_CURVE('',#4629,#4686,#3019,.T.);
#7821=EDGE_CURVE('',#4323,#4304,#3041,.T.);
#7831=EDGE_CURVE('',#4684,#4627,#3092,.T.);
#7876=EDGE_CURVE('',#4626,#4701,#3070,.T.);
#7920=EDGE_CURVE('',#4624,#4703,#3111,.T.);
#7964=EDGE_CURVE('',#4623,#4683,#3140,.T.);
#7976=EDGE_CURVE('',#4681,#4621,#3201,.T.);
#8021=EDGE_CURVE('',#4620,#4704,#3179,.T.);
#8058=EDGE_CURVE('',#4618,#4706,#3220,.T.);
#8102=EDGE_CURVE('',#4617,#4680,#3249,.T.);
#8114=EDGE_CURVE('',#4678,#4615,#3310,.T.);
#8159=EDGE_CURVE('',#4301,#4326,#3288,.T.);
#8196=EDGE_CURVE('',#4614,#4677,#3332,.T.);
#8199=EDGE_CURVE('',#4327,#4300,#3354,.T.);
#8209=EDGE_CURVE('',#4675,#4612,#3405,.T.);
#8254=EDGE_CURVE('',#4297,#4330,#3383,.T.);
#8291=EDGE_CURVE('',#4611,#4674,#3427,.T.);
#8294=EDGE_CURVE('',#4331,#4296,#3449,.T.);
#8304=EDGE_CURVE('',#4671,#4672,#3466,.T.);
#8309=EDGE_CURVE('',#4672,#4609,#3523,.T.);
#8347=EDGE_CURVE('',#4856,#4672,#3513,.T.);
#8349=EDGE_CURVE('',#4856,#4707,#3476,.T.);
#8381=EDGE_CURVE('',#4608,#4856,#3506,.T.);
#8414=EDGE_CURVE('',#4606,#4857,#3540,.T.);
#8416=EDGE_CURVE('',#4857,#4856,#3547,.T.);
#8455=EDGE_CURVE('',#4605,#4670,#3567,.T.);
#8457=EDGE_CURVE('',#4670,#4857,#3574,.T.);
#8468=EDGE_CURVE('',#4667,#4603,#3625,.T.);
#8471=EDGE_CURVE('',#4670,#4669,#3635,.T.);
#8515=EDGE_CURVE('',#4293,#4334,#3603,.T.);
#8549=EDGE_CURVE('',#4857,#4709,#3662,.T.);
#8624=EDGE_CURVE('',#4602,#4666,#3684,.T.);
#8627=EDGE_CURVE('',#4335,#4292,#3706,.T.);
#8637=EDGE_CURVE('',#4664,#4600,#3757,.T.);
#8682=EDGE_CURVE('',#4289,#4338,#3735,.T.);
#8719=EDGE_CURVE('',#4599,#4663,#3779,.T.);
#8722=EDGE_CURVE('',#4339,#4288,#3801,.T.);
#8732=EDGE_CURVE('',#4661,#4597,#3852,.T.);
#8777=EDGE_CURVE('',#4596,#4710,#3830,.T.);
#8814=EDGE_CURVE('',#4594,#4712,#3871,.T.);
#8858=EDGE_CURVE('',#4593,#4660,#3900,.T.);
#8870=EDGE_CURVE('',#4652,#4591,#3961,.T.);
#8915=EDGE_CURVE('',#4590,#4651,#3939,.T.);
#8952=EDGE_CURVE('',#4588,#4654,#3980,.T.);
#8996=EDGE_CURVE('',#4587,#4658,#4009,.T.);
#9015=EDGE_CURVE('',#4650,#4585,#4070,.T.);
#9060=EDGE_CURVE('',#4285,#4311,#4048,.T.);
#9097=EDGE_CURVE('',#4584,#4657,#4092,.T.);
#9100=EDGE_CURVE('',#4315,#4284,#4114,.T.);
#9117=EDGE_CURVE('',#4649,#4582,#4165,.T.);
#9162=EDGE_CURVE('',#4281,#4310,#4143,.T.);
#9199=EDGE_CURVE('',#4581,#4656,#4187,.T.);
#9202=EDGE_CURVE('',#4313,#4280,#4209,.T.);
#9250=EDGE_CURVE('',#4345,#4887,#4231,.T.);
#9252=EDGE_CURVE('',#4887,#4447,#4238,.T.);
#9272=EDGE_CURVE('',#4887,#4435,#4267,.T.);
#9386=B_SPLINE_CURVE_WITH_KNOTS('',3,(#9319,#9320,#9321,#9322,#9323,#9324,#9325,
#9326,#9327,#9328,#9329,#9330,#9331,#9332,#9333,#9334,#9335,#9336,#9337,#9338,
#9339,#9340,#9341,#9342,#9343,#9344,#9345,#9346,#9347,#9348,#9349,#9350,#9351,
#9352,#9353,#9354,#9355,#9356,#9357,#9358,#9359,#9360,#9361,#9362,#9363,#9364,
#9365,#9366,#9367,#9368,#9369,#9370,#9371,#9372,#9373,#9374,#9375,#9376,#9377,
#9378,#9379,#9380,#9381,#9382,#9383,#9384,#9385),.UNSPECIFIED.,.F.,.F.,(4,1,1,1,
1,1,1,1,1,1,1,1,1,1,1,1,1,1,1,1,1,1,1,1,1,1,1,1,1,1,1,1,1,1,1,1,1,1,1,1,1,1,1,1,
1,1,1,1,1,1,1,1,1,1,1,1,1,1,1,1,1,1,1,1,4),(0.E0,1.5625E-2,3.125E-2,4.6875E-2,
6.25E-2,7.812499999999E-2,9.374999999995E-2,1.09375E-1,1.25E-1,1.40625E-1,
1.5625E-1,1.71875E-1,1.875E-1,2.031249999999E-1,2.1875E-1,2.34375E-1,
2.499999999999E-1,2.65625E-1,2.8125E-1,2.96875E-1,3.125E-1,3.28125E-1,3.4375E-1,
3.593749999999E-1,3.75E-1,3.90625E-1,4.062499999999E-1,4.21875E-1,4.375E-1,
4.53125E-1,4.6875E-1,4.84375E-1,5.E-1,5.156249999999E-1,5.3125E-1,5.46875E-1,
5.624999999999E-1,5.78125E-1,5.9375E-1,6.09375E-1,6.249999999999E-1,6.40625E-1,
6.5625E-1,6.718749999999E-1,6.875E-1,7.03125E-1,7.187499999999E-1,7.34375E-1,
7.5E-1,7.656249999999E-1,7.812499999999E-1,7.96875E-1,8.125E-1,
8.281249999999E-1,8.4375E-1,8.59375E-1,8.749999999999E-1,8.90625E-1,9.0625E-1,
9.218749999999E-1,9.374999999999E-1,9.53125E-1,9.6875E-1,9.843749999999E-1,
1.E0),.UNSPECIFIED.);
#9464=B_SPLINE_CURVE_WITH_KNOTS('',3,(#9397,#9398,#9399,#9400,#9401,#9402,#9403,
#9404,#9405,#9406,#9407,#9408,#9409,#9410,#9411,#9412,#9413,#9414,#9415,#9416,
#9417,#9418,#9419,#9420,#9421,#9422,#9423,#9424,#9425,#9426,#9427,#9428,#9429,
#9430,#9431,#9432,#9433,#9434,#9435,#9436,#9437,#9438,#9439,#9440,#9441,#9442,
#9443,#9444,#9445,#9446,#9447,#9448,#9449,#9450,#9451,#9452,#9453,#9454,#9455,
#9456,#9457,#9458,#9459,#9460,#9461,#9462,#9463),.UNSPECIFIED.,.F.,.F.,(4,1,1,1,
1,1,1,1,1,1,1,1,1,1,1,1,1,1,1,1,1,1,1,1,1,1,1,1,1,1,1,1,1,1,1,1,1,1,1,1,1,1,1,1,
1,1,1,1,1,1,1,1,1,1,1,1,1,1,1,1,1,1,1,1,4),(0.E0,1.562500000008E-2,
3.125000000004E-2,4.687500000001E-2,6.250000000009E-2,7.812500000005E-2,
9.375000000002E-2,1.09375E-1,1.250000000001E-1,1.40625E-1,1.5625E-1,
1.718750000001E-1,1.875E-1,2.03125E-1,2.187500000001E-1,2.343750000001E-1,
2.5E-1,2.65625E-1,2.812500000001E-1,2.96875E-1,3.125E-1,3.281250000001E-1,
3.4375E-1,3.59375E-1,3.750000000001E-1,3.90625E-1,4.0625E-1,4.21875E-1,
4.375000000001E-1,4.53125E-1,4.6875E-1,4.843750000001E-1,5.E-1,5.15625E-1,
5.3125E-1,5.46875E-1,5.625E-1,5.78125E-1,5.937500000001E-1,6.09375E-1,6.25E-1,
6.406250000001E-1,6.5625E-1,6.71875E-1,6.875E-1,7.03125E-1,7.1875E-1,7.34375E-1,
7.500000000001E-1,7.65625E-1,7.8125E-1,7.968750000001E-1,8.125E-1,8.28125E-1,
8.4375E-1,8.59375E-1,8.75E-1,8.90625E-1,9.0625E-1,9.21875E-1,9.375E-1,
9.53125E-1,9.6875E-1,9.84375E-1,1.E0),.UNSPECIFIED.);
#9752=EDGE_CURVE('',#9471,#9470,#9315,.T.);
#9754=EDGE_CURVE('',#9470,#9472,#9386,.T.);
#9756=EDGE_CURVE('',#9472,#9474,#9393,.T.);
#9758=EDGE_CURVE('',#9474,#9471,#9464,.T.);
#9850=B_SPLINE_CURVE_WITH_KNOTS('',3,(#9783,#9784,#9785,#9786,#9787,#9788,#9789,
#9790,#9791,#9792,#9793,#9794,#9795,#9796,#9797,#9798,#9799,#9800,#9801,#9802,
#9803,#9804,#9805,#9806,#9807,#9808,#9809,#9810,#9811,#9812,#9813,#9814,#9815,
#9816,#9817,#9818,#9819,#9820,#9821,#9822,#9823,#9824,#9825,#9826,#9827,#9828,
#9829,#9830,#9831,#9832,#9833,#9834,#9835,#9836,#9837,#9838,#9839,#9840,#9841,
#9842,#9843,#9844,#9845,#9846,#9847,#9848,#9849),.UNSPECIFIED.,.F.,.F.,(4,1,1,1,
1,1,1,1,1,1,1,1,1,1,1,1,1,1,1,1,1,1,1,1,1,1,1,1,1,1,1,1,1,1,1,1,1,1,1,1,1,1,1,1,
1,1,1,1,1,1,1,1,1,1,1,1,1,1,1,1,1,1,1,1,4),(0.E0,1.5625E-2,3.125E-2,4.6875E-2,
6.25E-2,7.812499999999E-2,9.374999999995E-2,1.09375E-1,1.25E-1,1.40625E-1,
1.5625E-1,1.71875E-1,1.875E-1,2.031249999999E-1,2.1875E-1,2.34375E-1,
2.499999999999E-1,2.65625E-1,2.8125E-1,2.96875E-1,3.125E-1,3.28125E-1,3.4375E-1,
3.593749999999E-1,3.75E-1,3.90625E-1,4.062499999999E-1,4.21875E-1,4.375E-1,
4.53125E-1,4.6875E-1,4.84375E-1,5.E-1,5.156249999999E-1,5.3125E-1,5.46875E-1,
5.624999999999E-1,5.78125E-1,5.9375E-1,6.09375E-1,6.249999999999E-1,6.40625E-1,
6.5625E-1,6.718749999999E-1,6.875E-1,7.03125E-1,7.187499999999E-1,7.34375E-1,
7.5E-1,7.656249999999E-1,7.812499999999E-1,7.96875E-1,8.125E-1,
8.281249999999E-1,8.4375E-1,8.59375E-1,8.749999999999E-1,8.90625E-1,9.0625E-1,
9.218749999999E-1,9.374999999999E-1,9.53125E-1,9.6875E-1,9.843749999999E-1,
1.E0),.UNSPECIFIED.);
#9928=B_SPLINE_CURVE_WITH_KNOTS('',3,(#9861,#9862,#9863,#9864,#9865,#9866,#9867,
#9868,#9869,#9870,#9871,#9872,#9873,#9874,#9875,#9876,#9877,#9878,#9879,#9880,
#9881,#9882,#9883,#9884,#9885,#9886,#9887,#9888,#9889,#9890,#9891,#9892,#9893,
#9894,#9895,#9896,#9897,#9898,#9899,#9900,#9901,#9902,#9903,#9904,#9905,#9906,
#9907,#9908,#9909,#9910,#9911,#9912,#9913,#9914,#9915,#9916,#9917,#9918,#9919,
#9920,#9921,#9922,#9923,#9924,#9925,#9926,#9927),.UNSPECIFIED.,.F.,.F.,(4,1,1,1,
1,1,1,1,1,1,1,1,1,1,1,1,1,1,1,1,1,1,1,1,1,1,1,1,1,1,1,1,1,1,1,1,1,1,1,1,1,1,1,1,
1,1,1,1,1,1,1,1,1,1,1,1,1,1,1,1,1,1,1,1,4),(0.E0,1.562500000008E-2,
3.125000000004E-2,4.687500000001E-2,6.250000000009E-2,7.812500000005E-2,
9.375000000002E-2,1.09375E-1,1.250000000001E-1,1.40625E-1,1.5625E-1,
1.718750000001E-1,1.875E-1,2.03125E-1,2.187500000001E-1,2.343750000001E-1,
2.5E-1,2.65625E-1,2.812500000001E-1,2.96875E-1,3.125E-1,3.281250000001E-1,
3.4375E-1,3.59375E-1,3.750000000001E-1,3.90625E-1,4.0625E-1,4.21875E-1,
4.375000000001E-1,4.53125E-1,4.6875E-1,4.843750000001E-1,5.E-1,5.15625E-1,
5.3125E-1,5.46875E-1,5.625E-1,5.78125E-1,5.937500000001E-1,6.09375E-1,6.25E-1,
6.406250000001E-1,6.5625E-1,6.71875E-1,6.875E-1,7.03125E-1,7.1875E-1,7.34375E-1,
7.500000000001E-1,7.65625E-1,7.8125E-1,7.968750000001E-1,8.125E-1,8.28125E-1,
8.4375E-1,8.59375E-1,8.75E-1,8.90625E-1,9.0625E-1,9.21875E-1,9.375E-1,
9.53125E-1,9.6875E-1,9.84375E-1,1.E0),.UNSPECIFIED.);
#10216=EDGE_CURVE('',#9935,#9934,#9779,.T.);
#10218=EDGE_CURVE('',#9934,#9936,#9850,.T.);
#10220=EDGE_CURVE('',#9936,#9938,#9857,.T.);
#10222=EDGE_CURVE('',#9938,#9935,#9928,.T.);
#10314=B_SPLINE_CURVE_WITH_KNOTS('',3,(#10247,#10248,#10249,#10250,#10251,
#10252,#10253,#10254,#10255,#10256,#10257,#10258,#10259,#10260,#10261,#10262,
#10263,#10264,#10265,#10266,#10267,#10268,#10269,#10270,#10271,#10272,#10273,
#10274,#10275,#10276,#10277,#10278,#10279,#10280,#10281,#10282,#10283,#10284,
#10285,#10286,#10287,#10288,#10289,#10290,#10291,#10292,#10293,#10294,#10295,
#10296,#10297,#10298,#10299,#10300,#10301,#10302,#10303,#10304,#10305,#10306,
#10307,#10308,#10309,#10310,#10311,#10312,#10313),.UNSPECIFIED.,.F.,.F.,(4,1,1,
1,1,1,1,1,1,1,1,1,1,1,1,1,1,1,1,1,1,1,1,1,1,1,1,1,1,1,1,1,1,1,1,1,1,1,1,1,1,1,1,
1,1,1,1,1,1,1,1,1,1,1,1,1,1,1,1,1,1,1,1,1,4),(0.E0,1.5625E-2,3.125000000004E-2,
4.687500000002E-2,6.25E-2,7.812499999998E-2,9.374999999997E-2,1.093750000001E-1,
1.25E-1,1.40625E-1,1.5625E-1,1.71875E-1,1.875E-1,2.031250000001E-1,2.1875E-1,
2.34375E-1,2.5E-1,2.65625E-1,2.8125E-1,2.968750000001E-1,3.125E-1,3.28125E-1,
3.4375E-1,3.59375E-1,3.75E-1,3.906250000001E-1,4.0625E-1,4.21875E-1,4.375E-1,
4.53125E-1,4.6875E-1,4.843750000001E-1,5.E-1,5.15625E-1,5.3125E-1,5.46875E-1,
5.625E-1,5.781250000001E-1,5.9375E-1,6.09375E-1,6.25E-1,6.40625E-1,6.5625E-1,
6.718750000001E-1,6.875E-1,7.03125E-1,7.1875E-1,7.34375E-1,7.500000000001E-1,
7.656250000001E-1,7.8125E-1,7.96875E-1,8.125E-1,8.28125E-1,8.437500000001E-1,
8.593750000001E-1,8.75E-1,8.90625E-1,9.0625E-1,9.21875E-1,9.375000000001E-1,
9.531250000001E-1,9.6875E-1,9.84375E-1,1.E0),.UNSPECIFIED.);
#10392=B_SPLINE_CURVE_WITH_KNOTS('',3,(#10325,#10326,#10327,#10328,#10329,
#10330,#10331,#10332,#10333,#10334,#10335,#10336,#10337,#10338,#10339,#10340,
#10341,#10342,#10343,#10344,#10345,#10346,#10347,#10348,#10349,#10350,#10351,
#10352,#10353,#10354,#10355,#10356,#10357,#10358,#10359,#10360,#10361,#10362,
#10363,#10364,#10365,#10366,#10367,#10368,#10369,#10370,#10371,#10372,#10373,
#10374,#10375,#10376,#10377,#10378,#10379,#10380,#10381,#10382,#10383,#10384,
#10385,#10386,#10387,#10388,#10389,#10390,#10391),.UNSPECIFIED.,.F.,.F.,(4,1,1,
1,1,1,1,1,1,1,1,1,1,1,1,1,1,1,1,1,1,1,1,1,1,1,1,1,1,1,1,1,1,1,1,1,1,1,1,1,1,1,1,
1,1,1,1,1,1,1,1,1,1,1,1,1,1,1,1,1,1,1,1,1,4),(0.E0,1.562499999998E-2,
3.124999999996E-2,4.687499999994E-2,6.249999999992E-2,7.812500000002E-2,
9.375E-2,1.09375E-1,1.25E-1,1.406249999999E-1,1.562499999999E-1,1.71875E-1,
1.875E-1,2.03125E-1,2.1875E-1,2.343749999999E-1,2.499999999999E-1,2.65625E-1,
2.8125E-1,2.96875E-1,3.125E-1,3.281249999999E-1,3.4375E-1,3.59375E-1,3.75E-1,
3.90625E-1,4.0625E-1,4.218749999999E-1,4.375E-1,4.53125E-1,4.6875E-1,4.84375E-1,
5.E-1,5.156249999999E-1,5.3125E-1,5.46875E-1,5.625E-1,5.78125E-1,5.9375E-1,
6.093749999999E-1,6.25E-1,6.40625E-1,6.5625E-1,6.71875E-1,6.875E-1,
7.031249999999E-1,7.1875E-1,7.34375E-1,7.5E-1,7.65625E-1,7.8125E-1,
7.968749999999E-1,8.125E-1,8.28125E-1,8.4375E-1,8.59375E-1,8.75E-1,
8.906249999999E-1,9.0625E-1,9.21875E-1,9.375E-1,9.53125E-1,9.6875E-1,9.84375E-1,
1.E0),.UNSPECIFIED.);
#10680=EDGE_CURVE('',#10399,#10398,#10243,.T.);
#10682=EDGE_CURVE('',#10398,#10400,#10314,.T.);
#10684=EDGE_CURVE('',#10400,#10402,#10321,.T.);
#10686=EDGE_CURVE('',#10402,#10399,#10392,.T.);
#10778=B_SPLINE_CURVE_WITH_KNOTS('',3,(#10711,#10712,#10713,#10714,#10715,
#10716,#10717,#10718,#10719,#10720,#10721,#10722,#10723,#10724,#10725,#10726,
#10727,#10728,#10729,#10730,#10731,#10732,#10733,#10734,#10735,#10736,#10737,
#10738,#10739,#10740,#10741,#10742,#10743,#10744,#10745,#10746,#10747,#10748,
#10749,#10750,#10751,#10752,#10753,#10754,#10755,#10756,#10757,#10758,#10759,
#10760,#10761,#10762,#10763,#10764,#10765,#10766,#10767,#10768,#10769,#10770,
#10771,#10772,#10773,#10774,#10775,#10776,#10777),.UNSPECIFIED.,.F.,.F.,(4,1,1,
1,1,1,1,1,1,1,1,1,1,1,1,1,1,1,1,1,1,1,1,1,1,1,1,1,1,1,1,1,1,1,1,1,1,1,1,1,1,1,1,
1,1,1,1,1,1,1,1,1,1,1,1,1,1,1,1,1,1,1,1,1,4),(0.E0,1.5625E-2,3.125000000004E-2,
4.687500000002E-2,6.25E-2,7.812499999998E-2,9.374999999997E-2,1.093750000001E-1,
1.25E-1,1.40625E-1,1.5625E-1,1.71875E-1,1.875E-1,2.031250000001E-1,2.1875E-1,
2.34375E-1,2.5E-1,2.65625E-1,2.8125E-1,2.968750000001E-1,3.125E-1,3.28125E-1,
3.4375E-1,3.59375E-1,3.75E-1,3.906250000001E-1,4.0625E-1,4.21875E-1,4.375E-1,
4.53125E-1,4.6875E-1,4.843750000001E-1,5.E-1,5.15625E-1,5.3125E-1,5.46875E-1,
5.625E-1,5.781250000001E-1,5.9375E-1,6.09375E-1,6.25E-1,6.40625E-1,6.5625E-1,
6.718750000001E-1,6.875E-1,7.03125E-1,7.1875E-1,7.34375E-1,7.500000000001E-1,
7.656250000001E-1,7.8125E-1,7.96875E-1,8.125E-1,8.28125E-1,8.437500000001E-1,
8.593750000001E-1,8.75E-1,8.90625E-1,9.0625E-1,9.21875E-1,9.375000000001E-1,
9.531250000001E-1,9.6875E-1,9.84375E-1,1.E0),.UNSPECIFIED.);
#10856=B_SPLINE_CURVE_WITH_KNOTS('',3,(#10789,#10790,#10791,#10792,#10793,
#10794,#10795,#10796,#10797,#10798,#10799,#10800,#10801,#10802,#10803,#10804,
#10805,#10806,#10807,#10808,#10809,#10810,#10811,#10812,#10813,#10814,#10815,
#10816,#10817,#10818,#10819,#10820,#10821,#10822,#10823,#10824,#10825,#10826,
#10827,#10828,#10829,#10830,#10831,#10832,#10833,#10834,#10835,#10836,#10837,
#10838,#10839,#10840,#10841,#10842,#10843,#10844,#10845,#10846,#10847,#10848,
#10849,#10850,#10851,#10852,#10853,#10854,#10855),.UNSPECIFIED.,.F.,.F.,(4,1,1,
1,1,1,1,1,1,1,1,1,1,1,1,1,1,1,1,1,1,1,1,1,1,1,1,1,1,1,1,1,1,1,1,1,1,1,1,1,1,1,1,
1,1,1,1,1,1,1,1,1,1,1,1,1,1,1,1,1,1,1,1,1,4),(0.E0,1.562499999998E-2,
3.124999999996E-2,4.687499999994E-2,6.249999999992E-2,7.812500000002E-2,
9.375E-2,1.09375E-1,1.25E-1,1.406249999999E-1,1.562499999999E-1,1.71875E-1,
1.875E-1,2.03125E-1,2.1875E-1,2.343749999999E-1,2.499999999999E-1,2.65625E-1,
2.8125E-1,2.96875E-1,3.125E-1,3.281249999999E-1,3.4375E-1,3.59375E-1,3.75E-1,
3.90625E-1,4.0625E-1,4.218749999999E-1,4.375E-1,4.53125E-1,4.6875E-1,4.84375E-1,
5.E-1,5.156249999999E-1,5.3125E-1,5.46875E-1,5.625E-1,5.78125E-1,5.9375E-1,
6.093749999999E-1,6.25E-1,6.40625E-1,6.5625E-1,6.71875E-1,6.875E-1,
7.031249999999E-1,7.1875E-1,7.34375E-1,7.5E-1,7.65625E-1,7.8125E-1,
7.968749999999E-1,8.125E-1,8.28125E-1,8.4375E-1,8.59375E-1,8.75E-1,
8.906249999999E-1,9.0625E-1,9.21875E-1,9.375E-1,9.53125E-1,9.6875E-1,9.84375E-1,
1.E0),.UNSPECIFIED.);
#11144=EDGE_CURVE('',#10863,#10862,#10707,.T.);
#11146=EDGE_CURVE('',#10862,#10864,#10778,.T.);
#11148=EDGE_CURVE('',#10864,#10866,#10785,.T.);
#11150=EDGE_CURVE('',#10866,#10863,#10856,.T.);
#11242=B_SPLINE_CURVE_WITH_KNOTS('',3,(#11175,#11176,#11177,#11178,#11179,
#11180,#11181,#11182,#11183,#11184,#11185,#11186,#11187,#11188,#11189,#11190,
#11191,#11192,#11193,#11194,#11195,#11196,#11197,#11198,#11199,#11200,#11201,
#11202,#11203,#11204,#11205,#11206,#11207,#11208,#11209,#11210,#11211,#11212,
#11213,#11214,#11215,#11216,#11217,#11218,#11219,#11220,#11221,#11222,#11223,
#11224,#11225,#11226,#11227,#11228,#11229,#11230,#11231,#11232,#11233,#11234,
#11235,#11236,#11237,#11238,#11239,#11240,#11241),.UNSPECIFIED.,.F.,.F.,(4,1,1,
1,1,1,1,1,1,1,1,1,1,1,1,1,1,1,1,1,1,1,1,1,1,1,1,1,1,1,1,1,1,1,1,1,1,1,1,1,1,1,1,
1,1,1,1,1,1,1,1,1,1,1,1,1,1,1,1,1,1,1,1,1,4),(0.E0,1.562499999999E-2,3.125E-2,
4.687499999999E-2,6.249999999999E-2,7.812499999999E-2,9.374999999999E-2,
1.09375E-1,1.25E-1,1.40625E-1,1.5625E-1,1.71875E-1,1.875E-1,2.03125E-1,
2.187499999999E-1,2.34375E-1,2.5E-1,2.65625E-1,2.8125E-1,2.96875E-1,3.125E-1,
3.281249999999E-1,3.437499999999E-1,3.59375E-1,3.75E-1,3.90625E-1,4.0625E-1,
4.21875E-1,4.375E-1,4.531249999999E-1,4.687499999999E-1,4.84375E-1,5.E-1,
5.15625E-1,5.3125E-1,5.46875E-1,5.624999999999E-1,5.781249999999E-1,5.9375E-1,
6.09375E-1,6.25E-1,6.40625E-1,6.5625E-1,6.718749999999E-1,6.874999999999E-1,
7.031249999999E-1,7.1875E-1,7.34375E-1,7.5E-1,7.65625E-1,7.812499999999E-1,
7.968749999999E-1,8.124999999999E-1,8.281249999999E-1,8.4375E-1,8.59375E-1,
8.75E-1,8.90625E-1,9.062499999999E-1,9.218749999999E-1,9.374999999999E-1,
9.53125E-1,9.6875E-1,9.84375E-1,1.E0),.UNSPECIFIED.);
#11320=B_SPLINE_CURVE_WITH_KNOTS('',3,(#11253,#11254,#11255,#11256,#11257,
#11258,#11259,#11260,#11261,#11262,#11263,#11264,#11265,#11266,#11267,#11268,
#11269,#11270,#11271,#11272,#11273,#11274,#11275,#11276,#11277,#11278,#11279,
#11280,#11281,#11282,#11283,#11284,#11285,#11286,#11287,#11288,#11289,#11290,
#11291,#11292,#11293,#11294,#11295,#11296,#11297,#11298,#11299,#11300,#11301,
#11302,#11303,#11304,#11305,#11306,#11307,#11308,#11309,#11310,#11311,#11312,
#11313,#11314,#11315,#11316,#11317,#11318,#11319),.UNSPECIFIED.,.F.,.F.,(4,1,1,
1,1,1,1,1,1,1,1,1,1,1,1,1,1,1,1,1,1,1,1,1,1,1,1,1,1,1,1,1,1,1,1,1,1,1,1,1,1,1,1,
1,1,1,1,1,1,1,1,1,1,1,1,1,1,1,1,1,1,1,1,1,4),(0.E0,1.562500000002E-2,
3.125000000003E-2,4.687500000005E-2,6.250000000006E-2,7.812500000008E-2,
9.375000000009E-2,1.09375E-1,1.25E-1,1.40625E-1,1.5625E-1,1.718750000001E-1,
1.875000000001E-1,2.031250000001E-1,2.187500000001E-1,2.34375E-1,2.5E-1,
2.65625E-1,2.8125E-1,2.968750000001E-1,3.125000000001E-1,3.281250000001E-1,
3.4375E-1,3.59375E-1,3.75E-1,3.90625E-1,4.0625E-1,4.218750000001E-1,
4.375000000001E-1,4.53125E-1,4.6875E-1,4.84375E-1,5.E-1,5.15625E-1,
5.312500000001E-1,5.468750000001E-1,5.625E-1,5.78125E-1,5.9375E-1,6.09375E-1,
6.25E-1,6.40625E-1,6.562500000001E-1,6.718750000001E-1,6.875E-1,7.03125E-1,
7.1875E-1,7.34375E-1,7.5E-1,7.65625E-1,7.812500000001E-1,7.96875E-1,8.125E-1,
8.28125E-1,8.4375E-1,8.59375E-1,8.75E-1,8.90625E-1,9.0625E-1,9.21875E-1,
9.375E-1,9.53125E-1,9.6875E-1,9.84375E-1,1.E0),.UNSPECIFIED.);
#11608=EDGE_CURVE('',#11327,#11326,#11171,.T.);
#11610=EDGE_CURVE('',#11326,#11328,#11242,.T.);
#11612=EDGE_CURVE('',#11328,#11330,#11249,.T.);
#11614=EDGE_CURVE('',#11330,#11327,#11320,.T.);
#11706=B_SPLINE_CURVE_WITH_KNOTS('',3,(#11639,#11640,#11641,#11642,#11643,
#11644,#11645,#11646,#11647,#11648,#11649,#11650,#11651,#11652,#11653,#11654,
#11655,#11656,#11657,#11658,#11659,#11660,#11661,#11662,#11663,#11664,#11665,
#11666,#11667,#11668,#11669,#11670,#11671,#11672,#11673,#11674,#11675,#11676,
#11677,#11678,#11679,#11680,#11681,#11682,#11683,#11684,#11685,#11686,#11687,
#11688,#11689,#11690,#11691,#11692,#11693,#11694,#11695,#11696,#11697,#11698,
#11699,#11700,#11701,#11702,#11703,#11704,#11705),.UNSPECIFIED.,.F.,.F.,(4,1,1,
1,1,1,1,1,1,1,1,1,1,1,1,1,1,1,1,1,1,1,1,1,1,1,1,1,1,1,1,1,1,1,1,1,1,1,1,1,1,1,1,
1,1,1,1,1,1,1,1,1,1,1,1,1,1,1,1,1,1,1,1,1,4),(0.E0,1.562499999999E-2,3.125E-2,
4.687499999999E-2,6.249999999999E-2,7.812499999999E-2,9.374999999999E-2,
1.09375E-1,1.25E-1,1.40625E-1,1.5625E-1,1.71875E-1,1.875E-1,2.03125E-1,
2.187499999999E-1,2.34375E-1,2.5E-1,2.65625E-1,2.8125E-1,2.96875E-1,3.125E-1,
3.281249999999E-1,3.437499999999E-1,3.59375E-1,3.75E-1,3.90625E-1,4.0625E-1,
4.21875E-1,4.375E-1,4.531249999999E-1,4.687499999999E-1,4.84375E-1,5.E-1,
5.15625E-1,5.3125E-1,5.46875E-1,5.624999999999E-1,5.781249999999E-1,5.9375E-1,
6.09375E-1,6.25E-1,6.40625E-1,6.5625E-1,6.718749999999E-1,6.874999999999E-1,
7.031249999999E-1,7.1875E-1,7.34375E-1,7.5E-1,7.65625E-1,7.812499999999E-1,
7.968749999999E-1,8.124999999999E-1,8.281249999999E-1,8.4375E-1,8.59375E-1,
8.75E-1,8.90625E-1,9.062499999999E-1,9.218749999999E-1,9.374999999999E-1,
9.53125E-1,9.6875E-1,9.84375E-1,1.E0),.UNSPECIFIED.);
#11784=B_SPLINE_CURVE_WITH_KNOTS('',3,(#11717,#11718,#11719,#11720,#11721,
#11722,#11723,#11724,#11725,#11726,#11727,#11728,#11729,#11730,#11731,#11732,
#11733,#11734,#11735,#11736,#11737,#11738,#11739,#11740,#11741,#11742,#11743,
#11744,#11745,#11746,#11747,#11748,#11749,#11750,#11751,#11752,#11753,#11754,
#11755,#11756,#11757,#11758,#11759,#11760,#11761,#11762,#11763,#11764,#11765,
#11766,#11767,#11768,#11769,#11770,#11771,#11772,#11773,#11774,#11775,#11776,
#11777,#11778,#11779,#11780,#11781,#11782,#11783),.UNSPECIFIED.,.F.,.F.,(4,1,1,
1,1,1,1,1,1,1,1,1,1,1,1,1,1,1,1,1,1,1,1,1,1,1,1,1,1,1,1,1,1,1,1,1,1,1,1,1,1,1,1,
1,1,1,1,1,1,1,1,1,1,1,1,1,1,1,1,1,1,1,1,1,4),(0.E0,1.562500000002E-2,
3.125000000003E-2,4.687500000005E-2,6.250000000006E-2,7.812500000008E-2,
9.375000000009E-2,1.09375E-1,1.25E-1,1.40625E-1,1.5625E-1,1.718750000001E-1,
1.875000000001E-1,2.031250000001E-1,2.187500000001E-1,2.34375E-1,2.5E-1,
2.65625E-1,2.8125E-1,2.968750000001E-1,3.125000000001E-1,3.281250000001E-1,
3.4375E-1,3.59375E-1,3.75E-1,3.90625E-1,4.0625E-1,4.218750000001E-1,
4.375000000001E-1,4.53125E-1,4.6875E-1,4.84375E-1,5.E-1,5.15625E-1,
5.312500000001E-1,5.468750000001E-1,5.625E-1,5.78125E-1,5.9375E-1,6.09375E-1,
6.25E-1,6.40625E-1,6.562500000001E-1,6.718750000001E-1,6.875E-1,7.03125E-1,
7.1875E-1,7.34375E-1,7.5E-1,7.65625E-1,7.812500000001E-1,7.96875E-1,8.125E-1,
8.28125E-1,8.4375E-1,8.59375E-1,8.75E-1,8.90625E-1,9.0625E-1,9.21875E-1,
9.375E-1,9.53125E-1,9.6875E-1,9.84375E-1,1.E0),.UNSPECIFIED.);
#12072=EDGE_CURVE('',#11791,#11790,#11635,.T.);
#12074=EDGE_CURVE('',#11790,#11792,#11706,.T.);
#12076=EDGE_CURVE('',#11792,#11794,#11713,.T.);
#12078=EDGE_CURVE('',#11794,#11791,#11784,.T.);
#12170=B_SPLINE_CURVE_WITH_KNOTS('',3,(#12103,#12104,#12105,#12106,#12107,
#12108,#12109,#12110,#12111,#12112,#12113,#12114,#12115,#12116,#12117,#12118,
#12119,#12120,#12121,#12122,#12123,#12124,#12125,#12126,#12127,#12128,#12129,
#12130,#12131,#12132,#12133,#12134,#12135,#12136,#12137,#12138,#12139,#12140,
#12141,#12142,#12143,#12144,#12145,#12146,#12147,#12148,#12149,#12150,#12151,
#12152,#12153,#12154,#12155,#12156,#12157,#12158,#12159,#12160,#12161,#12162,
#12163,#12164,#12165,#12166,#12167,#12168,#12169),.UNSPECIFIED.,.F.,.F.,(4,1,1,
1,1,1,1,1,1,1,1,1,1,1,1,1,1,1,1,1,1,1,1,1,1,1,1,1,1,1,1,1,1,1,1,1,1,1,1,1,1,1,1,
1,1,1,1,1,1,1,1,1,1,1,1,1,1,1,1,1,1,1,1,1,4),(0.E0,1.562500000001E-2,
3.125000000002E-2,4.687500000003E-2,6.250000000004E-2,7.812500000004E-2,
9.375000000005E-2,1.093750000001E-1,1.250000000001E-1,1.406250000001E-1,
1.562500000001E-1,1.718750000001E-1,1.875000000001E-1,2.031250000001E-1,
2.187500000001E-1,2.343750000001E-1,2.500000000001E-1,2.656250000002E-1,
2.812500000002E-1,2.968750000002E-1,3.125000000002E-1,3.281250000002E-1,
3.437500000002E-1,3.593750000002E-1,3.750000000002E-1,3.906250000002E-1,
4.062500000002E-1,4.218750000002E-1,4.375000000002E-1,4.531250000003E-1,
4.687500000003E-1,4.843750000003E-1,5.000000000003E-1,5.156250000003E-1,
5.312500000003E-1,5.468750000003E-1,5.625000000003E-1,5.781250000003E-1,
5.937500000003E-1,6.093750000003E-1,6.250000000004E-1,6.406250000004E-1,
6.562500000004E-1,6.718750000004E-1,6.875000000004E-1,7.031250000004E-1,
7.187500000004E-1,7.343750000004E-1,7.500000000004E-1,7.656250000004E-1,
7.812500000004E-1,7.968750000005E-1,8.125000000005E-1,8.281250000005E-1,
8.437500000005E-1,8.593750000005E-1,8.750000000005E-1,8.906250000005E-1,
9.062500000004E-1,9.218750000004E-1,9.375000000004E-1,9.531250000004E-1,
9.687500000004E-1,9.843750000010E-1,1.E0),.UNSPECIFIED.);
#12248=B_SPLINE_CURVE_WITH_KNOTS('',3,(#12181,#12182,#12183,#12184,#12185,
#12186,#12187,#12188,#12189,#12190,#12191,#12192,#12193,#12194,#12195,#12196,
#12197,#12198,#12199,#12200,#12201,#12202,#12203,#12204,#12205,#12206,#12207,
#12208,#12209,#12210,#12211,#12212,#12213,#12214,#12215,#12216,#12217,#12218,
#12219,#12220,#12221,#12222,#12223,#12224,#12225,#12226,#12227,#12228,#12229,
#12230,#12231,#12232,#12233,#12234,#12235,#12236,#12237,#12238,#12239,#12240,
#12241,#12242,#12243,#12244,#12245,#12246,#12247),.UNSPECIFIED.,.F.,.F.,(4,1,1,
1,1,1,1,1,1,1,1,1,1,1,1,1,1,1,1,1,1,1,1,1,1,1,1,1,1,1,1,1,1,1,1,1,1,1,1,1,1,1,1,
1,1,1,1,1,1,1,1,1,1,1,1,1,1,1,1,1,1,1,1,1,4),(0.E0,1.562499999898E-2,
3.124999999956E-2,4.687499999957E-2,6.249999999958E-2,7.812499999959E-2,
9.374999999960E-2,1.093749999995E-1,1.249999999995E-1,1.406249999995E-1,
1.562499999995E-1,1.718749999995E-1,1.874999999995E-1,2.031249999995E-1,
2.187499999996E-1,2.343749999996E-1,2.499999999996E-1,2.656249999996E-1,
2.812499999996E-1,2.968749999996E-1,3.124999999996E-1,3.281249999996E-1,
3.437499999996E-1,3.593749999996E-1,3.749999999996E-1,3.906249999997E-1,
4.062499999997E-1,4.218749999997E-1,4.374999999997E-1,4.531249999997E-1,
4.687499999997E-1,4.843749999997E-1,4.999999999997E-1,5.156249999997E-1,
5.312499999997E-1,5.468749999997E-1,5.624999999997E-1,5.781249999998E-1,
5.937499999998E-1,6.093749999998E-1,6.249999999998E-1,6.406249999998E-1,
6.562499999998E-1,6.718749999998E-1,6.874999999998E-1,7.031249999998E-1,
7.187499999998E-1,7.343749999998E-1,7.499999999999E-1,7.656249999999E-1,
7.812499999999E-1,7.968749999999E-1,8.124999999999E-1,8.281249999999E-1,
8.437499999999E-1,8.593749999999E-1,8.749999999999E-1,8.906249999999E-1,
9.062499999999E-1,9.21875E-1,9.375E-1,9.53125E-1,9.6875E-1,9.84375E-1,1.E0),
.UNSPECIFIED.);
#12536=EDGE_CURVE('',#12255,#12254,#12099,.T.);
#12538=EDGE_CURVE('',#12254,#12256,#12170,.T.);
#12540=EDGE_CURVE('',#12256,#12258,#12177,.T.);
#12542=EDGE_CURVE('',#12258,#12255,#12248,.T.);
#12634=B_SPLINE_CURVE_WITH_KNOTS('',3,(#12567,#12568,#12569,#12570,#12571,
#12572,#12573,#12574,#12575,#12576,#12577,#12578,#12579,#12580,#12581,#12582,
#12583,#12584,#12585,#12586,#12587,#12588,#12589,#12590,#12591,#12592,#12593,
#12594,#12595,#12596,#12597,#12598,#12599,#12600,#12601,#12602,#12603,#12604,
#12605,#12606,#12607,#12608,#12609,#12610,#12611,#12612,#12613,#12614,#12615,
#12616,#12617,#12618,#12619,#12620,#12621,#12622,#12623,#12624,#12625,#12626,
#12627,#12628,#12629,#12630,#12631,#12632,#12633),.UNSPECIFIED.,.F.,.F.,(4,1,1,
1,1,1,1,1,1,1,1,1,1,1,1,1,1,1,1,1,1,1,1,1,1,1,1,1,1,1,1,1,1,1,1,1,1,1,1,1,1,1,1,
1,1,1,1,1,1,1,1,1,1,1,1,1,1,1,1,1,1,1,1,1,4),(0.E0,1.562500000001E-2,
3.125000000002E-2,4.687500000003E-2,6.250000000004E-2,7.812500000004E-2,
9.375000000005E-2,1.093750000001E-1,1.250000000001E-1,1.406250000001E-1,
1.562500000001E-1,1.718750000001E-1,1.875000000001E-1,2.031250000001E-1,
2.187500000001E-1,2.343750000001E-1,2.500000000001E-1,2.656250000002E-1,
2.812500000002E-1,2.968750000002E-1,3.125000000002E-1,3.281250000002E-1,
3.437500000002E-1,3.593750000002E-1,3.750000000002E-1,3.906250000002E-1,
4.062500000002E-1,4.218750000002E-1,4.375000000002E-1,4.531250000003E-1,
4.687500000003E-1,4.843750000003E-1,5.000000000003E-1,5.156250000003E-1,
5.312500000003E-1,5.468750000003E-1,5.625000000003E-1,5.781250000003E-1,
5.937500000003E-1,6.093750000003E-1,6.250000000004E-1,6.406250000004E-1,
6.562500000004E-1,6.718750000004E-1,6.875000000004E-1,7.031250000004E-1,
7.187500000004E-1,7.343750000004E-1,7.500000000004E-1,7.656250000004E-1,
7.812500000004E-1,7.968750000005E-1,8.125000000005E-1,8.281250000005E-1,
8.437500000005E-1,8.593750000005E-1,8.750000000005E-1,8.906250000005E-1,
9.062500000004E-1,9.218750000004E-1,9.375000000004E-1,9.531250000004E-1,
9.687500000004E-1,9.843750000010E-1,1.E0),.UNSPECIFIED.);
#12712=B_SPLINE_CURVE_WITH_KNOTS('',3,(#12645,#12646,#12647,#12648,#12649,
#12650,#12651,#12652,#12653,#12654,#12655,#12656,#12657,#12658,#12659,#12660,
#12661,#12662,#12663,#12664,#12665,#12666,#12667,#12668,#12669,#12670,#12671,
#12672,#12673,#12674,#12675,#12676,#12677,#12678,#12679,#12680,#12681,#12682,
#12683,#12684,#12685,#12686,#12687,#12688,#12689,#12690,#12691,#12692,#12693,
#12694,#12695,#12696,#12697,#12698,#12699,#12700,#12701,#12702,#12703,#12704,
#12705,#12706,#12707,#12708,#12709,#12710,#12711),.UNSPECIFIED.,.F.,.F.,(4,1,1,
1,1,1,1,1,1,1,1,1,1,1,1,1,1,1,1,1,1,1,1,1,1,1,1,1,1,1,1,1,1,1,1,1,1,1,1,1,1,1,1,
1,1,1,1,1,1,1,1,1,1,1,1,1,1,1,1,1,1,1,1,1,4),(0.E0,1.562499999898E-2,
3.124999999956E-2,4.687499999957E-2,6.249999999958E-2,7.812499999959E-2,
9.374999999960E-2,1.093749999995E-1,1.249999999995E-1,1.406249999995E-1,
1.562499999995E-1,1.718749999995E-1,1.874999999995E-1,2.031249999995E-1,
2.187499999996E-1,2.343749999996E-1,2.499999999996E-1,2.656249999996E-1,
2.812499999996E-1,2.968749999996E-1,3.124999999996E-1,3.281249999996E-1,
3.437499999996E-1,3.593749999996E-1,3.749999999996E-1,3.906249999997E-1,
4.062499999997E-1,4.218749999997E-1,4.374999999997E-1,4.531249999997E-1,
4.687499999997E-1,4.843749999997E-1,4.999999999997E-1,5.156249999997E-1,
5.312499999997E-1,5.468749999997E-1,5.624999999997E-1,5.781249999998E-1,
5.937499999998E-1,6.093749999998E-1,6.249999999998E-1,6.406249999998E-1,
6.562499999998E-1,6.718749999998E-1,6.874999999998E-1,7.031249999998E-1,
7.187499999998E-1,7.343749999998E-1,7.499999999999E-1,7.656249999999E-1,
7.812499999999E-1,7.968749999999E-1,8.124999999999E-1,8.281249999999E-1,
8.437499999999E-1,8.593749999999E-1,8.749999999999E-1,8.906249999999E-1,
9.062499999999E-1,9.21875E-1,9.375E-1,9.53125E-1,9.6875E-1,9.84375E-1,1.E0),
.UNSPECIFIED.);
#13000=EDGE_CURVE('',#12719,#12718,#12563,.T.);
#13002=EDGE_CURVE('',#12718,#12720,#12634,.T.);
#13004=EDGE_CURVE('',#12720,#12722,#12641,.T.);
#13006=EDGE_CURVE('',#12722,#12719,#12712,.T.);
#13025=(LENGTH_UNIT()NAMED_UNIT(*)SI_UNIT(.MILLI.,.METRE.));
#13027=(NAMED_UNIT(*)PLANE_ANGLE_UNIT()SI_UNIT($,.RADIAN.));
#13030=(NAMED_UNIT(*)SI_UNIT($,.STERADIAN.)SOLID_ANGLE_UNIT());
#13033=MANIFOLD_SURFACE_SHAPE_REPRESENTATION('',(#13023),#13032);
#13041=PRODUCT_DEFINITION('design','',#13040,#13037);
#13042=PRODUCT_DEFINITION_SHAPE('','SHAPE FOR B82559B_10_75_ERU16.',#13041);
#13043=SHAPE_DEFINITION_REPRESENTATION(#13042,#13033);
ENDSEC;
END-ISO-10303-21;
