ISO-10303-21;
HEADER;
FILE_DESCRIPTION(('STEP AP242'),'1');
FILE_NAME('h8501-05.stp','2024-09-20T15:35:23',('TraceParts'),('TraceParts S.A.'),'Spatial InterOp 3D',' ',' ');
FILE_SCHEMA(('AP242_MANAGED_MODEL_BASED_3D_ENGINEERING_MIM_LF  {1 0 10303 442 1 1 4}'));
ENDSEC;
DATA;
#1=MECHANICAL_DESIGN_GEOMETRIC_PRESENTATION_REPRESENTATION(' ',(#11,#12),#7);
#2=PRODUCT_DEFINITION_CONTEXT('',#13,'design');
#3=APPLICATION_PROTOCOL_DEFINITION('INTERNATIONAL STANDARD','ap242_managed_model_based_3d_engineering',2014,#13);
#4=PRODUCT_CATEGORY_RELATIONSHIP('NONE','NONE',#14,#15);
#5=SHAPE_DEFINITION_REPRESENTATION(#16,#17);
#6=SHAPE_DEFINITION_REPRESENTATION(#16,#18);
#7= (GEOMETRIC_REPRESENTATION_CONTEXT(3)GLOBAL_UNCERTAINTY_ASSIGNED_CONTEXT((#21))GLOBAL_UNIT_ASSIGNED_CONTEXT((#23,#24,#25))REPRESENTATION_CONTEXT('NONE','WORKSPACE'));
#11=STYLED_ITEM('',(#27),#28);
#12=STYLED_ITEM('',(#29),#30);
#13=APPLICATION_CONTEXT('managed model based 3d engineering');
#14=PRODUCT_CATEGORY('part','NONE');
#15=PRODUCT_RELATED_PRODUCT_CATEGORY('detail',' ',(#31));
#16=PRODUCT_DEFINITION_SHAPE('NONE','NONE',#32);
#17=ADVANCED_BREP_SHAPE_REPRESENTATION('h8501-05_1',(#28,#33),#7);
#18=ADVANCED_BREP_SHAPE_REPRESENTATION('h8501-05_2',(#30,#34),#7);
#21=UNCERTAINTY_MEASURE_WITH_UNIT(LENGTH_MEASURE(1.0E-06),#23,'','');
#23= (CONVERSION_BASED_UNIT('MILLIMETRE',#37)LENGTH_UNIT()NAMED_UNIT(#40));
#24= (NAMED_UNIT(#42)PLANE_ANGLE_UNIT()SI_UNIT($,.RADIAN.));
#25= (NAMED_UNIT(#42)SOLID_ANGLE_UNIT()SI_UNIT($,.STERADIAN.));
#27=PRESENTATION_STYLE_ASSIGNMENT((#48));
#28=MANIFOLD_SOLID_BREP('h8501-05_1',#49);
#29=PRESENTATION_STYLE_ASSIGNMENT((#50));
#30=MANIFOLD_SOLID_BREP('h8501-05_2',#51);
#31=PRODUCT('h8501-05_1','','PART--DESC',(#52));
#32=PRODUCT_DEFINITION('','NONE',#53,#2);
#33=AXIS2_PLACEMENT_3D('',#54,#55,#56);
#34=AXIS2_PLACEMENT_3D('',#57,#58,#59);
#37=LENGTH_MEASURE_WITH_UNIT(LENGTH_MEASURE(1.0),#60);
#40=DIMENSIONAL_EXPONENTS(1.0,0.0,0.0,0.0,0.0,0.0,0.0);
#42=DIMENSIONAL_EXPONENTS(0.0,0.0,0.0,0.0,0.0,0.0,0.0);
#48=SURFACE_STYLE_USAGE(.BOTH.,#61);
#49=CLOSED_SHELL('',(#62,#63,#64,#65,#66,#67,#68,#69,#70,#71,#72,#73,#74,#75,#76,#77,#78,#79,#80,#81,#82,#83,#84,#85,#86,#87,#88,#89,#90,#91,#92,#93,#94,#95,#96,#97,#98,#99,#100,#101,#102,#103,#104,#105,#106,#107,#108,#109,#110,#111,#112,#113,#114,#115,#116,#117,#118,#119,#120,#121,#122,#123,#124,#125,#126,#127,#128,#129,#130,#131,#132,#133,#134,#135,#136,#137,#138,#139,#140,#141,#142,#143,#144,#145,#146,#147,#148,#149,#150,#151,#152,#153,#154,#155,#156,#157,#158,#159,#160,#161,#162,#163,#164,#165,#166,#167,#168,#169,#170,#171,#172,#173,#174,#175,#176,#177,#178,#179,#180,#181,#182,#183,#184,#185,#186,#187,#188,#189,#190,#191,#192,#193,#194,#195,#196,#197,#198,#199,#200,#201,#202,#203,#204,#205,#206,#207,#208,#209,#210,#211,#212,#213,#214,#215,#216,#217,#218,#219,#220,#221,#222,#223,#224,#225,#226,#227,#228,#229,#230,#231,#232,#233,#234,#235,#236,#237,#238,#239,#240,#241,#242,#243,#244,#245,#246,#247,#248,#249,#250,#251,#252,#253,#254,#255,#256,#257,#258,#259,#260,#261,#262,#263,#264,#265,#266,#267,#268,#269,#270,#271,#272,#273,#274,#275,#276,#277,#278,#279,#280,#281,#282,#283,#284,#285,#286,#287,#288,#289,#290,#291,#292,#293,#294,#295,#296,#297,#298,#299,#300,#301,#302,#303,#304,#305,#306,#307,#308,#309,#310,#311,#312,#313,#314,#315,#316,#317,#318,#319,#320,#321,#322,#323,#324,#325,#326,#327,#328));
#50=SURFACE_STYLE_USAGE(.BOTH.,#329);
#51=CLOSED_SHELL('',(#330,#331,#332,#333,#334,#335,#336,#337,#338,#339,#340,#341,#342,#343,#344,#345,#346,#347,#348,#349,#350,#351,#352,#353,#354,#355,#356,#357,#358,#359,#360,#361,#362,#363,#364,#365,#366,#367,#368,#369,#370,#371));
#52=PRODUCT_CONTEXT('',#13,'mechanical');
#53=PRODUCT_DEFINITION_FORMATION_WITH_SPECIFIED_SOURCE(' ','NONE',#31,.NOT_KNOWN.);
#54=CARTESIAN_POINT('',(0.0,0.0,0.0));
#55=DIRECTION('',(0.0,0.0,1.0));
#56=DIRECTION('',(1.0,0.0,0.0));
#57=CARTESIAN_POINT('',(0.0,0.0,0.0));
#58=DIRECTION('',(0.0,0.0,1.0));
#59=DIRECTION('',(1.0,0.0,0.0));
#60= (NAMED_UNIT(#40)LENGTH_UNIT()SI_UNIT(.MILLI.,.METRE.));
#61=SURFACE_SIDE_STYLE('',(#373));
#62=ADVANCED_FACE('',(#374),#375,.F.);
#63=ADVANCED_FACE('',(#376),#377,.F.);
#64=ADVANCED_FACE('',(#378),#379,.F.);
#65=ADVANCED_FACE('',(#380),#381,.T.);
#66=ADVANCED_FACE('',(#382),#383,.T.);
#67=ADVANCED_FACE('',(#384),#385,.T.);
#68=ADVANCED_FACE('',(#386),#387,.T.);
#69=ADVANCED_FACE('',(#388),#389,.T.);
#70=ADVANCED_FACE('',(#390),#391,.T.);
#71=ADVANCED_FACE('',(#392),#393,.T.);
#72=ADVANCED_FACE('',(#394),#395,.T.);
#73=ADVANCED_FACE('',(#396),#397,.T.);
#74=ADVANCED_FACE('',(#398),#399,.T.);
#75=ADVANCED_FACE('',(#400),#401,.T.);
#76=ADVANCED_FACE('',(#402),#403,.T.);
#77=ADVANCED_FACE('',(#404),#405,.T.);
#78=ADVANCED_FACE('',(#406),#407,.T.);
#79=ADVANCED_FACE('',(#408),#409,.T.);
#80=ADVANCED_FACE('',(#410),#411,.T.);
#81=ADVANCED_FACE('',(#412),#413,.T.);
#82=ADVANCED_FACE('',(#414),#415,.T.);
#83=ADVANCED_FACE('',(#416),#417,.T.);
#84=ADVANCED_FACE('',(#418),#419,.T.);
#85=ADVANCED_FACE('',(#420),#421,.T.);
#86=ADVANCED_FACE('',(#422),#423,.T.);
#87=ADVANCED_FACE('',(#424),#425,.T.);
#88=ADVANCED_FACE('',(#426),#427,.T.);
#89=ADVANCED_FACE('',(#428),#429,.T.);
#90=ADVANCED_FACE('',(#430),#431,.T.);
#91=ADVANCED_FACE('',(#432),#433,.T.);
#92=ADVANCED_FACE('',(#434),#435,.T.);
#93=ADVANCED_FACE('',(#436),#437,.T.);
#94=ADVANCED_FACE('',(#438),#439,.T.);
#95=ADVANCED_FACE('',(#440),#441,.T.);
#96=ADVANCED_FACE('',(#442),#443,.T.);
#97=ADVANCED_FACE('',(#444),#445,.T.);
#98=ADVANCED_FACE('',(#446),#447,.T.);
#99=ADVANCED_FACE('',(#448),#449,.T.);
#100=ADVANCED_FACE('',(#450),#451,.T.);
#101=ADVANCED_FACE('',(#452),#453,.T.);
#102=ADVANCED_FACE('',(#454),#455,.T.);
#103=ADVANCED_FACE('',(#456),#457,.T.);
#104=ADVANCED_FACE('',(#458),#459,.T.);
#105=ADVANCED_FACE('',(#460),#461,.T.);
#106=ADVANCED_FACE('',(#462),#463,.T.);
#107=ADVANCED_FACE('',(#464),#465,.T.);
#108=ADVANCED_FACE('',(#466),#467,.T.);
#109=ADVANCED_FACE('',(#468),#469,.T.);
#110=ADVANCED_FACE('',(#470),#471,.T.);
#111=ADVANCED_FACE('',(#472),#473,.T.);
#112=ADVANCED_FACE('',(#474),#475,.T.);
#113=ADVANCED_FACE('',(#476),#477,.T.);
#114=ADVANCED_FACE('',(#478),#479,.T.);
#115=ADVANCED_FACE('',(#480),#481,.T.);
#116=ADVANCED_FACE('',(#482),#483,.T.);
#117=ADVANCED_FACE('',(#484),#485,.T.);
#118=ADVANCED_FACE('',(#486),#487,.F.);
#119=ADVANCED_FACE('',(#488),#489,.T.);
#120=ADVANCED_FACE('',(#490),#491,.T.);
#121=ADVANCED_FACE('',(#492),#493,.T.);
#122=ADVANCED_FACE('',(#494),#495,.T.);
#123=ADVANCED_FACE('',(#496),#497,.T.);
#124=ADVANCED_FACE('',(#498),#499,.T.);
#125=ADVANCED_FACE('',(#500),#501,.T.);
#126=ADVANCED_FACE('',(#502),#503,.T.);
#127=ADVANCED_FACE('',(#504),#505,.T.);
#128=ADVANCED_FACE('',(#506),#507,.T.);
#129=ADVANCED_FACE('',(#508),#509,.T.);
#130=ADVANCED_FACE('',(#510),#511,.T.);
#131=ADVANCED_FACE('',(#512),#513,.T.);
#132=ADVANCED_FACE('',(#514),#515,.T.);
#133=ADVANCED_FACE('',(#516),#517,.T.);
#134=ADVANCED_FACE('',(#518),#519,.T.);
#135=ADVANCED_FACE('',(#520),#521,.T.);
#136=ADVANCED_FACE('',(#522),#523,.T.);
#137=ADVANCED_FACE('',(#524),#525,.T.);
#138=ADVANCED_FACE('',(#526),#527,.T.);
#139=ADVANCED_FACE('',(#528),#529,.T.);
#140=ADVANCED_FACE('',(#530),#531,.T.);
#141=ADVANCED_FACE('',(#532),#533,.T.);
#142=ADVANCED_FACE('',(#534),#535,.T.);
#143=ADVANCED_FACE('',(#536),#537,.T.);
#144=ADVANCED_FACE('',(#538),#539,.T.);
#145=ADVANCED_FACE('',(#540),#541,.T.);
#146=ADVANCED_FACE('',(#542),#543,.T.);
#147=ADVANCED_FACE('',(#544),#545,.T.);
#148=ADVANCED_FACE('',(#546),#547,.T.);
#149=ADVANCED_FACE('',(#548),#549,.T.);
#150=ADVANCED_FACE('',(#550),#551,.T.);
#151=ADVANCED_FACE('',(#552),#553,.T.);
#152=ADVANCED_FACE('',(#554),#555,.T.);
#153=ADVANCED_FACE('',(#556),#557,.T.);
#154=ADVANCED_FACE('',(#558),#559,.T.);
#155=ADVANCED_FACE('',(#560),#561,.T.);
#156=ADVANCED_FACE('',(#562),#563,.T.);
#157=ADVANCED_FACE('',(#564),#565,.T.);
#158=ADVANCED_FACE('',(#566),#567,.T.);
#159=ADVANCED_FACE('',(#568),#569,.F.);
#160=ADVANCED_FACE('',(#570),#571,.F.);
#161=ADVANCED_FACE('',(#572),#573,.F.);
#162=ADVANCED_FACE('',(#574),#575,.F.);
#163=ADVANCED_FACE('',(#576),#577,.F.);
#164=ADVANCED_FACE('',(#578),#579,.F.);
#165=ADVANCED_FACE('',(#580),#581,.F.);
#166=ADVANCED_FACE('',(#582),#583,.F.);
#167=ADVANCED_FACE('',(#584),#585,.F.);
#168=ADVANCED_FACE('',(#586),#587,.F.);
#169=ADVANCED_FACE('',(#588),#589,.F.);
#170=ADVANCED_FACE('',(#590),#591,.F.);
#171=ADVANCED_FACE('',(#592),#593,.F.);
#172=ADVANCED_FACE('',(#594),#595,.F.);
#173=ADVANCED_FACE('',(#596),#597,.F.);
#174=ADVANCED_FACE('',(#598),#599,.F.);
#175=ADVANCED_FACE('',(#600),#601,.F.);
#176=ADVANCED_FACE('',(#602),#603,.F.);
#177=ADVANCED_FACE('',(#604),#605,.F.);
#178=ADVANCED_FACE('',(#606),#607,.F.);
#179=ADVANCED_FACE('',(#608),#609,.F.);
#180=ADVANCED_FACE('',(#610),#611,.F.);
#181=ADVANCED_FACE('',(#612),#613,.F.);
#182=ADVANCED_FACE('',(#614),#615,.F.);
#183=ADVANCED_FACE('',(#616),#617,.F.);
#184=ADVANCED_FACE('',(#618),#619,.F.);
#185=ADVANCED_FACE('',(#620),#621,.F.);
#186=ADVANCED_FACE('',(#622),#623,.F.);
#187=ADVANCED_FACE('',(#624),#625,.F.);
#188=ADVANCED_FACE('',(#626),#627,.F.);
#189=ADVANCED_FACE('',(#628),#629,.F.);
#190=ADVANCED_FACE('',(#630),#631,.F.);
#191=ADVANCED_FACE('',(#632),#633,.F.);
#192=ADVANCED_FACE('',(#634),#635,.F.);
#193=ADVANCED_FACE('',(#636),#637,.F.);
#194=ADVANCED_FACE('',(#638),#639,.F.);
#195=ADVANCED_FACE('',(#640),#641,.F.);
#196=ADVANCED_FACE('',(#642),#643,.F.);
#197=ADVANCED_FACE('',(#644),#645,.F.);
#198=ADVANCED_FACE('',(#646),#647,.F.);
#199=ADVANCED_FACE('',(#648),#649,.T.);
#200=ADVANCED_FACE('',(#650,#651),#652,.T.);
#201=ADVANCED_FACE('',(#653),#654,.T.);
#202=ADVANCED_FACE('',(#655),#656,.T.);
#203=ADVANCED_FACE('',(#657),#658,.T.);
#204=ADVANCED_FACE('',(#659),#660,.T.);
#205=ADVANCED_FACE('',(#661),#662,.T.);
#206=ADVANCED_FACE('',(#663,#664),#665,.F.);
#207=ADVANCED_FACE('',(#666),#667,.F.);
#208=ADVANCED_FACE('',(#668),#669,.F.);
#209=ADVANCED_FACE('',(#670),#671,.F.);
#210=ADVANCED_FACE('',(#672),#673,.F.);
#211=ADVANCED_FACE('',(#674),#675,.F.);
#212=ADVANCED_FACE('',(#676),#677,.T.);
#213=ADVANCED_FACE('',(#678),#679,.F.);
#214=ADVANCED_FACE('',(#680),#681,.T.);
#215=ADVANCED_FACE('',(#682),#683,.F.);
#216=ADVANCED_FACE('',(#684),#685,.F.);
#217=ADVANCED_FACE('',(#686),#687,.T.);
#218=ADVANCED_FACE('',(#688),#689,.F.);
#219=ADVANCED_FACE('',(#690),#691,.T.);
#220=ADVANCED_FACE('',(#692),#693,.F.);
#221=ADVANCED_FACE('',(#694),#695,.F.);
#222=ADVANCED_FACE('',(#696),#697,.T.);
#223=ADVANCED_FACE('',(#698),#699,.F.);
#224=ADVANCED_FACE('',(#700),#701,.F.);
#225=ADVANCED_FACE('',(#702),#703,.T.);
#226=ADVANCED_FACE('',(#704),#705,.F.);
#227=ADVANCED_FACE('',(#706),#707,.F.);
#228=ADVANCED_FACE('',(#708),#709,.T.);
#229=ADVANCED_FACE('',(#710),#711,.F.);
#230=ADVANCED_FACE('',(#712),#713,.F.);
#231=ADVANCED_FACE('',(#714),#715,.T.);
#232=ADVANCED_FACE('',(#716),#717,.F.);
#233=ADVANCED_FACE('',(#718),#719,.F.);
#234=ADVANCED_FACE('',(#720),#721,.T.);
#235=ADVANCED_FACE('',(#722),#723,.F.);
#236=ADVANCED_FACE('',(#724),#725,.F.);
#237=ADVANCED_FACE('',(#726),#727,.T.);
#238=ADVANCED_FACE('',(#728),#729,.F.);
#239=ADVANCED_FACE('',(#730),#731,.F.);
#240=ADVANCED_FACE('',(#732),#733,.T.);
#241=ADVANCED_FACE('',(#734),#735,.F.);
#242=ADVANCED_FACE('',(#736),#737,.F.);
#243=ADVANCED_FACE('',(#738),#739,.T.);
#244=ADVANCED_FACE('',(#740),#741,.F.);
#245=ADVANCED_FACE('',(#742),#743,.F.);
#246=ADVANCED_FACE('',(#744),#745,.T.);
#247=ADVANCED_FACE('',(#746),#747,.F.);
#248=ADVANCED_FACE('',(#748),#749,.F.);
#249=ADVANCED_FACE('',(#750),#751,.T.);
#250=ADVANCED_FACE('',(#752),#753,.F.);
#251=ADVANCED_FACE('',(#754),#755,.F.);
#252=ADVANCED_FACE('',(#756),#757,.T.);
#253=ADVANCED_FACE('',(#758),#759,.F.);
#254=ADVANCED_FACE('',(#760),#761,.F.);
#255=ADVANCED_FACE('',(#762),#763,.T.);
#256=ADVANCED_FACE('',(#764),#765,.F.);
#257=ADVANCED_FACE('',(#766),#767,.F.);
#258=ADVANCED_FACE('',(#768),#769,.T.);
#259=ADVANCED_FACE('',(#770),#771,.F.);
#260=ADVANCED_FACE('',(#772),#773,.F.);
#261=ADVANCED_FACE('',(#774),#775,.T.);
#262=ADVANCED_FACE('',(#776),#777,.F.);
#263=ADVANCED_FACE('',(#778),#779,.F.);
#264=ADVANCED_FACE('',(#780),#781,.T.);
#265=ADVANCED_FACE('',(#782),#783,.F.);
#266=ADVANCED_FACE('',(#784),#785,.F.);
#267=ADVANCED_FACE('',(#786),#787,.T.);
#268=ADVANCED_FACE('',(#788),#789,.F.);
#269=ADVANCED_FACE('',(#790),#791,.F.);
#270=ADVANCED_FACE('',(#792),#793,.T.);
#271=ADVANCED_FACE('',(#794),#795,.T.);
#272=ADVANCED_FACE('',(#796),#797,.F.);
#273=ADVANCED_FACE('',(#798),#799,.F.);
#274=ADVANCED_FACE('',(#800),#801,.T.);
#275=ADVANCED_FACE('',(#802),#803,.F.);
#276=ADVANCED_FACE('',(#804),#805,.F.);
#277=ADVANCED_FACE('',(#806),#807,.T.);
#278=ADVANCED_FACE('',(#808),#809,.F.);
#279=ADVANCED_FACE('',(#810),#811,.F.);
#280=ADVANCED_FACE('',(#812),#813,.T.);
#281=ADVANCED_FACE('',(#814),#815,.F.);
#282=ADVANCED_FACE('',(#816),#817,.F.);
#283=ADVANCED_FACE('',(#818),#819,.T.);
#284=ADVANCED_FACE('',(#820),#821,.F.);
#285=ADVANCED_FACE('',(#822),#823,.F.);
#286=ADVANCED_FACE('',(#824),#825,.T.);
#287=ADVANCED_FACE('',(#826),#827,.F.);
#288=ADVANCED_FACE('',(#828),#829,.F.);
#289=ADVANCED_FACE('',(#830),#831,.T.);
#290=ADVANCED_FACE('',(#832),#833,.F.);
#291=ADVANCED_FACE('',(#834),#835,.F.);
#292=ADVANCED_FACE('',(#836),#837,.T.);
#293=ADVANCED_FACE('',(#838),#839,.F.);
#294=ADVANCED_FACE('',(#840),#841,.F.);
#295=ADVANCED_FACE('',(#842),#843,.T.);
#296=ADVANCED_FACE('',(#844),#845,.F.);
#297=ADVANCED_FACE('',(#846),#847,.F.);
#298=ADVANCED_FACE('',(#848),#849,.T.);
#299=ADVANCED_FACE('',(#850),#851,.F.);
#300=ADVANCED_FACE('',(#852),#853,.F.);
#301=ADVANCED_FACE('',(#854),#855,.T.);
#302=ADVANCED_FACE('',(#856),#857,.F.);
#303=ADVANCED_FACE('',(#858),#859,.F.);
#304=ADVANCED_FACE('',(#860),#861,.T.);
#305=ADVANCED_FACE('',(#862),#863,.F.);
#306=ADVANCED_FACE('',(#864),#865,.F.);
#307=ADVANCED_FACE('',(#866),#867,.T.);
#308=ADVANCED_FACE('',(#868),#869,.F.);
#309=ADVANCED_FACE('',(#870),#871,.F.);
#310=ADVANCED_FACE('',(#872),#873,.T.);
#311=ADVANCED_FACE('',(#874),#875,.F.);
#312=ADVANCED_FACE('',(#876),#877,.F.);
#313=ADVANCED_FACE('',(#878),#879,.T.);
#314=ADVANCED_FACE('',(#880),#881,.F.);
#315=ADVANCED_FACE('',(#882),#883,.F.);
#316=ADVANCED_FACE('',(#884),#885,.T.);
#317=ADVANCED_FACE('',(#886),#887,.F.);
#318=ADVANCED_FACE('',(#888),#889,.F.);
#319=ADVANCED_FACE('',(#890),#891,.T.);
#320=ADVANCED_FACE('',(#892),#893,.F.);
#321=ADVANCED_FACE('',(#894),#895,.F.);
#322=ADVANCED_FACE('',(#896),#897,.T.);
#323=ADVANCED_FACE('',(#898),#899,.F.);
#324=ADVANCED_FACE('',(#900),#901,.F.);
#325=ADVANCED_FACE('',(#902),#903,.T.);
#326=ADVANCED_FACE('',(#904),#905,.F.);
#327=ADVANCED_FACE('',(#906),#907,.F.);
#328=ADVANCED_FACE('',(#908),#909,.F.);
#329=SURFACE_SIDE_STYLE('',(#910));
#330=ADVANCED_FACE('',(#911),#912,.F.);
#331=ADVANCED_FACE('',(#913),#914,.F.);
#332=ADVANCED_FACE('',(#915),#916,.T.);
#333=ADVANCED_FACE('',(#917),#918,.F.);
#334=ADVANCED_FACE('',(#919),#920,.F.);
#335=ADVANCED_FACE('',(#921),#922,.F.);
#336=ADVANCED_FACE('',(#923),#924,.F.);
#337=ADVANCED_FACE('',(#925),#926,.F.);
#338=ADVANCED_FACE('',(#927),#928,.T.);
#339=ADVANCED_FACE('',(#929),#930,.T.);
#340=ADVANCED_FACE('',(#931),#932,.T.);
#341=ADVANCED_FACE('',(#933),#934,.T.);
#342=ADVANCED_FACE('',(#935),#936,.T.);
#343=ADVANCED_FACE('',(#937),#938,.T.);
#344=ADVANCED_FACE('',(#939),#940,.T.);
#345=ADVANCED_FACE('',(#941),#942,.T.);
#346=ADVANCED_FACE('',(#943),#944,.T.);
#347=ADVANCED_FACE('',(#945),#946,.T.);
#348=ADVANCED_FACE('',(#947),#948,.T.);
#349=ADVANCED_FACE('',(#949),#950,.T.);
#350=ADVANCED_FACE('',(#951),#952,.F.);
#351=ADVANCED_FACE('',(#953),#954,.F.);
#352=ADVANCED_FACE('',(#955),#956,.T.);
#353=ADVANCED_FACE('',(#957),#958,.F.);
#354=ADVANCED_FACE('',(#959),#960,.F.);
#355=ADVANCED_FACE('',(#961),#962,.F.);
#356=ADVANCED_FACE('',(#963),#964,.F.);
#357=ADVANCED_FACE('',(#965),#966,.T.);
#358=ADVANCED_FACE('',(#967),#968,.T.);
#359=ADVANCED_FACE('',(#969),#970,.T.);
#360=ADVANCED_FACE('',(#971),#972,.T.);
#361=ADVANCED_FACE('',(#973),#974,.F.);
#362=ADVANCED_FACE('',(#975),#976,.T.);
#363=ADVANCED_FACE('',(#977),#978,.T.);
#364=ADVANCED_FACE('',(#979),#980,.F.);
#365=ADVANCED_FACE('',(#981),#982,.T.);
#366=ADVANCED_FACE('',(#983),#984,.F.);
#367=ADVANCED_FACE('',(#985),#986,.F.);
#368=ADVANCED_FACE('',(#987),#988,.F.);
#369=ADVANCED_FACE('',(#989),#990,.F.);
#370=ADVANCED_FACE('',(#991),#992,.T.);
#371=ADVANCED_FACE('',(#993),#994,.T.);
#373=SURFACE_STYLE_FILL_AREA(#995);
#374=FACE_OUTER_BOUND('',#996,.T.);
#375=CONICAL_SURFACE('',#997,0.39525,1.0471975511966);
#376=FACE_OUTER_BOUND('',#998,.T.);
#377=CYLINDRICAL_SURFACE('',#999,0.775);
#378=FACE_OUTER_BOUND('',#1000,.T.);
#379=CONICAL_SURFACE('',#1001,0.895,0.523598775598299);
#380=FACE_OUTER_BOUND('',#1002,.T.);
#381=CONICAL_SURFACE('',#1003,1.1,0.785398163397448);
#382=FACE_OUTER_BOUND('',#1004,.T.);
#383=CONICAL_SURFACE('',#1005,1.125,0.876783498505848);
#384=FACE_OUTER_BOUND('',#1006,.T.);
#385=CONICAL_SURFACE('',#1007,1.125,0.694012828289049);
#386=FACE_OUTER_BOUND('',#1008,.T.);
#387=CYLINDRICAL_SURFACE('',#1009,1.175);
#388=FACE_OUTER_BOUND('',#1010,.T.);
#389=CYLINDRICAL_SURFACE('',#1011,1.175);
#390=FACE_OUTER_BOUND('',#1012,.T.);
#391=CYLINDRICAL_SURFACE('',#1013,0.945);
#392=FACE_OUTER_BOUND('',#1014,.T.);
#393=CYLINDRICAL_SURFACE('',#1015,1.015);
#394=FACE_OUTER_BOUND('',#1016,.T.);
#395=CYLINDRICAL_SURFACE('',#1017,1.015);
#396=FACE_OUTER_BOUND('',#1018,.T.);
#397=CYLINDRICAL_SURFACE('',#1019,0.95);
#398=FACE_OUTER_BOUND('',#1020,.T.);
#399=CONICAL_SURFACE('',#1021,0.825,0.785398163397448);
#400=FACE_OUTER_BOUND('',#1022,.T.);
#401=PLANE('',#1023);
#402=FACE_OUTER_BOUND('',#1024,.T.);
#403=CONICAL_SURFACE('',#1025,0.825,0.785398163397448);
#404=FACE_OUTER_BOUND('',#1026,.T.);
#405=CYLINDRICAL_SURFACE('',#1027,0.95);
#406=FACE_OUTER_BOUND('',#1028,.T.);
#407=PLANE('',#1029);
#408=FACE_OUTER_BOUND('',#1030,.T.);
#409=PLANE('',#1031);
#410=FACE_OUTER_BOUND('',#1032,.T.);
#411=PLANE('',#1033);
#412=FACE_OUTER_BOUND('',#1034,.T.);
#413=PLANE('',#1035);
#414=FACE_OUTER_BOUND('',#1036,.T.);
#415=PLANE('',#1037);
#416=FACE_OUTER_BOUND('',#1038,.T.);
#417=PLANE('',#1039);
#418=FACE_OUTER_BOUND('',#1040,.T.);
#419=PLANE('',#1041);
#420=FACE_OUTER_BOUND('',#1042,.T.);
#421=PLANE('',#1043);
#422=FACE_OUTER_BOUND('',#1044,.T.);
#423=PLANE('',#1045);
#424=FACE_OUTER_BOUND('',#1046,.T.);
#425=PLANE('',#1047);
#426=FACE_OUTER_BOUND('',#1048,.T.);
#427=PLANE('',#1049);
#428=FACE_OUTER_BOUND('',#1050,.T.);
#429=PLANE('',#1051);
#430=FACE_OUTER_BOUND('',#1052,.T.);
#431=PLANE('',#1053);
#432=FACE_OUTER_BOUND('',#1054,.T.);
#433=PLANE('',#1055);
#434=FACE_OUTER_BOUND('',#1056,.T.);
#435=PLANE('',#1057);
#436=FACE_OUTER_BOUND('',#1058,.T.);
#437=PLANE('',#1059);
#438=FACE_OUTER_BOUND('',#1060,.T.);
#439=PLANE('',#1061);
#440=FACE_OUTER_BOUND('',#1062,.T.);
#441=PLANE('',#1063);
#442=FACE_OUTER_BOUND('',#1064,.T.);
#443=PLANE('',#1065);
#444=FACE_OUTER_BOUND('',#1066,.T.);
#445=PLANE('',#1067);
#446=FACE_OUTER_BOUND('',#1068,.T.);
#447=PLANE('',#1069);
#448=FACE_OUTER_BOUND('',#1070,.T.);
#449=PLANE('',#1071);
#450=FACE_OUTER_BOUND('',#1072,.T.);
#451=PLANE('',#1073);
#452=FACE_OUTER_BOUND('',#1074,.T.);
#453=PLANE('',#1075);
#454=FACE_OUTER_BOUND('',#1076,.T.);
#455=PLANE('',#1077);
#456=FACE_OUTER_BOUND('',#1078,.T.);
#457=PLANE('',#1079);
#458=FACE_OUTER_BOUND('',#1080,.T.);
#459=PLANE('',#1081);
#460=FACE_OUTER_BOUND('',#1082,.T.);
#461=PLANE('',#1083);
#462=FACE_OUTER_BOUND('',#1084,.T.);
#463=PLANE('',#1085);
#464=FACE_OUTER_BOUND('',#1086,.T.);
#465=PLANE('',#1087);
#466=FACE_OUTER_BOUND('',#1088,.T.);
#467=PLANE('',#1089);
#468=FACE_OUTER_BOUND('',#1090,.T.);
#469=PLANE('',#1091);
#470=FACE_OUTER_BOUND('',#1092,.T.);
#471=PLANE('',#1093);
#472=FACE_OUTER_BOUND('',#1094,.T.);
#473=PLANE('',#1095);
#474=FACE_OUTER_BOUND('',#1096,.T.);
#475=PLANE('',#1097);
#476=FACE_OUTER_BOUND('',#1098,.T.);
#477=PLANE('',#1099);
#478=FACE_OUTER_BOUND('',#1100,.T.);
#479=PLANE('',#1101);
#480=FACE_OUTER_BOUND('',#1102,.T.);
#481=PLANE('',#1103);
#482=FACE_OUTER_BOUND('',#1104,.T.);
#483=PLANE('',#1105);
#484=FACE_OUTER_BOUND('',#1106,.T.);
#485=PLANE('',#1107);
#486=FACE_OUTER_BOUND('',#1108,.T.);
#487=PLANE('',#1109);
#488=FACE_OUTER_BOUND('',#1110,.T.);
#489=CYLINDRICAL_SURFACE('',#1111,1.015);
#490=FACE_OUTER_BOUND('',#1112,.T.);
#491=CYLINDRICAL_SURFACE('',#1113,1.015);
#492=FACE_OUTER_BOUND('',#1114,.T.);
#493=CYLINDRICAL_SURFACE('',#1115,1.015);
#494=FACE_OUTER_BOUND('',#1116,.T.);
#495=CYLINDRICAL_SURFACE('',#1117,1.015);
#496=FACE_OUTER_BOUND('',#1118,.T.);
#497=CYLINDRICAL_SURFACE('',#1119,1.015);
#498=FACE_OUTER_BOUND('',#1120,.T.);
#499=CYLINDRICAL_SURFACE('',#1121,1.015);
#500=FACE_OUTER_BOUND('',#1122,.T.);
#501=CYLINDRICAL_SURFACE('',#1123,1.015);
#502=FACE_OUTER_BOUND('',#1124,.T.);
#503=CYLINDRICAL_SURFACE('',#1125,1.015);
#504=FACE_OUTER_BOUND('',#1126,.T.);
#505=CYLINDRICAL_SURFACE('',#1127,1.015);
#506=FACE_OUTER_BOUND('',#1128,.T.);
#507=CYLINDRICAL_SURFACE('',#1129,1.015);
#508=FACE_OUTER_BOUND('',#1130,.T.);
#509=CYLINDRICAL_SURFACE('',#1131,1.015);
#510=FACE_OUTER_BOUND('',#1132,.T.);
#511=CYLINDRICAL_SURFACE('',#1133,1.015);
#512=FACE_OUTER_BOUND('',#1134,.T.);
#513=CYLINDRICAL_SURFACE('',#1135,1.015);
#514=FACE_OUTER_BOUND('',#1136,.T.);
#515=CYLINDRICAL_SURFACE('',#1137,1.015);
#516=FACE_OUTER_BOUND('',#1138,.T.);
#517=CYLINDRICAL_SURFACE('',#1139,1.015);
#518=FACE_OUTER_BOUND('',#1140,.T.);
#519=CYLINDRICAL_SURFACE('',#1141,1.015);
#520=FACE_OUTER_BOUND('',#1142,.T.);
#521=CYLINDRICAL_SURFACE('',#1143,1.015);
#522=FACE_OUTER_BOUND('',#1144,.T.);
#523=CYLINDRICAL_SURFACE('',#1145,1.015);
#524=FACE_OUTER_BOUND('',#1146,.T.);
#525=CYLINDRICAL_SURFACE('',#1147,1.015);
#526=FACE_OUTER_BOUND('',#1148,.T.);
#527=CYLINDRICAL_SURFACE('',#1149,1.015);
#528=FACE_OUTER_BOUND('',#1150,.T.);
#529=CYLINDRICAL_SURFACE('',#1151,1.015);
#530=FACE_OUTER_BOUND('',#1152,.T.);
#531=CYLINDRICAL_SURFACE('',#1153,1.015);
#532=FACE_OUTER_BOUND('',#1154,.T.);
#533=CYLINDRICAL_SURFACE('',#1155,1.015);
#534=FACE_OUTER_BOUND('',#1156,.T.);
#535=CYLINDRICAL_SURFACE('',#1157,1.015);
#536=FACE_OUTER_BOUND('',#1158,.T.);
#537=CYLINDRICAL_SURFACE('',#1159,1.015);
#538=FACE_OUTER_BOUND('',#1160,.T.);
#539=CYLINDRICAL_SURFACE('',#1161,1.015);
#540=FACE_OUTER_BOUND('',#1162,.T.);
#541=CYLINDRICAL_SURFACE('',#1163,1.015);
#542=FACE_OUTER_BOUND('',#1164,.T.);
#543=CYLINDRICAL_SURFACE('',#1165,1.015);
#544=FACE_OUTER_BOUND('',#1166,.T.);
#545=CYLINDRICAL_SURFACE('',#1167,1.015);
#546=FACE_OUTER_BOUND('',#1168,.T.);
#547=CYLINDRICAL_SURFACE('',#1169,1.015);
#548=FACE_OUTER_BOUND('',#1170,.T.);
#549=CYLINDRICAL_SURFACE('',#1171,1.015);
#550=FACE_OUTER_BOUND('',#1172,.T.);
#551=CYLINDRICAL_SURFACE('',#1173,1.015);
#552=FACE_OUTER_BOUND('',#1174,.T.);
#553=CYLINDRICAL_SURFACE('',#1175,1.015);
#554=FACE_OUTER_BOUND('',#1176,.T.);
#555=CYLINDRICAL_SURFACE('',#1177,1.015);
#556=FACE_OUTER_BOUND('',#1178,.T.);
#557=CYLINDRICAL_SURFACE('',#1179,1.015);
#558=FACE_OUTER_BOUND('',#1180,.T.);
#559=CYLINDRICAL_SURFACE('',#1181,1.015);
#560=FACE_OUTER_BOUND('',#1182,.T.);
#561=CYLINDRICAL_SURFACE('',#1183,1.015);
#562=FACE_OUTER_BOUND('',#1184,.T.);
#563=CYLINDRICAL_SURFACE('',#1185,1.015);
#564=FACE_OUTER_BOUND('',#1186,.T.);
#565=CYLINDRICAL_SURFACE('',#1187,1.015);
#566=FACE_OUTER_BOUND('',#1188,.T.);
#567=CYLINDRICAL_SURFACE('',#1189,1.015);
#568=FACE_OUTER_BOUND('',#1190,.T.);
#569=PLANE('',#1191);
#570=FACE_OUTER_BOUND('',#1192,.T.);
#571=PLANE('',#1193);
#572=FACE_OUTER_BOUND('',#1194,.T.);
#573=PLANE('',#1195);
#574=FACE_OUTER_BOUND('',#1196,.T.);
#575=PLANE('',#1197);
#576=FACE_OUTER_BOUND('',#1198,.T.);
#577=PLANE('',#1199);
#578=FACE_OUTER_BOUND('',#1200,.T.);
#579=PLANE('',#1201);
#580=FACE_OUTER_BOUND('',#1202,.T.);
#581=PLANE('',#1203);
#582=FACE_OUTER_BOUND('',#1204,.T.);
#583=PLANE('',#1205);
#584=FACE_OUTER_BOUND('',#1206,.T.);
#585=PLANE('',#1207);
#586=FACE_OUTER_BOUND('',#1208,.T.);
#587=PLANE('',#1209);
#588=FACE_OUTER_BOUND('',#1210,.T.);
#589=PLANE('',#1211);
#590=FACE_OUTER_BOUND('',#1212,.T.);
#591=PLANE('',#1213);
#592=FACE_OUTER_BOUND('',#1214,.T.);
#593=PLANE('',#1215);
#594=FACE_OUTER_BOUND('',#1216,.T.);
#595=PLANE('',#1217);
#596=FACE_OUTER_BOUND('',#1218,.T.);
#597=PLANE('',#1219);
#598=FACE_OUTER_BOUND('',#1220,.T.);
#599=PLANE('',#1221);
#600=FACE_OUTER_BOUND('',#1222,.T.);
#601=PLANE('',#1223);
#602=FACE_OUTER_BOUND('',#1224,.T.);
#603=PLANE('',#1225);
#604=FACE_OUTER_BOUND('',#1226,.T.);
#605=PLANE('',#1227);
#606=FACE_OUTER_BOUND('',#1228,.T.);
#607=PLANE('',#1229);
#608=FACE_OUTER_BOUND('',#1230,.T.);
#609=PLANE('',#1231);
#610=FACE_OUTER_BOUND('',#1232,.T.);
#611=PLANE('',#1233);
#612=FACE_OUTER_BOUND('',#1234,.T.);
#613=PLANE('',#1235);
#614=FACE_OUTER_BOUND('',#1236,.T.);
#615=PLANE('',#1237);
#616=FACE_OUTER_BOUND('',#1238,.T.);
#617=PLANE('',#1239);
#618=FACE_OUTER_BOUND('',#1240,.T.);
#619=PLANE('',#1241);
#620=FACE_OUTER_BOUND('',#1242,.T.);
#621=PLANE('',#1243);
#622=FACE_OUTER_BOUND('',#1244,.T.);
#623=PLANE('',#1245);
#624=FACE_OUTER_BOUND('',#1246,.T.);
#625=PLANE('',#1247);
#626=FACE_OUTER_BOUND('',#1248,.T.);
#627=PLANE('',#1249);
#628=FACE_OUTER_BOUND('',#1250,.T.);
#629=PLANE('',#1251);
#630=FACE_OUTER_BOUND('',#1252,.T.);
#631=PLANE('',#1253);
#632=FACE_OUTER_BOUND('',#1254,.T.);
#633=PLANE('',#1255);
#634=FACE_OUTER_BOUND('',#1256,.T.);
#635=PLANE('',#1257);
#636=FACE_OUTER_BOUND('',#1258,.T.);
#637=PLANE('',#1259);
#638=FACE_OUTER_BOUND('',#1260,.T.);
#639=PLANE('',#1261);
#640=FACE_OUTER_BOUND('',#1262,.T.);
#641=PLANE('',#1263);
#642=FACE_OUTER_BOUND('',#1264,.T.);
#643=PLANE('',#1265);
#644=FACE_OUTER_BOUND('',#1266,.T.);
#645=PLANE('',#1267);
#646=FACE_OUTER_BOUND('',#1268,.T.);
#647=PLANE('',#1269);
#648=FACE_OUTER_BOUND('',#1270,.T.);
#649=CYLINDRICAL_SURFACE('',#1271,0.945);
#650=FACE_OUTER_BOUND('',#1272,.T.);
#651=FACE_BOUND('',#1273,.T.);
#652=PLANE('',#1274);
#653=FACE_OUTER_BOUND('',#1275,.T.);
#654=CYLINDRICAL_SURFACE('',#1276,1.175);
#655=FACE_OUTER_BOUND('',#1277,.T.);
#656=CYLINDRICAL_SURFACE('',#1278,1.175);
#657=FACE_OUTER_BOUND('',#1279,.T.);
#658=CONICAL_SURFACE('',#1280,1.125,0.694012828289049);
#659=FACE_OUTER_BOUND('',#1281,.T.);
#660=CONICAL_SURFACE('',#1282,1.125,0.876783498505848);
#661=FACE_OUTER_BOUND('',#1283,.T.);
#662=CONICAL_SURFACE('',#1284,1.1,0.785398163397448);
#663=FACE_OUTER_BOUND('',#1285,.T.);
#664=FACE_BOUND('',#1286,.T.);
#665=PLANE('',#1287);
#666=FACE_OUTER_BOUND('',#1288,.T.);
#667=CONICAL_SURFACE('',#1289,0.895,0.523598775598299);
#668=FACE_OUTER_BOUND('',#1290,.T.);
#669=CYLINDRICAL_SURFACE('',#1291,0.775);
#670=FACE_OUTER_BOUND('',#1292,.T.);
#671=CONICAL_SURFACE('',#1293,0.39525,1.0471975511966);
#672=FACE_OUTER_BOUND('',#1294,.T.);
#673=PLANE('',#1295);
#674=FACE_OUTER_BOUND('',#1296,.T.);
#675=PLANE('',#1297);
#676=FACE_OUTER_BOUND('',#1298,.T.);
#677=PLANE('',#1299);
#678=FACE_OUTER_BOUND('',#1300,.T.);
#679=PLANE('',#1301);
#680=FACE_OUTER_BOUND('',#1302,.T.);
#681=PLANE('',#1303);
#682=FACE_OUTER_BOUND('',#1304,.T.);
#683=PLANE('',#1305);
#684=FACE_OUTER_BOUND('',#1306,.T.);
#685=PLANE('',#1307);
#686=FACE_OUTER_BOUND('',#1308,.T.);
#687=PLANE('',#1309);
#688=FACE_OUTER_BOUND('',#1310,.T.);
#689=PLANE('',#1311);
#690=FACE_OUTER_BOUND('',#1312,.T.);
#691=PLANE('',#1313);
#692=FACE_OUTER_BOUND('',#1314,.T.);
#693=PLANE('',#1315);
#694=FACE_OUTER_BOUND('',#1316,.T.);
#695=PLANE('',#1317);
#696=FACE_OUTER_BOUND('',#1318,.T.);
#697=PLANE('',#1319);
#698=FACE_OUTER_BOUND('',#1320,.T.);
#699=PLANE('',#1321);
#700=FACE_OUTER_BOUND('',#1322,.T.);
#701=PLANE('',#1323);
#702=FACE_OUTER_BOUND('',#1324,.T.);
#703=PLANE('',#1325);
#704=FACE_OUTER_BOUND('',#1326,.T.);
#705=PLANE('',#1327);
#706=FACE_OUTER_BOUND('',#1328,.T.);
#707=PLANE('',#1329);
#708=FACE_OUTER_BOUND('',#1330,.T.);
#709=PLANE('',#1331);
#710=FACE_OUTER_BOUND('',#1332,.T.);
#711=PLANE('',#1333);
#712=FACE_OUTER_BOUND('',#1334,.T.);
#713=PLANE('',#1335);
#714=FACE_OUTER_BOUND('',#1336,.T.);
#715=PLANE('',#1337);
#716=FACE_OUTER_BOUND('',#1338,.T.);
#717=PLANE('',#1339);
#718=FACE_OUTER_BOUND('',#1340,.T.);
#719=PLANE('',#1341);
#720=FACE_OUTER_BOUND('',#1342,.T.);
#721=PLANE('',#1343);
#722=FACE_OUTER_BOUND('',#1344,.T.);
#723=PLANE('',#1345);
#724=FACE_OUTER_BOUND('',#1346,.T.);
#725=PLANE('',#1347);
#726=FACE_OUTER_BOUND('',#1348,.T.);
#727=PLANE('',#1349);
#728=FACE_OUTER_BOUND('',#1350,.T.);
#729=PLANE('',#1351);
#730=FACE_OUTER_BOUND('',#1352,.T.);
#731=PLANE('',#1353);
#732=FACE_OUTER_BOUND('',#1354,.T.);
#733=PLANE('',#1355);
#734=FACE_OUTER_BOUND('',#1356,.T.);
#735=PLANE('',#1357);
#736=FACE_OUTER_BOUND('',#1358,.T.);
#737=PLANE('',#1359);
#738=FACE_OUTER_BOUND('',#1360,.T.);
#739=PLANE('',#1361);
#740=FACE_OUTER_BOUND('',#1362,.T.);
#741=PLANE('',#1363);
#742=FACE_OUTER_BOUND('',#1364,.T.);
#743=PLANE('',#1365);
#744=FACE_OUTER_BOUND('',#1366,.T.);
#745=PLANE('',#1367);
#746=FACE_OUTER_BOUND('',#1368,.T.);
#747=PLANE('',#1369);
#748=FACE_OUTER_BOUND('',#1370,.T.);
#749=PLANE('',#1371);
#750=FACE_OUTER_BOUND('',#1372,.T.);
#751=PLANE('',#1373);
#752=FACE_OUTER_BOUND('',#1374,.T.);
#753=PLANE('',#1375);
#754=FACE_OUTER_BOUND('',#1376,.T.);
#755=PLANE('',#1377);
#756=FACE_OUTER_BOUND('',#1378,.T.);
#757=PLANE('',#1379);
#758=FACE_OUTER_BOUND('',#1380,.T.);
#759=PLANE('',#1381);
#760=FACE_OUTER_BOUND('',#1382,.T.);
#761=PLANE('',#1383);
#762=FACE_OUTER_BOUND('',#1384,.T.);
#763=PLANE('',#1385);
#764=FACE_OUTER_BOUND('',#1386,.T.);
#765=PLANE('',#1387);
#766=FACE_OUTER_BOUND('',#1388,.T.);
#767=PLANE('',#1389);
#768=FACE_OUTER_BOUND('',#1390,.T.);
#769=PLANE('',#1391);
#770=FACE_OUTER_BOUND('',#1392,.T.);
#771=PLANE('',#1393);
#772=FACE_OUTER_BOUND('',#1394,.T.);
#773=PLANE('',#1395);
#774=FACE_OUTER_BOUND('',#1396,.T.);
#775=PLANE('',#1397);
#776=FACE_OUTER_BOUND('',#1398,.T.);
#777=PLANE('',#1399);
#778=FACE_OUTER_BOUND('',#1400,.T.);
#779=PLANE('',#1401);
#780=FACE_OUTER_BOUND('',#1402,.T.);
#781=PLANE('',#1403);
#782=FACE_OUTER_BOUND('',#1404,.T.);
#783=PLANE('',#1405);
#784=FACE_OUTER_BOUND('',#1406,.T.);
#785=PLANE('',#1407);
#786=FACE_OUTER_BOUND('',#1408,.T.);
#787=PLANE('',#1409);
#788=FACE_OUTER_BOUND('',#1410,.T.);
#789=PLANE('',#1411);
#790=FACE_OUTER_BOUND('',#1412,.T.);
#791=PLANE('',#1413);
#792=FACE_OUTER_BOUND('',#1414,.T.);
#793=PLANE('',#1415);
#794=FACE_OUTER_BOUND('',#1416,.T.);
#795=PLANE('',#1417);
#796=FACE_OUTER_BOUND('',#1418,.T.);
#797=PLANE('',#1419);
#798=FACE_OUTER_BOUND('',#1420,.T.);
#799=PLANE('',#1421);
#800=FACE_OUTER_BOUND('',#1422,.T.);
#801=PLANE('',#1423);
#802=FACE_OUTER_BOUND('',#1424,.T.);
#803=PLANE('',#1425);
#804=FACE_OUTER_BOUND('',#1426,.T.);
#805=PLANE('',#1427);
#806=FACE_OUTER_BOUND('',#1428,.T.);
#807=PLANE('',#1429);
#808=FACE_OUTER_BOUND('',#1430,.T.);
#809=PLANE('',#1431);
#810=FACE_OUTER_BOUND('',#1432,.T.);
#811=PLANE('',#1433);
#812=FACE_OUTER_BOUND('',#1434,.T.);
#813=PLANE('',#1435);
#814=FACE_OUTER_BOUND('',#1436,.T.);
#815=PLANE('',#1437);
#816=FACE_OUTER_BOUND('',#1438,.T.);
#817=PLANE('',#1439);
#818=FACE_OUTER_BOUND('',#1440,.T.);
#819=PLANE('',#1441);
#820=FACE_OUTER_BOUND('',#1442,.T.);
#821=PLANE('',#1443);
#822=FACE_OUTER_BOUND('',#1444,.T.);
#823=PLANE('',#1445);
#824=FACE_OUTER_BOUND('',#1446,.T.);
#825=PLANE('',#1447);
#826=FACE_OUTER_BOUND('',#1448,.T.);
#827=PLANE('',#1449);
#828=FACE_OUTER_BOUND('',#1450,.T.);
#829=PLANE('',#1451);
#830=FACE_OUTER_BOUND('',#1452,.T.);
#831=PLANE('',#1453);
#832=FACE_OUTER_BOUND('',#1454,.T.);
#833=PLANE('',#1455);
#834=FACE_OUTER_BOUND('',#1456,.T.);
#835=PLANE('',#1457);
#836=FACE_OUTER_BOUND('',#1458,.T.);
#837=PLANE('',#1459);
#838=FACE_OUTER_BOUND('',#1460,.T.);
#839=PLANE('',#1461);
#840=FACE_OUTER_BOUND('',#1462,.T.);
#841=PLANE('',#1463);
#842=FACE_OUTER_BOUND('',#1464,.T.);
#843=PLANE('',#1465);
#844=FACE_OUTER_BOUND('',#1466,.T.);
#845=PLANE('',#1467);
#846=FACE_OUTER_BOUND('',#1468,.T.);
#847=PLANE('',#1469);
#848=FACE_OUTER_BOUND('',#1470,.T.);
#849=PLANE('',#1471);
#850=FACE_OUTER_BOUND('',#1472,.T.);
#851=PLANE('',#1473);
#852=FACE_OUTER_BOUND('',#1474,.T.);
#853=PLANE('',#1475);
#854=FACE_OUTER_BOUND('',#1476,.T.);
#855=PLANE('',#1477);
#856=FACE_OUTER_BOUND('',#1478,.T.);
#857=PLANE('',#1479);
#858=FACE_OUTER_BOUND('',#1480,.T.);
#859=PLANE('',#1481);
#860=FACE_OUTER_BOUND('',#1482,.T.);
#861=PLANE('',#1483);
#862=FACE_OUTER_BOUND('',#1484,.T.);
#863=PLANE('',#1485);
#864=FACE_OUTER_BOUND('',#1486,.T.);
#865=PLANE('',#1487);
#866=FACE_OUTER_BOUND('',#1488,.T.);
#867=PLANE('',#1489);
#868=FACE_OUTER_BOUND('',#1490,.T.);
#869=PLANE('',#1491);
#870=FACE_OUTER_BOUND('',#1492,.T.);
#871=PLANE('',#1493);
#872=FACE_OUTER_BOUND('',#1494,.T.);
#873=PLANE('',#1495);
#874=FACE_OUTER_BOUND('',#1496,.T.);
#875=PLANE('',#1497);
#876=FACE_OUTER_BOUND('',#1498,.T.);
#877=PLANE('',#1499);
#878=FACE_OUTER_BOUND('',#1500,.T.);
#879=PLANE('',#1501);
#880=FACE_OUTER_BOUND('',#1502,.T.);
#881=PLANE('',#1503);
#882=FACE_OUTER_BOUND('',#1504,.T.);
#883=PLANE('',#1505);
#884=FACE_OUTER_BOUND('',#1506,.T.);
#885=PLANE('',#1507);
#886=FACE_OUTER_BOUND('',#1508,.T.);
#887=PLANE('',#1509);
#888=FACE_OUTER_BOUND('',#1510,.T.);
#889=PLANE('',#1511);
#890=FACE_OUTER_BOUND('',#1512,.T.);
#891=PLANE('',#1513);
#892=FACE_OUTER_BOUND('',#1514,.T.);
#893=PLANE('',#1515);
#894=FACE_OUTER_BOUND('',#1516,.T.);
#895=PLANE('',#1517);
#896=FACE_OUTER_BOUND('',#1518,.T.);
#897=PLANE('',#1519);
#898=FACE_OUTER_BOUND('',#1520,.T.);
#899=PLANE('',#1521);
#900=FACE_OUTER_BOUND('',#1522,.T.);
#901=PLANE('',#1523);
#902=FACE_OUTER_BOUND('',#1524,.T.);
#903=PLANE('',#1525);
#904=FACE_OUTER_BOUND('',#1526,.T.);
#905=PLANE('',#1527);
#906=FACE_OUTER_BOUND('',#1528,.T.);
#907=PLANE('',#1529);
#908=FACE_OUTER_BOUND('',#1530,.T.);
#909=PLANE('',#1531);
#910=SURFACE_STYLE_FILL_AREA(#1532);
#911=FACE_OUTER_BOUND('',#1533,.T.);
#912=CONICAL_SURFACE('',#1534,0.647,0.523598775598299);
#913=FACE_OUTER_BOUND('',#1535,.T.);
#914=CYLINDRICAL_SURFACE('',#1536,0.597);
#915=FACE_OUTER_BOUND('',#1537,.T.);
#916=CYLINDRICAL_SURFACE('',#1538,0.775);
#917=FACE_OUTER_BOUND('',#1539,.T.);
#918=PLANE('',#1540);
#919=FACE_OUTER_BOUND('',#1541,.T.);
#920=PLANE('',#1542);
#921=FACE_OUTER_BOUND('',#1543,.T.);
#922=PLANE('',#1544);
#923=FACE_OUTER_BOUND('',#1545,.T.);
#924=PLANE('',#1546);
#925=FACE_OUTER_BOUND('',#1547,.T.);
#926=PLANE('',#1548);
#927=FACE_OUTER_BOUND('',#1549,.T.);
#928=B_SPLINE_SURFACE_WITH_KNOTS('',3,3,((#1550,#1551,#1552,#1553),(#1554,#1555,#1556,#1557),(#1558,#1559,#1560,#1561),(#1562,#1563,#1564,#1565),(#1566,#1567,#1568,#1569),(#1570,#1571,#1572,#1573)),.UNSPECIFIED.,.F.,.F.,.F.,(4,1,1,4),(4,4),(-1.73572856815157E-05,0.0,1.0,1.00001735728568),(-6.18239203433838E-07,0.97974170803308),.UNSPECIFIED.);
#929=FACE_OUTER_BOUND('',#1574,.T.);
#930=(B_SPLINE_SURFACE(3,3,((#1576,#1577,#1578,#1579,#1580,#1581,#1582),(#1583,#1584,#1585,#1586,#1587,#1588,#1589),(#1590,#1591,#1592,#1593,#1594,#1595,#1596),(#1597,#1598,#1599,#1600,#1601,#1602,#1603)),.UNSPECIFIED.,.F.,.F.,.F.)B_SPLINE_SURFACE_WITH_KNOTS((4,4),(4,1,1,1,4),(0.0,1.0),(0.01923449815389,0.3338666411707,0.6671999790696,1.0,1.018153653949),.UNSPECIFIED.)RATIONAL_B_SPLINE_SURFACE(((1.210661690494,1.210661690494,1.210661690494,1.210661690494,1.210661690494,1.210661690494,1.210661690494),(0.929779436502,0.929779436502,0.929779436502,0.929779436502,0.929779436502,0.929779436502,0.929779436502),(0.929779436502,0.929779436502,0.929779436502,0.929779436502,0.929779436502,0.929779436502,0.929779436502),(1.210661690494,1.210661690494,1.210661690494,1.210661690494,1.210661690494,1.210661690494,1.210661690494)))BOUNDED_SURFACE()REPRESENTATION_ITEM('')GEOMETRIC_REPRESENTATION_ITEM()SURFACE());
#931=FACE_OUTER_BOUND('',#1610,.T.);
#932=PLANE('',#1611);
#933=FACE_OUTER_BOUND('',#1612,.T.);
#934=(B_SPLINE_SURFACE(3,3,((#1614,#1615,#1616,#1617),(#1618,#1619,#1620,#1621),(#1622,#1623,#1624,#1625),(#1626,#1627,#1628,#1629)),.UNSPECIFIED.,.F.,.F.,.F.)B_SPLINE_SURFACE_WITH_KNOTS((4,4),(4,4),(0.0,1.0),(0.9851288425381,0.9946517952288),.UNSPECIFIED.)RATIONAL_B_SPLINE_SURFACE(((1.210667229161,1.210667229161,1.210667229161,1.210667229161),(0.9297775902797,0.9297775902797,0.9297775902797,0.9297775902797),(0.9297775902797,0.9297775902797,0.9297775902797,0.9297775902797),(1.210667229161,1.210667229161,1.210667229161,1.210667229161)))BOUNDED_SURFACE()REPRESENTATION_ITEM('')GEOMETRIC_REPRESENTATION_ITEM()SURFACE());
#935=FACE_OUTER_BOUND('',#1636,.T.);
#936=B_SPLINE_SURFACE_WITH_KNOTS('',3,3,((#1637,#1638,#1639,#1640),(#1641,#1642,#1643,#1644),(#1645,#1646,#1647,#1648),(#1649,#1650,#1651,#1652),(#1653,#1654,#1655,#1656),(#1657,#1658,#1659,#1660),(#1661,#1662,#1663,#1664)),.UNSPECIFIED.,.F.,.F.,.F.,(4,1,1,1,4),(4,4),(-0.000329826213605692,0.0,0.5,1.0,1.00033224521913),(-0.000331144287172898,1.00008690202619),.UNSPECIFIED.);
#937=FACE_OUTER_BOUND('',#1665,.T.);
#938=CYLINDRICAL_SURFACE('',#1666,0.775);
#939=FACE_OUTER_BOUND('',#1667,.T.);
#940=B_SPLINE_SURFACE_WITH_KNOTS('',3,3,((#1668,#1669,#1670,#1671),(#1672,#1673,#1674,#1675),(#1676,#1677,#1678,#1679),(#1680,#1681,#1682,#1683),(#1684,#1685,#1686,#1687),(#1688,#1689,#1690,#1691),(#1692,#1693,#1694,#1695)),.UNSPECIFIED.,.F.,.F.,.F.,(4,1,1,1,4),(4,4),(-0.000333171190524235,0.0,0.5,1.0,1.00033317116489),(-0.000331142193043674,1.00008690202619),.UNSPECIFIED.);
#941=FACE_OUTER_BOUND('',#1696,.T.);
#942=(B_SPLINE_SURFACE(3,3,((#1698,#1699,#1700,#1701,#1702,#1703,#1704),(#1705,#1706,#1707,#1708,#1709,#1710,#1711),(#1712,#1713,#1714,#1715,#1716,#1717,#1718),(#1719,#1720,#1721,#1722,#1723,#1724,#1725)),.UNSPECIFIED.,.F.,.F.,.F.)B_SPLINE_SURFACE_WITH_KNOTS((4,4),(4,1,1,1,4),(0.0,1.0),(0.01923449815389,0.3338666411707,0.6671999790696,1.0,1.018153653949),.UNSPECIFIED.)RATIONAL_B_SPLINE_SURFACE(((1.210661690494,1.210661690494,1.210661690494,1.210661690494,1.210661690494,1.210661690494,1.210661690494),(0.929779436502,0.929779436502,0.929779436502,0.929779436502,0.929779436502,0.929779436502,0.929779436502),(0.929779436502,0.929779436502,0.929779436502,0.929779436502,0.929779436502,0.929779436502,0.929779436502),(1.210661690494,1.210661690494,1.210661690494,1.210661690494,1.210661690494,1.210661690494,1.210661690494)))BOUNDED_SURFACE()REPRESENTATION_ITEM('')GEOMETRIC_REPRESENTATION_ITEM()SURFACE());
#943=FACE_OUTER_BOUND('',#1732,.T.);
#944=PLANE('',#1733);
#945=FACE_OUTER_BOUND('',#1734,.T.);
#946=(B_SPLINE_SURFACE(3,3,((#1736,#1737,#1738,#1739),(#1740,#1741,#1742,#1743),(#1744,#1745,#1746,#1747),(#1748,#1749,#1750,#1751)),.UNSPECIFIED.,.F.,.F.,.F.)B_SPLINE_SURFACE_WITH_KNOTS((4,4),(4,4),(0.0,1.0),(0.9851288425381,0.9946517952288),.UNSPECIFIED.)RATIONAL_B_SPLINE_SURFACE(((1.210667229161,1.210667229161,1.210667229161,1.210667229161),(0.9297775902797,0.9297775902797,0.9297775902797,0.9297775902797),(0.9297775902797,0.9297775902797,0.9297775902797,0.9297775902797),(1.210667229161,1.210667229161,1.210667229161,1.210667229161)))BOUNDED_SURFACE()REPRESENTATION_ITEM('')GEOMETRIC_REPRESENTATION_ITEM()SURFACE());
#947=FACE_OUTER_BOUND('',#1758,.T.);
#948=B_SPLINE_SURFACE_WITH_KNOTS('',3,3,((#1759,#1760,#1761,#1762),(#1763,#1764,#1765,#1766),(#1767,#1768,#1769,#1770),(#1771,#1772,#1773,#1774),(#1775,#1776,#1777,#1778),(#1779,#1780,#1781,#1782)),.UNSPECIFIED.,.F.,.F.,.F.,(4,1,1,4),(4,4),(-1.73573890715427E-05,0.0,1.0,1.00001735738907),(-6.13003946494209E-07,0.979741765694468),.UNSPECIFIED.);
#949=FACE_OUTER_BOUND('',#1783,.T.);
#950=B_SPLINE_SURFACE_WITH_KNOTS('',3,3,((#1784,#1785,#1786,#1787),(#1788,#1789,#1790,#1791),(#1792,#1793,#1794,#1795),(#1796,#1797,#1798,#1799),(#1800,#1801,#1802,#1803),(#1804,#1805,#1806,#1807),(#1808,#1809,#1810,#1811)),.UNSPECIFIED.,.F.,.F.,.F.,(4,1,1,1,4),(4,4),(-0.00025898294471789,0.0,0.5,1.0,1.00025899025702),(-0.000259672691509523,1.00009635052789),.UNSPECIFIED.);
#951=FACE_OUTER_BOUND('',#1812,.T.);
#952=CYLINDRICAL_SURFACE('',#1813,0.597);
#953=FACE_OUTER_BOUND('',#1814,.T.);
#954=B_SPLINE_SURFACE_WITH_KNOTS('',3,3,((#1815,#1816,#1817,#1818),(#1819,#1820,#1821,#1822),(#1823,#1824,#1825,#1826),(#1827,#1828,#1829,#1830),(#1831,#1832,#1833,#1834),(#1835,#1836,#1837,#1838),(#1839,#1840,#1841,#1842)),.UNSPECIFIED.,.F.,.F.,.F.,(4,1,1,1,4),(4,4),(-0.000262490071425013,0.0,0.5,1.0,1.00025757494901),(-0.000259677001487827,1.00009629560998),.UNSPECIFIED.);
#955=FACE_OUTER_BOUND('',#1843,.T.);
#956=(B_SPLINE_SURFACE(3,3,((#1845,#1846,#1847,#1848),(#1849,#1850,#1851,#1852),(#1853,#1854,#1855,#1856),(#1857,#1858,#1859,#1860)),.UNSPECIFIED.,.F.,.F.,.F.)B_SPLINE_SURFACE_WITH_KNOTS((4,4),(4,4),(0.0,1.0),(0.005348204523893,0.01487115784041),.UNSPECIFIED.)RATIONAL_B_SPLINE_SURFACE(((1.210667481296,1.210667481296,1.210667481296,1.210667481296),(0.9297775062346,0.9297775062346,0.9297775062346,0.9297775062346),(0.9297775062346,0.9297775062346,0.9297775062346,0.9297775062346),(1.210667481296,1.210667481296,1.210667481296,1.210667481296)))BOUNDED_SURFACE()REPRESENTATION_ITEM('')GEOMETRIC_REPRESENTATION_ITEM()SURFACE());
#957=FACE_OUTER_BOUND('',#1867,.T.);
#958=PLANE('',#1868);
#959=FACE_OUTER_BOUND('',#1869,.T.);
#960=B_SPLINE_SURFACE_WITH_KNOTS('',3,3,((#1870,#1871,#1872,#1873),(#1874,#1875,#1876,#1877),(#1878,#1879,#1880,#1881),(#1882,#1883,#1884,#1885),(#1886,#1887,#1888,#1889),(#1890,#1891,#1892,#1893),(#1894,#1895,#1896,#1897)),.UNSPECIFIED.,.F.,.F.,.F.,(4,1,1,1,4),(4,4),(-0.00033209872622061,0.0,0.5,1.0,1.00032995452327),(-0.000331142304956294,1.00008696598823),.UNSPECIFIED.);
#961=FACE_OUTER_BOUND('',#1898,.T.);
#962=B_SPLINE_SURFACE_WITH_KNOTS('',3,3,((#1899,#1900,#1901,#1902),(#1903,#1904,#1905,#1906),(#1907,#1908,#1909,#1910),(#1911,#1912,#1913,#1914),(#1915,#1916,#1917,#1918),(#1919,#1920,#1921,#1922)),.UNSPECIFIED.,.F.,.F.,.F.,(4,1,1,4),(4,4),(-1.73573890761631E-05,0.0,1.0,1.00001735738908),(-3.12260164581973E-07,0.979741766181278),.UNSPECIFIED.);
#963=FACE_OUTER_BOUND('',#1923,.T.);
#964=B_SPLINE_SURFACE_WITH_KNOTS('',3,3,((#1924,#1925,#1926,#1927),(#1928,#1929,#1930,#1931),(#1932,#1933,#1934,#1935),(#1936,#1937,#1938,#1939),(#1940,#1941,#1942,#1943),(#1944,#1945,#1946,#1947)),.UNSPECIFIED.,.F.,.F.,.F.,(4,1,1,4),(4,4),(-1.73572856815149E-05,0.0,1.0,1.00001735728568),(-5.27636534502809E-07,0.97974170803308),.UNSPECIFIED.);
#965=FACE_OUTER_BOUND('',#1948,.T.);
#966=(B_SPLINE_SURFACE(3,3,((#1950,#1951,#1952,#1953,#1954,#1955,#1956),(#1957,#1958,#1959,#1960,#1961,#1962,#1963),(#1964,#1965,#1966,#1967,#1968,#1969,#1970),(#1971,#1972,#1973,#1974,#1975,#1976,#1977)),.UNSPECIFIED.,.F.,.F.,.F.)B_SPLINE_SURFACE_WITH_KNOTS((4,4),(4,1,1,1,4),(0.0,1.0),(-0.01815365394852,0.0,0.3328000209303,0.6661333588292,0.9807655020441),.UNSPECIFIED.)RATIONAL_B_SPLINE_SURFACE(((1.210661690494,1.210661690494,1.210661690494,1.210661690494,1.210661690494,1.210661690494,1.210661690494),(0.929779436502,0.929779436502,0.929779436502,0.929779436502,0.929779436502,0.929779436502,0.929779436502),(0.929779436502,0.929779436502,0.929779436502,0.929779436502,0.929779436502,0.929779436502,0.929779436502),(1.210661690494,1.210661690494,1.210661690494,1.210661690494,1.210661690494,1.210661690494,1.210661690494)))BOUNDED_SURFACE()REPRESENTATION_ITEM('')GEOMETRIC_REPRESENTATION_ITEM()SURFACE());
#967=FACE_OUTER_BOUND('',#1984,.T.);
#968=PLANE('',#1985);
#969=FACE_OUTER_BOUND('',#1986,.T.);
#970=PLANE('',#1987);
#971=FACE_OUTER_BOUND('',#1988,.T.);
#972=PLANE('',#1989);
#973=FACE_OUTER_BOUND('',#1990,.T.);
#974=CONICAL_SURFACE('',#1991,0.647,0.523598775598299);
#975=FACE_OUTER_BOUND('',#1992,.T.);
#976=B_SPLINE_SURFACE_WITH_KNOTS('',3,3,((#1993,#1994,#1995,#1996),(#1997,#1998,#1999,#2000),(#2001,#2002,#2003,#2004),(#2005,#2006,#2007,#2008),(#2009,#2010,#2011,#2012),(#2013,#2014,#2015,#2016),(#2017,#2018,#2019,#2020)),.UNSPECIFIED.,.F.,.F.,.F.,(4,1,1,1,4),(4,4),(-0.000262971704741702,0.0,0.5,1.0,1.00026249597009),(-0.000259674730999871,1.00009635052789),.UNSPECIFIED.);
#977=FACE_OUTER_BOUND('',#2021,.T.);
#978=B_SPLINE_SURFACE_WITH_KNOTS('',3,3,((#2022,#2023,#2024,#2025),(#2026,#2027,#2028,#2029),(#2030,#2031,#2032,#2033),(#2034,#2035,#2036,#2037),(#2038,#2039,#2040,#2041),(#2042,#2043,#2044,#2045)),.UNSPECIFIED.,.F.,.F.,.F.,(4,1,1,4),(4,4),(-1.73573890439285E-05,0.0,1.0,1.00001735738904),(-2.40618476776177E-06,0.97974176569475),.UNSPECIFIED.);
#979=FACE_OUTER_BOUND('',#2046,.T.);
#980=B_SPLINE_SURFACE_WITH_KNOTS('',3,3,((#2047,#2048,#2049,#2050),(#2051,#2052,#2053,#2054),(#2055,#2056,#2057,#2058),(#2059,#2060,#2061,#2062),(#2063,#2064,#2065,#2066),(#2067,#2068,#2069,#2070),(#2071,#2072,#2073,#2074)),.UNSPECIFIED.,.F.,.F.,.F.,(4,1,1,1,4),(4,4),(-0.000256568188351723,0.0,0.5,1.0,1.00025679464815),(-0.000259673029165744,1.00009629560997),.UNSPECIFIED.);
#981=FACE_OUTER_BOUND('',#2075,.T.);
#982=(B_SPLINE_SURFACE(3,3,((#2077,#2078,#2079,#2080),(#2081,#2082,#2083,#2084),(#2085,#2086,#2087,#2088),(#2089,#2090,#2091,#2092)),.UNSPECIFIED.,.F.,.F.,.F.)B_SPLINE_SURFACE_WITH_KNOTS((4,4),(4,4),(0.0,1.0),(0.005348204523893,0.01487115784041),.UNSPECIFIED.)RATIONAL_B_SPLINE_SURFACE(((1.210667481296,1.210667481296,1.210667481296,1.210667481296),(0.9297775062346,0.9297775062346,0.9297775062346,0.9297775062346),(0.9297775062346,0.9297775062346,0.9297775062346,0.9297775062346),(1.210667481296,1.210667481296,1.210667481296,1.210667481296)))BOUNDED_SURFACE()REPRESENTATION_ITEM('')GEOMETRIC_REPRESENTATION_ITEM()SURFACE());
#983=FACE_OUTER_BOUND('',#2099,.T.);
#984=PLANE('',#2100);
#985=FACE_OUTER_BOUND('',#2101,.T.);
#986=B_SPLINE_SURFACE_WITH_KNOTS('',3,3,((#2102,#2103,#2104,#2105),(#2106,#2107,#2108,#2109),(#2110,#2111,#2112,#2113),(#2114,#2115,#2116,#2117),(#2118,#2119,#2120,#2121),(#2122,#2123,#2124,#2125),(#2126,#2127,#2128,#2129)),.UNSPECIFIED.,.F.,.F.,.F.,(4,1,1,1,4),(4,4),(-0.00033104195898283,0.0,0.5,1.0,1.00032921974417),(-0.000331144696688733,1.00008696598823),.UNSPECIFIED.);
#987=FACE_OUTER_BOUND('',#2130,.T.);
#988=B_SPLINE_SURFACE_WITH_KNOTS('',3,3,((#2131,#2132,#2133,#2134),(#2135,#2136,#2137,#2138),(#2139,#2140,#2141,#2142),(#2143,#2144,#2145,#2146),(#2147,#2148,#2149,#2150),(#2151,#2152,#2153,#2154)),.UNSPECIFIED.,.F.,.F.,.F.,(4,1,1,4),(4,4),(-1.73573890789059E-05,0.0,1.0,1.00001735738908),(-1.34194529240358E-07,0.979741766181421),.UNSPECIFIED.);
#989=FACE_OUTER_BOUND('',#2155,.T.);
#990=B_SPLINE_SURFACE_WITH_KNOTS('',3,3,((#2156,#2157,#2158,#2159),(#2160,#2161,#2162,#2163),(#2164,#2165,#2166,#2167),(#2168,#2169,#2170,#2171),(#2172,#2173,#2174,#2175),(#2176,#2177,#2178,#2179)),.UNSPECIFIED.,.F.,.F.,.F.,(4,1,1,4),(4,4),(-1.73572856815149E-05,0.0,1.0,1.00001735728568),(-6.59148201122305E-07,0.97974170803308),.UNSPECIFIED.);
#991=FACE_OUTER_BOUND('',#2180,.T.);
#992=(B_SPLINE_SURFACE(3,3,((#2182,#2183,#2184,#2185,#2186,#2187,#2188),(#2189,#2190,#2191,#2192,#2193,#2194,#2195),(#2196,#2197,#2198,#2199,#2200,#2201,#2202),(#2203,#2204,#2205,#2206,#2207,#2208,#2209)),.UNSPECIFIED.,.F.,.F.,.F.)B_SPLINE_SURFACE_WITH_KNOTS((4,4),(4,1,1,1,4),(0.0,1.0),(-0.01815365394852,0.0,0.3328000209303,0.6661333588292,0.9807655020441),.UNSPECIFIED.)RATIONAL_B_SPLINE_SURFACE(((1.210661690494,1.210661690494,1.210661690494,1.210661690494,1.210661690494,1.210661690494,1.210661690494),(0.929779436502,0.929779436502,0.929779436502,0.929779436502,0.929779436502,0.929779436502,0.929779436502),(0.929779436502,0.929779436502,0.929779436502,0.929779436502,0.929779436502,0.929779436502,0.929779436502),(1.210661690494,1.210661690494,1.210661690494,1.210661690494,1.210661690494,1.210661690494,1.210661690494)))BOUNDED_SURFACE()REPRESENTATION_ITEM('')GEOMETRIC_REPRESENTATION_ITEM()SURFACE());
#993=FACE_OUTER_BOUND('',#2216,.T.);
#994=B_SPLINE_SURFACE_WITH_KNOTS('',3,3,((#2217,#2218,#2219,#2220),(#2221,#2222,#2223,#2224),(#2225,#2226,#2227,#2228),(#2229,#2230,#2231,#2232),(#2233,#2234,#2235,#2236),(#2237,#2238,#2239,#2240)),.UNSPECIFIED.,.F.,.F.,.F.,(4,1,1,4),(4,4),(-1.73572856815144E-05,0.0,1.0,1.00001735728568),(-5.14956423297181E-07,0.97974170803308),.UNSPECIFIED.);
#995=FILL_AREA_STYLE('',(#2241));
#996=EDGE_LOOP('',(#2242,#2243,#2244));
#997=AXIS2_PLACEMENT_3D('',#2245,#2246,#2247);
#998=EDGE_LOOP('',(#2248,#2249,#2250,#2251));
#999=AXIS2_PLACEMENT_3D('',#2252,#2253,#2254);
#1000=EDGE_LOOP('',(#2255,#2256,#2257,#2258));
#1001=AXIS2_PLACEMENT_3D('',#2259,#2260,#2261);
#1002=EDGE_LOOP('',(#2262,#2263,#2264,#2265));
#1003=AXIS2_PLACEMENT_3D('',#2266,#2267,#2268);
#1004=EDGE_LOOP('',(#2269,#2270,#2271,#2272));
#1005=AXIS2_PLACEMENT_3D('',#2273,#2274,#2275);
#1006=EDGE_LOOP('',(#2276,#2277,#2278,#2279));
#1007=AXIS2_PLACEMENT_3D('',#2280,#2281,#2282);
#1008=EDGE_LOOP('',(#2283,#2284,#2285,#2286));
#1009=AXIS2_PLACEMENT_3D('',#2287,#2288,#2289);
#1010=EDGE_LOOP('',(#2290,#2291,#2292,#2293));
#1011=AXIS2_PLACEMENT_3D('',#2294,#2295,#2296);
#1012=EDGE_LOOP('',(#2297,#2298,#2299,#2300,#2301,#2302,#2303,#2304,#2305,#2306,#2307,#2308,#2309,#2310,#2311,#2312,#2313,#2314,#2315,#2316,#2317,#2318,#2319,#2320));
#1013=AXIS2_PLACEMENT_3D('',#2321,#2322,#2323);
#1014=EDGE_LOOP('',(#2324,#2325,#2326,#2327));
#1015=AXIS2_PLACEMENT_3D('',#2328,#2329,#2330);
#1016=EDGE_LOOP('',(#2331,#2332,#2333,#2334));
#1017=AXIS2_PLACEMENT_3D('',#2335,#2336,#2337);
#1018=EDGE_LOOP('',(#2338,#2339,#2340,#2341,#2342,#2343,#2344,#2345,#2346,#2347,#2348,#2349,#2350,#2351,#2352,#2353,#2354,#2355,#2356,#2357,#2358,#2359,#2360,#2361,#2362,#2363,#2364,#2365,#2366,#2367,#2368,#2369,#2370,#2371,#2372,#2373,#2374,#2375,#2376,#2377,#2378,#2379,#2380,#2381));
#1019=AXIS2_PLACEMENT_3D('',#2382,#2383,#2384);
#1020=EDGE_LOOP('',(#2385,#2386,#2387,#2388));
#1021=AXIS2_PLACEMENT_3D('',#2389,#2390,#2391);
#1022=EDGE_LOOP('',(#2392,#2393));
#1023=AXIS2_PLACEMENT_3D('',#2394,#2395,#2396);
#1024=EDGE_LOOP('',(#2397,#2398,#2399,#2400));
#1025=AXIS2_PLACEMENT_3D('',#2401,#2402,#2403);
#1026=EDGE_LOOP('',(#2404,#2405,#2406,#2407,#2408,#2409,#2410,#2411,#2412,#2413,#2414,#2415,#2416,#2417,#2418,#2419,#2420,#2421,#2422,#2423,#2424,#2425,#2426,#2427,#2428,#2429,#2430,#2431,#2432,#2433,#2434,#2435,#2436,#2437,#2438,#2439,#2440,#2441,#2442,#2443,#2444,#2445,#2446,#2447));
#1027=AXIS2_PLACEMENT_3D('',#2448,#2449,#2450);
#1028=EDGE_LOOP('',(#2451,#2452,#2453,#2454));
#1029=AXIS2_PLACEMENT_3D('',#2455,#2456,#2457);
#1030=EDGE_LOOP('',(#2458,#2459,#2460,#2461));
#1031=AXIS2_PLACEMENT_3D('',#2462,#2463,#2464);
#1032=EDGE_LOOP('',(#2465,#2466,#2467,#2468));
#1033=AXIS2_PLACEMENT_3D('',#2469,#2470,#2471);
#1034=EDGE_LOOP('',(#2472,#2473,#2474,#2475));
#1035=AXIS2_PLACEMENT_3D('',#2476,#2477,#2478);
#1036=EDGE_LOOP('',(#2479,#2480,#2481,#2482));
#1037=AXIS2_PLACEMENT_3D('',#2483,#2484,#2485);
#1038=EDGE_LOOP('',(#2486,#2487,#2488,#2489));
#1039=AXIS2_PLACEMENT_3D('',#2490,#2491,#2492);
#1040=EDGE_LOOP('',(#2493,#2494,#2495,#2496));
#1041=AXIS2_PLACEMENT_3D('',#2497,#2498,#2499);
#1042=EDGE_LOOP('',(#2500,#2501,#2502,#2503));
#1043=AXIS2_PLACEMENT_3D('',#2504,#2505,#2506);
#1044=EDGE_LOOP('',(#2507,#2508,#2509,#2510));
#1045=AXIS2_PLACEMENT_3D('',#2511,#2512,#2513);
#1046=EDGE_LOOP('',(#2514,#2515,#2516,#2517));
#1047=AXIS2_PLACEMENT_3D('',#2518,#2519,#2520);
#1048=EDGE_LOOP('',(#2521,#2522,#2523,#2524));
#1049=AXIS2_PLACEMENT_3D('',#2525,#2526,#2527);
#1050=EDGE_LOOP('',(#2528,#2529,#2530,#2531));
#1051=AXIS2_PLACEMENT_3D('',#2532,#2533,#2534);
#1052=EDGE_LOOP('',(#2535,#2536,#2537,#2538));
#1053=AXIS2_PLACEMENT_3D('',#2539,#2540,#2541);
#1054=EDGE_LOOP('',(#2542,#2543,#2544,#2545));
#1055=AXIS2_PLACEMENT_3D('',#2546,#2547,#2548);
#1056=EDGE_LOOP('',(#2549,#2550,#2551,#2552));
#1057=AXIS2_PLACEMENT_3D('',#2553,#2554,#2555);
#1058=EDGE_LOOP('',(#2556,#2557,#2558,#2559));
#1059=AXIS2_PLACEMENT_3D('',#2560,#2561,#2562);
#1060=EDGE_LOOP('',(#2563,#2564,#2565,#2566));
#1061=AXIS2_PLACEMENT_3D('',#2567,#2568,#2569);
#1062=EDGE_LOOP('',(#2570,#2571,#2572,#2573));
#1063=AXIS2_PLACEMENT_3D('',#2574,#2575,#2576);
#1064=EDGE_LOOP('',(#2577,#2578,#2579,#2580));
#1065=AXIS2_PLACEMENT_3D('',#2581,#2582,#2583);
#1066=EDGE_LOOP('',(#2584,#2585,#2586,#2587,#2588,#2589));
#1067=AXIS2_PLACEMENT_3D('',#2590,#2591,#2592);
#1068=EDGE_LOOP('',(#2593,#2594,#2595,#2596));
#1069=AXIS2_PLACEMENT_3D('',#2597,#2598,#2599);
#1070=EDGE_LOOP('',(#2600,#2601,#2602,#2603));
#1071=AXIS2_PLACEMENT_3D('',#2604,#2605,#2606);
#1072=EDGE_LOOP('',(#2607,#2608,#2609,#2610));
#1073=AXIS2_PLACEMENT_3D('',#2611,#2612,#2613);
#1074=EDGE_LOOP('',(#2614,#2615,#2616,#2617));
#1075=AXIS2_PLACEMENT_3D('',#2618,#2619,#2620);
#1076=EDGE_LOOP('',(#2621,#2622,#2623,#2624));
#1077=AXIS2_PLACEMENT_3D('',#2625,#2626,#2627);
#1078=EDGE_LOOP('',(#2628,#2629,#2630,#2631));
#1079=AXIS2_PLACEMENT_3D('',#2632,#2633,#2634);
#1080=EDGE_LOOP('',(#2635,#2636,#2637,#2638));
#1081=AXIS2_PLACEMENT_3D('',#2639,#2640,#2641);
#1082=EDGE_LOOP('',(#2642,#2643,#2644,#2645));
#1083=AXIS2_PLACEMENT_3D('',#2646,#2647,#2648);
#1084=EDGE_LOOP('',(#2649,#2650,#2651,#2652));
#1085=AXIS2_PLACEMENT_3D('',#2653,#2654,#2655);
#1086=EDGE_LOOP('',(#2656,#2657,#2658,#2659));
#1087=AXIS2_PLACEMENT_3D('',#2660,#2661,#2662);
#1088=EDGE_LOOP('',(#2663,#2664,#2665,#2666));
#1089=AXIS2_PLACEMENT_3D('',#2667,#2668,#2669);
#1090=EDGE_LOOP('',(#2670,#2671,#2672,#2673));
#1091=AXIS2_PLACEMENT_3D('',#2674,#2675,#2676);
#1092=EDGE_LOOP('',(#2677,#2678,#2679,#2680));
#1093=AXIS2_PLACEMENT_3D('',#2681,#2682,#2683);
#1094=EDGE_LOOP('',(#2684,#2685,#2686,#2687));
#1095=AXIS2_PLACEMENT_3D('',#2688,#2689,#2690);
#1096=EDGE_LOOP('',(#2691,#2692,#2693,#2694));
#1097=AXIS2_PLACEMENT_3D('',#2695,#2696,#2697);
#1098=EDGE_LOOP('',(#2698,#2699,#2700,#2701));
#1099=AXIS2_PLACEMENT_3D('',#2702,#2703,#2704);
#1100=EDGE_LOOP('',(#2705,#2706,#2707,#2708));
#1101=AXIS2_PLACEMENT_3D('',#2709,#2710,#2711);
#1102=EDGE_LOOP('',(#2712,#2713,#2714,#2715));
#1103=AXIS2_PLACEMENT_3D('',#2716,#2717,#2718);
#1104=EDGE_LOOP('',(#2719,#2720,#2721,#2722));
#1105=AXIS2_PLACEMENT_3D('',#2723,#2724,#2725);
#1106=EDGE_LOOP('',(#2726,#2727,#2728,#2729,#2730,#2731));
#1107=AXIS2_PLACEMENT_3D('',#2732,#2733,#2734);
#1108=EDGE_LOOP('',(#2735,#2736,#2737,#2738,#2739));
#1109=AXIS2_PLACEMENT_3D('',#2740,#2741,#2742);
#1110=EDGE_LOOP('',(#2743,#2744,#2745,#2746));
#1111=AXIS2_PLACEMENT_3D('',#2747,#2748,#2749);
#1112=EDGE_LOOP('',(#2750,#2751,#2752,#2753));
#1113=AXIS2_PLACEMENT_3D('',#2754,#2755,#2756);
#1114=EDGE_LOOP('',(#2757,#2758,#2759,#2760));
#1115=AXIS2_PLACEMENT_3D('',#2761,#2762,#2763);
#1116=EDGE_LOOP('',(#2764,#2765,#2766,#2767));
#1117=AXIS2_PLACEMENT_3D('',#2768,#2769,#2770);
#1118=EDGE_LOOP('',(#2771,#2772,#2773,#2774));
#1119=AXIS2_PLACEMENT_3D('',#2775,#2776,#2777);
#1120=EDGE_LOOP('',(#2778,#2779,#2780,#2781));
#1121=AXIS2_PLACEMENT_3D('',#2782,#2783,#2784);
#1122=EDGE_LOOP('',(#2785,#2786,#2787,#2788));
#1123=AXIS2_PLACEMENT_3D('',#2789,#2790,#2791);
#1124=EDGE_LOOP('',(#2792,#2793,#2794,#2795));
#1125=AXIS2_PLACEMENT_3D('',#2796,#2797,#2798);
#1126=EDGE_LOOP('',(#2799,#2800,#2801,#2802));
#1127=AXIS2_PLACEMENT_3D('',#2803,#2804,#2805);
#1128=EDGE_LOOP('',(#2806,#2807,#2808,#2809));
#1129=AXIS2_PLACEMENT_3D('',#2810,#2811,#2812);
#1130=EDGE_LOOP('',(#2813,#2814,#2815,#2816));
#1131=AXIS2_PLACEMENT_3D('',#2817,#2818,#2819);
#1132=EDGE_LOOP('',(#2820,#2821,#2822,#2823));
#1133=AXIS2_PLACEMENT_3D('',#2824,#2825,#2826);
#1134=EDGE_LOOP('',(#2827,#2828,#2829,#2830));
#1135=AXIS2_PLACEMENT_3D('',#2831,#2832,#2833);
#1136=EDGE_LOOP('',(#2834,#2835,#2836,#2837));
#1137=AXIS2_PLACEMENT_3D('',#2838,#2839,#2840);
#1138=EDGE_LOOP('',(#2841,#2842,#2843,#2844));
#1139=AXIS2_PLACEMENT_3D('',#2845,#2846,#2847);
#1140=EDGE_LOOP('',(#2848,#2849,#2850,#2851));
#1141=AXIS2_PLACEMENT_3D('',#2852,#2853,#2854);
#1142=EDGE_LOOP('',(#2855,#2856,#2857,#2858));
#1143=AXIS2_PLACEMENT_3D('',#2859,#2860,#2861);
#1144=EDGE_LOOP('',(#2862,#2863,#2864,#2865));
#1145=AXIS2_PLACEMENT_3D('',#2866,#2867,#2868);
#1146=EDGE_LOOP('',(#2869,#2870,#2871,#2872));
#1147=AXIS2_PLACEMENT_3D('',#2873,#2874,#2875);
#1148=EDGE_LOOP('',(#2876,#2877,#2878,#2879));
#1149=AXIS2_PLACEMENT_3D('',#2880,#2881,#2882);
#1150=EDGE_LOOP('',(#2883,#2884,#2885,#2886));
#1151=AXIS2_PLACEMENT_3D('',#2887,#2888,#2889);
#1152=EDGE_LOOP('',(#2890,#2891,#2892,#2893));
#1153=AXIS2_PLACEMENT_3D('',#2894,#2895,#2896);
#1154=EDGE_LOOP('',(#2897,#2898,#2899,#2900));
#1155=AXIS2_PLACEMENT_3D('',#2901,#2902,#2903);
#1156=EDGE_LOOP('',(#2904,#2905,#2906,#2907));
#1157=AXIS2_PLACEMENT_3D('',#2908,#2909,#2910);
#1158=EDGE_LOOP('',(#2911,#2912,#2913,#2914));
#1159=AXIS2_PLACEMENT_3D('',#2915,#2916,#2917);
#1160=EDGE_LOOP('',(#2918,#2919,#2920,#2921));
#1161=AXIS2_PLACEMENT_3D('',#2922,#2923,#2924);
#1162=EDGE_LOOP('',(#2925,#2926,#2927,#2928));
#1163=AXIS2_PLACEMENT_3D('',#2929,#2930,#2931);
#1164=EDGE_LOOP('',(#2932,#2933,#2934,#2935));
#1165=AXIS2_PLACEMENT_3D('',#2936,#2937,#2938);
#1166=EDGE_LOOP('',(#2939,#2940,#2941,#2942));
#1167=AXIS2_PLACEMENT_3D('',#2943,#2944,#2945);
#1168=EDGE_LOOP('',(#2946,#2947,#2948,#2949));
#1169=AXIS2_PLACEMENT_3D('',#2950,#2951,#2952);
#1170=EDGE_LOOP('',(#2953,#2954,#2955,#2956));
#1171=AXIS2_PLACEMENT_3D('',#2957,#2958,#2959);
#1172=EDGE_LOOP('',(#2960,#2961,#2962,#2963));
#1173=AXIS2_PLACEMENT_3D('',#2964,#2965,#2966);
#1174=EDGE_LOOP('',(#2967,#2968,#2969,#2970));
#1175=AXIS2_PLACEMENT_3D('',#2971,#2972,#2973);
#1176=EDGE_LOOP('',(#2974,#2975,#2976,#2977));
#1177=AXIS2_PLACEMENT_3D('',#2978,#2979,#2980);
#1178=EDGE_LOOP('',(#2981,#2982,#2983,#2984));
#1179=AXIS2_PLACEMENT_3D('',#2985,#2986,#2987);
#1180=EDGE_LOOP('',(#2988,#2989,#2990,#2991));
#1181=AXIS2_PLACEMENT_3D('',#2992,#2993,#2994);
#1182=EDGE_LOOP('',(#2995,#2996,#2997,#2998));
#1183=AXIS2_PLACEMENT_3D('',#2999,#3000,#3001);
#1184=EDGE_LOOP('',(#3002,#3003,#3004,#3005));
#1185=AXIS2_PLACEMENT_3D('',#3006,#3007,#3008);
#1186=EDGE_LOOP('',(#3009,#3010,#3011,#3012));
#1187=AXIS2_PLACEMENT_3D('',#3013,#3014,#3015);
#1188=EDGE_LOOP('',(#3016,#3017,#3018,#3019));
#1189=AXIS2_PLACEMENT_3D('',#3020,#3021,#3022);
#1190=EDGE_LOOP('',(#3023,#3024,#3025,#3026));
#1191=AXIS2_PLACEMENT_3D('',#3027,#3028,#3029);
#1192=EDGE_LOOP('',(#3030,#3031,#3032,#3033));
#1193=AXIS2_PLACEMENT_3D('',#3034,#3035,#3036);
#1194=EDGE_LOOP('',(#3037,#3038,#3039,#3040));
#1195=AXIS2_PLACEMENT_3D('',#3041,#3042,#3043);
#1196=EDGE_LOOP('',(#3044,#3045,#3046,#3047));
#1197=AXIS2_PLACEMENT_3D('',#3048,#3049,#3050);
#1198=EDGE_LOOP('',(#3051,#3052,#3053,#3054));
#1199=AXIS2_PLACEMENT_3D('',#3055,#3056,#3057);
#1200=EDGE_LOOP('',(#3058,#3059,#3060,#3061));
#1201=AXIS2_PLACEMENT_3D('',#3062,#3063,#3064);
#1202=EDGE_LOOP('',(#3065,#3066,#3067,#3068));
#1203=AXIS2_PLACEMENT_3D('',#3069,#3070,#3071);
#1204=EDGE_LOOP('',(#3072,#3073,#3074,#3075));
#1205=AXIS2_PLACEMENT_3D('',#3076,#3077,#3078);
#1206=EDGE_LOOP('',(#3079,#3080,#3081,#3082));
#1207=AXIS2_PLACEMENT_3D('',#3083,#3084,#3085);
#1208=EDGE_LOOP('',(#3086,#3087,#3088,#3089));
#1209=AXIS2_PLACEMENT_3D('',#3090,#3091,#3092);
#1210=EDGE_LOOP('',(#3093,#3094,#3095,#3096));
#1211=AXIS2_PLACEMENT_3D('',#3097,#3098,#3099);
#1212=EDGE_LOOP('',(#3100,#3101,#3102,#3103));
#1213=AXIS2_PLACEMENT_3D('',#3104,#3105,#3106);
#1214=EDGE_LOOP('',(#3107,#3108,#3109,#3110));
#1215=AXIS2_PLACEMENT_3D('',#3111,#3112,#3113);
#1216=EDGE_LOOP('',(#3114,#3115,#3116,#3117));
#1217=AXIS2_PLACEMENT_3D('',#3118,#3119,#3120);
#1218=EDGE_LOOP('',(#3121,#3122,#3123,#3124));
#1219=AXIS2_PLACEMENT_3D('',#3125,#3126,#3127);
#1220=EDGE_LOOP('',(#3128,#3129,#3130,#3131));
#1221=AXIS2_PLACEMENT_3D('',#3132,#3133,#3134);
#1222=EDGE_LOOP('',(#3135,#3136,#3137,#3138));
#1223=AXIS2_PLACEMENT_3D('',#3139,#3140,#3141);
#1224=EDGE_LOOP('',(#3142,#3143,#3144,#3145));
#1225=AXIS2_PLACEMENT_3D('',#3146,#3147,#3148);
#1226=EDGE_LOOP('',(#3149,#3150,#3151,#3152));
#1227=AXIS2_PLACEMENT_3D('',#3153,#3154,#3155);
#1228=EDGE_LOOP('',(#3156,#3157,#3158,#3159,#3160,#3161));
#1229=AXIS2_PLACEMENT_3D('',#3162,#3163,#3164);
#1230=EDGE_LOOP('',(#3165,#3166,#3167,#3168));
#1231=AXIS2_PLACEMENT_3D('',#3169,#3170,#3171);
#1232=EDGE_LOOP('',(#3172,#3173,#3174,#3175));
#1233=AXIS2_PLACEMENT_3D('',#3176,#3177,#3178);
#1234=EDGE_LOOP('',(#3179,#3180,#3181,#3182));
#1235=AXIS2_PLACEMENT_3D('',#3183,#3184,#3185);
#1236=EDGE_LOOP('',(#3186,#3187,#3188,#3189));
#1237=AXIS2_PLACEMENT_3D('',#3190,#3191,#3192);
#1238=EDGE_LOOP('',(#3193,#3194,#3195,#3196));
#1239=AXIS2_PLACEMENT_3D('',#3197,#3198,#3199);
#1240=EDGE_LOOP('',(#3200,#3201,#3202,#3203));
#1241=AXIS2_PLACEMENT_3D('',#3204,#3205,#3206);
#1242=EDGE_LOOP('',(#3207,#3208,#3209,#3210));
#1243=AXIS2_PLACEMENT_3D('',#3211,#3212,#3213);
#1244=EDGE_LOOP('',(#3214,#3215,#3216,#3217));
#1245=AXIS2_PLACEMENT_3D('',#3218,#3219,#3220);
#1246=EDGE_LOOP('',(#3221,#3222,#3223,#3224));
#1247=AXIS2_PLACEMENT_3D('',#3225,#3226,#3227);
#1248=EDGE_LOOP('',(#3228,#3229,#3230,#3231));
#1249=AXIS2_PLACEMENT_3D('',#3232,#3233,#3234);
#1250=EDGE_LOOP('',(#3235,#3236,#3237,#3238));
#1251=AXIS2_PLACEMENT_3D('',#3239,#3240,#3241);
#1252=EDGE_LOOP('',(#3242,#3243,#3244,#3245));
#1253=AXIS2_PLACEMENT_3D('',#3246,#3247,#3248);
#1254=EDGE_LOOP('',(#3249,#3250,#3251,#3252));
#1255=AXIS2_PLACEMENT_3D('',#3253,#3254,#3255);
#1256=EDGE_LOOP('',(#3256,#3257,#3258,#3259));
#1257=AXIS2_PLACEMENT_3D('',#3260,#3261,#3262);
#1258=EDGE_LOOP('',(#3263,#3264,#3265,#3266));
#1259=AXIS2_PLACEMENT_3D('',#3267,#3268,#3269);
#1260=EDGE_LOOP('',(#3270,#3271,#3272,#3273));
#1261=AXIS2_PLACEMENT_3D('',#3274,#3275,#3276);
#1262=EDGE_LOOP('',(#3277,#3278,#3279,#3280));
#1263=AXIS2_PLACEMENT_3D('',#3281,#3282,#3283);
#1264=EDGE_LOOP('',(#3284,#3285,#3286,#3287));
#1265=AXIS2_PLACEMENT_3D('',#3288,#3289,#3290);
#1266=EDGE_LOOP('',(#3291,#3292,#3293,#3294));
#1267=AXIS2_PLACEMENT_3D('',#3295,#3296,#3297);
#1268=EDGE_LOOP('',(#3298,#3299,#3300,#3301,#3302,#3303));
#1269=AXIS2_PLACEMENT_3D('',#3304,#3305,#3306);
#1270=EDGE_LOOP('',(#3307,#3308,#3309,#3310,#3311,#3312,#3313,#3314,#3315,#3316,#3317,#3318,#3319,#3320,#3321,#3322,#3323,#3324,#3325,#3326,#3327,#3328,#3329,#3330));
#1271=AXIS2_PLACEMENT_3D('',#3331,#3332,#3333);
#1272=EDGE_LOOP('',(#3334,#3335));
#1273=EDGE_LOOP('',(#3336,#3337));
#1274=AXIS2_PLACEMENT_3D('',#3338,#3339,#3340);
#1275=EDGE_LOOP('',(#3341,#3342,#3343,#3344));
#1276=AXIS2_PLACEMENT_3D('',#3345,#3346,#3347);
#1277=EDGE_LOOP('',(#3348,#3349,#3350,#3351));
#1278=AXIS2_PLACEMENT_3D('',#3352,#3353,#3354);
#1279=EDGE_LOOP('',(#3355,#3356,#3357,#3358));
#1280=AXIS2_PLACEMENT_3D('',#3359,#3360,#3361);
#1281=EDGE_LOOP('',(#3362,#3363,#3364,#3365));
#1282=AXIS2_PLACEMENT_3D('',#3366,#3367,#3368);
#1283=EDGE_LOOP('',(#3369,#3370,#3371,#3372));
#1284=AXIS2_PLACEMENT_3D('',#3373,#3374,#3375);
#1285=EDGE_LOOP('',(#3376,#3377));
#1286=EDGE_LOOP('',(#3378,#3379));
#1287=AXIS2_PLACEMENT_3D('',#3380,#3381,#3382);
#1288=EDGE_LOOP('',(#3383,#3384,#3385,#3386));
#1289=AXIS2_PLACEMENT_3D('',#3387,#3388,#3389);
#1290=EDGE_LOOP('',(#3390,#3391,#3392,#3393));
#1291=AXIS2_PLACEMENT_3D('',#3394,#3395,#3396);
#1292=EDGE_LOOP('',(#3397,#3398,#3399));
#1293=AXIS2_PLACEMENT_3D('',#3400,#3401,#3402);
#1294=EDGE_LOOP('',(#3403,#3404,#3405,#3406,#3407));
#1295=AXIS2_PLACEMENT_3D('',#3408,#3409,#3410);
#1296=EDGE_LOOP('',(#3411,#3412,#3413,#3414,#3415));
#1297=AXIS2_PLACEMENT_3D('',#3416,#3417,#3418);
#1298=EDGE_LOOP('',(#3419,#3420,#3421));
#1299=AXIS2_PLACEMENT_3D('',#3422,#3423,#3424);
#1300=EDGE_LOOP('',(#3425,#3426,#3427,#3428,#3429));
#1301=AXIS2_PLACEMENT_3D('',#3430,#3431,#3432);
#1302=EDGE_LOOP('',(#3433,#3434,#3435));
#1303=AXIS2_PLACEMENT_3D('',#3436,#3437,#3438);
#1304=EDGE_LOOP('',(#3439,#3440,#3441,#3442,#3443));
#1305=AXIS2_PLACEMENT_3D('',#3444,#3445,#3446);
#1306=EDGE_LOOP('',(#3447,#3448,#3449,#3450,#3451));
#1307=AXIS2_PLACEMENT_3D('',#3452,#3453,#3454);
#1308=EDGE_LOOP('',(#3455,#3456,#3457));
#1309=AXIS2_PLACEMENT_3D('',#3458,#3459,#3460);
#1310=EDGE_LOOP('',(#3461,#3462,#3463,#3464,#3465));
#1311=AXIS2_PLACEMENT_3D('',#3466,#3467,#3468);
#1312=EDGE_LOOP('',(#3469,#3470,#3471));
#1313=AXIS2_PLACEMENT_3D('',#3472,#3473,#3474);
#1314=EDGE_LOOP('',(#3475,#3476,#3477,#3478,#3479));
#1315=AXIS2_PLACEMENT_3D('',#3480,#3481,#3482);
#1316=EDGE_LOOP('',(#3483,#3484,#3485,#3486,#3487));
#1317=AXIS2_PLACEMENT_3D('',#3488,#3489,#3490);
#1318=EDGE_LOOP('',(#3491,#3492,#3493));
#1319=AXIS2_PLACEMENT_3D('',#3494,#3495,#3496);
#1320=EDGE_LOOP('',(#3497,#3498,#3499,#3500,#3501));
#1321=AXIS2_PLACEMENT_3D('',#3502,#3503,#3504);
#1322=EDGE_LOOP('',(#3505,#3506,#3507,#3508,#3509));
#1323=AXIS2_PLACEMENT_3D('',#3510,#3511,#3512);
#1324=EDGE_LOOP('',(#3513,#3514,#3515));
#1325=AXIS2_PLACEMENT_3D('',#3516,#3517,#3518);
#1326=EDGE_LOOP('',(#3519,#3520,#3521,#3522,#3523));
#1327=AXIS2_PLACEMENT_3D('',#3524,#3525,#3526);
#1328=EDGE_LOOP('',(#3527,#3528,#3529,#3530,#3531));
#1329=AXIS2_PLACEMENT_3D('',#3532,#3533,#3534);
#1330=EDGE_LOOP('',(#3535,#3536,#3537));
#1331=AXIS2_PLACEMENT_3D('',#3538,#3539,#3540);
#1332=EDGE_LOOP('',(#3541,#3542,#3543,#3544,#3545));
#1333=AXIS2_PLACEMENT_3D('',#3546,#3547,#3548);
#1334=EDGE_LOOP('',(#3549,#3550,#3551,#3552,#3553));
#1335=AXIS2_PLACEMENT_3D('',#3554,#3555,#3556);
#1336=EDGE_LOOP('',(#3557,#3558,#3559));
#1337=AXIS2_PLACEMENT_3D('',#3560,#3561,#3562);
#1338=EDGE_LOOP('',(#3563,#3564,#3565,#3566,#3567));
#1339=AXIS2_PLACEMENT_3D('',#3568,#3569,#3570);
#1340=EDGE_LOOP('',(#3571,#3572,#3573,#3574,#3575));
#1341=AXIS2_PLACEMENT_3D('',#3576,#3577,#3578);
#1342=EDGE_LOOP('',(#3579,#3580,#3581));
#1343=AXIS2_PLACEMENT_3D('',#3582,#3583,#3584);
#1344=EDGE_LOOP('',(#3585,#3586,#3587,#3588,#3589));
#1345=AXIS2_PLACEMENT_3D('',#3590,#3591,#3592);
#1346=EDGE_LOOP('',(#3593,#3594,#3595,#3596,#3597));
#1347=AXIS2_PLACEMENT_3D('',#3598,#3599,#3600);
#1348=EDGE_LOOP('',(#3601,#3602,#3603));
#1349=AXIS2_PLACEMENT_3D('',#3604,#3605,#3606);
#1350=EDGE_LOOP('',(#3607,#3608,#3609,#3610,#3611));
#1351=AXIS2_PLACEMENT_3D('',#3612,#3613,#3614);
#1352=EDGE_LOOP('',(#3615,#3616,#3617,#3618,#3619));
#1353=AXIS2_PLACEMENT_3D('',#3620,#3621,#3622);
#1354=EDGE_LOOP('',(#3623,#3624,#3625));
#1355=AXIS2_PLACEMENT_3D('',#3626,#3627,#3628);
#1356=EDGE_LOOP('',(#3629,#3630,#3631,#3632,#3633));
#1357=AXIS2_PLACEMENT_3D('',#3634,#3635,#3636);
#1358=EDGE_LOOP('',(#3637,#3638,#3639,#3640,#3641));
#1359=AXIS2_PLACEMENT_3D('',#3642,#3643,#3644);
#1360=EDGE_LOOP('',(#3645,#3646,#3647));
#1361=AXIS2_PLACEMENT_3D('',#3648,#3649,#3650);
#1362=EDGE_LOOP('',(#3651,#3652,#3653,#3654,#3655));
#1363=AXIS2_PLACEMENT_3D('',#3656,#3657,#3658);
#1364=EDGE_LOOP('',(#3659,#3660,#3661,#3662,#3663));
#1365=AXIS2_PLACEMENT_3D('',#3664,#3665,#3666);
#1366=EDGE_LOOP('',(#3667,#3668,#3669));
#1367=AXIS2_PLACEMENT_3D('',#3670,#3671,#3672);
#1368=EDGE_LOOP('',(#3673,#3674,#3675,#3676,#3677));
#1369=AXIS2_PLACEMENT_3D('',#3678,#3679,#3680);
#1370=EDGE_LOOP('',(#3681,#3682,#3683,#3684,#3685));
#1371=AXIS2_PLACEMENT_3D('',#3686,#3687,#3688);
#1372=EDGE_LOOP('',(#3689,#3690,#3691));
#1373=AXIS2_PLACEMENT_3D('',#3692,#3693,#3694);
#1374=EDGE_LOOP('',(#3695,#3696,#3697,#3698,#3699));
#1375=AXIS2_PLACEMENT_3D('',#3700,#3701,#3702);
#1376=EDGE_LOOP('',(#3703,#3704,#3705,#3706,#3707));
#1377=AXIS2_PLACEMENT_3D('',#3708,#3709,#3710);
#1378=EDGE_LOOP('',(#3711,#3712,#3713));
#1379=AXIS2_PLACEMENT_3D('',#3714,#3715,#3716);
#1380=EDGE_LOOP('',(#3717,#3718,#3719,#3720,#3721));
#1381=AXIS2_PLACEMENT_3D('',#3722,#3723,#3724);
#1382=EDGE_LOOP('',(#3725,#3726,#3727,#3728,#3729));
#1383=AXIS2_PLACEMENT_3D('',#3730,#3731,#3732);
#1384=EDGE_LOOP('',(#3733,#3734,#3735));
#1385=AXIS2_PLACEMENT_3D('',#3736,#3737,#3738);
#1386=EDGE_LOOP('',(#3739,#3740,#3741,#3742,#3743));
#1387=AXIS2_PLACEMENT_3D('',#3744,#3745,#3746);
#1388=EDGE_LOOP('',(#3747,#3748,#3749,#3750,#3751));
#1389=AXIS2_PLACEMENT_3D('',#3752,#3753,#3754);
#1390=EDGE_LOOP('',(#3755,#3756,#3757));
#1391=AXIS2_PLACEMENT_3D('',#3758,#3759,#3760);
#1392=EDGE_LOOP('',(#3761,#3762,#3763,#3764,#3765));
#1393=AXIS2_PLACEMENT_3D('',#3766,#3767,#3768);
#1394=EDGE_LOOP('',(#3769,#3770,#3771,#3772,#3773));
#1395=AXIS2_PLACEMENT_3D('',#3774,#3775,#3776);
#1396=EDGE_LOOP('',(#3777,#3778,#3779));
#1397=AXIS2_PLACEMENT_3D('',#3780,#3781,#3782);
#1398=EDGE_LOOP('',(#3783,#3784,#3785,#3786,#3787));
#1399=AXIS2_PLACEMENT_3D('',#3788,#3789,#3790);
#1400=EDGE_LOOP('',(#3791,#3792,#3793,#3794,#3795));
#1401=AXIS2_PLACEMENT_3D('',#3796,#3797,#3798);
#1402=EDGE_LOOP('',(#3799,#3800,#3801));
#1403=AXIS2_PLACEMENT_3D('',#3802,#3803,#3804);
#1404=EDGE_LOOP('',(#3805,#3806,#3807,#3808,#3809));
#1405=AXIS2_PLACEMENT_3D('',#3810,#3811,#3812);
#1406=EDGE_LOOP('',(#3813,#3814,#3815,#3816,#3817));
#1407=AXIS2_PLACEMENT_3D('',#3818,#3819,#3820);
#1408=EDGE_LOOP('',(#3821,#3822,#3823));
#1409=AXIS2_PLACEMENT_3D('',#3824,#3825,#3826);
#1410=EDGE_LOOP('',(#3827,#3828,#3829,#3830,#3831));
#1411=AXIS2_PLACEMENT_3D('',#3832,#3833,#3834);
#1412=EDGE_LOOP('',(#3835,#3836,#3837,#3838,#3839));
#1413=AXIS2_PLACEMENT_3D('',#3840,#3841,#3842);
#1414=EDGE_LOOP('',(#3843,#3844,#3845));
#1415=AXIS2_PLACEMENT_3D('',#3846,#3847,#3848);
#1416=EDGE_LOOP('',(#3849,#3850,#3851));
#1417=AXIS2_PLACEMENT_3D('',#3852,#3853,#3854);
#1418=EDGE_LOOP('',(#3855,#3856,#3857,#3858,#3859));
#1419=AXIS2_PLACEMENT_3D('',#3860,#3861,#3862);
#1420=EDGE_LOOP('',(#3863,#3864,#3865,#3866,#3867));
#1421=AXIS2_PLACEMENT_3D('',#3868,#3869,#3870);
#1422=EDGE_LOOP('',(#3871,#3872,#3873));
#1423=AXIS2_PLACEMENT_3D('',#3874,#3875,#3876);
#1424=EDGE_LOOP('',(#3877,#3878,#3879,#3880,#3881));
#1425=AXIS2_PLACEMENT_3D('',#3882,#3883,#3884);
#1426=EDGE_LOOP('',(#3885,#3886,#3887,#3888,#3889));
#1427=AXIS2_PLACEMENT_3D('',#3890,#3891,#3892);
#1428=EDGE_LOOP('',(#3893,#3894,#3895));
#1429=AXIS2_PLACEMENT_3D('',#3896,#3897,#3898);
#1430=EDGE_LOOP('',(#3899,#3900,#3901,#3902,#3903));
#1431=AXIS2_PLACEMENT_3D('',#3904,#3905,#3906);
#1432=EDGE_LOOP('',(#3907,#3908,#3909,#3910,#3911));
#1433=AXIS2_PLACEMENT_3D('',#3912,#3913,#3914);
#1434=EDGE_LOOP('',(#3915,#3916,#3917));
#1435=AXIS2_PLACEMENT_3D('',#3918,#3919,#3920);
#1436=EDGE_LOOP('',(#3921,#3922,#3923,#3924,#3925));
#1437=AXIS2_PLACEMENT_3D('',#3926,#3927,#3928);
#1438=EDGE_LOOP('',(#3929,#3930,#3931,#3932,#3933));
#1439=AXIS2_PLACEMENT_3D('',#3934,#3935,#3936);
#1440=EDGE_LOOP('',(#3937,#3938,#3939));
#1441=AXIS2_PLACEMENT_3D('',#3940,#3941,#3942);
#1442=EDGE_LOOP('',(#3943,#3944,#3945,#3946,#3947));
#1443=AXIS2_PLACEMENT_3D('',#3948,#3949,#3950);
#1444=EDGE_LOOP('',(#3951,#3952,#3953,#3954,#3955));
#1445=AXIS2_PLACEMENT_3D('',#3956,#3957,#3958);
#1446=EDGE_LOOP('',(#3959,#3960,#3961));
#1447=AXIS2_PLACEMENT_3D('',#3962,#3963,#3964);
#1448=EDGE_LOOP('',(#3965,#3966,#3967,#3968,#3969));
#1449=AXIS2_PLACEMENT_3D('',#3970,#3971,#3972);
#1450=EDGE_LOOP('',(#3973,#3974,#3975,#3976,#3977));
#1451=AXIS2_PLACEMENT_3D('',#3978,#3979,#3980);
#1452=EDGE_LOOP('',(#3981,#3982,#3983));
#1453=AXIS2_PLACEMENT_3D('',#3984,#3985,#3986);
#1454=EDGE_LOOP('',(#3987,#3988,#3989,#3990,#3991));
#1455=AXIS2_PLACEMENT_3D('',#3992,#3993,#3994);
#1456=EDGE_LOOP('',(#3995,#3996,#3997,#3998,#3999));
#1457=AXIS2_PLACEMENT_3D('',#4000,#4001,#4002);
#1458=EDGE_LOOP('',(#4003,#4004,#4005));
#1459=AXIS2_PLACEMENT_3D('',#4006,#4007,#4008);
#1460=EDGE_LOOP('',(#4009,#4010,#4011,#4012,#4013));
#1461=AXIS2_PLACEMENT_3D('',#4014,#4015,#4016);
#1462=EDGE_LOOP('',(#4017,#4018,#4019,#4020,#4021));
#1463=AXIS2_PLACEMENT_3D('',#4022,#4023,#4024);
#1464=EDGE_LOOP('',(#4025,#4026,#4027));
#1465=AXIS2_PLACEMENT_3D('',#4028,#4029,#4030);
#1466=EDGE_LOOP('',(#4031,#4032,#4033,#4034,#4035));
#1467=AXIS2_PLACEMENT_3D('',#4036,#4037,#4038);
#1468=EDGE_LOOP('',(#4039,#4040,#4041,#4042,#4043));
#1469=AXIS2_PLACEMENT_3D('',#4044,#4045,#4046);
#1470=EDGE_LOOP('',(#4047,#4048,#4049));
#1471=AXIS2_PLACEMENT_3D('',#4050,#4051,#4052);
#1472=EDGE_LOOP('',(#4053,#4054,#4055,#4056,#4057));
#1473=AXIS2_PLACEMENT_3D('',#4058,#4059,#4060);
#1474=EDGE_LOOP('',(#4061,#4062,#4063,#4064,#4065));
#1475=AXIS2_PLACEMENT_3D('',#4066,#4067,#4068);
#1476=EDGE_LOOP('',(#4069,#4070,#4071));
#1477=AXIS2_PLACEMENT_3D('',#4072,#4073,#4074);
#1478=EDGE_LOOP('',(#4075,#4076,#4077,#4078,#4079));
#1479=AXIS2_PLACEMENT_3D('',#4080,#4081,#4082);
#1480=EDGE_LOOP('',(#4083,#4084,#4085,#4086,#4087));
#1481=AXIS2_PLACEMENT_3D('',#4088,#4089,#4090);
#1482=EDGE_LOOP('',(#4091,#4092,#4093));
#1483=AXIS2_PLACEMENT_3D('',#4094,#4095,#4096);
#1484=EDGE_LOOP('',(#4097,#4098,#4099,#4100,#4101));
#1485=AXIS2_PLACEMENT_3D('',#4102,#4103,#4104);
#1486=EDGE_LOOP('',(#4105,#4106,#4107,#4108,#4109));
#1487=AXIS2_PLACEMENT_3D('',#4110,#4111,#4112);
#1488=EDGE_LOOP('',(#4113,#4114,#4115));
#1489=AXIS2_PLACEMENT_3D('',#4116,#4117,#4118);
#1490=EDGE_LOOP('',(#4119,#4120,#4121,#4122,#4123));
#1491=AXIS2_PLACEMENT_3D('',#4124,#4125,#4126);
#1492=EDGE_LOOP('',(#4127,#4128,#4129,#4130,#4131));
#1493=AXIS2_PLACEMENT_3D('',#4132,#4133,#4134);
#1494=EDGE_LOOP('',(#4135,#4136,#4137));
#1495=AXIS2_PLACEMENT_3D('',#4138,#4139,#4140);
#1496=EDGE_LOOP('',(#4141,#4142,#4143,#4144,#4145));
#1497=AXIS2_PLACEMENT_3D('',#4146,#4147,#4148);
#1498=EDGE_LOOP('',(#4149,#4150,#4151,#4152,#4153));
#1499=AXIS2_PLACEMENT_3D('',#4154,#4155,#4156);
#1500=EDGE_LOOP('',(#4157,#4158,#4159));
#1501=AXIS2_PLACEMENT_3D('',#4160,#4161,#4162);
#1502=EDGE_LOOP('',(#4163,#4164,#4165,#4166,#4167));
#1503=AXIS2_PLACEMENT_3D('',#4168,#4169,#4170);
#1504=EDGE_LOOP('',(#4171,#4172,#4173,#4174,#4175));
#1505=AXIS2_PLACEMENT_3D('',#4176,#4177,#4178);
#1506=EDGE_LOOP('',(#4179,#4180,#4181));
#1507=AXIS2_PLACEMENT_3D('',#4182,#4183,#4184);
#1508=EDGE_LOOP('',(#4185,#4186,#4187,#4188,#4189));
#1509=AXIS2_PLACEMENT_3D('',#4190,#4191,#4192);
#1510=EDGE_LOOP('',(#4193,#4194,#4195,#4196,#4197));
#1511=AXIS2_PLACEMENT_3D('',#4198,#4199,#4200);
#1512=EDGE_LOOP('',(#4201,#4202,#4203));
#1513=AXIS2_PLACEMENT_3D('',#4204,#4205,#4206);
#1514=EDGE_LOOP('',(#4207,#4208,#4209,#4210,#4211));
#1515=AXIS2_PLACEMENT_3D('',#4212,#4213,#4214);
#1516=EDGE_LOOP('',(#4215,#4216,#4217,#4218,#4219));
#1517=AXIS2_PLACEMENT_3D('',#4220,#4221,#4222);
#1518=EDGE_LOOP('',(#4223,#4224,#4225));
#1519=AXIS2_PLACEMENT_3D('',#4226,#4227,#4228);
#1520=EDGE_LOOP('',(#4229,#4230,#4231,#4232,#4233));
#1521=AXIS2_PLACEMENT_3D('',#4234,#4235,#4236);
#1522=EDGE_LOOP('',(#4237,#4238,#4239,#4240,#4241));
#1523=AXIS2_PLACEMENT_3D('',#4242,#4243,#4244);
#1524=EDGE_LOOP('',(#4245,#4246,#4247));
#1525=AXIS2_PLACEMENT_3D('',#4248,#4249,#4250);
#1526=EDGE_LOOP('',(#4251,#4252,#4253,#4254,#4255));
#1527=AXIS2_PLACEMENT_3D('',#4256,#4257,#4258);
#1528=EDGE_LOOP('',(#4259,#4260,#4261,#4262,#4263));
#1529=AXIS2_PLACEMENT_3D('',#4264,#4265,#4266);
#1530=EDGE_LOOP('',(#4267,#4268,#4269,#4270,#4271));
#1531=AXIS2_PLACEMENT_3D('',#4272,#4273,#4274);
#1532=FILL_AREA_STYLE('',(#4275));
#1533=EDGE_LOOP('',(#4276,#4277,#4278,#4279));
#1534=AXIS2_PLACEMENT_3D('',#4280,#4281,#4282);
#1535=EDGE_LOOP('',(#4283,#4284,#4285,#4286,#4287,#4288,#4289,#4290));
#1536=AXIS2_PLACEMENT_3D('',#4291,#4292,#4293);
#1537=EDGE_LOOP('',(#4294,#4295,#4296,#4297,#4298,#4299,#4300,#4301));
#1538=AXIS2_PLACEMENT_3D('',#4302,#4303,#4304);
#1539=EDGE_LOOP('',(#4305,#4306,#4307,#4308));
#1540=AXIS2_PLACEMENT_3D('',#4309,#4310,#4311);
#1541=EDGE_LOOP('',(#4312,#4313,#4314,#4315));
#1542=AXIS2_PLACEMENT_3D('',#4316,#4317,#4318);
#1543=EDGE_LOOP('',(#4319,#4320,#4321,#4322));
#1544=AXIS2_PLACEMENT_3D('',#4323,#4324,#4325);
#1545=EDGE_LOOP('',(#4326,#4327,#4328,#4329));
#1546=AXIS2_PLACEMENT_3D('',#4330,#4331,#4332);
#1547=EDGE_LOOP('',(#4333,#4334,#4335,#4336,#4337,#4338));
#1548=AXIS2_PLACEMENT_3D('',#4339,#4340,#4341);
#1549=EDGE_LOOP('',(#4342,#4343,#4344,#4345));
#1550=CARTESIAN_POINT('',(1.14999857804982,-0.230853912499449,-0.739822000773724));
#1551=CARTESIAN_POINT('',(1.90113436152527,-0.196567289017426,-0.631687222375785));
#1552=CARTESIAN_POINT('',(2.65227014500063,-0.162280665535319,-0.523552443977844));
#1553=CARTESIAN_POINT('',(3.40340592847662,-0.127994042053293,-0.415417665579817));
#1554=CARTESIAN_POINT('',(1.14999857804982,-0.230853605728751,-0.739821017658736));
#1555=CARTESIAN_POINT('',(1.90113436152527,-0.196566844607953,-0.631686322502928));
#1556=CARTESIAN_POINT('',(2.65227014500063,-0.162280083487071,-0.523551627347118));
#1557=CARTESIAN_POINT('',(3.40340592847662,-0.12799332236627,-0.415416932191222));
#1558=CARTESIAN_POINT('',(1.14999857804982,-0.213179412440189,-0.683180130963211));
#1559=CARTESIAN_POINT('',(1.90113436152527,-0.170962772946322,-0.579841322515313));
#1560=CARTESIAN_POINT('',(2.65227014500063,-0.128746133452456,-0.476502514067414));
#1561=CARTESIAN_POINT('',(3.40340592847662,-0.0865294939585264,-0.373163705619515));
#1562=CARTESIAN_POINT('',(1.14999857804982,-0.195504912380959,-0.626538261152634));
#1563=CARTESIAN_POINT('',(1.90113436152527,-0.145358256875219,-0.527995422654833));
#1564=CARTESIAN_POINT('',(2.65227014500063,-0.0952116013695305,-0.429452584157031));
#1565=CARTESIAN_POINT('',(3.40340592847662,-0.0450649458638063,-0.33090974565923));
#1566=CARTESIAN_POINT('',(1.14999857804982,-0.17783071909241,-0.569897374457134));
#1567=CARTESIAN_POINT('',(1.90113436152527,-0.119754185213687,-0.476150422667244));
#1568=CARTESIAN_POINT('',(2.65227014500063,-0.0616776513348895,-0.38240347087744));
#1569=CARTESIAN_POINT('',(3.40340592847662,-0.0036011174561058,-0.288656519087637));
#1570=CARTESIAN_POINT('',(1.14999857804982,-0.177830412321713,-0.569896391342147));
#1571=CARTESIAN_POINT('',(1.90113436152527,-0.119753740804214,-0.476149522794387));
#1572=CARTESIAN_POINT('',(2.65227014500063,-0.0616770692866415,-0.382402654246714));
#1573=CARTESIAN_POINT('',(3.40340592847662,-0.00360039776908248,-0.288655785699042));
#1574=EDGE_LOOP('',(#4346,#4347,#4348,#4349));
#1576=CARTESIAN_POINT('',(3.449587978167,-0.1697532454869,-0.3776051397426));
#1577=CARTESIAN_POINT('',(3.44961405261,-0.1555259562387,-0.3633953023592));
#1578=CARTESIAN_POINT('',(3.449665261338,-0.1262270235619,-0.3341296861046));
#1579=CARTESIAN_POINT('',(3.449734934385,-0.0818841761824,-0.2898286557753));
#1580=CARTESIAN_POINT('',(3.449777875751,-0.05094906411894,-0.2589162165113));
#1581=CARTESIAN_POINT('',(3.44979835631,-0.03508413009102,-0.2430610654707));
#1582=CARTESIAN_POINT('',(3.44979941157,-0.03426349282248,-0.242240929293));
#1583=CARTESIAN_POINT('',(3.453804119432,-0.14645797562,-0.4004653946337));
#1584=CARTESIAN_POINT('',(3.453697338324,-0.1322174957556,-0.386266618302));
#1585=CARTESIAN_POINT('',(3.45347447681,-0.1028925619962,-0.357022627807));
#1586=CARTESIAN_POINT('',(3.45312806035,-0.058514026085,-0.3127507018384));
#1587=CARTESIAN_POINT('',(3.452879937225,-0.02755666903603,-0.2818559457921));
#1588=CARTESIAN_POINT('',(3.452750973168,-0.01168104924007,-0.2660091507871));
#1589=CARTESIAN_POINT('',(3.452744297725,-0.01085986116834,-0.2651894449299));
#1590=CARTESIAN_POINT('',(3.431805689979,-0.1289880311448,-0.4176091060362));
#1591=CARTESIAN_POINT('',(3.431599275816,-0.1148107573656,-0.4033468916164));
#1592=CARTESIAN_POINT('',(3.431172167315,-0.0856170196395,-0.3739712744703));
#1593=CARTESIAN_POINT('',(3.430519694068,-0.04144018863115,-0.3294971420836));
#1594=CARTESIAN_POINT('',(3.430060369789,-0.01062574311043,-0.2984592346489));
#1595=CARTESIAN_POINT('',(3.429823748463,0.005176009226438,-0.2825384794628));
#1596=CARTESIAN_POINT('',(3.429811506048,0.005993374855662,-0.281714946448));
#1597=CARTESIAN_POINT('',(3.398904073238,-0.1295028718503,-0.4171038794462));
#1598=CARTESIAN_POINT('',(3.39870059528,-0.1154212080535,-0.4027478820821));
#1599=CARTESIAN_POINT('',(3.398281223375,-0.08642454819534,-0.3731790008747));
#1600=CARTESIAN_POINT('',(3.397645748215,-0.04254642454272,-0.3284120913384));
#1601=CARTESIAN_POINT('',(3.397202086697,-0.01194057754461,-0.2971698343763));
#1602=CARTESIAN_POINT('',(3.396974527238,0.003754167457688,-0.2811442806807));
#1603=CARTESIAN_POINT('',(3.396962756317,0.004565997901478,-0.2803153268147));
#1610=EDGE_LOOP('',(#4350,#4351,#4352,#4353));
#1611=AXIS2_PLACEMENT_3D('',#4354,#4355,#4356);
#1612=EDGE_LOOP('',(#4357,#4358,#4359,#4360));
#1614=CARTESIAN_POINT('',(3.449793020361,-0.2438394579014,-0.03586538762794));
#1615=CARTESIAN_POINT('',(3.449737324243,-0.2884352481483,-0.08048754902118));
#1616=CARTESIAN_POINT('',(3.449669110409,-0.3330236752766,-0.1251168689624));
#1617=CARTESIAN_POINT('',(3.449588061919,-0.3776056684095,-0.1697524153747));
#1618=CARTESIAN_POINT('',(3.452753025038,-0.2667855167921,-0.0124645432383));
#1619=CARTESIAN_POINT('',(3.453117508971,-0.3113586778019,-0.05711585809996));
#1620=CARTESIAN_POINT('',(3.453468086903,-0.3559186889608,-0.1017801976389));
#1621=CARTESIAN_POINT('',(3.453803497748,-0.4004663205213,-0.1464567660395));
#1622=CARTESIAN_POINT('',(3.429832668693,-0.2833172914754,0.004394888464064));
#1623=CARTESIAN_POINT('',(3.43049889858,-0.328098965925,-0.04004815732233));
#1624=CARTESIAN_POINT('',(3.43115656455,-0.3728630689941,-0.08450889065791));
#1625=CARTESIAN_POINT('',(3.43180394813,-0.4176097634304,-0.1289871131611));
#1626=CARTESIAN_POINT('',(3.396985362293,-0.2819280587767,0.002978122968879));
#1627=CARTESIAN_POINT('',(3.397624877755,-0.3270042563202,-0.04116419413453));
#1628=CARTESIAN_POINT('',(3.398264183467,-0.3720629037035,-0.0853244128714));
#1629=CARTESIAN_POINT('',(3.398901908684,-0.4171035303815,-0.1295029776307));
#1636=EDGE_LOOP('',(#4361,#4362,#4363,#4364,#4365,#4366));
#1637=CARTESIAN_POINT('',(1.1492383681395,-0.740002010821803,-0.230651960883397));
#1638=CARTESIAN_POINT('',(1.91622553697973,-0.629592085866664,-0.195688842862913));
#1639=CARTESIAN_POINT('',(2.68321270582031,-0.519182160911525,-0.160725724842348));
#1640=CARTESIAN_POINT('',(3.45019987466026,-0.408772235956387,-0.125762606821871));
#1641=CARTESIAN_POINT('',(1.1492383681395,-0.739977517387928,-0.23073054239934));
#1642=CARTESIAN_POINT('',(1.91622553697973,-0.629565391281665,-0.195751594603022));
#1643=CARTESIAN_POINT('',(2.68321270582031,-0.519153265175402,-0.160772646806622));
#1644=CARTESIAN_POINT('',(3.45019987466026,-0.40874113906914,-0.125793699010311));
#1645=CARTESIAN_POINT('',(1.1492383681395,-0.702802873165626,-0.349928696140904));
#1646=CARTESIAN_POINT('',(1.91622553697973,-0.589058156181353,-0.290938794166288));
#1647=CARTESIAN_POINT('',(2.68321270582031,-0.475313439197081,-0.231948892191676));
#1648=CARTESIAN_POINT('',(3.45019987466026,-0.361568722212809,-0.172958990217153));
#1649=CARTESIAN_POINT('',(1.1492383681395,-0.569821316708686,-0.569821316708686));
#1650=CARTESIAN_POINT('',(1.91622553697973,-0.468967571502831,-0.468967571502831));
#1651=CARTESIAN_POINT('',(2.68321270582031,-0.368113826297066,-0.368113826297066));
#1652=CARTESIAN_POINT('',(3.45019987466026,-0.267260081091304,-0.267260081091304));
#1653=CARTESIAN_POINT('',(1.1492383681395,-0.349928164394824,-0.702803194742682));
#1654=CARTESIAN_POINT('',(1.91622553697973,-0.290938363655686,-0.589058446585358));
#1655=CARTESIAN_POINT('',(2.68321270582031,-0.231948562916551,-0.475313698428036));
#1656=CARTESIAN_POINT('',(3.45019987466026,-0.172958762177506,-0.361568950270714));
#1657=CARTESIAN_POINT('',(1.1492383681395,-0.230729389795472,-0.739977876852799));
#1658=CARTESIAN_POINT('',(1.91622553697973,-0.195750674176593,-0.629565782971731));
#1659=CARTESIAN_POINT('',(2.68321270582031,-0.160771958557632,-0.519153689090662));
#1660=CARTESIAN_POINT('',(3.45019987466026,-0.125793242938759,-0.408741595209594));
#1661=CARTESIAN_POINT('',(1.1492383681395,-0.230650231889298,-0.740002549737662));
#1662=CARTESIAN_POINT('',(1.91622553697973,-0.195687462164408,-0.629592673214139));
#1663=CARTESIAN_POINT('',(2.68321270582031,-0.160724692439435,-0.519182796690616));
#1664=CARTESIAN_POINT('',(3.45019987466026,-0.125761922714552,-0.408772920167093));
#1665=EDGE_LOOP('',(#4367,#4368,#4369,#4370,#4371,#4372,#4373,#4374));
#1666=AXIS2_PLACEMENT_3D('',#4375,#4376,#4377);
#1667=EDGE_LOOP('',(#4378,#4379,#4380,#4381,#4382,#4383));
#1668=CARTESIAN_POINT('',(1.149238372956,0.740002755334887,0.230649569827558));
#1669=CARTESIAN_POINT('',(1.91622554019073,0.629592897581986,0.195686933500076));
#1670=CARTESIAN_POINT('',(2.6832127074258,0.519183039829085,0.160724297172511));
#1671=CARTESIAN_POINT('',(3.45019987466025,0.408773182076185,0.125761660845035));
#1672=CARTESIAN_POINT('',(1.149238372956,0.739978013758672,0.230728948370339));
#1673=CARTESIAN_POINT('',(1.91622554019073,0.629565932444331,0.195750321699944));
#1674=CARTESIAN_POINT('',(2.6832127074258,0.51915385112999,0.160771695029468));
#1675=CARTESIAN_POINT('',(3.45019987466025,0.408741769815649,0.12579306835908));
#1676=CARTESIAN_POINT('',(1.149238372956,0.702803317124908,0.349927960477241));
#1677=CARTESIAN_POINT('',(1.91622554019073,0.589058557272946,0.290938198613524));
#1678=CARTESIAN_POINT('',(2.6832127074258,0.475313797420985,0.23194843674981));
#1679=CARTESIAN_POINT('',(3.45019987466025,0.361569037569025,0.172958674886185));
#1680=CARTESIAN_POINT('',(1.149238372956,0.569821316075348,0.569821316075348));
#1681=CARTESIAN_POINT('',(1.91622554019073,0.468967571080606,0.468967571080606));
#1682=CARTESIAN_POINT('',(2.6832127074258,0.368113826085954,0.368113826085954));
#1683=CARTESIAN_POINT('',(3.45019987466025,0.267260081091304,0.267260081091304));
#1684=CARTESIAN_POINT('',(1.149238372956,0.349927960482875,0.702803317121501));
#1685=CARTESIAN_POINT('',(1.91622554019073,0.290938198618085,0.589058557269869));
#1686=CARTESIAN_POINT('',(2.6832127074258,0.231948436753298,0.475313797418239));
#1687=CARTESIAN_POINT('',(3.45019987466025,0.172958674888601,0.361569037566608));
#1688=CARTESIAN_POINT('',(1.149238372956,0.230728948382551,0.739978013754864));
#1689=CARTESIAN_POINT('',(1.91622554019073,0.195750321709696,0.629565932440181));
#1690=CARTESIAN_POINT('',(2.6832127074258,0.16077169503676,0.519153851125498));
#1691=CARTESIAN_POINT('',(3.45019987466025,0.125793068363912,0.408741769810816));
#1692=CARTESIAN_POINT('',(1.149238372956,0.230649569845877,0.740002755329177));
#1693=CARTESIAN_POINT('',(1.91622554019073,0.195686933514704,0.629592897575763));
#1694=CARTESIAN_POINT('',(2.6832127074258,0.160724297183449,0.519183039822349));
#1695=CARTESIAN_POINT('',(3.45019987466025,0.125761660852284,0.408773182068935));
#1696=EDGE_LOOP('',(#4384,#4385,#4386,#4387));
#1698=CARTESIAN_POINT('',(3.449587978167,0.1697532454869,0.3776051397426));
#1699=CARTESIAN_POINT('',(3.44961405261,0.1555259562387,0.3633953023592));
#1700=CARTESIAN_POINT('',(3.449665261338,0.1262270235619,0.3341296861046));
#1701=CARTESIAN_POINT('',(3.449734934385,0.0818841761824,0.2898286557753));
#1702=CARTESIAN_POINT('',(3.449777875751,0.05094906411894,0.2589162165113));
#1703=CARTESIAN_POINT('',(3.44979835631,0.03508413009102,0.2430610654707));
#1704=CARTESIAN_POINT('',(3.44979941157,0.03426349282248,0.242240929293));
#1705=CARTESIAN_POINT('',(3.453804119432,0.14645797562,0.4004653946337));
#1706=CARTESIAN_POINT('',(3.453697338324,0.1322174957556,0.386266618302));
#1707=CARTESIAN_POINT('',(3.45347447681,0.1028925619962,0.357022627807));
#1708=CARTESIAN_POINT('',(3.45312806035,0.058514026085,0.3127507018384));
#1709=CARTESIAN_POINT('',(3.452879937225,0.02755666903603,0.2818559457921));
#1710=CARTESIAN_POINT('',(3.452750973168,0.01168104924007,0.2660091507871));
#1711=CARTESIAN_POINT('',(3.452744297725,0.01085986116834,0.2651894449299));
#1712=CARTESIAN_POINT('',(3.431805689979,0.1289880311448,0.4176091060362));
#1713=CARTESIAN_POINT('',(3.431599275816,0.1148107573656,0.4033468916164));
#1714=CARTESIAN_POINT('',(3.431172167315,0.0856170196395,0.3739712744703));
#1715=CARTESIAN_POINT('',(3.430519694068,0.04144018863115,0.3294971420836));
#1716=CARTESIAN_POINT('',(3.430060369789,0.01062574311043,0.2984592346489));
#1717=CARTESIAN_POINT('',(3.429823748463,-0.005176009226438,0.2825384794628));
#1718=CARTESIAN_POINT('',(3.429811506048,-0.005993374855662,0.281714946448));
#1719=CARTESIAN_POINT('',(3.398904073238,0.1295028718503,0.4171038794462));
#1720=CARTESIAN_POINT('',(3.39870059528,0.1154212080535,0.4027478820821));
#1721=CARTESIAN_POINT('',(3.398281223375,0.08642454819534,0.3731790008747));
#1722=CARTESIAN_POINT('',(3.397645748215,0.04254642454272,0.3284120913384));
#1723=CARTESIAN_POINT('',(3.397202086697,0.01194057754461,0.2971698343763));
#1724=CARTESIAN_POINT('',(3.396974527238,-0.003754167457688,0.2811442806807));
#1725=CARTESIAN_POINT('',(3.396962756317,-0.004565997901478,0.2803153268147));
#1732=EDGE_LOOP('',(#4388,#4389,#4390,#4391));
#1733=AXIS2_PLACEMENT_3D('',#4392,#4393,#4394);
#1734=EDGE_LOOP('',(#4395,#4396,#4397,#4398));
#1736=CARTESIAN_POINT('',(3.449793020361,0.2438394579014,0.03586538762794));
#1737=CARTESIAN_POINT('',(3.449737324243,0.2884352481483,0.08048754902118));
#1738=CARTESIAN_POINT('',(3.449669110409,0.3330236752766,0.1251168689624));
#1739=CARTESIAN_POINT('',(3.449588061919,0.3776056684095,0.1697524153747));
#1740=CARTESIAN_POINT('',(3.452753025038,0.2667855167921,0.0124645432383));
#1741=CARTESIAN_POINT('',(3.453117508971,0.3113586778019,0.05711585809996));
#1742=CARTESIAN_POINT('',(3.453468086903,0.3559186889608,0.1017801976389));
#1743=CARTESIAN_POINT('',(3.453803497748,0.4004663205213,0.1464567660395));
#1744=CARTESIAN_POINT('',(3.429832668693,0.2833172914754,-0.004394888464064));
#1745=CARTESIAN_POINT('',(3.43049889858,0.328098965925,0.04004815732233));
#1746=CARTESIAN_POINT('',(3.43115656455,0.3728630689941,0.08450889065791));
#1747=CARTESIAN_POINT('',(3.43180394813,0.4176097634304,0.1289871131611));
#1748=CARTESIAN_POINT('',(3.396985362293,0.2819280587767,-0.002978122968879));
#1749=CARTESIAN_POINT('',(3.397624877755,0.3270042563202,0.04116419413453));
#1750=CARTESIAN_POINT('',(3.398264183467,0.3720629037035,0.0853244128714));
#1751=CARTESIAN_POINT('',(3.398901908684,0.4171035303815,0.1295029776307));
#1758=EDGE_LOOP('',(#4399,#4400,#4401,#4402));
#1759=CARTESIAN_POINT('',(1.14999859009091,0.569896389821717,0.177830411385216));
#1760=CARTESIAN_POINT('',(1.90113441375973,0.476149516259043,0.119753736757561));
#1761=CARTESIAN_POINT('',(2.65227023742845,0.382402642696455,0.0616770621298314));
#1762=CARTESIAN_POINT('',(3.40340606109781,0.288655769133868,0.00360038750211588));
#1763=CARTESIAN_POINT('',(1.14999859009091,0.569897372942559,0.177830718157743));
#1764=CARTESIAN_POINT('',(1.90113441375973,0.476150416137254,0.11975418116969));
#1765=CARTESIAN_POINT('',(2.65227023742845,0.382403459332035,0.0616776441815634));
#1766=CARTESIAN_POINT('',(3.40340606109781,0.288656502526817,0.00360110719345036));
#1767=CARTESIAN_POINT('',(1.14999859009091,0.62653825956706,0.195504911575247));
#1768=CARTESIAN_POINT('',(1.90113441375973,0.527995415796717,0.145358253385329));
#1769=CARTESIAN_POINT('',(2.65227023742845,0.429452572026374,0.0952115951954639));
#1770=CARTESIAN_POINT('',(3.40340606109781,0.330909728256032,0.0450649370055625));
#1771=CARTESIAN_POINT('',(1.14999859009091,0.683180129312467,0.213179411765254));
#1772=CARTESIAN_POINT('',(1.90113441375973,0.579841315334402,0.170962770013186));
#1773=CARTESIAN_POINT('',(2.65227023742845,0.476502501356338,0.128746128261118));
#1774=CARTESIAN_POINT('',(3.40340606109781,0.373163687378273,0.086529486508987));
#1775=CARTESIAN_POINT('',(1.14999859009091,0.739821015936942,0.230853605182756));
#1776=CARTESIAN_POINT('',(1.90113441375973,0.631686314993846,0.196566842228901));
#1777=CARTESIAN_POINT('',(2.65227023742845,0.523551614050748,0.162280079274962));
#1778=CARTESIAN_POINT('',(3.40340606109781,0.415416913107564,0.127993316321105));
#1779=CARTESIAN_POINT('',(1.14999859009091,0.739821999057784,0.230853911955283));
#1780=CARTESIAN_POINT('',(1.90113441375973,0.631687214872057,0.196567286641031));
#1781=CARTESIAN_POINT('',(2.65227023742845,0.523552430686328,0.162280661326694));
#1782=CARTESIAN_POINT('',(3.40340606109781,0.415417646500512,0.127994036012439));
#1783=EDGE_LOOP('',(#4403,#4404,#4405,#4406,#4407,#4408));
#1784=CARTESIAN_POINT('',(1.14940275280953,0.177734826265736,0.570018174201441));
#1785=CARTESIAN_POINT('',(1.91634237061105,0.118459757879405,0.474308219015979));
#1786=CARTESIAN_POINT('',(2.68328198841292,0.0591846894931084,0.378598263830509));
#1787=CARTESIAN_POINT('',(3.45022160621417,-9.03788931862007E-05,0.282888308644954));
#1788=CARTESIAN_POINT('',(1.14940275280953,0.177782352945442,0.570003356834223));
#1789=CARTESIAN_POINT('',(1.91634237061105,0.118499580639259,0.474290201414202));
#1790=CARTESIAN_POINT('',(2.68328198841292,0.0592168083331116,0.378577045994174));
#1791=CARTESIAN_POINT('',(3.45022160621417,-6.59639730343543E-05,0.282863890574061));
#1792=CARTESIAN_POINT('',(1.14940275280953,0.269582599569894,0.541370007225819));
#1793=CARTESIAN_POINT('',(1.91634237061105,0.195419934955511,0.439479083580801));
#1794=CARTESIAN_POINT('',(2.68328198841292,0.121257270341039,0.337588159935695));
#1795=CARTESIAN_POINT('',(3.45022160621417,0.0470946057265556,0.235697236290586));
#1796=CARTESIAN_POINT('',(1.14940275280953,0.438946318778929,0.438946318778929));
#1797=CARTESIAN_POINT('',(1.91634237061105,0.339761778183331,0.339761778183331));
#1798=CARTESIAN_POINT('',(2.68328198841292,0.240577237587733,0.240577237587733));
#1799=CARTESIAN_POINT('',(3.45022160621417,0.141392696992135,0.141392696992135));
#1800=CARTESIAN_POINT('',(1.14940275280953,0.541370007974578,0.269582598331777));
#1801=CARTESIAN_POINT('',(1.91634237061105,0.439479084309775,0.195419933900314));
#1802=CARTESIAN_POINT('',(2.68328198841292,0.337588160644886,0.121257269468761));
#1803=CARTESIAN_POINT('',(3.45022160621417,0.235697236980083,0.0470946050371983));
#1804=CARTESIAN_POINT('',(1.14940275280953,0.570003357671291,0.177782350261749));
#1805=CARTESIAN_POINT('',(1.91634237061105,0.474290202431872,0.118499578390566));
#1806=CARTESIAN_POINT('',(2.68328198841292,0.378577047192445,0.0592168065194175));
#1807=CARTESIAN_POINT('',(3.45022160621417,0.28286389195294,-6.59653517289054E-05));
#1808=CARTESIAN_POINT('',(1.14940275280953,0.570018175456532,0.177734822240036));
#1809=CARTESIAN_POINT('',(1.91634237061105,0.474308220542142,0.118459754506257));
#1810=CARTESIAN_POINT('',(2.68328198841292,0.378598265627745,0.0591846867725136));
#1811=CARTESIAN_POINT('',(3.45022160621417,0.28288831071327,-9.03809612280129E-05));
#1812=EDGE_LOOP('',(#4409,#4410,#4411,#4412,#4413,#4414,#4415,#4416));
#1813=AXIS2_PLACEMENT_3D('',#4417,#4418,#4419);
#1814=EDGE_LOOP('',(#4420,#4421,#4422,#4423,#4424,#4425));
#1815=CARTESIAN_POINT('',(1.14940274289658,0.17773289622314,-0.570018777402064));
#1816=CARTESIAN_POINT('',(1.91634232189868,0.118458143813496,-0.47430895707164));
#1817=CARTESIAN_POINT('',(2.68328190090114,0.0591833914038866,-0.378599136741207));
#1818=CARTESIAN_POINT('',(3.45022147990297,-9.13610057207514E-05,-0.282889316410698));
#1819=CARTESIAN_POINT('',(1.14940274289658,0.177781066557655,-0.570003759545426));
#1820=CARTESIAN_POINT('',(1.91634232189868,0.118498505885294,-0.47429069558789));
#1821=CARTESIAN_POINT('',(2.68328190090114,0.0592159452129684,-0.378577631630345));
#1822=CARTESIAN_POINT('',(3.45022147990297,-6.66154593558274E-05,-0.282864567672724));
#1823=CARTESIAN_POINT('',(1.14940274289658,0.269582006702239,-0.54137036766264));
#1824=CARTESIAN_POINT('',(1.91634232189868,0.195419433571903,-0.439479439683107));
#1825=CARTESIAN_POINT('',(2.68328190090114,0.121256860441477,-0.337588511703485));
#1826=CARTESIAN_POINT('',(3.45022147990297,0.0470942873110416,-0.235697583723951));
#1827=CARTESIAN_POINT('',(1.14940274289658,0.438946320060922,-0.438946320060922));
#1828=CARTESIAN_POINT('',(1.91634232189868,0.339761784483062,-0.339761784483062));
#1829=CARTESIAN_POINT('',(2.68328190090114,0.240577248905202,-0.240577248905202));
#1830=CARTESIAN_POINT('',(3.45022147990297,0.141392713327342,-0.141392713327342));
#1831=CARTESIAN_POINT('',(1.14940274289658,0.541369864368019,-0.269582838930119));
#1832=CARTESIAN_POINT('',(1.91634232189868,0.439478949687244,-0.195420142846049));
#1833=CARTESIAN_POINT('',(2.68328190090114,0.337588035006382,-0.12125744676189));
#1834=CARTESIAN_POINT('',(3.45022147990297,0.235697120325607,-0.0470947506777195));
#1835=CARTESIAN_POINT('',(1.14940274289658,0.570003196892121,-0.177782870461389));
#1836=CARTESIAN_POINT('',(1.91634232189868,0.474290011539211,-0.118500017394427));
#1837=CARTESIAN_POINT('',(2.68328190090114,0.378576826186293,-0.0592171643275003));
#1838=CARTESIAN_POINT('',(3.45022147990297,0.282863640833297,6.56887394248613E-05));
#1839=CARTESIAN_POINT('',(1.14940274289658,0.570017933768143,-0.17773560218733));
#1840=CARTESIAN_POINT('',(1.91634232189868,0.474307931229301,-0.118460411149584));
#1841=CARTESIAN_POINT('',(2.68328190090114,0.378597928690452,-0.0591852201118738));
#1842=CARTESIAN_POINT('',(3.45022147990297,0.282887926151524,8.99709258347584E-05));
#1843=EDGE_LOOP('',(#4426,#4427,#4428,#4429));
#1845=CARTESIAN_POINT('',(3.449587944777,0.377605565839,-0.1697525319467));
#1846=CARTESIAN_POINT('',(3.449668952837,0.3330236097994,-0.1251169444707));
#1847=CARTESIAN_POINT('',(3.449737136192,0.2884352106346,-0.08048759211712));
#1848=CARTESIAN_POINT('',(3.44979281024,0.2438394406495,-0.03586540563252));
#1849=CARTESIAN_POINT('',(3.453803477766,0.4004661785371,-0.1464569204566));
#1850=CARTESIAN_POINT('',(3.453467985724,0.355918564849,-0.1017803293604));
#1851=CARTESIAN_POINT('',(3.453117345745,0.3113585671519,-0.05711597124101));
#1852=CARTESIAN_POINT('',(3.452752815946,0.2667854158902,-0.01246464128745));
#1853=CARTESIAN_POINT('',(3.431804021805,0.4176096402866,-0.1289872467264));
#1854=CARTESIAN_POINT('',(3.431156550725,0.3728629294013,-0.08450903562766));
#1855=CARTESIAN_POINT('',(3.430498817444,0.3280988134581,-0.04004830989566));
#1856=CARTESIAN_POINT('',(3.429832537306,0.2833171291628,0.004394731493178));
#1857=CARTESIAN_POINT('',(3.39890202246,0.4171034594222,-0.1295030581815));
#1858=CARTESIAN_POINT('',(3.398264242507,0.3720627908996,-0.08532453078729));
#1859=CARTESIAN_POINT('',(3.3976248944,0.3270041109434,-0.04116433982507));
#1860=CARTESIAN_POINT('',(3.396985346972,0.2819278886614,0.00297795761004));
#1867=EDGE_LOOP('',(#4430,#4431,#4432,#4433));
#1868=AXIS2_PLACEMENT_3D('',#4434,#4435,#4436);
#1869=EDGE_LOOP('',(#4437,#4438,#4439,#4440,#4441,#4442));
#1870=CARTESIAN_POINT('',(1.1492383726986,0.740002516445199,-0.230650336387918));
#1871=CARTESIAN_POINT('',(1.91622558905669,0.629592630148335,-0.195687543404449));
#1872=CARTESIAN_POINT('',(2.68321280541513,0.51918274385147,-0.160724750420898));
#1873=CARTESIAN_POINT('',(3.45020002177295,0.408772857554605,-0.125761957437436));
#1874=CARTESIAN_POINT('',(1.1492383726986,0.739977854427644,-0.230729459388272));
#1875=CARTESIAN_POINT('',(1.91622558905669,0.62956575175457,-0.195750727541852));
#1876=CARTESIAN_POINT('',(2.68321280541513,0.519153649081495,-0.160771995695349));
#1877=CARTESIAN_POINT('',(3.45020002177295,0.408741546408421,-0.125793263848935));
#1878=CARTESIAN_POINT('',(1.1492383726986,0.702803174592132,-0.349928196246268));
#1879=CARTESIAN_POINT('',(1.91622558905669,0.589058421275688,-0.290938385721745));
#1880=CARTESIAN_POINT('',(2.68321280541514,0.475313667959246,-0.231948575197227));
#1881=CARTESIAN_POINT('',(3.45020002177295,0.361568914642804,-0.172958764672797));
#1882=CARTESIAN_POINT('',(1.1492383726986,0.569821316109194,-0.569821316109194));
#1883=CARTESIAN_POINT('',(1.91622558905669,0.468967564655054,-0.468967564655054));
#1884=CARTESIAN_POINT('',(2.68321280541514,0.368113813201004,-0.368113813201004));
#1885=CARTESIAN_POINT('',(3.45020002177295,0.267260061746956,-0.267260061746956));
#1886=CARTESIAN_POINT('',(1.1492383726986,0.349928667585212,-0.702802889546702));
#1887=CARTESIAN_POINT('',(1.91622558905669,0.290938767325705,-0.589058163862006));
#1888=CARTESIAN_POINT('',(2.68321280541514,0.231948867066202,-0.475313438177312));
#1889=CARTESIAN_POINT('',(3.45020002177295,0.172958966806788,-0.361568712492617));
#1890=CARTESIAN_POINT('',(1.1492383726986,0.230730481054645,-0.739977535798506));
#1891=CARTESIAN_POINT('',(1.91622558905669,0.195751543406472,-0.629565404561066));
#1892=CARTESIAN_POINT('',(2.68321280541514,0.160772605758216,-0.519153273323626));
#1893=CARTESIAN_POINT('',(3.45020002177295,0.125793668110049,-0.408741142086187));
#1894=CARTESIAN_POINT('',(1.1492383726986,0.230651868965742,-0.740002038750959));
#1895=CARTESIAN_POINT('',(1.91622558905669,0.195688767253553,-0.629592109524384));
#1896=CARTESIAN_POINT('',(2.68321280541514,0.160725665541282,-0.519182180297808));
#1897=CARTESIAN_POINT('',(3.45020002177295,0.125762563829101,-0.408772251071232));
#1898=EDGE_LOOP('',(#4443,#4444,#4445,#4446));
#1899=CARTESIAN_POINT('',(1.14999928180161,0.569896303491504,-0.177830357903201));
#1900=CARTESIAN_POINT('',(1.90113487527342,0.476149458658986,-0.119753701074027));
#1901=CARTESIAN_POINT('',(2.65227046874513,0.382402613826555,-0.0616770442447789));
#1902=CARTESIAN_POINT('',(3.40340606221747,0.288655768994126,-0.00360038741554456));
#1903=CARTESIAN_POINT('',(1.14999928180161,0.569897286612269,-0.177830664675855));
#1904=CARTESIAN_POINT('',(1.90113487527342,0.476150358537146,-0.119754145486241));
#1905=CARTESIAN_POINT('',(2.65227046874513,0.38240343046211,-0.0616776262965534));
#1906=CARTESIAN_POINT('',(3.40340606221747,0.288656502387075,-0.00360110710687944));
#1907=CARTESIAN_POINT('',(1.14999928180161,0.626538168820303,-0.195504865395876));
#1908=CARTESIAN_POINT('',(1.90113487527342,0.527995355249916,-0.145358222574165));
#1909=CARTESIAN_POINT('',(2.65227046874513,0.429452541679528,-0.0952115797525067));
#1910=CARTESIAN_POINT('',(3.40340606221748,0.330909728109141,-0.0450649369308123));
#1911=CARTESIAN_POINT('',(1.14999928180161,0.683180034149168,-0.213179372888526));
#1912=CARTESIAN_POINT('',(1.90113487527342,0.579841251840857,-0.170962744074391));
#1913=CARTESIAN_POINT('',(2.65227046874513,0.476502469532545,-0.128746115260256));
#1914=CARTESIAN_POINT('',(3.40340606221748,0.373163687224234,-0.0865294864460578));
#1915=CARTESIAN_POINT('',(1.14999928180161,0.739820916357177,-0.230853573608545));
#1916=CARTESIAN_POINT('',(1.90113487527342,0.631686248553606,-0.196566821162391));
#1917=CARTESIAN_POINT('',(2.65227046874513,0.523551580750034,-0.162280068716153));
#1918=CARTESIAN_POINT('',(3.40340606221748,0.415416912946375,-0.127993316269996));
#1919=CARTESIAN_POINT('',(1.14999928180161,0.739821899477942,-0.230853880381199));
#1920=CARTESIAN_POINT('',(1.90113487527342,0.631687148431766,-0.196567265574605));
#1921=CARTESIAN_POINT('',(2.65227046874513,0.523552397385589,-0.162280650767928));
#1922=CARTESIAN_POINT('',(3.40340606221748,0.415417646339324,-0.127994035961331));
#1923=EDGE_LOOP('',(#4447,#4448,#4449,#4450));
#1924=CARTESIAN_POINT('',(1.14999878643596,0.230853902987378,-0.739821970774103));
#1925=CARTESIAN_POINT('',(1.90113450044937,0.196567282676045,-0.631687202376037));
#1926=CARTESIAN_POINT('',(2.65227021446268,0.162280662364628,-0.52355243397797));
#1927=CARTESIAN_POINT('',(3.40340592847662,0.127994042053293,-0.415417665579817));
#1928=CARTESIAN_POINT('',(1.14999878643596,0.230853596216642,-0.739820987659138));
#1929=CARTESIAN_POINT('',(1.90113450044937,0.196566838266547,-0.631686302503196));
#1930=CARTESIAN_POINT('',(2.65227021446268,0.162280080316368,-0.523551617347252));
#1931=CARTESIAN_POINT('',(3.40340592847662,0.12799332236627,-0.415416932191222));
#1932=CARTESIAN_POINT('',(1.14999878643596,0.213179400728109,-0.683180102294127));
#1933=CARTESIAN_POINT('',(1.90113450044937,0.170962765138269,-0.57984130340259));
#1934=CARTESIAN_POINT('',(2.65227021446268,0.128746129548429,-0.476502504511053));
#1935=CARTESIAN_POINT('',(3.40340592847662,0.0865294939585265,-0.373163705619515));
#1936=CARTESIAN_POINT('',(1.14999878643596,0.195504898468871,-0.626538233814086));
#1937=CARTESIAN_POINT('',(1.90113450044937,0.145358247600493,-0.527995404429134));
#1938=CARTESIAN_POINT('',(2.65227021446268,0.0952115967321675,-0.429452575044182));
#1939=CARTESIAN_POINT('',(3.40340592847662,0.0450649458638063,-0.33090974565923));
#1940=CARTESIAN_POINT('',(1.14999878643596,0.17783070298035,-0.5698973484491));
#1941=CARTESIAN_POINT('',(1.90113450044937,0.119754174472314,-0.476150405328554));
#1942=CARTESIAN_POINT('',(2.65227021446268,0.0616776459642029,-0.382403462208095));
#1943=CARTESIAN_POINT('',(3.40340592847662,0.00360111745610585,-0.288656519087637));
#1944=CARTESIAN_POINT('',(1.14999878643596,0.177830396209615,-0.569896365334136));
#1945=CARTESIAN_POINT('',(1.90113450044937,0.119753730062816,-0.476149505455713));
#1946=CARTESIAN_POINT('',(2.65227021446268,0.0616770639159422,-0.382402645577377));
#1947=CARTESIAN_POINT('',(3.40340592847662,0.00360039776908253,-0.288655785699042));
#1948=EDGE_LOOP('',(#4451,#4452,#4453,#4454));
#1950=CARTESIAN_POINT('',(3.44979941157,0.03426349282248,-0.242240929293));
#1951=CARTESIAN_POINT('',(3.44979835631,0.03508413009102,-0.2430610654707));
#1952=CARTESIAN_POINT('',(3.449777875751,0.05094906411892,-0.2589162165113));
#1953=CARTESIAN_POINT('',(3.449734934385,0.08188417618239,-0.2898286557753));
#1954=CARTESIAN_POINT('',(3.449665261338,0.1262270235708,-0.3341296861136));
#1955=CARTESIAN_POINT('',(3.44961405261,0.1555259562566,-0.3633953023771));
#1956=CARTESIAN_POINT('',(3.449587978167,0.1697532455137,-0.3776051397695));
#1957=CARTESIAN_POINT('',(3.452744297725,0.01085986116833,-0.2651894449299));
#1958=CARTESIAN_POINT('',(3.452750973168,0.01168104924007,-0.2660091507871));
#1959=CARTESIAN_POINT('',(3.452879937225,0.02755666903602,-0.2818559457921));
#1960=CARTESIAN_POINT('',(3.45312806035,0.05851402608499,-0.3127507018384));
#1961=CARTESIAN_POINT('',(3.45347447681,0.1028925620052,-0.3570226278159));
#1962=CARTESIAN_POINT('',(3.453697338324,0.1322174957735,-0.3862666183199));
#1963=CARTESIAN_POINT('',(3.453804119432,0.1464579756469,-0.4004653946605));
#1964=CARTESIAN_POINT('',(3.429811506048,-0.005993374855663,-0.281714946448));
#1965=CARTESIAN_POINT('',(3.429823748463,-0.005176009226439,-0.2825384794628));
#1966=CARTESIAN_POINT('',(3.430060369789,0.01062574311042,-0.2984592346488));
#1967=CARTESIAN_POINT('',(3.430519694068,0.04144018863114,-0.3294971420836));
#1968=CARTESIAN_POINT('',(3.431172167315,0.0856170196484,-0.3739712744792));
#1969=CARTESIAN_POINT('',(3.431599275816,0.1148107573834,-0.4033468916343));
#1970=CARTESIAN_POINT('',(3.43180568998,0.1289880311715,-0.4176091060631));
#1971=CARTESIAN_POINT('',(3.396962756317,-0.004565997901479,-0.2803153268147));
#1972=CARTESIAN_POINT('',(3.396974527238,-0.003754167457689,-0.2811442806807));
#1973=CARTESIAN_POINT('',(3.397202086697,0.0119405775446,-0.2971698343763));
#1974=CARTESIAN_POINT('',(3.397645748215,0.04254642454271,-0.3284120913384));
#1975=CARTESIAN_POINT('',(3.398281223375,0.08642454820418,-0.3731790008837));
#1976=CARTESIAN_POINT('',(3.39870059528,0.1154212080712,-0.4027478821002));
#1977=CARTESIAN_POINT('',(3.398904073239,0.1295028718769,-0.4171038794733));
#1984=EDGE_LOOP('',(#4455,#4456,#4457,#4458,#4459));
#1985=AXIS2_PLACEMENT_3D('',#4460,#4461,#4462);
#1986=EDGE_LOOP('',(#4463,#4464,#4465,#4466,#4467,#4468));
#1987=AXIS2_PLACEMENT_3D('',#4469,#4470,#4471);
#1988=EDGE_LOOP('',(#4472,#4473,#4474,#4475,#4476));
#1989=AXIS2_PLACEMENT_3D('',#4477,#4478,#4479);
#1990=EDGE_LOOP('',(#4480,#4481,#4482,#4483));
#1991=AXIS2_PLACEMENT_3D('',#4484,#4485,#4486);
#1992=EDGE_LOOP('',(#4487,#4488,#4489,#4490,#4491,#4492));
#1993=CARTESIAN_POINT('',(1.1494027481187,-0.177732630661625,-0.570018859417436));
#1994=CARTESIAN_POINT('',(1.91634236748383,-0.118457918113714,-0.474309051904786));
#1995=CARTESIAN_POINT('',(2.68328198684931,-0.0591832055658378,-0.378599244392128));
#1996=CARTESIAN_POINT('',(3.45022160621416,9.15069820363107E-05,-0.282889436879385));
#1997=CARTESIAN_POINT('',(1.1494027481187,-0.177780889389225,-0.570003814027928));
#1998=CARTESIAN_POINT('',(1.91634236748383,-0.118498354248701,-0.474290756928763));
#1999=CARTESIAN_POINT('',(2.68328198684931,-0.0592158191082131,-0.378577699829589));
#2000=CARTESIAN_POINT('',(3.45022160621416,6.67160322732855E-05,-0.282864642730331));
#2001=CARTESIAN_POINT('',(1.1494027481187,-0.269581924647173,-0.54137041628675));
#2002=CARTESIAN_POINT('',(1.91634236748383,-0.195419359662007,-0.439479481641683));
#2003=CARTESIAN_POINT('',(2.68328198684931,-0.121256794676752,-0.337588546996527));
#2004=CARTESIAN_POINT('',(3.45022160621416,-0.0470942296914861,-0.23569761235137));
#2005=CARTESIAN_POINT('',(1.1494027481187,-0.43894631938557,-0.43894631938557));
#2006=CARTESIAN_POINT('',(1.91634236748383,-0.339761778587759,-0.339761778587759));
#2007=CARTESIAN_POINT('',(2.68328198684931,-0.240577237789947,-0.240577237789947));
#2008=CARTESIAN_POINT('',(3.45022160621416,-0.141392696992136,-0.141392696992136));
#2009=CARTESIAN_POINT('',(1.1494027481187,-0.541370367572868,-0.269582005198501));
#2010=CARTESIAN_POINT('',(1.91634236748383,-0.439479434214988,-0.195419428312644));
#2011=CARTESIAN_POINT('',(2.68328198684931,-0.337588500857021,-0.121256851426698));
#2012=CARTESIAN_POINT('',(3.45022160621416,-0.235697567499141,-0.0470942745407405));
#2013=CARTESIAN_POINT('',(1.1494027481187,-0.570003759568952,-0.177781063989123));
#2014=CARTESIAN_POINT('',(1.91634236748383,-0.474290690719851,-0.118498500547703));
#2015=CARTESIAN_POINT('',(2.68328198684931,-0.378577621870742,-0.0592159371063184));
#2016=CARTESIAN_POINT('',(3.45022160621416,-0.282864553021556,6.66263350645134E-05));
#2017=CARTESIAN_POINT('',(1.1494027481187,-0.570018777762813,-0.177732892572092));
#2018=CARTESIAN_POINT('',(1.91634236748383,-0.474308952613979,-0.118458137569295));
#2019=CARTESIAN_POINT('',(2.68328198684931,-0.378599127465137,-0.0591833825665348));
#2020=CARTESIAN_POINT('',(3.45022160621416,-0.282889302316217,9.13724362241795E-05));
#2021=EDGE_LOOP('',(#4493,#4494,#4495,#4496));
#2022=CARTESIAN_POINT('',(1.14999446577502,-0.569896904564473,-0.177830730271023));
#2023=CARTESIAN_POINT('',(1.90113166421602,-0.476149859420854,-0.119753949348083));
#2024=CARTESIAN_POINT('',(2.65226886265693,-0.382402814277322,-0.0616771684250691));
#2025=CARTESIAN_POINT('',(3.40340606109846,-0.288655769133791,-0.00360038750206905));
#2026=CARTESIAN_POINT('',(1.14999446577502,-0.56989788768577,-0.177831037042793));
#2027=CARTESIAN_POINT('',(1.90113166421602,-0.476150759299368,-0.119754393759708));
#2028=CARTESIAN_POINT('',(2.65226886265693,-0.382403630913053,-0.0616777504765482));
#2029=CARTESIAN_POINT('',(3.40340606109846,-0.288656502526738,-0.00360110719340239));
#2030=CARTESIAN_POINT('',(1.14999446577502,-0.626538800643393,-0.195505186919137));
#2031=CARTESIAN_POINT('',(1.90113166421602,-0.527995776514245,-0.145358436947909));
#2032=CARTESIAN_POINT('',(2.65226886265693,-0.429452752385096,-0.0952116869767324));
#2033=CARTESIAN_POINT('',(3.40340606109846,-0.330909728255947,-0.0450649370055202));
#2034=CARTESIAN_POINT('',(1.14999446577502,-0.683180696722378,-0.213179643567227));
#2035=CARTESIAN_POINT('',(1.90113166421602,-0.579841693607647,-0.170962924547822));
#2036=CARTESIAN_POINT('',(2.65226886265693,-0.476502690492915,-0.128746205528417));
#2037=CARTESIAN_POINT('',(3.40340606109846,-0.373163687378183,-0.0865294865089493));
#2038=CARTESIAN_POINT('',(1.14999446577502,-0.739821609679976,-0.230853793443568));
#2039=CARTESIAN_POINT('',(1.90113166421602,-0.631686710822503,-0.196566967736099));
#2040=CARTESIAN_POINT('',(2.65226886265693,-0.523551811965029,-0.162280142028545));
#2041=CARTESIAN_POINT('',(3.40340606109846,-0.415416913107468,-0.127993316321073));
#2042=CARTESIAN_POINT('',(1.14999446577502,-0.739822592801273,-0.230854100215339));
#2043=CARTESIAN_POINT('',(1.90113166421602,-0.631687610701017,-0.196567412147724));
#2044=CARTESIAN_POINT('',(2.65226886265693,-0.52355262860076,-0.162280724080024));
#2045=CARTESIAN_POINT('',(3.40340606109846,-0.415417646500415,-0.127994036012406));
#2046=EDGE_LOOP('',(#4497,#4498,#4499,#4500,#4501,#4502));
#2047=CARTESIAN_POINT('',(1.14940275203292,-0.177736155741212,0.570017759825488));
#2048=CARTESIAN_POINT('',(1.91634232798957,-0.118460875095163,0.474307720345634));
#2049=CARTESIAN_POINT('',(2.68328190394658,-0.0591855944491497,0.378597680865772));
#2050=CARTESIAN_POINT('',(3.45022147990296,8.96861968621813E-05,0.282887641385832));
#2051=CARTESIAN_POINT('',(1.14940275203292,-0.177783239247184,0.570003080503543));
#2052=CARTESIAN_POINT('',(1.91634232798957,-0.118500326524729,0.474289870665562));
#2053=CARTESIAN_POINT('',(2.68328190394658,-0.0592174138023098,0.378576660827574));
#2054=CARTESIAN_POINT('',(3.45022147990296,6.54989201079421E-05,0.282863450989507));
#2055=CARTESIAN_POINT('',(1.14940275203292,-0.269583008511222,0.541369760064778));
#2056=CARTESIAN_POINT('',(1.91634232798957,-0.195420287537129,0.439478848512578));
#2057=CARTESIAN_POINT('',(2.68328190394658,-0.121257566562947,0.33758793696029));
#2058=CARTESIAN_POINT('',(3.45022147990296,-0.0470948455887539,0.23569702540809));
#2059=CARTESIAN_POINT('',(1.14940275203292,-0.438946318879364,0.438946318879364));
#2060=CARTESIAN_POINT('',(1.91634232798957,-0.339761783695357,0.339761783695357));
#2061=CARTESIAN_POINT('',(2.68328190394658,-0.240577248511351,0.240577248511351));
#2062=CARTESIAN_POINT('',(3.45022147990296,-0.141392713327345,0.141392713327345));
#2063=CARTESIAN_POINT('',(1.14940275203292,-0.541369783253621,0.269582970167078));
#2064=CARTESIAN_POINT('',(1.91634232798957,-0.439478871088692,0.195420254857967));
#2065=CARTESIAN_POINT('',(2.68328190394658,-0.337587958923676,0.121257539548766));
#2066=CARTESIAN_POINT('',(3.45022147990296,-0.235697046758748,0.047094824239555));
#2067=CARTESIAN_POINT('',(1.14940275203292,-0.57000310642742,0.177783156134001));
#2068=CARTESIAN_POINT('',(1.91634232798957,-0.474289902182575,0.118500256883347));
#2069=CARTESIAN_POINT('',(2.68328190394658,-0.378576697937723,0.0592173576327292));
#2070=CARTESIAN_POINT('',(3.45022147990296,-0.282863493692792,-6.55416178872012E-05));
#2071=CARTESIAN_POINT('',(1.14940275203292,-0.570017798695566,0.177736031066499));
#2072=CARTESIAN_POINT('',(1.91634232798957,-0.474307767610662,0.118460770629798));
#2073=CARTESIAN_POINT('',(2.68328190394658,-0.37859773652575,0.059185510193133));
#2074=CARTESIAN_POINT('',(3.45022147990296,-0.282887705440761,-8.97502435305926E-05));
#2075=EDGE_LOOP('',(#4503,#4504,#4505,#4506));
#2077=CARTESIAN_POINT('',(3.449587944777,-0.377605565839,0.1697525319467));
#2078=CARTESIAN_POINT('',(3.449668952837,-0.3330236097994,0.1251169444707));
#2079=CARTESIAN_POINT('',(3.449737136192,-0.2884352106346,0.08048759211712));
#2080=CARTESIAN_POINT('',(3.44979281024,-0.2438394406495,0.03586540563252));
#2081=CARTESIAN_POINT('',(3.453803477766,-0.4004661785371,0.1464569204566));
#2082=CARTESIAN_POINT('',(3.453467985724,-0.355918564849,0.1017803293604));
#2083=CARTESIAN_POINT('',(3.453117345745,-0.3113585671519,0.05711597124101));
#2084=CARTESIAN_POINT('',(3.452752815946,-0.2667854158902,0.01246464128745));
#2085=CARTESIAN_POINT('',(3.431804021805,-0.4176096402866,0.1289872467264));
#2086=CARTESIAN_POINT('',(3.431156550725,-0.3728629294013,0.08450903562766));
#2087=CARTESIAN_POINT('',(3.430498817444,-0.3280988134581,0.04004830989566));
#2088=CARTESIAN_POINT('',(3.429832537306,-0.2833171291628,-0.004394731493178));
#2089=CARTESIAN_POINT('',(3.39890202246,-0.4171034594222,0.1295030581815));
#2090=CARTESIAN_POINT('',(3.398264242507,-0.3720627908996,0.08532453078729));
#2091=CARTESIAN_POINT('',(3.3976248944,-0.3270041109434,0.04116433982507));
#2092=CARTESIAN_POINT('',(3.396985346972,-0.2819278886614,-0.00297795761004));
#2099=EDGE_LOOP('',(#4507,#4508,#4509,#4510));
#2100=AXIS2_PLACEMENT_3D('',#4511,#4512,#4513);
#2101=EDGE_LOOP('',(#4514,#4515,#4516,#4517,#4518,#4519));
#2102=CARTESIAN_POINT('',(1.14923836719761,-0.740002281806589,0.230651091967511));
#2103=CARTESIAN_POINT('',(1.91622558538937,-0.629592374087784,0.195688146743921));
#2104=CARTESIAN_POINT('',(2.68321280358148,-0.519182466368979,0.16072520152025));
#2105=CARTESIAN_POINT('',(3.45020002177296,-0.408772558650175,0.125762256296667));
#2106=CARTESIAN_POINT('',(1.14923836719761,-0.739977698183779,0.230729963165945));
#2107=CARTESIAN_POINT('',(1.91622558538937,-0.629565581168789,0.195751129806796));
#2108=CARTESIAN_POINT('',(2.68321280358148,-0.519153464153798,0.160772296447566));
#2109=CARTESIAN_POINT('',(3.45020002177296,-0.408741347138807,0.125793463088425));
#2110=CARTESIAN_POINT('',(1.14923836719761,-0.702803034923715,0.349928428968053));
#2111=CARTESIAN_POINT('',(1.91622558538937,-0.589058294953604,0.290938574076748));
#2112=CARTESIAN_POINT('',(2.68321280358148,-0.475313554983494,0.231948719185446));
#2113=CARTESIAN_POINT('',(3.45020002177296,-0.361568815013384,0.172958864294234));
#2114=CARTESIAN_POINT('',(1.14923836719761,-0.569821316832538,0.569821316832538));
#2115=CARTESIAN_POINT('',(1.91622558538937,-0.468967565137282,0.468967565137282));
#2116=CARTESIAN_POINT('',(2.68321280358148,-0.368113813442118,0.368113813442118));
#2117=CARTESIAN_POINT('',(3.45020002177296,-0.267260061746956,0.267260061746956));
#2118=CARTESIAN_POINT('',(1.14923836719761,-0.349928829527528,0.702802792682651));
#2119=CARTESIAN_POINT('',(1.91622558538937,-0.290938898376455,0.589058076194916));
#2120=CARTESIAN_POINT('',(2.68321280358148,-0.231948967225386,0.475313359707182));
#2121=CARTESIAN_POINT('',(3.45020002177296,-0.172959036074406,0.361568643219448));
#2122=CARTESIAN_POINT('',(1.14923836719761,-0.230730831411809,0.739977427401783));
#2123=CARTESIAN_POINT('',(1.91622558538937,-0.195751823155542,0.629565286111974));
#2124=CARTESIAN_POINT('',(2.68321280358148,-0.160772814899193,0.519153144822166));
#2125=CARTESIAN_POINT('',(3.45020002177296,-0.125793806642933,0.408741003532357));
#2126=CARTESIAN_POINT('',(1.14923836719761,-0.230652394402638,0.740001875845026));
#2127=CARTESIAN_POINT('',(1.91622558538937,-0.195689186811258,0.629591931643511));
#2128=CARTESIAN_POINT('',(2.68321280358148,-0.160725979219797,0.519181987441996));
#2129=CARTESIAN_POINT('',(3.45020002177296,-0.125762771628424,0.408772043240481));
#2130=EDGE_LOOP('',(#4520,#4521,#4522,#4523));
#2131=CARTESIAN_POINT('',(1.14999969135257,-0.56989625237675,0.177830326237346));
#2132=CARTESIAN_POINT('',(1.9011351483075,-0.47614942458247,0.119753679963449));
#2133=CARTESIAN_POINT('',(2.65227060526234,-0.382402596788277,0.0616770336894767));
#2134=CARTESIAN_POINT('',(3.4034060622178,-0.288655768994085,0.00360038741551878));
#2135=CARTESIAN_POINT('',(1.14999969135257,-0.569897235497471,0.177830633010075));
#2136=CARTESIAN_POINT('',(1.9011351483075,-0.4761503244606,0.119754124375713));
#2137=CARTESIAN_POINT('',(2.65227060526234,-0.382403413423816,0.0616776157412763));
#2138=CARTESIAN_POINT('',(3.4034060622178,-0.288656502387034,0.00360110710685377));
#2139=CARTESIAN_POINT('',(1.14999969135257,-0.626538115090584,0.195504838053801));
#2140=CARTESIAN_POINT('',(1.9011351483075,-0.527995319430089,0.145358204346108));
#2141=CARTESIAN_POINT('',(2.65227060526234,-0.429452523769593,0.0952115706384669));
#2142=CARTESIAN_POINT('',(3.4034060622178,-0.330909728109097,0.0450649369307902));
#2143=CARTESIAN_POINT('',(1.14999969135257,-0.683179977804484,0.213179349870231));
#2144=CARTESIAN_POINT('',(1.9011351483075,-0.579841214277719,0.170962728728855));
#2145=CARTESIAN_POINT('',(2.65227060526234,-0.476502450750954,0.128746107587478));
#2146=CARTESIAN_POINT('',(3.4034060622178,-0.373163687224189,0.0865294864460395));
#2147=CARTESIAN_POINT('',(1.14999969135257,-0.739820857397573,0.230853554913954));
#2148=CARTESIAN_POINT('',(1.9011351483075,-0.631686209247188,0.196566808699326));
#2149=CARTESIAN_POINT('',(2.65227060526234,-0.523551561096801,0.162280062484613));
#2150=CARTESIAN_POINT('',(3.4034060622178,-0.415416912946328,0.127993316269982));
#2151=CARTESIAN_POINT('',(1.14999969135257,-0.739821840518293,0.230853861686683));
#2152=CARTESIAN_POINT('',(1.9011351483075,-0.631687109125318,0.19656725311159));
#2153=CARTESIAN_POINT('',(2.65227060526234,-0.523552377732341,0.162280644536413));
#2154=CARTESIAN_POINT('',(3.4034060622178,-0.415417646339277,0.127994035961317));
#2155=EDGE_LOOP('',(#4524,#4525,#4526,#4527));
#2156=CARTESIAN_POINT('',(1.14999848395913,-0.230853916794348,0.739822014319179));
#2157=CARTESIAN_POINT('',(1.90113429879814,-0.196567291880692,0.631687231406089));
#2158=CARTESIAN_POINT('',(2.65227011363706,-0.162280666966952,0.523552448492996));
#2159=CARTESIAN_POINT('',(3.40340592847662,-0.127994042053293,0.415417665579817));
#2160=CARTESIAN_POINT('',(1.14999848395913,-0.230853610023668,0.739821031204182));
#2161=CARTESIAN_POINT('',(1.90113429879814,-0.196566847471231,0.631686331533225));
#2162=CARTESIAN_POINT('',(2.65227011363706,-0.16228008491871,0.523551631862267));
#2163=CARTESIAN_POINT('',(3.40340592847662,-0.12799332236627,0.415416932191222));
#2164=CARTESIAN_POINT('',(1.14999848395913,-0.213179417728438,0.683180143907902));
#2165=CARTESIAN_POINT('',(1.90113429879814,-0.170962776471822,0.579841331145106));
#2166=CARTESIAN_POINT('',(2.65227011363706,-0.128746135215205,0.476502518382311));
#2167=CARTESIAN_POINT('',(3.40340592847662,-0.0865294939585265,0.373163705619515));
#2168=CARTESIAN_POINT('',(1.14999848395913,-0.195504918662558,0.62653827349656));
#2169=CARTESIAN_POINT('',(1.90113429879814,-0.145358261062951,0.527995430884116));
#2170=CARTESIAN_POINT('',(2.65227011363706,-0.0952116034633968,0.429452588271673));
#2171=CARTESIAN_POINT('',(3.40340592847662,-0.0450649458638063,0.33090974565923));
#2172=CARTESIAN_POINT('',(1.14999848395913,-0.177830726367342,0.569897386200305));
#2173=CARTESIAN_POINT('',(1.90113429879814,-0.119754190063642,0.476150430496025));
#2174=CARTESIAN_POINT('',(2.65227011363706,-0.0616776537598667,0.38240347479183));
#2175=CARTESIAN_POINT('',(3.40340592847662,-0.00360111745610585,0.288656519087637));
#2176=CARTESIAN_POINT('',(1.14999848395913,-0.177830419596662,0.569896403085307));
#2177=CARTESIAN_POINT('',(1.90113429879814,-0.11975374565418,0.476149530623161));
#2178=CARTESIAN_POINT('',(2.65227011363706,-0.0616770717116244,0.382402658161101));
#2179=CARTESIAN_POINT('',(3.40340592847662,-0.00360039776908254,0.288655785699042));
#2180=EDGE_LOOP('',(#4528,#4529,#4530,#4531));
#2182=CARTESIAN_POINT('',(3.44979941157,-0.03426349282248,0.242240929293));
#2183=CARTESIAN_POINT('',(3.44979835631,-0.03508413009102,0.2430610654707));
#2184=CARTESIAN_POINT('',(3.449777875751,-0.05094906411892,0.2589162165113));
#2185=CARTESIAN_POINT('',(3.449734934385,-0.08188417618239,0.2898286557753));
#2186=CARTESIAN_POINT('',(3.449665261338,-0.1262270235708,0.3341296861136));
#2187=CARTESIAN_POINT('',(3.44961405261,-0.1555259562566,0.3633953023771));
#2188=CARTESIAN_POINT('',(3.449587978167,-0.1697532455137,0.3776051397695));
#2189=CARTESIAN_POINT('',(3.452744297725,-0.01085986116833,0.2651894449299));
#2190=CARTESIAN_POINT('',(3.452750973168,-0.01168104924007,0.2660091507871));
#2191=CARTESIAN_POINT('',(3.452879937225,-0.02755666903602,0.2818559457921));
#2192=CARTESIAN_POINT('',(3.45312806035,-0.05851402608499,0.3127507018384));
#2193=CARTESIAN_POINT('',(3.45347447681,-0.1028925620052,0.3570226278159));
#2194=CARTESIAN_POINT('',(3.453697338324,-0.1322174957735,0.3862666183199));
#2195=CARTESIAN_POINT('',(3.453804119432,-0.1464579756469,0.4004653946605));
#2196=CARTESIAN_POINT('',(3.429811506048,0.005993374855663,0.281714946448));
#2197=CARTESIAN_POINT('',(3.429823748463,0.005176009226439,0.2825384794628));
#2198=CARTESIAN_POINT('',(3.430060369789,-0.01062574311042,0.2984592346488));
#2199=CARTESIAN_POINT('',(3.430519694068,-0.04144018863114,0.3294971420836));
#2200=CARTESIAN_POINT('',(3.431172167315,-0.0856170196484,0.3739712744792));
#2201=CARTESIAN_POINT('',(3.431599275816,-0.1148107573834,0.4033468916343));
#2202=CARTESIAN_POINT('',(3.43180568998,-0.1289880311715,0.4176091060631));
#2203=CARTESIAN_POINT('',(3.396962756317,0.004565997901479,0.2803153268147));
#2204=CARTESIAN_POINT('',(3.396974527238,0.003754167457689,0.2811442806807));
#2205=CARTESIAN_POINT('',(3.397202086697,-0.0119405775446,0.2971698343763));
#2206=CARTESIAN_POINT('',(3.397645748215,-0.04254642454271,0.3284120913384));
#2207=CARTESIAN_POINT('',(3.398281223375,-0.08642454820418,0.3731790008837));
#2208=CARTESIAN_POINT('',(3.39870059528,-0.1154212080712,0.4027478821002));
#2209=CARTESIAN_POINT('',(3.398904073239,-0.1295028718769,0.4171038794733));
#2216=EDGE_LOOP('',(#4532,#4533,#4534,#4535));
#2217=CARTESIAN_POINT('',(1.14999881560022,0.230853901656135,0.739821966575567));
#2218=CARTESIAN_POINT('',(1.9011345198922,0.19656728178855,0.631687199577013));
#2219=CARTESIAN_POINT('',(2.65227022418409,0.162280661920881,0.523552432578458));
#2220=CARTESIAN_POINT('',(3.40340592847662,0.127994042053293,0.415417665579817));
#2221=CARTESIAN_POINT('',(1.14999881560022,0.230853594885394,0.739820983460606));
#2222=CARTESIAN_POINT('',(1.9011345198922,0.196566837379049,0.631686299704175));
#2223=CARTESIAN_POINT('',(2.65227022418409,0.162280079872618,0.523551615947741));
#2224=CARTESIAN_POINT('',(3.40340592847662,0.12799332236627,0.415416932191222));
#2225=CARTESIAN_POINT('',(1.14999881560022,0.213179399088969,0.683180098281804));
#2226=CARTESIAN_POINT('',(1.9011345198922,0.170962764045509,0.579841300727708));
#2227=CARTESIAN_POINT('',(2.65227022418409,0.128746129002049,0.476502503173611));
#2228=CARTESIAN_POINT('',(3.40340592847662,0.0865294939585264,0.373163705619515));
#2229=CARTESIAN_POINT('',(1.14999881560022,0.195504896521833,0.626538229987976));
#2230=CARTESIAN_POINT('',(1.9011345198922,0.145358246302467,0.527995401878394));
#2231=CARTESIAN_POINT('',(2.65227022418409,0.0952115960831548,0.429452573768812));
#2232=CARTESIAN_POINT('',(3.40340592847662,0.0450649458638062,0.33090974565923));
#2233=CARTESIAN_POINT('',(1.14999881560022,0.17783070072542,0.569897344809199));
#2234=CARTESIAN_POINT('',(1.9011345198922,0.119754172969027,0.476150402901954));
#2235=CARTESIAN_POINT('',(2.65227022418409,0.0616776452125594,0.382403460994794));
#2236=CARTESIAN_POINT('',(3.40340592847662,0.00360111745610579,0.288656519087637));
#2237=CARTESIAN_POINT('',(1.14999881560022,0.177830393954679,0.569896361694238));
#2238=CARTESIAN_POINT('',(1.9011345198922,0.119753728559525,0.476149503029114));
#2239=CARTESIAN_POINT('',(2.65227022418409,0.0616770631642969,0.382402644364077));
#2240=CARTESIAN_POINT('',(3.40340592847662,0.00360039776908247,0.288655785699042));
#2241=FILL_AREA_STYLE_COLOUR('',#4536);
#2242=ORIENTED_EDGE('',*,*,#4537,.F.);
#2243=ORIENTED_EDGE('',*,*,#4538,.F.);
#2244=ORIENTED_EDGE('',*,*,#4539,.F.);
#2245=CARTESIAN_POINT('',(5.119248764725,0.0,0.0));
#2246=DIRECTION('',(-1.0,0.0,-0.0));
#2247=DIRECTION('',(0.0,1.0,0.0));
#2248=ORIENTED_EDGE('',*,*,#4540,.F.);
#2249=ORIENTED_EDGE('',*,*,#4541,.T.);
#2250=ORIENTED_EDGE('',*,*,#4542,.F.);
#2251=ORIENTED_EDGE('',*,*,#4538,.T.);
#2252=CARTESIAN_POINT('',(5.614818781553,0.0,0.0));
#2253=DIRECTION('',(1.0,-0.0,0.0));
#2254=DIRECTION('',(0.0,1.0,0.0));
#2255=ORIENTED_EDGE('',*,*,#4543,.F.);
#2256=ORIENTED_EDGE('',*,*,#4544,.T.);
#2257=ORIENTED_EDGE('',*,*,#4545,.F.);
#2258=ORIENTED_EDGE('',*,*,#4541,.F.);
#2259=CARTESIAN_POINT('',(0.2078460969083,0.0,0.0));
#2260=DIRECTION('',(-1.0,0.0,-0.0));
#2261=DIRECTION('',(0.0,1.0,0.0));
#2262=ORIENTED_EDGE('',*,*,#4546,.F.);
#2263=ORIENTED_EDGE('',*,*,#4547,.T.);
#2264=ORIENTED_EDGE('',*,*,#4548,.F.);
#2265=ORIENTED_EDGE('',*,*,#4549,.T.);
#2266=CARTESIAN_POINT('',(0.075,0.0,0.0));
#2267=DIRECTION('',(1.0,0.0,-0.0));
#2268=DIRECTION('',(0.0,-1.0,0.0));
#2269=ORIENTED_EDGE('',*,*,#4550,.F.);
#2270=ORIENTED_EDGE('',*,*,#4551,.T.);
#2271=ORIENTED_EDGE('',*,*,#4552,.F.);
#2272=ORIENTED_EDGE('',*,*,#4553,.T.);
#2273=CARTESIAN_POINT('',(0.4583947577694,0.0,0.0));
#2274=DIRECTION('',(-1.0,0.0,-0.0));
#2275=DIRECTION('',(0.0,1.0,0.0));
#2276=ORIENTED_EDGE('',*,*,#4554,.F.);
#2277=ORIENTED_EDGE('',*,*,#4551,.F.);
#2278=ORIENTED_EDGE('',*,*,#4555,.F.);
#2279=ORIENTED_EDGE('',*,*,#4556,.F.);
#2280=CARTESIAN_POINT('',(0.560088581774,0.0,0.0));
#2281=DIRECTION('',(1.0,0.0,-0.0));
#2282=DIRECTION('',(0.0,-1.0,0.0));
#2283=ORIENTED_EDGE('',*,*,#4557,.F.);
#2284=ORIENTED_EDGE('',*,*,#4549,.F.);
#2285=ORIENTED_EDGE('',*,*,#4558,.F.);
#2286=ORIENTED_EDGE('',*,*,#4553,.F.);
#2287=CARTESIAN_POINT('',(-0.285,0.0,0.0));
#2288=DIRECTION('',(-1.0,-0.0,0.0));
#2289=DIRECTION('',(0.0,-1.0,0.0));
#2290=ORIENTED_EDGE('',*,*,#4559,.F.);
#2291=ORIENTED_EDGE('',*,*,#4556,.T.);
#2292=ORIENTED_EDGE('',*,*,#4560,.F.);
#2293=ORIENTED_EDGE('',*,*,#4561,.T.);
#2294=CARTESIAN_POINT('',(-0.285,0.0,0.0));
#2295=DIRECTION('',(-1.0,-0.0,0.0));
#2296=DIRECTION('',(0.0,-1.0,0.0));
#2297=ORIENTED_EDGE('',*,*,#4562,.F.);
#2298=ORIENTED_EDGE('',*,*,#4563,.T.);
#2299=ORIENTED_EDGE('',*,*,#4564,.F.);
#2300=ORIENTED_EDGE('',*,*,#4565,.F.);
#2301=ORIENTED_EDGE('',*,*,#4566,.T.);
#2302=ORIENTED_EDGE('',*,*,#4567,.T.);
#2303=ORIENTED_EDGE('',*,*,#4568,.T.);
#2304=ORIENTED_EDGE('',*,*,#4569,.T.);
#2305=ORIENTED_EDGE('',*,*,#4570,.T.);
#2306=ORIENTED_EDGE('',*,*,#4571,.T.);
#2307=ORIENTED_EDGE('',*,*,#4572,.T.);
#2308=ORIENTED_EDGE('',*,*,#4573,.T.);
#2309=ORIENTED_EDGE('',*,*,#4574,.T.);
#2310=ORIENTED_EDGE('',*,*,#4575,.T.);
#2311=ORIENTED_EDGE('',*,*,#4576,.T.);
#2312=ORIENTED_EDGE('',*,*,#4577,.T.);
#2313=ORIENTED_EDGE('',*,*,#4578,.T.);
#2314=ORIENTED_EDGE('',*,*,#4579,.T.);
#2315=ORIENTED_EDGE('',*,*,#4580,.T.);
#2316=ORIENTED_EDGE('',*,*,#4581,.T.);
#2317=ORIENTED_EDGE('',*,*,#4582,.T.);
#2318=ORIENTED_EDGE('',*,*,#4583,.T.);
#2319=ORIENTED_EDGE('',*,*,#4584,.T.);
#2320=ORIENTED_EDGE('',*,*,#4585,.T.);
#2321=CARTESIAN_POINT('',(-0.285,0.0,0.0));
#2322=DIRECTION('',(-1.0,-0.0,0.0));
#2323=DIRECTION('',(0.0,-1.0,0.0));
#2324=ORIENTED_EDGE('',*,*,#4586,.F.);
#2325=ORIENTED_EDGE('',*,*,#4587,.F.);
#2326=ORIENTED_EDGE('',*,*,#4588,.T.);
#2327=ORIENTED_EDGE('',*,*,#4589,.F.);
#2328=CARTESIAN_POINT('',(-0.285,0.0,0.0));
#2329=DIRECTION('',(-1.0,0.0,-0.0));
#2330=DIRECTION('',(0.0,1.0,-1.22464679914735E-16));
#2331=ORIENTED_EDGE('',*,*,#4590,.F.);
#2332=ORIENTED_EDGE('',*,*,#4591,.F.);
#2333=ORIENTED_EDGE('',*,*,#4592,.T.);
#2334=ORIENTED_EDGE('',*,*,#4593,.F.);
#2335=CARTESIAN_POINT('',(-0.285,0.0,0.0));
#2336=DIRECTION('',(-1.0,-0.0,0.0));
#2337=DIRECTION('',(0.0,-1.0,0.0));
#2338=ORIENTED_EDGE('',*,*,#4594,.F.);
#2339=ORIENTED_EDGE('',*,*,#4595,.F.);
#2340=ORIENTED_EDGE('',*,*,#4596,.T.);
#2341=ORIENTED_EDGE('',*,*,#4597,.F.);
#2342=ORIENTED_EDGE('',*,*,#4598,.T.);
#2343=ORIENTED_EDGE('',*,*,#4599,.F.);
#2344=ORIENTED_EDGE('',*,*,#4600,.T.);
#2345=ORIENTED_EDGE('',*,*,#4601,.F.);
#2346=ORIENTED_EDGE('',*,*,#4602,.T.);
#2347=ORIENTED_EDGE('',*,*,#4603,.F.);
#2348=ORIENTED_EDGE('',*,*,#4604,.T.);
#2349=ORIENTED_EDGE('',*,*,#4605,.F.);
#2350=ORIENTED_EDGE('',*,*,#4606,.T.);
#2351=ORIENTED_EDGE('',*,*,#4607,.F.);
#2352=ORIENTED_EDGE('',*,*,#4608,.T.);
#2353=ORIENTED_EDGE('',*,*,#4609,.F.);
#2354=ORIENTED_EDGE('',*,*,#4610,.T.);
#2355=ORIENTED_EDGE('',*,*,#4611,.F.);
#2356=ORIENTED_EDGE('',*,*,#4612,.T.);
#2357=ORIENTED_EDGE('',*,*,#4613,.F.);
#2358=ORIENTED_EDGE('',*,*,#4614,.T.);
#2359=ORIENTED_EDGE('',*,*,#4615,.F.);
#2360=ORIENTED_EDGE('',*,*,#4616,.T.);
#2361=ORIENTED_EDGE('',*,*,#4617,.F.);
#2362=ORIENTED_EDGE('',*,*,#4618,.T.);
#2363=ORIENTED_EDGE('',*,*,#4619,.F.);
#2364=ORIENTED_EDGE('',*,*,#4620,.T.);
#2365=ORIENTED_EDGE('',*,*,#4621,.F.);
#2366=ORIENTED_EDGE('',*,*,#4622,.T.);
#2367=ORIENTED_EDGE('',*,*,#4623,.F.);
#2368=ORIENTED_EDGE('',*,*,#4624,.T.);
#2369=ORIENTED_EDGE('',*,*,#4625,.F.);
#2370=ORIENTED_EDGE('',*,*,#4626,.T.);
#2371=ORIENTED_EDGE('',*,*,#4627,.F.);
#2372=ORIENTED_EDGE('',*,*,#4628,.T.);
#2373=ORIENTED_EDGE('',*,*,#4629,.F.);
#2374=ORIENTED_EDGE('',*,*,#4630,.T.);
#2375=ORIENTED_EDGE('',*,*,#4631,.F.);
#2376=ORIENTED_EDGE('',*,*,#4632,.T.);
#2377=ORIENTED_EDGE('',*,*,#4633,.F.);
#2378=ORIENTED_EDGE('',*,*,#4634,.T.);
#2379=ORIENTED_EDGE('',*,*,#4635,.T.);
#2380=ORIENTED_EDGE('',*,*,#4636,.F.);
#2381=ORIENTED_EDGE('',*,*,#4637,.F.);
#2382=CARTESIAN_POINT('',(-0.285,0.0,0.0));
#2383=DIRECTION('',(-1.0,-0.0,0.0));
#2384=DIRECTION('',(0.0,-1.0,0.0));
#2385=ORIENTED_EDGE('',*,*,#4638,.F.);
#2386=ORIENTED_EDGE('',*,*,#4639,.T.);
#2387=ORIENTED_EDGE('',*,*,#4640,.F.);
#2388=ORIENTED_EDGE('',*,*,#4637,.T.);
#2389=CARTESIAN_POINT('',(5.575,0.0,0.0));
#2390=DIRECTION('',(-1.0,0.0,-0.0));
#2391=DIRECTION('',(0.0,1.0,0.0));
#2392=ORIENTED_EDGE('',*,*,#4641,.F.);
#2393=ORIENTED_EDGE('',*,*,#4639,.F.);
#2394=CARTESIAN_POINT('',(5.7,0.0,0.0));
#2395=DIRECTION('',(1.0,0.0,0.0));
#2396=DIRECTION('',(0.0,1.0,0.0));
#2397=ORIENTED_EDGE('',*,*,#4638,.T.);
#2398=ORIENTED_EDGE('',*,*,#4642,.T.);
#2399=ORIENTED_EDGE('',*,*,#4640,.T.);
#2400=ORIENTED_EDGE('',*,*,#4641,.T.);
#2401=CARTESIAN_POINT('',(5.575,0.0,0.0));
#2402=DIRECTION('',(-1.0,0.0,-0.0));
#2403=DIRECTION('',(0.0,1.0,0.0));
#2404=ORIENTED_EDGE('',*,*,#4594,.T.);
#2405=ORIENTED_EDGE('',*,*,#4642,.F.);
#2406=ORIENTED_EDGE('',*,*,#4636,.T.);
#2407=ORIENTED_EDGE('',*,*,#4643,.T.);
#2408=ORIENTED_EDGE('',*,*,#4644,.T.);
#2409=ORIENTED_EDGE('',*,*,#4645,.T.);
#2410=ORIENTED_EDGE('',*,*,#4646,.T.);
#2411=ORIENTED_EDGE('',*,*,#4647,.T.);
#2412=ORIENTED_EDGE('',*,*,#4648,.T.);
#2413=ORIENTED_EDGE('',*,*,#4649,.T.);
#2414=ORIENTED_EDGE('',*,*,#4650,.T.);
#2415=ORIENTED_EDGE('',*,*,#4651,.T.);
#2416=ORIENTED_EDGE('',*,*,#4652,.T.);
#2417=ORIENTED_EDGE('',*,*,#4653,.T.);
#2418=ORIENTED_EDGE('',*,*,#4654,.T.);
#2419=ORIENTED_EDGE('',*,*,#4655,.T.);
#2420=ORIENTED_EDGE('',*,*,#4656,.T.);
#2421=ORIENTED_EDGE('',*,*,#4657,.T.);
#2422=ORIENTED_EDGE('',*,*,#4658,.T.);
#2423=ORIENTED_EDGE('',*,*,#4659,.T.);
#2424=ORIENTED_EDGE('',*,*,#4660,.T.);
#2425=ORIENTED_EDGE('',*,*,#4661,.T.);
#2426=ORIENTED_EDGE('',*,*,#4662,.T.);
#2427=ORIENTED_EDGE('',*,*,#4663,.T.);
#2428=ORIENTED_EDGE('',*,*,#4664,.T.);
#2429=ORIENTED_EDGE('',*,*,#4665,.T.);
#2430=ORIENTED_EDGE('',*,*,#4666,.T.);
#2431=ORIENTED_EDGE('',*,*,#4667,.T.);
#2432=ORIENTED_EDGE('',*,*,#4668,.T.);
#2433=ORIENTED_EDGE('',*,*,#4669,.T.);
#2434=ORIENTED_EDGE('',*,*,#4670,.T.);
#2435=ORIENTED_EDGE('',*,*,#4671,.T.);
#2436=ORIENTED_EDGE('',*,*,#4672,.T.);
#2437=ORIENTED_EDGE('',*,*,#4673,.T.);
#2438=ORIENTED_EDGE('',*,*,#4674,.T.);
#2439=ORIENTED_EDGE('',*,*,#4675,.T.);
#2440=ORIENTED_EDGE('',*,*,#4676,.T.);
#2441=ORIENTED_EDGE('',*,*,#4677,.T.);
#2442=ORIENTED_EDGE('',*,*,#4678,.T.);
#2443=ORIENTED_EDGE('',*,*,#4679,.T.);
#2444=ORIENTED_EDGE('',*,*,#4680,.T.);
#2445=ORIENTED_EDGE('',*,*,#4681,.T.);
#2446=ORIENTED_EDGE('',*,*,#4682,.T.);
#2447=ORIENTED_EDGE('',*,*,#4683,.F.);
#2448=CARTESIAN_POINT('',(-0.285,0.0,0.0));
#2449=DIRECTION('',(-1.0,-0.0,0.0));
#2450=DIRECTION('',(0.0,-1.0,0.0));
#2451=ORIENTED_EDGE('',*,*,#4684,.T.);
#2452=ORIENTED_EDGE('',*,*,#4645,.F.);
#2453=ORIENTED_EDGE('',*,*,#4685,.T.);
#2454=ORIENTED_EDGE('',*,*,#4686,.T.);
#2455=CARTESIAN_POINT('',(2.4,0.0,0.0));
#2456=DIRECTION('',(1.0,0.0,0.0));
#2457=DIRECTION('',(0.0,1.0,0.0));
#2458=ORIENTED_EDGE('',*,*,#4687,.T.);
#2459=ORIENTED_EDGE('',*,*,#4647,.F.);
#2460=ORIENTED_EDGE('',*,*,#4688,.T.);
#2461=ORIENTED_EDGE('',*,*,#4689,.T.);
#2462=CARTESIAN_POINT('',(2.4,0.0,0.0));
#2463=DIRECTION('',(1.0,0.0,0.0));
#2464=DIRECTION('',(0.0,1.0,0.0));
#2465=ORIENTED_EDGE('',*,*,#4690,.T.);
#2466=ORIENTED_EDGE('',*,*,#4649,.F.);
#2467=ORIENTED_EDGE('',*,*,#4691,.T.);
#2468=ORIENTED_EDGE('',*,*,#4692,.T.);
#2469=CARTESIAN_POINT('',(2.4,0.0,0.0));
#2470=DIRECTION('',(1.0,0.0,0.0));
#2471=DIRECTION('',(0.0,1.0,0.0));
#2472=ORIENTED_EDGE('',*,*,#4693,.T.);
#2473=ORIENTED_EDGE('',*,*,#4651,.F.);
#2474=ORIENTED_EDGE('',*,*,#4694,.T.);
#2475=ORIENTED_EDGE('',*,*,#4695,.T.);
#2476=CARTESIAN_POINT('',(2.4,0.0,0.0));
#2477=DIRECTION('',(1.0,0.0,0.0));
#2478=DIRECTION('',(0.0,1.0,0.0));
#2479=ORIENTED_EDGE('',*,*,#4696,.T.);
#2480=ORIENTED_EDGE('',*,*,#4653,.F.);
#2481=ORIENTED_EDGE('',*,*,#4697,.T.);
#2482=ORIENTED_EDGE('',*,*,#4698,.T.);
#2483=CARTESIAN_POINT('',(2.4,0.0,0.0));
#2484=DIRECTION('',(1.0,0.0,0.0));
#2485=DIRECTION('',(0.0,1.0,0.0));
#2486=ORIENTED_EDGE('',*,*,#4699,.T.);
#2487=ORIENTED_EDGE('',*,*,#4655,.F.);
#2488=ORIENTED_EDGE('',*,*,#4700,.T.);
#2489=ORIENTED_EDGE('',*,*,#4701,.T.);
#2490=CARTESIAN_POINT('',(2.4,0.0,0.0));
#2491=DIRECTION('',(1.0,0.0,0.0));
#2492=DIRECTION('',(0.0,1.0,0.0));
#2493=ORIENTED_EDGE('',*,*,#4702,.T.);
#2494=ORIENTED_EDGE('',*,*,#4657,.F.);
#2495=ORIENTED_EDGE('',*,*,#4703,.T.);
#2496=ORIENTED_EDGE('',*,*,#4704,.T.);
#2497=CARTESIAN_POINT('',(2.4,0.0,0.0));
#2498=DIRECTION('',(1.0,0.0,0.0));
#2499=DIRECTION('',(0.0,1.0,0.0));
#2500=ORIENTED_EDGE('',*,*,#4705,.T.);
#2501=ORIENTED_EDGE('',*,*,#4659,.F.);
#2502=ORIENTED_EDGE('',*,*,#4706,.T.);
#2503=ORIENTED_EDGE('',*,*,#4707,.T.);
#2504=CARTESIAN_POINT('',(2.4,0.0,0.0));
#2505=DIRECTION('',(1.0,0.0,0.0));
#2506=DIRECTION('',(0.0,1.0,0.0));
#2507=ORIENTED_EDGE('',*,*,#4708,.T.);
#2508=ORIENTED_EDGE('',*,*,#4661,.F.);
#2509=ORIENTED_EDGE('',*,*,#4709,.T.);
#2510=ORIENTED_EDGE('',*,*,#4710,.T.);
#2511=CARTESIAN_POINT('',(2.4,0.0,0.0));
#2512=DIRECTION('',(1.0,0.0,0.0));
#2513=DIRECTION('',(0.0,1.0,0.0));
#2514=ORIENTED_EDGE('',*,*,#4711,.T.);
#2515=ORIENTED_EDGE('',*,*,#4663,.F.);
#2516=ORIENTED_EDGE('',*,*,#4712,.T.);
#2517=ORIENTED_EDGE('',*,*,#4713,.T.);
#2518=CARTESIAN_POINT('',(2.4,0.0,0.0));
#2519=DIRECTION('',(1.0,0.0,0.0));
#2520=DIRECTION('',(0.0,1.0,0.0));
#2521=ORIENTED_EDGE('',*,*,#4714,.T.);
#2522=ORIENTED_EDGE('',*,*,#4665,.F.);
#2523=ORIENTED_EDGE('',*,*,#4715,.T.);
#2524=ORIENTED_EDGE('',*,*,#4716,.T.);
#2525=CARTESIAN_POINT('',(2.4,0.0,0.0));
#2526=DIRECTION('',(1.0,0.0,0.0));
#2527=DIRECTION('',(0.0,1.0,0.0));
#2528=ORIENTED_EDGE('',*,*,#4717,.T.);
#2529=ORIENTED_EDGE('',*,*,#4667,.F.);
#2530=ORIENTED_EDGE('',*,*,#4718,.T.);
#2531=ORIENTED_EDGE('',*,*,#4719,.T.);
#2532=CARTESIAN_POINT('',(2.4,0.0,0.0));
#2533=DIRECTION('',(1.0,0.0,0.0));
#2534=DIRECTION('',(0.0,1.0,0.0));
#2535=ORIENTED_EDGE('',*,*,#4720,.T.);
#2536=ORIENTED_EDGE('',*,*,#4669,.F.);
#2537=ORIENTED_EDGE('',*,*,#4721,.T.);
#2538=ORIENTED_EDGE('',*,*,#4722,.T.);
#2539=CARTESIAN_POINT('',(2.4,0.0,0.0));
#2540=DIRECTION('',(1.0,0.0,0.0));
#2541=DIRECTION('',(0.0,1.0,0.0));
#2542=ORIENTED_EDGE('',*,*,#4723,.T.);
#2543=ORIENTED_EDGE('',*,*,#4671,.F.);
#2544=ORIENTED_EDGE('',*,*,#4724,.T.);
#2545=ORIENTED_EDGE('',*,*,#4725,.T.);
#2546=CARTESIAN_POINT('',(2.4,0.0,0.0));
#2547=DIRECTION('',(1.0,0.0,0.0));
#2548=DIRECTION('',(0.0,1.0,0.0));
#2549=ORIENTED_EDGE('',*,*,#4726,.T.);
#2550=ORIENTED_EDGE('',*,*,#4673,.F.);
#2551=ORIENTED_EDGE('',*,*,#4727,.T.);
#2552=ORIENTED_EDGE('',*,*,#4728,.T.);
#2553=CARTESIAN_POINT('',(2.4,0.0,0.0));
#2554=DIRECTION('',(1.0,0.0,0.0));
#2555=DIRECTION('',(0.0,1.0,0.0));
#2556=ORIENTED_EDGE('',*,*,#4729,.T.);
#2557=ORIENTED_EDGE('',*,*,#4675,.F.);
#2558=ORIENTED_EDGE('',*,*,#4730,.T.);
#2559=ORIENTED_EDGE('',*,*,#4731,.T.);
#2560=CARTESIAN_POINT('',(2.4,0.0,0.0));
#2561=DIRECTION('',(1.0,0.0,0.0));
#2562=DIRECTION('',(0.0,1.0,0.0));
#2563=ORIENTED_EDGE('',*,*,#4732,.T.);
#2564=ORIENTED_EDGE('',*,*,#4677,.F.);
#2565=ORIENTED_EDGE('',*,*,#4733,.T.);
#2566=ORIENTED_EDGE('',*,*,#4734,.T.);
#2567=CARTESIAN_POINT('',(2.4,0.0,0.0));
#2568=DIRECTION('',(1.0,0.0,0.0));
#2569=DIRECTION('',(0.0,1.0,0.0));
#2570=ORIENTED_EDGE('',*,*,#4735,.T.);
#2571=ORIENTED_EDGE('',*,*,#4679,.F.);
#2572=ORIENTED_EDGE('',*,*,#4736,.T.);
#2573=ORIENTED_EDGE('',*,*,#4737,.T.);
#2574=CARTESIAN_POINT('',(2.4,0.0,0.0));
#2575=DIRECTION('',(1.0,0.0,0.0));
#2576=DIRECTION('',(0.0,1.0,0.0));
#2577=ORIENTED_EDGE('',*,*,#4738,.T.);
#2578=ORIENTED_EDGE('',*,*,#4681,.F.);
#2579=ORIENTED_EDGE('',*,*,#4739,.T.);
#2580=ORIENTED_EDGE('',*,*,#4740,.T.);
#2581=CARTESIAN_POINT('',(2.4,0.0,0.0));
#2582=DIRECTION('',(1.0,0.0,0.0));
#2583=DIRECTION('',(0.0,1.0,0.0));
#2584=ORIENTED_EDGE('',*,*,#4741,.T.);
#2585=ORIENTED_EDGE('',*,*,#4595,.T.);
#2586=ORIENTED_EDGE('',*,*,#4683,.T.);
#2587=ORIENTED_EDGE('',*,*,#4742,.T.);
#2588=ORIENTED_EDGE('',*,*,#4743,.T.);
#2589=ORIENTED_EDGE('',*,*,#4593,.T.);
#2590=CARTESIAN_POINT('',(2.4,0.0,0.0));
#2591=DIRECTION('',(1.0,0.0,0.0));
#2592=DIRECTION('',(0.0,1.0,0.0));
#2593=ORIENTED_EDGE('',*,*,#4744,.T.);
#2594=ORIENTED_EDGE('',*,*,#4597,.T.);
#2595=ORIENTED_EDGE('',*,*,#4745,.T.);
#2596=ORIENTED_EDGE('',*,*,#4746,.T.);
#2597=CARTESIAN_POINT('',(2.4,0.0,0.0));
#2598=DIRECTION('',(1.0,0.0,0.0));
#2599=DIRECTION('',(0.0,1.0,0.0));
#2600=ORIENTED_EDGE('',*,*,#4747,.T.);
#2601=ORIENTED_EDGE('',*,*,#4599,.T.);
#2602=ORIENTED_EDGE('',*,*,#4748,.T.);
#2603=ORIENTED_EDGE('',*,*,#4749,.T.);
#2604=CARTESIAN_POINT('',(2.4,0.0,0.0));
#2605=DIRECTION('',(1.0,0.0,0.0));
#2606=DIRECTION('',(0.0,1.0,0.0));
#2607=ORIENTED_EDGE('',*,*,#4750,.T.);
#2608=ORIENTED_EDGE('',*,*,#4601,.T.);
#2609=ORIENTED_EDGE('',*,*,#4751,.T.);
#2610=ORIENTED_EDGE('',*,*,#4752,.T.);
#2611=CARTESIAN_POINT('',(2.4,0.0,0.0));
#2612=DIRECTION('',(1.0,0.0,0.0));
#2613=DIRECTION('',(0.0,1.0,0.0));
#2614=ORIENTED_EDGE('',*,*,#4753,.T.);
#2615=ORIENTED_EDGE('',*,*,#4603,.T.);
#2616=ORIENTED_EDGE('',*,*,#4754,.T.);
#2617=ORIENTED_EDGE('',*,*,#4755,.T.);
#2618=CARTESIAN_POINT('',(2.4,0.0,0.0));
#2619=DIRECTION('',(1.0,0.0,0.0));
#2620=DIRECTION('',(0.0,1.0,0.0));
#2621=ORIENTED_EDGE('',*,*,#4756,.T.);
#2622=ORIENTED_EDGE('',*,*,#4605,.T.);
#2623=ORIENTED_EDGE('',*,*,#4757,.T.);
#2624=ORIENTED_EDGE('',*,*,#4758,.T.);
#2625=CARTESIAN_POINT('',(2.4,0.0,0.0));
#2626=DIRECTION('',(1.0,0.0,0.0));
#2627=DIRECTION('',(0.0,1.0,0.0));
#2628=ORIENTED_EDGE('',*,*,#4759,.T.);
#2629=ORIENTED_EDGE('',*,*,#4607,.T.);
#2630=ORIENTED_EDGE('',*,*,#4760,.T.);
#2631=ORIENTED_EDGE('',*,*,#4761,.T.);
#2632=CARTESIAN_POINT('',(2.4,0.0,0.0));
#2633=DIRECTION('',(1.0,0.0,0.0));
#2634=DIRECTION('',(0.0,1.0,0.0));
#2635=ORIENTED_EDGE('',*,*,#4762,.T.);
#2636=ORIENTED_EDGE('',*,*,#4609,.T.);
#2637=ORIENTED_EDGE('',*,*,#4763,.T.);
#2638=ORIENTED_EDGE('',*,*,#4764,.T.);
#2639=CARTESIAN_POINT('',(2.4,0.0,0.0));
#2640=DIRECTION('',(1.0,0.0,0.0));
#2641=DIRECTION('',(0.0,1.0,0.0));
#2642=ORIENTED_EDGE('',*,*,#4765,.T.);
#2643=ORIENTED_EDGE('',*,*,#4611,.T.);
#2644=ORIENTED_EDGE('',*,*,#4766,.T.);
#2645=ORIENTED_EDGE('',*,*,#4767,.T.);
#2646=CARTESIAN_POINT('',(2.4,0.0,0.0));
#2647=DIRECTION('',(1.0,0.0,0.0));
#2648=DIRECTION('',(0.0,1.0,0.0));
#2649=ORIENTED_EDGE('',*,*,#4768,.T.);
#2650=ORIENTED_EDGE('',*,*,#4613,.T.);
#2651=ORIENTED_EDGE('',*,*,#4769,.T.);
#2652=ORIENTED_EDGE('',*,*,#4770,.T.);
#2653=CARTESIAN_POINT('',(2.4,0.0,0.0));
#2654=DIRECTION('',(1.0,0.0,0.0));
#2655=DIRECTION('',(0.0,1.0,0.0));
#2656=ORIENTED_EDGE('',*,*,#4771,.T.);
#2657=ORIENTED_EDGE('',*,*,#4615,.T.);
#2658=ORIENTED_EDGE('',*,*,#4772,.T.);
#2659=ORIENTED_EDGE('',*,*,#4773,.T.);
#2660=CARTESIAN_POINT('',(2.4,0.0,0.0));
#2661=DIRECTION('',(1.0,0.0,0.0));
#2662=DIRECTION('',(0.0,1.0,0.0));
#2663=ORIENTED_EDGE('',*,*,#4774,.T.);
#2664=ORIENTED_EDGE('',*,*,#4617,.T.);
#2665=ORIENTED_EDGE('',*,*,#4775,.T.);
#2666=ORIENTED_EDGE('',*,*,#4776,.T.);
#2667=CARTESIAN_POINT('',(2.4,0.0,0.0));
#2668=DIRECTION('',(1.0,0.0,0.0));
#2669=DIRECTION('',(0.0,1.0,0.0));
#2670=ORIENTED_EDGE('',*,*,#4777,.T.);
#2671=ORIENTED_EDGE('',*,*,#4619,.T.);
#2672=ORIENTED_EDGE('',*,*,#4778,.T.);
#2673=ORIENTED_EDGE('',*,*,#4779,.T.);
#2674=CARTESIAN_POINT('',(2.4,0.0,0.0));
#2675=DIRECTION('',(1.0,0.0,0.0));
#2676=DIRECTION('',(0.0,1.0,0.0));
#2677=ORIENTED_EDGE('',*,*,#4780,.T.);
#2678=ORIENTED_EDGE('',*,*,#4621,.T.);
#2679=ORIENTED_EDGE('',*,*,#4781,.T.);
#2680=ORIENTED_EDGE('',*,*,#4782,.T.);
#2681=CARTESIAN_POINT('',(2.4,0.0,0.0));
#2682=DIRECTION('',(1.0,0.0,0.0));
#2683=DIRECTION('',(0.0,1.0,0.0));
#2684=ORIENTED_EDGE('',*,*,#4783,.T.);
#2685=ORIENTED_EDGE('',*,*,#4623,.T.);
#2686=ORIENTED_EDGE('',*,*,#4784,.T.);
#2687=ORIENTED_EDGE('',*,*,#4785,.T.);
#2688=CARTESIAN_POINT('',(2.4,0.0,0.0));
#2689=DIRECTION('',(1.0,0.0,0.0));
#2690=DIRECTION('',(0.0,1.0,0.0));
#2691=ORIENTED_EDGE('',*,*,#4786,.T.);
#2692=ORIENTED_EDGE('',*,*,#4625,.T.);
#2693=ORIENTED_EDGE('',*,*,#4787,.T.);
#2694=ORIENTED_EDGE('',*,*,#4788,.T.);
#2695=CARTESIAN_POINT('',(2.4,0.0,0.0));
#2696=DIRECTION('',(1.0,0.0,0.0));
#2697=DIRECTION('',(0.0,1.0,0.0));
#2698=ORIENTED_EDGE('',*,*,#4789,.T.);
#2699=ORIENTED_EDGE('',*,*,#4627,.T.);
#2700=ORIENTED_EDGE('',*,*,#4790,.T.);
#2701=ORIENTED_EDGE('',*,*,#4791,.T.);
#2702=CARTESIAN_POINT('',(2.4,0.0,0.0));
#2703=DIRECTION('',(1.0,0.0,0.0));
#2704=DIRECTION('',(0.0,1.0,0.0));
#2705=ORIENTED_EDGE('',*,*,#4792,.T.);
#2706=ORIENTED_EDGE('',*,*,#4629,.T.);
#2707=ORIENTED_EDGE('',*,*,#4793,.T.);
#2708=ORIENTED_EDGE('',*,*,#4794,.T.);
#2709=CARTESIAN_POINT('',(2.4,0.0,0.0));
#2710=DIRECTION('',(1.0,0.0,0.0));
#2711=DIRECTION('',(0.0,1.0,0.0));
#2712=ORIENTED_EDGE('',*,*,#4795,.T.);
#2713=ORIENTED_EDGE('',*,*,#4631,.T.);
#2714=ORIENTED_EDGE('',*,*,#4796,.T.);
#2715=ORIENTED_EDGE('',*,*,#4797,.T.);
#2716=CARTESIAN_POINT('',(2.4,0.0,0.0));
#2717=DIRECTION('',(1.0,0.0,0.0));
#2718=DIRECTION('',(0.0,1.0,0.0));
#2719=ORIENTED_EDGE('',*,*,#4798,.T.);
#2720=ORIENTED_EDGE('',*,*,#4633,.T.);
#2721=ORIENTED_EDGE('',*,*,#4799,.T.);
#2722=ORIENTED_EDGE('',*,*,#4800,.T.);
#2723=CARTESIAN_POINT('',(2.4,0.0,0.0));
#2724=DIRECTION('',(1.0,0.0,0.0));
#2725=DIRECTION('',(0.0,1.0,0.0));
#2726=ORIENTED_EDGE('',*,*,#4801,.T.);
#2727=ORIENTED_EDGE('',*,*,#4802,.T.);
#2728=ORIENTED_EDGE('',*,*,#4589,.T.);
#2729=ORIENTED_EDGE('',*,*,#4803,.T.);
#2730=ORIENTED_EDGE('',*,*,#4643,.F.);
#2731=ORIENTED_EDGE('',*,*,#4635,.F.);
#2732=CARTESIAN_POINT('',(2.4,0.0,0.0));
#2733=DIRECTION('',(1.0,0.0,0.0));
#2734=DIRECTION('',(0.0,1.0,0.0));
#2735=ORIENTED_EDGE('',*,*,#4804,.F.);
#2736=ORIENTED_EDGE('',*,*,#4805,.T.);
#2737=ORIENTED_EDGE('',*,*,#4806,.T.);
#2738=ORIENTED_EDGE('',*,*,#4807,.F.);
#2739=ORIENTED_EDGE('',*,*,#4684,.F.);
#2740=CARTESIAN_POINT('',(1.4,1.000568145642,0.1705531762429));
#2741=DIRECTION('',(0.0,-0.52249856471591,-0.852640164354116));
#2742=DIRECTION('',(0.0,-0.852640164354116,0.52249856471591));
#2743=ORIENTED_EDGE('',*,*,#4804,.T.);
#2744=ORIENTED_EDGE('',*,*,#4686,.F.);
#2745=ORIENTED_EDGE('',*,*,#4808,.F.);
#2746=ORIENTED_EDGE('',*,*,#4809,.F.);
#2747=CARTESIAN_POINT('',(-0.285,0.0,0.0));
#2748=DIRECTION('',(-1.0,-0.0,0.0));
#2749=DIRECTION('',(0.0,-1.0,0.0));
#2750=ORIENTED_EDGE('',*,*,#4810,.T.);
#2751=ORIENTED_EDGE('',*,*,#4689,.F.);
#2752=ORIENTED_EDGE('',*,*,#4811,.F.);
#2753=ORIENTED_EDGE('',*,*,#4812,.F.);
#2754=CARTESIAN_POINT('',(-0.285,0.0,0.0));
#2755=DIRECTION('',(-1.0,-0.0,0.0));
#2756=DIRECTION('',(0.0,-1.0,0.0));
#2757=ORIENTED_EDGE('',*,*,#4813,.T.);
#2758=ORIENTED_EDGE('',*,*,#4692,.F.);
#2759=ORIENTED_EDGE('',*,*,#4814,.F.);
#2760=ORIENTED_EDGE('',*,*,#4815,.F.);
#2761=CARTESIAN_POINT('',(-0.285,0.0,0.0));
#2762=DIRECTION('',(-1.0,-0.0,0.0));
#2763=DIRECTION('',(0.0,-1.0,0.0));
#2764=ORIENTED_EDGE('',*,*,#4816,.T.);
#2765=ORIENTED_EDGE('',*,*,#4695,.F.);
#2766=ORIENTED_EDGE('',*,*,#4817,.F.);
#2767=ORIENTED_EDGE('',*,*,#4818,.F.);
#2768=CARTESIAN_POINT('',(-0.285,0.0,0.0));
#2769=DIRECTION('',(-1.0,-0.0,0.0));
#2770=DIRECTION('',(0.0,-1.0,0.0));
#2771=ORIENTED_EDGE('',*,*,#4819,.T.);
#2772=ORIENTED_EDGE('',*,*,#4698,.F.);
#2773=ORIENTED_EDGE('',*,*,#4820,.F.);
#2774=ORIENTED_EDGE('',*,*,#4821,.F.);
#2775=CARTESIAN_POINT('',(-0.285,0.0,0.0));
#2776=DIRECTION('',(-1.0,-0.0,0.0));
#2777=DIRECTION('',(0.0,-1.0,0.0));
#2778=ORIENTED_EDGE('',*,*,#4822,.T.);
#2779=ORIENTED_EDGE('',*,*,#4701,.F.);
#2780=ORIENTED_EDGE('',*,*,#4823,.F.);
#2781=ORIENTED_EDGE('',*,*,#4824,.F.);
#2782=CARTESIAN_POINT('',(-0.285,0.0,0.0));
#2783=DIRECTION('',(-1.0,-0.0,0.0));
#2784=DIRECTION('',(0.0,-1.0,0.0));
#2785=ORIENTED_EDGE('',*,*,#4825,.T.);
#2786=ORIENTED_EDGE('',*,*,#4704,.F.);
#2787=ORIENTED_EDGE('',*,*,#4826,.F.);
#2788=ORIENTED_EDGE('',*,*,#4827,.F.);
#2789=CARTESIAN_POINT('',(-0.285,0.0,0.0));
#2790=DIRECTION('',(-1.0,-0.0,0.0));
#2791=DIRECTION('',(0.0,-1.0,0.0));
#2792=ORIENTED_EDGE('',*,*,#4828,.T.);
#2793=ORIENTED_EDGE('',*,*,#4707,.F.);
#2794=ORIENTED_EDGE('',*,*,#4829,.F.);
#2795=ORIENTED_EDGE('',*,*,#4830,.F.);
#2796=CARTESIAN_POINT('',(-0.285,0.0,0.0));
#2797=DIRECTION('',(-1.0,-0.0,0.0));
#2798=DIRECTION('',(0.0,-1.0,0.0));
#2799=ORIENTED_EDGE('',*,*,#4831,.T.);
#2800=ORIENTED_EDGE('',*,*,#4710,.F.);
#2801=ORIENTED_EDGE('',*,*,#4832,.F.);
#2802=ORIENTED_EDGE('',*,*,#4833,.F.);
#2803=CARTESIAN_POINT('',(-0.285,0.0,0.0));
#2804=DIRECTION('',(-1.0,-0.0,0.0));
#2805=DIRECTION('',(0.0,-1.0,0.0));
#2806=ORIENTED_EDGE('',*,*,#4834,.T.);
#2807=ORIENTED_EDGE('',*,*,#4713,.F.);
#2808=ORIENTED_EDGE('',*,*,#4835,.F.);
#2809=ORIENTED_EDGE('',*,*,#4836,.F.);
#2810=CARTESIAN_POINT('',(-0.285,0.0,0.0));
#2811=DIRECTION('',(-1.0,-0.0,0.0));
#2812=DIRECTION('',(0.0,-1.0,0.0));
#2813=ORIENTED_EDGE('',*,*,#4837,.T.);
#2814=ORIENTED_EDGE('',*,*,#4716,.F.);
#2815=ORIENTED_EDGE('',*,*,#4838,.F.);
#2816=ORIENTED_EDGE('',*,*,#4839,.F.);
#2817=CARTESIAN_POINT('',(-0.285,0.0,0.0));
#2818=DIRECTION('',(-1.0,-0.0,0.0));
#2819=DIRECTION('',(0.0,-1.0,0.0));
#2820=ORIENTED_EDGE('',*,*,#4840,.T.);
#2821=ORIENTED_EDGE('',*,*,#4719,.F.);
#2822=ORIENTED_EDGE('',*,*,#4841,.F.);
#2823=ORIENTED_EDGE('',*,*,#4842,.F.);
#2824=CARTESIAN_POINT('',(-0.285,0.0,0.0));
#2825=DIRECTION('',(-1.0,-0.0,0.0));
#2826=DIRECTION('',(0.0,-1.0,0.0));
#2827=ORIENTED_EDGE('',*,*,#4843,.T.);
#2828=ORIENTED_EDGE('',*,*,#4722,.F.);
#2829=ORIENTED_EDGE('',*,*,#4844,.F.);
#2830=ORIENTED_EDGE('',*,*,#4845,.F.);
#2831=CARTESIAN_POINT('',(-0.285,0.0,0.0));
#2832=DIRECTION('',(-1.0,-0.0,0.0));
#2833=DIRECTION('',(0.0,-1.0,0.0));
#2834=ORIENTED_EDGE('',*,*,#4846,.T.);
#2835=ORIENTED_EDGE('',*,*,#4725,.F.);
#2836=ORIENTED_EDGE('',*,*,#4847,.F.);
#2837=ORIENTED_EDGE('',*,*,#4848,.F.);
#2838=CARTESIAN_POINT('',(-0.285,0.0,0.0));
#2839=DIRECTION('',(-1.0,-0.0,0.0));
#2840=DIRECTION('',(0.0,-1.0,0.0));
#2841=ORIENTED_EDGE('',*,*,#4849,.T.);
#2842=ORIENTED_EDGE('',*,*,#4728,.F.);
#2843=ORIENTED_EDGE('',*,*,#4850,.F.);
#2844=ORIENTED_EDGE('',*,*,#4851,.F.);
#2845=CARTESIAN_POINT('',(-0.285,0.0,0.0));
#2846=DIRECTION('',(-1.0,-0.0,0.0));
#2847=DIRECTION('',(0.0,-1.0,0.0));
#2848=ORIENTED_EDGE('',*,*,#4852,.T.);
#2849=ORIENTED_EDGE('',*,*,#4731,.F.);
#2850=ORIENTED_EDGE('',*,*,#4853,.F.);
#2851=ORIENTED_EDGE('',*,*,#4854,.F.);
#2852=CARTESIAN_POINT('',(-0.285,0.0,0.0));
#2853=DIRECTION('',(-1.0,-0.0,0.0));
#2854=DIRECTION('',(0.0,-1.0,0.0));
#2855=ORIENTED_EDGE('',*,*,#4855,.T.);
#2856=ORIENTED_EDGE('',*,*,#4734,.F.);
#2857=ORIENTED_EDGE('',*,*,#4856,.F.);
#2858=ORIENTED_EDGE('',*,*,#4857,.F.);
#2859=CARTESIAN_POINT('',(-0.285,0.0,0.0));
#2860=DIRECTION('',(-1.0,-0.0,0.0));
#2861=DIRECTION('',(0.0,-1.0,0.0));
#2862=ORIENTED_EDGE('',*,*,#4858,.T.);
#2863=ORIENTED_EDGE('',*,*,#4737,.F.);
#2864=ORIENTED_EDGE('',*,*,#4859,.F.);
#2865=ORIENTED_EDGE('',*,*,#4860,.F.);
#2866=CARTESIAN_POINT('',(-0.285,0.0,0.0));
#2867=DIRECTION('',(-1.0,-0.0,0.0));
#2868=DIRECTION('',(0.0,-1.0,0.0));
#2869=ORIENTED_EDGE('',*,*,#4861,.T.);
#2870=ORIENTED_EDGE('',*,*,#4740,.F.);
#2871=ORIENTED_EDGE('',*,*,#4862,.F.);
#2872=ORIENTED_EDGE('',*,*,#4863,.F.);
#2873=CARTESIAN_POINT('',(-0.285,0.0,0.0));
#2874=DIRECTION('',(-1.0,-0.0,0.0));
#2875=DIRECTION('',(0.0,-1.0,0.0));
#2876=ORIENTED_EDGE('',*,*,#4590,.T.);
#2877=ORIENTED_EDGE('',*,*,#4743,.F.);
#2878=ORIENTED_EDGE('',*,*,#4864,.F.);
#2879=ORIENTED_EDGE('',*,*,#4865,.F.);
#2880=CARTESIAN_POINT('',(-0.285,0.0,0.0));
#2881=DIRECTION('',(-1.0,-0.0,0.0));
#2882=DIRECTION('',(0.0,-1.0,0.0));
#2883=ORIENTED_EDGE('',*,*,#4866,.T.);
#2884=ORIENTED_EDGE('',*,*,#4746,.F.);
#2885=ORIENTED_EDGE('',*,*,#4867,.F.);
#2886=ORIENTED_EDGE('',*,*,#4868,.F.);
#2887=CARTESIAN_POINT('',(-0.285,0.0,0.0));
#2888=DIRECTION('',(-1.0,-0.0,0.0));
#2889=DIRECTION('',(0.0,-1.0,0.0));
#2890=ORIENTED_EDGE('',*,*,#4869,.T.);
#2891=ORIENTED_EDGE('',*,*,#4749,.F.);
#2892=ORIENTED_EDGE('',*,*,#4870,.F.);
#2893=ORIENTED_EDGE('',*,*,#4871,.F.);
#2894=CARTESIAN_POINT('',(-0.285,0.0,0.0));
#2895=DIRECTION('',(-1.0,-0.0,0.0));
#2896=DIRECTION('',(0.0,-1.0,0.0));
#2897=ORIENTED_EDGE('',*,*,#4872,.T.);
#2898=ORIENTED_EDGE('',*,*,#4752,.F.);
#2899=ORIENTED_EDGE('',*,*,#4873,.F.);
#2900=ORIENTED_EDGE('',*,*,#4874,.F.);
#2901=CARTESIAN_POINT('',(-0.285,0.0,0.0));
#2902=DIRECTION('',(-1.0,-0.0,0.0));
#2903=DIRECTION('',(0.0,-1.0,0.0));
#2904=ORIENTED_EDGE('',*,*,#4875,.T.);
#2905=ORIENTED_EDGE('',*,*,#4755,.F.);
#2906=ORIENTED_EDGE('',*,*,#4876,.F.);
#2907=ORIENTED_EDGE('',*,*,#4877,.F.);
#2908=CARTESIAN_POINT('',(-0.285,0.0,0.0));
#2909=DIRECTION('',(-1.0,-0.0,0.0));
#2910=DIRECTION('',(0.0,-1.0,0.0));
#2911=ORIENTED_EDGE('',*,*,#4878,.T.);
#2912=ORIENTED_EDGE('',*,*,#4758,.F.);
#2913=ORIENTED_EDGE('',*,*,#4879,.F.);
#2914=ORIENTED_EDGE('',*,*,#4880,.F.);
#2915=CARTESIAN_POINT('',(-0.285,0.0,0.0));
#2916=DIRECTION('',(-1.0,-0.0,0.0));
#2917=DIRECTION('',(0.0,-1.0,0.0));
#2918=ORIENTED_EDGE('',*,*,#4881,.T.);
#2919=ORIENTED_EDGE('',*,*,#4761,.F.);
#2920=ORIENTED_EDGE('',*,*,#4882,.F.);
#2921=ORIENTED_EDGE('',*,*,#4883,.F.);
#2922=CARTESIAN_POINT('',(-0.285,0.0,0.0));
#2923=DIRECTION('',(-1.0,-0.0,0.0));
#2924=DIRECTION('',(0.0,-1.0,0.0));
#2925=ORIENTED_EDGE('',*,*,#4884,.T.);
#2926=ORIENTED_EDGE('',*,*,#4764,.F.);
#2927=ORIENTED_EDGE('',*,*,#4885,.F.);
#2928=ORIENTED_EDGE('',*,*,#4886,.F.);
#2929=CARTESIAN_POINT('',(-0.285,0.0,0.0));
#2930=DIRECTION('',(-1.0,-0.0,0.0));
#2931=DIRECTION('',(0.0,-1.0,0.0));
#2932=ORIENTED_EDGE('',*,*,#4887,.T.);
#2933=ORIENTED_EDGE('',*,*,#4767,.F.);
#2934=ORIENTED_EDGE('',*,*,#4888,.F.);
#2935=ORIENTED_EDGE('',*,*,#4889,.F.);
#2936=CARTESIAN_POINT('',(-0.285,0.0,0.0));
#2937=DIRECTION('',(-1.0,-0.0,0.0));
#2938=DIRECTION('',(0.0,-1.0,0.0));
#2939=ORIENTED_EDGE('',*,*,#4890,.T.);
#2940=ORIENTED_EDGE('',*,*,#4770,.F.);
#2941=ORIENTED_EDGE('',*,*,#4891,.F.);
#2942=ORIENTED_EDGE('',*,*,#4892,.F.);
#2943=CARTESIAN_POINT('',(-0.285,0.0,0.0));
#2944=DIRECTION('',(-1.0,-0.0,0.0));
#2945=DIRECTION('',(0.0,-1.0,0.0));
#2946=ORIENTED_EDGE('',*,*,#4893,.T.);
#2947=ORIENTED_EDGE('',*,*,#4773,.F.);
#2948=ORIENTED_EDGE('',*,*,#4894,.F.);
#2949=ORIENTED_EDGE('',*,*,#4895,.F.);
#2950=CARTESIAN_POINT('',(-0.285,0.0,0.0));
#2951=DIRECTION('',(-1.0,-0.0,0.0));
#2952=DIRECTION('',(0.0,-1.0,0.0));
#2953=ORIENTED_EDGE('',*,*,#4896,.T.);
#2954=ORIENTED_EDGE('',*,*,#4776,.F.);
#2955=ORIENTED_EDGE('',*,*,#4897,.F.);
#2956=ORIENTED_EDGE('',*,*,#4898,.F.);
#2957=CARTESIAN_POINT('',(-0.285,0.0,0.0));
#2958=DIRECTION('',(-1.0,-0.0,0.0));
#2959=DIRECTION('',(0.0,-1.0,0.0));
#2960=ORIENTED_EDGE('',*,*,#4899,.T.);
#2961=ORIENTED_EDGE('',*,*,#4779,.F.);
#2962=ORIENTED_EDGE('',*,*,#4900,.F.);
#2963=ORIENTED_EDGE('',*,*,#4901,.F.);
#2964=CARTESIAN_POINT('',(-0.285,0.0,0.0));
#2965=DIRECTION('',(-1.0,-0.0,0.0));
#2966=DIRECTION('',(0.0,-1.0,0.0));
#2967=ORIENTED_EDGE('',*,*,#4902,.T.);
#2968=ORIENTED_EDGE('',*,*,#4782,.F.);
#2969=ORIENTED_EDGE('',*,*,#4903,.F.);
#2970=ORIENTED_EDGE('',*,*,#4904,.F.);
#2971=CARTESIAN_POINT('',(-0.285,0.0,0.0));
#2972=DIRECTION('',(-1.0,-0.0,0.0));
#2973=DIRECTION('',(0.0,-1.0,0.0));
#2974=ORIENTED_EDGE('',*,*,#4905,.T.);
#2975=ORIENTED_EDGE('',*,*,#4785,.F.);
#2976=ORIENTED_EDGE('',*,*,#4906,.F.);
#2977=ORIENTED_EDGE('',*,*,#4907,.F.);
#2978=CARTESIAN_POINT('',(-0.285,0.0,0.0));
#2979=DIRECTION('',(-1.0,-0.0,0.0));
#2980=DIRECTION('',(0.0,-1.0,0.0));
#2981=ORIENTED_EDGE('',*,*,#4908,.T.);
#2982=ORIENTED_EDGE('',*,*,#4788,.F.);
#2983=ORIENTED_EDGE('',*,*,#4909,.F.);
#2984=ORIENTED_EDGE('',*,*,#4910,.F.);
#2985=CARTESIAN_POINT('',(-0.285,0.0,0.0));
#2986=DIRECTION('',(-1.0,-0.0,0.0));
#2987=DIRECTION('',(0.0,-1.0,0.0));
#2988=ORIENTED_EDGE('',*,*,#4911,.T.);
#2989=ORIENTED_EDGE('',*,*,#4791,.F.);
#2990=ORIENTED_EDGE('',*,*,#4912,.F.);
#2991=ORIENTED_EDGE('',*,*,#4913,.F.);
#2992=CARTESIAN_POINT('',(-0.285,0.0,0.0));
#2993=DIRECTION('',(-1.0,-0.0,0.0));
#2994=DIRECTION('',(0.0,-1.0,0.0));
#2995=ORIENTED_EDGE('',*,*,#4914,.T.);
#2996=ORIENTED_EDGE('',*,*,#4794,.F.);
#2997=ORIENTED_EDGE('',*,*,#4915,.F.);
#2998=ORIENTED_EDGE('',*,*,#4916,.F.);
#2999=CARTESIAN_POINT('',(-0.285,0.0,0.0));
#3000=DIRECTION('',(-1.0,-0.0,0.0));
#3001=DIRECTION('',(0.0,-1.0,0.0));
#3002=ORIENTED_EDGE('',*,*,#4917,.T.);
#3003=ORIENTED_EDGE('',*,*,#4797,.F.);
#3004=ORIENTED_EDGE('',*,*,#4918,.F.);
#3005=ORIENTED_EDGE('',*,*,#4919,.F.);
#3006=CARTESIAN_POINT('',(-0.285,0.0,0.0));
#3007=DIRECTION('',(-1.0,-0.0,0.0));
#3008=DIRECTION('',(0.0,-1.0,0.0));
#3009=ORIENTED_EDGE('',*,*,#4920,.T.);
#3010=ORIENTED_EDGE('',*,*,#4800,.F.);
#3011=ORIENTED_EDGE('',*,*,#4921,.F.);
#3012=ORIENTED_EDGE('',*,*,#4922,.F.);
#3013=CARTESIAN_POINT('',(-0.285,0.0,0.0));
#3014=DIRECTION('',(-1.0,-0.0,0.0));
#3015=DIRECTION('',(0.0,-1.0,0.0));
#3016=ORIENTED_EDGE('',*,*,#4586,.T.);
#3017=ORIENTED_EDGE('',*,*,#4802,.F.);
#3018=ORIENTED_EDGE('',*,*,#4923,.F.);
#3019=ORIENTED_EDGE('',*,*,#4924,.F.);
#3020=CARTESIAN_POINT('',(-0.285,0.0,0.0));
#3021=DIRECTION('',(-1.0,0.0,-0.0));
#3022=DIRECTION('',(0.0,1.0,-1.22464679914735E-16));
#3023=ORIENTED_EDGE('',*,*,#4805,.F.);
#3024=ORIENTED_EDGE('',*,*,#4809,.T.);
#3025=ORIENTED_EDGE('',*,*,#4925,.F.);
#3026=ORIENTED_EDGE('',*,*,#4926,.T.);
#3027=CARTESIAN_POINT('',(1.4,0.0,0.0));
#3028=DIRECTION('',(1.0,0.0,0.0));
#3029=DIRECTION('',(0.0,1.0,0.0));
#3030=ORIENTED_EDGE('',*,*,#4927,.F.);
#3031=ORIENTED_EDGE('',*,*,#4812,.T.);
#3032=ORIENTED_EDGE('',*,*,#4928,.F.);
#3033=ORIENTED_EDGE('',*,*,#4929,.T.);
#3034=CARTESIAN_POINT('',(1.4,0.0,0.0));
#3035=DIRECTION('',(1.0,0.0,0.0));
#3036=DIRECTION('',(0.0,1.0,0.0));
#3037=ORIENTED_EDGE('',*,*,#4930,.F.);
#3038=ORIENTED_EDGE('',*,*,#4815,.T.);
#3039=ORIENTED_EDGE('',*,*,#4931,.F.);
#3040=ORIENTED_EDGE('',*,*,#4932,.T.);
#3041=CARTESIAN_POINT('',(1.4,0.0,0.0));
#3042=DIRECTION('',(1.0,0.0,0.0));
#3043=DIRECTION('',(0.0,1.0,0.0));
#3044=ORIENTED_EDGE('',*,*,#4933,.F.);
#3045=ORIENTED_EDGE('',*,*,#4818,.T.);
#3046=ORIENTED_EDGE('',*,*,#4934,.F.);
#3047=ORIENTED_EDGE('',*,*,#4935,.T.);
#3048=CARTESIAN_POINT('',(1.4,0.0,0.0));
#3049=DIRECTION('',(1.0,0.0,0.0));
#3050=DIRECTION('',(0.0,1.0,0.0));
#3051=ORIENTED_EDGE('',*,*,#4936,.F.);
#3052=ORIENTED_EDGE('',*,*,#4821,.T.);
#3053=ORIENTED_EDGE('',*,*,#4937,.F.);
#3054=ORIENTED_EDGE('',*,*,#4938,.T.);
#3055=CARTESIAN_POINT('',(1.4,0.0,0.0));
#3056=DIRECTION('',(1.0,0.0,0.0));
#3057=DIRECTION('',(0.0,1.0,0.0));
#3058=ORIENTED_EDGE('',*,*,#4939,.F.);
#3059=ORIENTED_EDGE('',*,*,#4824,.T.);
#3060=ORIENTED_EDGE('',*,*,#4940,.F.);
#3061=ORIENTED_EDGE('',*,*,#4941,.T.);
#3062=CARTESIAN_POINT('',(1.4,0.0,0.0));
#3063=DIRECTION('',(1.0,0.0,0.0));
#3064=DIRECTION('',(0.0,1.0,0.0));
#3065=ORIENTED_EDGE('',*,*,#4942,.F.);
#3066=ORIENTED_EDGE('',*,*,#4827,.T.);
#3067=ORIENTED_EDGE('',*,*,#4943,.F.);
#3068=ORIENTED_EDGE('',*,*,#4944,.T.);
#3069=CARTESIAN_POINT('',(1.4,0.0,0.0));
#3070=DIRECTION('',(1.0,0.0,0.0));
#3071=DIRECTION('',(0.0,1.0,0.0));
#3072=ORIENTED_EDGE('',*,*,#4945,.F.);
#3073=ORIENTED_EDGE('',*,*,#4830,.T.);
#3074=ORIENTED_EDGE('',*,*,#4946,.F.);
#3075=ORIENTED_EDGE('',*,*,#4947,.T.);
#3076=CARTESIAN_POINT('',(1.4,0.0,0.0));
#3077=DIRECTION('',(1.0,0.0,0.0));
#3078=DIRECTION('',(0.0,1.0,0.0));
#3079=ORIENTED_EDGE('',*,*,#4948,.F.);
#3080=ORIENTED_EDGE('',*,*,#4833,.T.);
#3081=ORIENTED_EDGE('',*,*,#4949,.F.);
#3082=ORIENTED_EDGE('',*,*,#4950,.T.);
#3083=CARTESIAN_POINT('',(1.4,0.0,0.0));
#3084=DIRECTION('',(1.0,0.0,0.0));
#3085=DIRECTION('',(0.0,1.0,0.0));
#3086=ORIENTED_EDGE('',*,*,#4951,.F.);
#3087=ORIENTED_EDGE('',*,*,#4836,.T.);
#3088=ORIENTED_EDGE('',*,*,#4952,.F.);
#3089=ORIENTED_EDGE('',*,*,#4953,.T.);
#3090=CARTESIAN_POINT('',(1.4,0.0,0.0));
#3091=DIRECTION('',(1.0,0.0,0.0));
#3092=DIRECTION('',(0.0,1.0,0.0));
#3093=ORIENTED_EDGE('',*,*,#4954,.F.);
#3094=ORIENTED_EDGE('',*,*,#4839,.T.);
#3095=ORIENTED_EDGE('',*,*,#4955,.F.);
#3096=ORIENTED_EDGE('',*,*,#4956,.T.);
#3097=CARTESIAN_POINT('',(1.4,0.0,0.0));
#3098=DIRECTION('',(1.0,0.0,0.0));
#3099=DIRECTION('',(0.0,1.0,0.0));
#3100=ORIENTED_EDGE('',*,*,#4957,.F.);
#3101=ORIENTED_EDGE('',*,*,#4842,.T.);
#3102=ORIENTED_EDGE('',*,*,#4958,.F.);
#3103=ORIENTED_EDGE('',*,*,#4959,.T.);
#3104=CARTESIAN_POINT('',(1.4,0.0,0.0));
#3105=DIRECTION('',(1.0,0.0,0.0));
#3106=DIRECTION('',(0.0,1.0,0.0));
#3107=ORIENTED_EDGE('',*,*,#4960,.F.);
#3108=ORIENTED_EDGE('',*,*,#4845,.T.);
#3109=ORIENTED_EDGE('',*,*,#4961,.F.);
#3110=ORIENTED_EDGE('',*,*,#4962,.T.);
#3111=CARTESIAN_POINT('',(1.4,0.0,0.0));
#3112=DIRECTION('',(1.0,0.0,0.0));
#3113=DIRECTION('',(0.0,1.0,0.0));
#3114=ORIENTED_EDGE('',*,*,#4963,.F.);
#3115=ORIENTED_EDGE('',*,*,#4848,.T.);
#3116=ORIENTED_EDGE('',*,*,#4964,.F.);
#3117=ORIENTED_EDGE('',*,*,#4965,.T.);
#3118=CARTESIAN_POINT('',(1.4,0.0,0.0));
#3119=DIRECTION('',(1.0,0.0,0.0));
#3120=DIRECTION('',(0.0,1.0,0.0));
#3121=ORIENTED_EDGE('',*,*,#4966,.F.);
#3122=ORIENTED_EDGE('',*,*,#4851,.T.);
#3123=ORIENTED_EDGE('',*,*,#4967,.F.);
#3124=ORIENTED_EDGE('',*,*,#4968,.T.);
#3125=CARTESIAN_POINT('',(1.4,0.0,0.0));
#3126=DIRECTION('',(1.0,0.0,0.0));
#3127=DIRECTION('',(0.0,1.0,0.0));
#3128=ORIENTED_EDGE('',*,*,#4969,.F.);
#3129=ORIENTED_EDGE('',*,*,#4854,.T.);
#3130=ORIENTED_EDGE('',*,*,#4970,.F.);
#3131=ORIENTED_EDGE('',*,*,#4971,.T.);
#3132=CARTESIAN_POINT('',(1.4,0.0,0.0));
#3133=DIRECTION('',(1.0,0.0,0.0));
#3134=DIRECTION('',(0.0,1.0,0.0));
#3135=ORIENTED_EDGE('',*,*,#4972,.F.);
#3136=ORIENTED_EDGE('',*,*,#4857,.T.);
#3137=ORIENTED_EDGE('',*,*,#4973,.F.);
#3138=ORIENTED_EDGE('',*,*,#4974,.T.);
#3139=CARTESIAN_POINT('',(1.4,0.0,0.0));
#3140=DIRECTION('',(1.0,0.0,0.0));
#3141=DIRECTION('',(0.0,1.0,0.0));
#3142=ORIENTED_EDGE('',*,*,#4975,.F.);
#3143=ORIENTED_EDGE('',*,*,#4860,.T.);
#3144=ORIENTED_EDGE('',*,*,#4976,.F.);
#3145=ORIENTED_EDGE('',*,*,#4977,.T.);
#3146=CARTESIAN_POINT('',(1.4,0.0,0.0));
#3147=DIRECTION('',(1.0,0.0,0.0));
#3148=DIRECTION('',(0.0,1.0,0.0));
#3149=ORIENTED_EDGE('',*,*,#4978,.F.);
#3150=ORIENTED_EDGE('',*,*,#4863,.T.);
#3151=ORIENTED_EDGE('',*,*,#4979,.F.);
#3152=ORIENTED_EDGE('',*,*,#4980,.T.);
#3153=CARTESIAN_POINT('',(1.4,0.0,0.0));
#3154=DIRECTION('',(1.0,0.0,0.0));
#3155=DIRECTION('',(0.0,1.0,0.0));
#3156=ORIENTED_EDGE('',*,*,#4981,.F.);
#3157=ORIENTED_EDGE('',*,*,#4591,.T.);
#3158=ORIENTED_EDGE('',*,*,#4865,.T.);
#3159=ORIENTED_EDGE('',*,*,#4982,.F.);
#3160=ORIENTED_EDGE('',*,*,#4983,.F.);
#3161=ORIENTED_EDGE('',*,*,#4585,.F.);
#3162=CARTESIAN_POINT('',(1.4,0.0,0.0));
#3163=DIRECTION('',(1.0,0.0,0.0));
#3164=DIRECTION('',(0.0,1.0,0.0));
#3165=ORIENTED_EDGE('',*,*,#4984,.F.);
#3166=ORIENTED_EDGE('',*,*,#4868,.T.);
#3167=ORIENTED_EDGE('',*,*,#4985,.F.);
#3168=ORIENTED_EDGE('',*,*,#4584,.F.);
#3169=CARTESIAN_POINT('',(1.4,0.0,0.0));
#3170=DIRECTION('',(1.0,0.0,0.0));
#3171=DIRECTION('',(0.0,1.0,0.0));
#3172=ORIENTED_EDGE('',*,*,#4986,.F.);
#3173=ORIENTED_EDGE('',*,*,#4871,.T.);
#3174=ORIENTED_EDGE('',*,*,#4987,.F.);
#3175=ORIENTED_EDGE('',*,*,#4583,.F.);
#3176=CARTESIAN_POINT('',(1.4,0.0,0.0));
#3177=DIRECTION('',(1.0,0.0,0.0));
#3178=DIRECTION('',(0.0,1.0,0.0));
#3179=ORIENTED_EDGE('',*,*,#4988,.F.);
#3180=ORIENTED_EDGE('',*,*,#4874,.T.);
#3181=ORIENTED_EDGE('',*,*,#4989,.F.);
#3182=ORIENTED_EDGE('',*,*,#4582,.F.);
#3183=CARTESIAN_POINT('',(1.4,0.0,0.0));
#3184=DIRECTION('',(1.0,0.0,0.0));
#3185=DIRECTION('',(0.0,1.0,0.0));
#3186=ORIENTED_EDGE('',*,*,#4990,.F.);
#3187=ORIENTED_EDGE('',*,*,#4877,.T.);
#3188=ORIENTED_EDGE('',*,*,#4991,.F.);
#3189=ORIENTED_EDGE('',*,*,#4581,.F.);
#3190=CARTESIAN_POINT('',(1.4,0.0,0.0));
#3191=DIRECTION('',(1.0,0.0,0.0));
#3192=DIRECTION('',(0.0,1.0,0.0));
#3193=ORIENTED_EDGE('',*,*,#4992,.F.);
#3194=ORIENTED_EDGE('',*,*,#4880,.T.);
#3195=ORIENTED_EDGE('',*,*,#4993,.F.);
#3196=ORIENTED_EDGE('',*,*,#4580,.F.);
#3197=CARTESIAN_POINT('',(1.4,0.0,0.0));
#3198=DIRECTION('',(1.0,0.0,0.0));
#3199=DIRECTION('',(0.0,1.0,0.0));
#3200=ORIENTED_EDGE('',*,*,#4994,.F.);
#3201=ORIENTED_EDGE('',*,*,#4883,.T.);
#3202=ORIENTED_EDGE('',*,*,#4995,.F.);
#3203=ORIENTED_EDGE('',*,*,#4579,.F.);
#3204=CARTESIAN_POINT('',(1.4,0.0,0.0));
#3205=DIRECTION('',(1.0,0.0,0.0));
#3206=DIRECTION('',(0.0,1.0,0.0));
#3207=ORIENTED_EDGE('',*,*,#4996,.F.);
#3208=ORIENTED_EDGE('',*,*,#4886,.T.);
#3209=ORIENTED_EDGE('',*,*,#4997,.F.);
#3210=ORIENTED_EDGE('',*,*,#4578,.F.);
#3211=CARTESIAN_POINT('',(1.4,0.0,0.0));
#3212=DIRECTION('',(1.0,0.0,0.0));
#3213=DIRECTION('',(0.0,1.0,0.0));
#3214=ORIENTED_EDGE('',*,*,#4998,.F.);
#3215=ORIENTED_EDGE('',*,*,#4889,.T.);
#3216=ORIENTED_EDGE('',*,*,#4999,.F.);
#3217=ORIENTED_EDGE('',*,*,#4577,.F.);
#3218=CARTESIAN_POINT('',(1.4,0.0,0.0));
#3219=DIRECTION('',(1.0,0.0,0.0));
#3220=DIRECTION('',(0.0,1.0,0.0));
#3221=ORIENTED_EDGE('',*,*,#5000,.F.);
#3222=ORIENTED_EDGE('',*,*,#4892,.T.);
#3223=ORIENTED_EDGE('',*,*,#5001,.F.);
#3224=ORIENTED_EDGE('',*,*,#4576,.F.);
#3225=CARTESIAN_POINT('',(1.4,0.0,0.0));
#3226=DIRECTION('',(1.0,0.0,0.0));
#3227=DIRECTION('',(0.0,1.0,0.0));
#3228=ORIENTED_EDGE('',*,*,#5002,.F.);
#3229=ORIENTED_EDGE('',*,*,#4895,.T.);
#3230=ORIENTED_EDGE('',*,*,#5003,.F.);
#3231=ORIENTED_EDGE('',*,*,#4575,.F.);
#3232=CARTESIAN_POINT('',(1.4,0.0,0.0));
#3233=DIRECTION('',(1.0,0.0,0.0));
#3234=DIRECTION('',(0.0,1.0,0.0));
#3235=ORIENTED_EDGE('',*,*,#5004,.F.);
#3236=ORIENTED_EDGE('',*,*,#4898,.T.);
#3237=ORIENTED_EDGE('',*,*,#5005,.F.);
#3238=ORIENTED_EDGE('',*,*,#4574,.F.);
#3239=CARTESIAN_POINT('',(1.4,0.0,0.0));
#3240=DIRECTION('',(1.0,0.0,0.0));
#3241=DIRECTION('',(0.0,1.0,0.0));
#3242=ORIENTED_EDGE('',*,*,#5006,.F.);
#3243=ORIENTED_EDGE('',*,*,#4901,.T.);
#3244=ORIENTED_EDGE('',*,*,#5007,.F.);
#3245=ORIENTED_EDGE('',*,*,#4573,.F.);
#3246=CARTESIAN_POINT('',(1.4,0.0,0.0));
#3247=DIRECTION('',(1.0,0.0,0.0));
#3248=DIRECTION('',(0.0,1.0,0.0));
#3249=ORIENTED_EDGE('',*,*,#5008,.F.);
#3250=ORIENTED_EDGE('',*,*,#4904,.T.);
#3251=ORIENTED_EDGE('',*,*,#5009,.F.);
#3252=ORIENTED_EDGE('',*,*,#4572,.F.);
#3253=CARTESIAN_POINT('',(1.4,0.0,0.0));
#3254=DIRECTION('',(1.0,0.0,0.0));
#3255=DIRECTION('',(0.0,1.0,0.0));
#3256=ORIENTED_EDGE('',*,*,#5010,.F.);
#3257=ORIENTED_EDGE('',*,*,#4907,.T.);
#3258=ORIENTED_EDGE('',*,*,#5011,.F.);
#3259=ORIENTED_EDGE('',*,*,#4571,.F.);
#3260=CARTESIAN_POINT('',(1.4,0.0,0.0));
#3261=DIRECTION('',(1.0,0.0,0.0));
#3262=DIRECTION('',(0.0,1.0,0.0));
#3263=ORIENTED_EDGE('',*,*,#5012,.F.);
#3264=ORIENTED_EDGE('',*,*,#4910,.T.);
#3265=ORIENTED_EDGE('',*,*,#5013,.F.);
#3266=ORIENTED_EDGE('',*,*,#4570,.F.);
#3267=CARTESIAN_POINT('',(1.4,0.0,0.0));
#3268=DIRECTION('',(1.0,0.0,0.0));
#3269=DIRECTION('',(0.0,1.0,0.0));
#3270=ORIENTED_EDGE('',*,*,#5014,.F.);
#3271=ORIENTED_EDGE('',*,*,#4913,.T.);
#3272=ORIENTED_EDGE('',*,*,#5015,.F.);
#3273=ORIENTED_EDGE('',*,*,#4569,.F.);
#3274=CARTESIAN_POINT('',(1.4,0.0,0.0));
#3275=DIRECTION('',(1.0,0.0,0.0));
#3276=DIRECTION('',(0.0,1.0,0.0));
#3277=ORIENTED_EDGE('',*,*,#5016,.F.);
#3278=ORIENTED_EDGE('',*,*,#4916,.T.);
#3279=ORIENTED_EDGE('',*,*,#5017,.F.);
#3280=ORIENTED_EDGE('',*,*,#4568,.F.);
#3281=CARTESIAN_POINT('',(1.4,0.0,0.0));
#3282=DIRECTION('',(1.0,0.0,0.0));
#3283=DIRECTION('',(0.0,1.0,0.0));
#3284=ORIENTED_EDGE('',*,*,#5018,.F.);
#3285=ORIENTED_EDGE('',*,*,#4919,.T.);
#3286=ORIENTED_EDGE('',*,*,#5019,.F.);
#3287=ORIENTED_EDGE('',*,*,#4567,.F.);
#3288=CARTESIAN_POINT('',(1.4,0.0,0.0));
#3289=DIRECTION('',(1.0,0.0,0.0));
#3290=DIRECTION('',(0.0,1.0,0.0));
#3291=ORIENTED_EDGE('',*,*,#5020,.F.);
#3292=ORIENTED_EDGE('',*,*,#4922,.T.);
#3293=ORIENTED_EDGE('',*,*,#5021,.F.);
#3294=ORIENTED_EDGE('',*,*,#4566,.F.);
#3295=CARTESIAN_POINT('',(1.4,0.0,0.0));
#3296=DIRECTION('',(1.0,0.0,0.0));
#3297=DIRECTION('',(0.0,1.0,0.0));
#3298=ORIENTED_EDGE('',*,*,#5022,.F.);
#3299=ORIENTED_EDGE('',*,*,#4565,.T.);
#3300=ORIENTED_EDGE('',*,*,#5023,.T.);
#3301=ORIENTED_EDGE('',*,*,#5024,.F.);
#3302=ORIENTED_EDGE('',*,*,#4587,.T.);
#3303=ORIENTED_EDGE('',*,*,#4924,.T.);
#3304=CARTESIAN_POINT('',(1.4,0.0,0.0));
#3305=DIRECTION('',(1.0,0.0,0.0));
#3306=DIRECTION('',(0.0,1.0,0.0));
#3307=ORIENTED_EDGE('',*,*,#4562,.T.);
#3308=ORIENTED_EDGE('',*,*,#4983,.T.);
#3309=ORIENTED_EDGE('',*,*,#4980,.F.);
#3310=ORIENTED_EDGE('',*,*,#4977,.F.);
#3311=ORIENTED_EDGE('',*,*,#4974,.F.);
#3312=ORIENTED_EDGE('',*,*,#4971,.F.);
#3313=ORIENTED_EDGE('',*,*,#4968,.F.);
#3314=ORIENTED_EDGE('',*,*,#4965,.F.);
#3315=ORIENTED_EDGE('',*,*,#4962,.F.);
#3316=ORIENTED_EDGE('',*,*,#4959,.F.);
#3317=ORIENTED_EDGE('',*,*,#4956,.F.);
#3318=ORIENTED_EDGE('',*,*,#4953,.F.);
#3319=ORIENTED_EDGE('',*,*,#4950,.F.);
#3320=ORIENTED_EDGE('',*,*,#4947,.F.);
#3321=ORIENTED_EDGE('',*,*,#4944,.F.);
#3322=ORIENTED_EDGE('',*,*,#4941,.F.);
#3323=ORIENTED_EDGE('',*,*,#4938,.F.);
#3324=ORIENTED_EDGE('',*,*,#4935,.F.);
#3325=ORIENTED_EDGE('',*,*,#4932,.F.);
#3326=ORIENTED_EDGE('',*,*,#4929,.F.);
#3327=ORIENTED_EDGE('',*,*,#4926,.F.);
#3328=ORIENTED_EDGE('',*,*,#5023,.F.);
#3329=ORIENTED_EDGE('',*,*,#4564,.T.);
#3330=ORIENTED_EDGE('',*,*,#5025,.T.);
#3331=CARTESIAN_POINT('',(-0.285,0.0,0.0));
#3332=DIRECTION('',(-1.0,-0.0,0.0));
#3333=DIRECTION('',(0.0,-1.0,0.0));
#3334=ORIENTED_EDGE('',*,*,#4561,.F.);
#3335=ORIENTED_EDGE('',*,*,#5026,.F.);
#3336=ORIENTED_EDGE('',*,*,#5025,.F.);
#3337=ORIENTED_EDGE('',*,*,#4563,.F.);
#3338=CARTESIAN_POINT('',(0.9,0.0,0.0));
#3339=DIRECTION('',(1.0,0.0,0.0));
#3340=DIRECTION('',(0.0,1.0,0.0));
#3341=ORIENTED_EDGE('',*,*,#4559,.T.);
#3342=ORIENTED_EDGE('',*,*,#5026,.T.);
#3343=ORIENTED_EDGE('',*,*,#4560,.T.);
#3344=ORIENTED_EDGE('',*,*,#5027,.T.);
#3345=CARTESIAN_POINT('',(-0.285,0.0,0.0));
#3346=DIRECTION('',(-1.0,-0.0,0.0));
#3347=DIRECTION('',(0.0,-1.0,0.0));
#3348=ORIENTED_EDGE('',*,*,#4557,.T.);
#3349=ORIENTED_EDGE('',*,*,#5028,.F.);
#3350=ORIENTED_EDGE('',*,*,#4558,.T.);
#3351=ORIENTED_EDGE('',*,*,#5029,.F.);
#3352=CARTESIAN_POINT('',(-0.285,0.0,0.0));
#3353=DIRECTION('',(-1.0,-0.0,0.0));
#3354=DIRECTION('',(0.0,-1.0,0.0));
#3355=ORIENTED_EDGE('',*,*,#4554,.T.);
#3356=ORIENTED_EDGE('',*,*,#5027,.F.);
#3357=ORIENTED_EDGE('',*,*,#4555,.T.);
#3358=ORIENTED_EDGE('',*,*,#5030,.F.);
#3359=CARTESIAN_POINT('',(0.560088581774,0.0,0.0));
#3360=DIRECTION('',(1.0,0.0,-0.0));
#3361=DIRECTION('',(0.0,-1.0,0.0));
#3362=ORIENTED_EDGE('',*,*,#4550,.T.);
#3363=ORIENTED_EDGE('',*,*,#5028,.T.);
#3364=ORIENTED_EDGE('',*,*,#4552,.T.);
#3365=ORIENTED_EDGE('',*,*,#5030,.T.);
#3366=CARTESIAN_POINT('',(0.4583947577694,0.0,0.0));
#3367=DIRECTION('',(-1.0,0.0,-0.0));
#3368=DIRECTION('',(0.0,1.0,0.0));
#3369=ORIENTED_EDGE('',*,*,#4546,.T.);
#3370=ORIENTED_EDGE('',*,*,#5029,.T.);
#3371=ORIENTED_EDGE('',*,*,#4548,.T.);
#3372=ORIENTED_EDGE('',*,*,#5031,.T.);
#3373=CARTESIAN_POINT('',(0.075,0.0,0.0));
#3374=DIRECTION('',(1.0,0.0,-0.0));
#3375=DIRECTION('',(0.0,-1.0,0.0));
#3376=ORIENTED_EDGE('',*,*,#5031,.F.);
#3377=ORIENTED_EDGE('',*,*,#4547,.F.);
#3378=ORIENTED_EDGE('',*,*,#5032,.F.);
#3379=ORIENTED_EDGE('',*,*,#4544,.F.);
#3380=CARTESIAN_POINT('',(0.0,0.0,0.0));
#3381=DIRECTION('',(1.0,0.0,0.0));
#3382=DIRECTION('',(0.0,1.0,0.0));
#3383=ORIENTED_EDGE('',*,*,#4543,.T.);
#3384=ORIENTED_EDGE('',*,*,#5033,.F.);
#3385=ORIENTED_EDGE('',*,*,#4545,.T.);
#3386=ORIENTED_EDGE('',*,*,#5032,.T.);
#3387=CARTESIAN_POINT('',(0.2078460969083,0.0,0.0));
#3388=DIRECTION('',(-1.0,0.0,-0.0));
#3389=DIRECTION('',(0.0,1.0,0.0));
#3390=ORIENTED_EDGE('',*,*,#4540,.T.);
#3391=ORIENTED_EDGE('',*,*,#5034,.T.);
#3392=ORIENTED_EDGE('',*,*,#4542,.T.);
#3393=ORIENTED_EDGE('',*,*,#5033,.T.);
#3394=CARTESIAN_POINT('',(5.614818781553,0.0,0.0));
#3395=DIRECTION('',(1.0,-0.0,0.0));
#3396=DIRECTION('',(0.0,1.0,0.0));
#3397=ORIENTED_EDGE('',*,*,#4537,.T.);
#3398=ORIENTED_EDGE('',*,*,#4539,.T.);
#3399=ORIENTED_EDGE('',*,*,#5034,.F.);
#3400=CARTESIAN_POINT('',(5.119248764725,0.0,0.0));
#3401=DIRECTION('',(-1.0,0.0,-0.0));
#3402=DIRECTION('',(0.0,1.0,0.0));
#3403=ORIENTED_EDGE('',*,*,#4808,.T.);
#3404=ORIENTED_EDGE('',*,*,#4685,.F.);
#3405=ORIENTED_EDGE('',*,*,#5035,.F.);
#3406=ORIENTED_EDGE('',*,*,#5036,.F.);
#3407=ORIENTED_EDGE('',*,*,#4925,.T.);
#3408=CARTESIAN_POINT('',(1.4,0.9420868803778,0.07414384546281));
#3409=DIRECTION('',(0.0,-0.76040596560001,0.649448048330208));
#3410=DIRECTION('',(-1.0,0.0,0.0));
#3411=ORIENTED_EDGE('',*,*,#4588,.F.);
#3412=ORIENTED_EDGE('',*,*,#5024,.T.);
#3413=ORIENTED_EDGE('',*,*,#5036,.T.);
#3414=ORIENTED_EDGE('',*,*,#5037,.F.);
#3415=ORIENTED_EDGE('',*,*,#4803,.F.);
#3416=CARTESIAN_POINT('',(1.4,1.014929886308,0.01193004102676));
#3417=DIRECTION('',(0.0,-0.649448048330208,-0.76040596560001));
#3418=DIRECTION('',(0.0,-0.76040596560001,0.649448048330208));
#3419=ORIENTED_EDGE('',*,*,#4644,.F.);
#3420=ORIENTED_EDGE('',*,*,#5037,.T.);
#3421=ORIENTED_EDGE('',*,*,#5035,.T.);
#3422=CARTESIAN_POINT('',(2.4,0.0,0.0));
#3423=DIRECTION('',(-1.0,0.0,0.0));
#3424=DIRECTION('',(0.0,0.0,1.0));
#3425=ORIENTED_EDGE('',*,*,#4810,.F.);
#3426=ORIENTED_EDGE('',*,*,#4927,.T.);
#3427=ORIENTED_EDGE('',*,*,#5038,.T.);
#3428=ORIENTED_EDGE('',*,*,#5039,.F.);
#3429=ORIENTED_EDGE('',*,*,#4687,.F.);
#3430=CARTESIAN_POINT('',(1.4,0.961569096535,0.3249767262264));
#3431=DIRECTION('',(0.0,-0.382683432365094,-0.923879532511285));
#3432=DIRECTION('',(0.0,-0.923879532511285,0.382683432365094));
#3433=ORIENTED_EDGE('',*,*,#4648,.F.);
#3434=ORIENTED_EDGE('',*,*,#5039,.T.);
#3435=ORIENTED_EDGE('',*,*,#5040,.T.);
#3436=CARTESIAN_POINT('',(2.4,0.0,0.0));
#3437=DIRECTION('',(-1.0,0.0,0.0));
#3438=DIRECTION('',(0.0,0.0,1.0));
#3439=ORIENTED_EDGE('',*,*,#4814,.T.);
#3440=ORIENTED_EDGE('',*,*,#4691,.F.);
#3441=ORIENTED_EDGE('',*,*,#5040,.F.);
#3442=ORIENTED_EDGE('',*,*,#5038,.F.);
#3443=ORIENTED_EDGE('',*,*,#4931,.T.);
#3444=CARTESIAN_POINT('',(1.4,0.8730661582232,0.361635843585));
#3445=DIRECTION('',(0.0,-0.923879532511285,0.382683432365094));
#3446=DIRECTION('',(-1.0,0.0,0.0));
#3447=ORIENTED_EDGE('',*,*,#4811,.T.);
#3448=ORIENTED_EDGE('',*,*,#4688,.F.);
#3449=ORIENTED_EDGE('',*,*,#5041,.F.);
#3450=ORIENTED_EDGE('',*,*,#4806,.F.);
#3451=ORIENTED_EDGE('',*,*,#4928,.T.);
#3452=CARTESIAN_POINT('',(1.4,0.9188895747758,0.2206058688438));
#3453=DIRECTION('',(0.0,-0.852640164354116,0.52249856471591));
#3454=DIRECTION('',(-1.0,0.0,0.0));
#3455=ORIENTED_EDGE('',*,*,#4646,.F.);
#3456=ORIENTED_EDGE('',*,*,#4807,.T.);
#3457=ORIENTED_EDGE('',*,*,#5041,.T.);
#3458=CARTESIAN_POINT('',(2.4,0.0,0.0));
#3459=DIRECTION('',(-1.0,0.0,0.0));
#3460=DIRECTION('',(0.0,0.0,1.0));
#3461=ORIENTED_EDGE('',*,*,#4813,.F.);
#3462=ORIENTED_EDGE('',*,*,#4930,.T.);
#3463=ORIENTED_EDGE('',*,*,#5042,.T.);
#3464=ORIENTED_EDGE('',*,*,#5043,.F.);
#3465=ORIENTED_EDGE('',*,*,#4690,.F.);
#3466=CARTESIAN_POINT('',(1.4,0.8988930250065,0.4713982706742));
#3467=DIRECTION('',(0.0,-0.233445363855895,-0.972369920397679));
#3468=DIRECTION('',(0.0,-0.972369920397679,0.233445363855895));
#3469=ORIENTED_EDGE('',*,*,#4650,.F.);
#3470=ORIENTED_EDGE('',*,*,#5043,.T.);
#3471=ORIENTED_EDGE('',*,*,#5044,.T.);
#3472=CARTESIAN_POINT('',(2.4,0.0,0.0));
#3473=DIRECTION('',(-1.0,0.0,0.0));
#3474=DIRECTION('',(0.0,0.0,1.0));
#3475=ORIENTED_EDGE('',*,*,#4817,.T.);
#3476=ORIENTED_EDGE('',*,*,#4694,.F.);
#3477=ORIENTED_EDGE('',*,*,#5044,.F.);
#3478=ORIENTED_EDGE('',*,*,#5042,.F.);
#3479=ORIENTED_EDGE('',*,*,#4934,.T.);
#3480=CARTESIAN_POINT('',(1.4,0.8057449553146,0.4937611436566));
#3481=DIRECTION('',(0.0,-0.972369920397679,0.233445363855895));
#3482=DIRECTION('',(-1.0,0.0,0.0));
#3483=ORIENTED_EDGE('',*,*,#4816,.F.);
#3484=ORIENTED_EDGE('',*,*,#4933,.T.);
#3485=ORIENTED_EDGE('',*,*,#5045,.T.);
#3486=ORIENTED_EDGE('',*,*,#5046,.F.);
#3487=ORIENTED_EDGE('',*,*,#4693,.F.);
#3488=CARTESIAN_POINT('',(1.4,0.8140832239474,0.6062124252169));
#3489=DIRECTION('',(0.0,-0.0784590957278422,-0.996917333733128));
#3490=DIRECTION('',(0.0,-0.996917333733128,0.0784590957278422));
#3491=ORIENTED_EDGE('',*,*,#4652,.F.);
#3492=ORIENTED_EDGE('',*,*,#5046,.T.);
#3493=ORIENTED_EDGE('',*,*,#5047,.T.);
#3494=CARTESIAN_POINT('',(2.4,0.0,0.0));
#3495=DIRECTION('',(-1.0,0.0,0.0));
#3496=DIRECTION('',(0.0,0.0,1.0));
#3497=ORIENTED_EDGE('',*,*,#4820,.T.);
#3498=ORIENTED_EDGE('',*,*,#4697,.F.);
#3499=ORIENTED_EDGE('',*,*,#5047,.F.);
#3500=ORIENTED_EDGE('',*,*,#5045,.F.);
#3501=ORIENTED_EDGE('',*,*,#4937,.T.);
#3502=CARTESIAN_POINT('',(1.4,0.718583637492,0.613728405672));
#3503=DIRECTION('',(0.0,-0.996917333733127,0.0784590957278522));
#3504=DIRECTION('',(-1.0,0.0,0.0));
#3505=ORIENTED_EDGE('',*,*,#4819,.F.);
#3506=ORIENTED_EDGE('',*,*,#4936,.T.);
#3507=ORIENTED_EDGE('',*,*,#5048,.T.);
#3508=ORIENTED_EDGE('',*,*,#5049,.F.);
#3509=ORIENTED_EDGE('',*,*,#4696,.F.);
#3510=CARTESIAN_POINT('',(1.4,0.7092279921274,0.7260996179471));
#3511=DIRECTION('',(0.0,0.0784590957278522,-0.996917333733127));
#3512=DIRECTION('',(-1.0,0.0,0.0));
#3513=ORIENTED_EDGE('',*,*,#4654,.F.);
#3514=ORIENTED_EDGE('',*,*,#5049,.T.);
#3515=ORIENTED_EDGE('',*,*,#5050,.T.);
#3516=CARTESIAN_POINT('',(2.4,0.0,0.0));
#3517=DIRECTION('',(-1.0,0.0,0.0));
#3518=DIRECTION('',(0.0,0.0,1.0));
#3519=ORIENTED_EDGE('',*,*,#4823,.T.);
#3520=ORIENTED_EDGE('',*,*,#4700,.F.);
#3521=ORIENTED_EDGE('',*,*,#5050,.F.);
#3522=ORIENTED_EDGE('',*,*,#5048,.F.);
#3523=ORIENTED_EDGE('',*,*,#4940,.T.);
#3524=CARTESIAN_POINT('',(1.4,0.613728405672,0.718583637492));
#3525=DIRECTION('',(0.0,-0.996917333733128,-0.0784590957278422));
#3526=DIRECTION('',(0.0,0.0784590957278422,-0.996917333733128));
#3527=ORIENTED_EDGE('',*,*,#4822,.F.);
#3528=ORIENTED_EDGE('',*,*,#4939,.T.);
#3529=ORIENTED_EDGE('',*,*,#5051,.T.);
#3530=ORIENTED_EDGE('',*,*,#5052,.F.);
#3531=ORIENTED_EDGE('',*,*,#4699,.F.);
#3532=CARTESIAN_POINT('',(1.4,0.5869092133485,0.828107828297));
#3533=DIRECTION('',(0.0,0.233445363855895,-0.972369920397679));
#3534=DIRECTION('',(-1.0,0.0,0.0));
#3535=ORIENTED_EDGE('',*,*,#4656,.F.);
#3536=ORIENTED_EDGE('',*,*,#5052,.T.);
#3537=ORIENTED_EDGE('',*,*,#5053,.T.);
#3538=CARTESIAN_POINT('',(2.4,0.0,0.0));
#3539=DIRECTION('',(-1.0,0.0,0.0));
#3540=DIRECTION('',(0.0,0.0,1.0));
#3541=ORIENTED_EDGE('',*,*,#4826,.T.);
#3542=ORIENTED_EDGE('',*,*,#4703,.F.);
#3543=ORIENTED_EDGE('',*,*,#5053,.F.);
#3544=ORIENTED_EDGE('',*,*,#5051,.F.);
#3545=ORIENTED_EDGE('',*,*,#4943,.T.);
#3546=CARTESIAN_POINT('',(1.4,0.4937611436566,0.8057449553146));
#3547=DIRECTION('',(0.0,-0.972369920397679,-0.233445363855895));
#3548=DIRECTION('',(0.0,0.233445363855895,-0.972369920397679));
#3549=ORIENTED_EDGE('',*,*,#4825,.F.);
#3550=ORIENTED_EDGE('',*,*,#4942,.T.);
#3551=ORIENTED_EDGE('',*,*,#5054,.T.);
#3552=ORIENTED_EDGE('',*,*,#5055,.F.);
#3553=ORIENTED_EDGE('',*,*,#4702,.F.);
#3554=CARTESIAN_POINT('',(1.4,0.4501387818969,0.9097252755818));
#3555=DIRECTION('',(0.0,0.382683432365094,-0.923879532511285));
#3556=DIRECTION('',(-1.0,0.0,0.0));
#3557=ORIENTED_EDGE('',*,*,#4658,.F.);
#3558=ORIENTED_EDGE('',*,*,#5055,.T.);
#3559=ORIENTED_EDGE('',*,*,#5056,.T.);
#3560=CARTESIAN_POINT('',(2.4,0.0,0.0));
#3561=DIRECTION('',(-1.0,0.0,0.0));
#3562=DIRECTION('',(0.0,0.0,1.0));
#3563=ORIENTED_EDGE('',*,*,#4829,.T.);
#3564=ORIENTED_EDGE('',*,*,#4706,.F.);
#3565=ORIENTED_EDGE('',*,*,#5056,.F.);
#3566=ORIENTED_EDGE('',*,*,#5054,.F.);
#3567=ORIENTED_EDGE('',*,*,#4946,.T.);
#3568=CARTESIAN_POINT('',(1.4,0.361635843585,0.8730661582232));
#3569=DIRECTION('',(0.0,-0.923879532511285,-0.382683432365094));
#3570=DIRECTION('',(0.0,0.382683432365094,-0.923879532511285));
#3571=ORIENTED_EDGE('',*,*,#4828,.F.);
#3572=ORIENTED_EDGE('',*,*,#4945,.T.);
#3573=ORIENTED_EDGE('',*,*,#5057,.T.);
#3574=ORIENTED_EDGE('',*,*,#5058,.F.);
#3575=ORIENTED_EDGE('',*,*,#4705,.F.);
#3576=CARTESIAN_POINT('',(1.4,0.30228443971,0.9689422673768));
#3577=DIRECTION('',(0.0,0.52249856471591,-0.852640164354116));
#3578=DIRECTION('',(-1.0,0.0,0.0));
#3579=ORIENTED_EDGE('',*,*,#4660,.F.);
#3580=ORIENTED_EDGE('',*,*,#5058,.T.);
#3581=ORIENTED_EDGE('',*,*,#5059,.T.);
#3582=CARTESIAN_POINT('',(2.4,0.0,0.0));
#3583=DIRECTION('',(-1.0,0.0,0.0));
#3584=DIRECTION('',(0.0,0.0,1.0));
#3585=ORIENTED_EDGE('',*,*,#4832,.T.);
#3586=ORIENTED_EDGE('',*,*,#4709,.F.);
#3587=ORIENTED_EDGE('',*,*,#5059,.F.);
#3588=ORIENTED_EDGE('',*,*,#5057,.F.);
#3589=ORIENTED_EDGE('',*,*,#4949,.T.);
#3590=CARTESIAN_POINT('',(1.4,0.2206058688438,0.9188895747758));
#3591=DIRECTION('',(0.0,-0.852640164354116,-0.52249856471591));
#3592=DIRECTION('',(0.0,0.52249856471591,-0.852640164354116));
#3593=ORIENTED_EDGE('',*,*,#4831,.F.);
#3594=ORIENTED_EDGE('',*,*,#4948,.T.);
#3595=ORIENTED_EDGE('',*,*,#5060,.T.);
#3596=ORIENTED_EDGE('',*,*,#5061,.F.);
#3597=ORIENTED_EDGE('',*,*,#4708,.F.);
#3598=CARTESIAN_POINT('',(1.4,0.146986851393,1.004300684814));
#3599=DIRECTION('',(0.0,0.649448048330208,-0.76040596560001));
#3600=DIRECTION('',(-1.0,0.0,0.0));
#3601=ORIENTED_EDGE('',*,*,#4662,.F.);
#3602=ORIENTED_EDGE('',*,*,#5061,.T.);
#3603=ORIENTED_EDGE('',*,*,#5062,.T.);
#3604=CARTESIAN_POINT('',(2.4,0.0,0.0));
#3605=DIRECTION('',(-1.0,0.0,0.0));
#3606=DIRECTION('',(0.0,0.0,1.0));
#3607=ORIENTED_EDGE('',*,*,#4835,.T.);
#3608=ORIENTED_EDGE('',*,*,#4712,.F.);
#3609=ORIENTED_EDGE('',*,*,#5062,.F.);
#3610=ORIENTED_EDGE('',*,*,#5060,.F.);
#3611=ORIENTED_EDGE('',*,*,#4952,.T.);
#3612=CARTESIAN_POINT('',(1.4,0.07414384546281,0.9420868803778));
#3613=DIRECTION('',(0.0,-0.76040596560001,-0.649448048330208));
#3614=DIRECTION('',(0.0,0.649448048330208,-0.76040596560001));
#3615=ORIENTED_EDGE('',*,*,#4834,.F.);
#3616=ORIENTED_EDGE('',*,*,#4951,.T.);
#3617=ORIENTED_EDGE('',*,*,#5063,.T.);
#3618=ORIENTED_EDGE('',*,*,#5064,.F.);
#3619=ORIENTED_EDGE('',*,*,#4711,.F.);
#3620=CARTESIAN_POINT('',(1.4,-0.01193004102676,1.014929886308));
#3621=DIRECTION('',(0.0,0.76040596560001,-0.649448048330208));
#3622=DIRECTION('',(-1.0,0.0,0.0));
#3623=ORIENTED_EDGE('',*,*,#4664,.F.);
#3624=ORIENTED_EDGE('',*,*,#5064,.T.);
#3625=ORIENTED_EDGE('',*,*,#5065,.T.);
#3626=CARTESIAN_POINT('',(2.4,0.0,0.0));
#3627=DIRECTION('',(-1.0,0.0,0.0));
#3628=DIRECTION('',(0.0,0.0,1.0));
#3629=ORIENTED_EDGE('',*,*,#4838,.T.);
#3630=ORIENTED_EDGE('',*,*,#4715,.F.);
#3631=ORIENTED_EDGE('',*,*,#5065,.F.);
#3632=ORIENTED_EDGE('',*,*,#5063,.F.);
#3633=ORIENTED_EDGE('',*,*,#4955,.T.);
#3634=CARTESIAN_POINT('',(1.4,-0.07414384546281,0.9420868803778));
#3635=DIRECTION('',(0.0,-0.649448048330208,-0.76040596560001));
#3636=DIRECTION('',(0.0,-0.76040596560001,0.649448048330208));
#3637=ORIENTED_EDGE('',*,*,#4837,.F.);
#3638=ORIENTED_EDGE('',*,*,#4954,.T.);
#3639=ORIENTED_EDGE('',*,*,#5066,.T.);
#3640=ORIENTED_EDGE('',*,*,#5067,.F.);
#3641=ORIENTED_EDGE('',*,*,#4714,.F.);
#3642=CARTESIAN_POINT('',(1.4,-0.1705531762429,1.000568145642));
#3643=DIRECTION('',(0.0,0.852640164354116,-0.52249856471591));
#3644=DIRECTION('',(-1.0,0.0,0.0));
#3645=ORIENTED_EDGE('',*,*,#4666,.F.);
#3646=ORIENTED_EDGE('',*,*,#5067,.T.);
#3647=ORIENTED_EDGE('',*,*,#5068,.T.);
#3648=CARTESIAN_POINT('',(2.4,0.0,0.0));
#3649=DIRECTION('',(-1.0,0.0,0.0));
#3650=DIRECTION('',(0.0,0.0,1.0));
#3651=ORIENTED_EDGE('',*,*,#4841,.T.);
#3652=ORIENTED_EDGE('',*,*,#4718,.F.);
#3653=ORIENTED_EDGE('',*,*,#5068,.F.);
#3654=ORIENTED_EDGE('',*,*,#5066,.F.);
#3655=ORIENTED_EDGE('',*,*,#4958,.T.);
#3656=CARTESIAN_POINT('',(1.4,-0.2206058688438,0.9188895747758));
#3657=DIRECTION('',(0.0,-0.52249856471591,-0.852640164354116));
#3658=DIRECTION('',(0.0,-0.852640164354116,0.52249856471591));
#3659=ORIENTED_EDGE('',*,*,#4840,.F.);
#3660=ORIENTED_EDGE('',*,*,#4957,.T.);
#3661=ORIENTED_EDGE('',*,*,#5069,.T.);
#3662=ORIENTED_EDGE('',*,*,#5070,.F.);
#3663=ORIENTED_EDGE('',*,*,#4717,.F.);
#3664=CARTESIAN_POINT('',(1.4,-0.3249767262264,0.961569096535));
#3665=DIRECTION('',(0.0,0.923879532511285,-0.382683432365094));
#3666=DIRECTION('',(-1.0,0.0,0.0));
#3667=ORIENTED_EDGE('',*,*,#4668,.F.);
#3668=ORIENTED_EDGE('',*,*,#5070,.T.);
#3669=ORIENTED_EDGE('',*,*,#5071,.T.);
#3670=CARTESIAN_POINT('',(2.4,0.0,0.0));
#3671=DIRECTION('',(-1.0,0.0,0.0));
#3672=DIRECTION('',(0.0,0.0,1.0));
#3673=ORIENTED_EDGE('',*,*,#4844,.T.);
#3674=ORIENTED_EDGE('',*,*,#4721,.F.);
#3675=ORIENTED_EDGE('',*,*,#5071,.F.);
#3676=ORIENTED_EDGE('',*,*,#5069,.F.);
#3677=ORIENTED_EDGE('',*,*,#4961,.T.);
#3678=CARTESIAN_POINT('',(1.4,-0.361635843585,0.8730661582232));
#3679=DIRECTION('',(0.0,-0.382683432365094,-0.923879532511285));
#3680=DIRECTION('',(0.0,-0.923879532511285,0.382683432365094));
#3681=ORIENTED_EDGE('',*,*,#4843,.F.);
#3682=ORIENTED_EDGE('',*,*,#4960,.T.);
#3683=ORIENTED_EDGE('',*,*,#5072,.T.);
#3684=ORIENTED_EDGE('',*,*,#5073,.F.);
#3685=ORIENTED_EDGE('',*,*,#4720,.F.);
#3686=CARTESIAN_POINT('',(1.4,-0.4713982706742,0.8988930250065));
#3687=DIRECTION('',(0.0,0.972369920397679,-0.233445363855895));
#3688=DIRECTION('',(-1.0,0.0,0.0));
#3689=ORIENTED_EDGE('',*,*,#4670,.F.);
#3690=ORIENTED_EDGE('',*,*,#5073,.T.);
#3691=ORIENTED_EDGE('',*,*,#5074,.T.);
#3692=CARTESIAN_POINT('',(2.4,0.0,0.0));
#3693=DIRECTION('',(-1.0,0.0,0.0));
#3694=DIRECTION('',(0.0,0.0,1.0));
#3695=ORIENTED_EDGE('',*,*,#4847,.T.);
#3696=ORIENTED_EDGE('',*,*,#4724,.F.);
#3697=ORIENTED_EDGE('',*,*,#5074,.F.);
#3698=ORIENTED_EDGE('',*,*,#5072,.F.);
#3699=ORIENTED_EDGE('',*,*,#4964,.T.);
#3700=CARTESIAN_POINT('',(1.4,-0.4937611436566,0.8057449553146));
#3701=DIRECTION('',(0.0,-0.233445363855895,-0.972369920397679));
#3702=DIRECTION('',(0.0,-0.972369920397679,0.233445363855895));
#3703=ORIENTED_EDGE('',*,*,#4846,.F.);
#3704=ORIENTED_EDGE('',*,*,#4963,.T.);
#3705=ORIENTED_EDGE('',*,*,#5075,.T.);
#3706=ORIENTED_EDGE('',*,*,#5076,.F.);
#3707=ORIENTED_EDGE('',*,*,#4723,.F.);
#3708=CARTESIAN_POINT('',(1.4,-0.6062124252169,0.8140832239474));
#3709=DIRECTION('',(0.0,0.996917333733128,-0.0784590957278422));
#3710=DIRECTION('',(-1.0,0.0,0.0));
#3711=ORIENTED_EDGE('',*,*,#4672,.F.);
#3712=ORIENTED_EDGE('',*,*,#5076,.T.);
#3713=ORIENTED_EDGE('',*,*,#5077,.T.);
#3714=CARTESIAN_POINT('',(2.4,0.0,0.0));
#3715=DIRECTION('',(-1.0,0.0,0.0));
#3716=DIRECTION('',(0.0,0.0,1.0));
#3717=ORIENTED_EDGE('',*,*,#4850,.T.);
#3718=ORIENTED_EDGE('',*,*,#4727,.F.);
#3719=ORIENTED_EDGE('',*,*,#5077,.F.);
#3720=ORIENTED_EDGE('',*,*,#5075,.F.);
#3721=ORIENTED_EDGE('',*,*,#4967,.T.);
#3722=CARTESIAN_POINT('',(1.4,-0.613728405672,0.718583637492));
#3723=DIRECTION('',(0.0,-0.0784590957278522,-0.996917333733127));
#3724=DIRECTION('',(0.0,-0.996917333733127,0.0784590957278522));
#3725=ORIENTED_EDGE('',*,*,#4849,.F.);
#3726=ORIENTED_EDGE('',*,*,#4966,.T.);
#3727=ORIENTED_EDGE('',*,*,#5078,.T.);
#3728=ORIENTED_EDGE('',*,*,#5079,.F.);
#3729=ORIENTED_EDGE('',*,*,#4726,.F.);
#3730=CARTESIAN_POINT('',(1.4,-0.7260996179471,0.7092279921274));
#3731=DIRECTION('',(0.0,0.996917333733127,0.0784590957278522));
#3732=DIRECTION('',(1.0,0.0,-0.0));
#3733=ORIENTED_EDGE('',*,*,#4674,.F.);
#3734=ORIENTED_EDGE('',*,*,#5079,.T.);
#3735=ORIENTED_EDGE('',*,*,#5080,.T.);
#3736=CARTESIAN_POINT('',(2.4,0.0,0.0));
#3737=DIRECTION('',(-1.0,0.0,0.0));
#3738=DIRECTION('',(0.0,0.0,1.0));
#3739=ORIENTED_EDGE('',*,*,#4853,.T.);
#3740=ORIENTED_EDGE('',*,*,#4730,.F.);
#3741=ORIENTED_EDGE('',*,*,#5080,.F.);
#3742=ORIENTED_EDGE('',*,*,#5078,.F.);
#3743=ORIENTED_EDGE('',*,*,#4970,.T.);
#3744=CARTESIAN_POINT('',(1.4,-0.718583637492,0.613728405672));
#3745=DIRECTION('',(0.0,0.0784590957278422,-0.996917333733128));
#3746=DIRECTION('',(-1.0,0.0,0.0));
#3747=ORIENTED_EDGE('',*,*,#4852,.F.);
#3748=ORIENTED_EDGE('',*,*,#4969,.T.);
#3749=ORIENTED_EDGE('',*,*,#5081,.T.);
#3750=ORIENTED_EDGE('',*,*,#5082,.F.);
#3751=ORIENTED_EDGE('',*,*,#4729,.F.);
#3752=CARTESIAN_POINT('',(1.4,-0.828107828297,0.5869092133485));
#3753=DIRECTION('',(0.0,0.972369920397679,0.233445363855895));
#3754=DIRECTION('',(1.0,0.0,-0.0));
#3755=ORIENTED_EDGE('',*,*,#4676,.F.);
#3756=ORIENTED_EDGE('',*,*,#5082,.T.);
#3757=ORIENTED_EDGE('',*,*,#5083,.T.);
#3758=CARTESIAN_POINT('',(2.4,0.0,0.0));
#3759=DIRECTION('',(-1.0,0.0,0.0));
#3760=DIRECTION('',(0.0,0.0,1.0));
#3761=ORIENTED_EDGE('',*,*,#4856,.T.);
#3762=ORIENTED_EDGE('',*,*,#4733,.F.);
#3763=ORIENTED_EDGE('',*,*,#5083,.F.);
#3764=ORIENTED_EDGE('',*,*,#5081,.F.);
#3765=ORIENTED_EDGE('',*,*,#4973,.T.);
#3766=CARTESIAN_POINT('',(1.4,-0.8057449553146,0.4937611436566));
#3767=DIRECTION('',(0.0,0.233445363855895,-0.972369920397679));
#3768=DIRECTION('',(-1.0,0.0,0.0));
#3769=ORIENTED_EDGE('',*,*,#4855,.F.);
#3770=ORIENTED_EDGE('',*,*,#4972,.T.);
#3771=ORIENTED_EDGE('',*,*,#5084,.T.);
#3772=ORIENTED_EDGE('',*,*,#5085,.F.);
#3773=ORIENTED_EDGE('',*,*,#4732,.F.);
#3774=CARTESIAN_POINT('',(1.4,-0.9097252755818,0.4501387818969));
#3775=DIRECTION('',(0.0,0.923879532511285,0.382683432365094));
#3776=DIRECTION('',(1.0,0.0,-0.0));
#3777=ORIENTED_EDGE('',*,*,#4678,.F.);
#3778=ORIENTED_EDGE('',*,*,#5085,.T.);
#3779=ORIENTED_EDGE('',*,*,#5086,.T.);
#3780=CARTESIAN_POINT('',(2.4,0.0,0.0));
#3781=DIRECTION('',(-1.0,0.0,0.0));
#3782=DIRECTION('',(0.0,0.0,1.0));
#3783=ORIENTED_EDGE('',*,*,#4859,.T.);
#3784=ORIENTED_EDGE('',*,*,#4736,.F.);
#3785=ORIENTED_EDGE('',*,*,#5086,.F.);
#3786=ORIENTED_EDGE('',*,*,#5084,.F.);
#3787=ORIENTED_EDGE('',*,*,#4976,.T.);
#3788=CARTESIAN_POINT('',(1.4,-0.8730661582232,0.361635843585));
#3789=DIRECTION('',(0.0,0.382683432365094,-0.923879532511285));
#3790=DIRECTION('',(-1.0,0.0,0.0));
#3791=ORIENTED_EDGE('',*,*,#4858,.F.);
#3792=ORIENTED_EDGE('',*,*,#4975,.T.);
#3793=ORIENTED_EDGE('',*,*,#5087,.T.);
#3794=ORIENTED_EDGE('',*,*,#5088,.F.);
#3795=ORIENTED_EDGE('',*,*,#4735,.F.);
#3796=CARTESIAN_POINT('',(1.4,-0.9689422673768,0.30228443971));
#3797=DIRECTION('',(0.0,0.852640164354116,0.52249856471591));
#3798=DIRECTION('',(1.0,0.0,-0.0));
#3799=ORIENTED_EDGE('',*,*,#4680,.F.);
#3800=ORIENTED_EDGE('',*,*,#5088,.T.);
#3801=ORIENTED_EDGE('',*,*,#5089,.T.);
#3802=CARTESIAN_POINT('',(2.4,0.0,0.0));
#3803=DIRECTION('',(-1.0,0.0,0.0));
#3804=DIRECTION('',(0.0,0.0,1.0));
#3805=ORIENTED_EDGE('',*,*,#4862,.T.);
#3806=ORIENTED_EDGE('',*,*,#4739,.F.);
#3807=ORIENTED_EDGE('',*,*,#5089,.F.);
#3808=ORIENTED_EDGE('',*,*,#5087,.F.);
#3809=ORIENTED_EDGE('',*,*,#4979,.T.);
#3810=CARTESIAN_POINT('',(1.4,-0.9188895747758,0.2206058688438));
#3811=DIRECTION('',(0.0,0.52249856471591,-0.852640164354116));
#3812=DIRECTION('',(-1.0,0.0,0.0));
#3813=ORIENTED_EDGE('',*,*,#4861,.F.);
#3814=ORIENTED_EDGE('',*,*,#4978,.T.);
#3815=ORIENTED_EDGE('',*,*,#5090,.T.);
#3816=ORIENTED_EDGE('',*,*,#5091,.F.);
#3817=ORIENTED_EDGE('',*,*,#4738,.F.);
#3818=CARTESIAN_POINT('',(1.4,-1.004300684814,0.146986851393));
#3819=DIRECTION('',(0.0,0.76040596560001,0.649448048330208));
#3820=DIRECTION('',(1.0,0.0,-0.0));
#3821=ORIENTED_EDGE('',*,*,#4682,.F.);
#3822=ORIENTED_EDGE('',*,*,#5091,.T.);
#3823=ORIENTED_EDGE('',*,*,#5092,.T.);
#3824=CARTESIAN_POINT('',(2.4,0.0,0.0));
#3825=DIRECTION('',(-1.0,0.0,0.0));
#3826=DIRECTION('',(0.0,0.0,1.0));
#3827=ORIENTED_EDGE('',*,*,#4864,.T.);
#3828=ORIENTED_EDGE('',*,*,#4742,.F.);
#3829=ORIENTED_EDGE('',*,*,#5092,.F.);
#3830=ORIENTED_EDGE('',*,*,#5090,.F.);
#3831=ORIENTED_EDGE('',*,*,#4982,.T.);
#3832=CARTESIAN_POINT('',(1.4,-0.9420868803778,0.07414384546281));
#3833=DIRECTION('',(0.0,0.649448048330208,-0.76040596560001));
#3834=DIRECTION('',(-1.0,0.0,0.0));
#3835=ORIENTED_EDGE('',*,*,#4592,.F.);
#3836=ORIENTED_EDGE('',*,*,#4981,.T.);
#3837=ORIENTED_EDGE('',*,*,#5093,.T.);
#3838=ORIENTED_EDGE('',*,*,#5094,.F.);
#3839=ORIENTED_EDGE('',*,*,#4741,.F.);
#3840=CARTESIAN_POINT('',(1.4,-1.014929886308,-0.01193004102676));
#3841=DIRECTION('',(0.0,0.649448048330208,0.76040596560001));
#3842=DIRECTION('',(1.0,-0.0,0.0));
#3843=ORIENTED_EDGE('',*,*,#4596,.F.);
#3844=ORIENTED_EDGE('',*,*,#5094,.T.);
#3845=ORIENTED_EDGE('',*,*,#5095,.T.);
#3846=CARTESIAN_POINT('',(2.4,0.0,0.0));
#3847=DIRECTION('',(-1.0,0.0,0.0));
#3848=DIRECTION('',(0.0,0.0,1.0));
#3849=ORIENTED_EDGE('',*,*,#4634,.F.);
#3850=ORIENTED_EDGE('',*,*,#5096,.T.);
#3851=ORIENTED_EDGE('',*,*,#5097,.T.);
#3852=CARTESIAN_POINT('',(2.4,0.0,0.0));
#3853=DIRECTION('',(-1.0,0.0,0.0));
#3854=DIRECTION('',(0.0,0.0,1.0));
#3855=ORIENTED_EDGE('',*,*,#4923,.T.);
#3856=ORIENTED_EDGE('',*,*,#4801,.F.);
#3857=ORIENTED_EDGE('',*,*,#5097,.F.);
#3858=ORIENTED_EDGE('',*,*,#5098,.F.);
#3859=ORIENTED_EDGE('',*,*,#5022,.T.);
#3860=CARTESIAN_POINT('',(1.4,0.9420868803778,-0.07414384546281));
#3861=DIRECTION('',(0.0,-0.649448048330208,0.76040596560001));
#3862=DIRECTION('',(-1.0,0.0,0.0));
#3863=ORIENTED_EDGE('',*,*,#4920,.F.);
#3864=ORIENTED_EDGE('',*,*,#5020,.T.);
#3865=ORIENTED_EDGE('',*,*,#5098,.T.);
#3866=ORIENTED_EDGE('',*,*,#5096,.F.);
#3867=ORIENTED_EDGE('',*,*,#4798,.F.);
#3868=CARTESIAN_POINT('',(1.4,1.004300684814,-0.146986851393));
#3869=DIRECTION('',(0.0,-0.76040596560001,-0.649448048330208));
#3870=DIRECTION('',(0.0,0.649448048330208,-0.76040596560001));
#3871=ORIENTED_EDGE('',*,*,#4632,.F.);
#3872=ORIENTED_EDGE('',*,*,#5099,.T.);
#3873=ORIENTED_EDGE('',*,*,#5100,.T.);
#3874=CARTESIAN_POINT('',(2.4,0.0,0.0));
#3875=DIRECTION('',(-1.0,0.0,0.0));
#3876=DIRECTION('',(0.0,0.0,1.0));
#3877=ORIENTED_EDGE('',*,*,#4921,.T.);
#3878=ORIENTED_EDGE('',*,*,#4799,.F.);
#3879=ORIENTED_EDGE('',*,*,#5100,.F.);
#3880=ORIENTED_EDGE('',*,*,#5101,.F.);
#3881=ORIENTED_EDGE('',*,*,#5021,.T.);
#3882=CARTESIAN_POINT('',(1.4,0.9188895747758,-0.2206058688438));
#3883=DIRECTION('',(0.0,-0.52249856471591,0.852640164354116));
#3884=DIRECTION('',(-1.0,0.0,0.0));
#3885=ORIENTED_EDGE('',*,*,#4917,.F.);
#3886=ORIENTED_EDGE('',*,*,#5018,.T.);
#3887=ORIENTED_EDGE('',*,*,#5101,.T.);
#3888=ORIENTED_EDGE('',*,*,#5099,.F.);
#3889=ORIENTED_EDGE('',*,*,#4795,.F.);
#3890=CARTESIAN_POINT('',(1.4,0.9689422673768,-0.30228443971));
#3891=DIRECTION('',(0.0,-0.852640164354116,-0.52249856471591));
#3892=DIRECTION('',(0.0,0.52249856471591,-0.852640164354116));
#3893=ORIENTED_EDGE('',*,*,#4630,.F.);
#3894=ORIENTED_EDGE('',*,*,#5102,.T.);
#3895=ORIENTED_EDGE('',*,*,#5103,.T.);
#3896=CARTESIAN_POINT('',(2.4,0.0,0.0));
#3897=DIRECTION('',(-1.0,0.0,0.0));
#3898=DIRECTION('',(0.0,0.0,1.0));
#3899=ORIENTED_EDGE('',*,*,#4918,.T.);
#3900=ORIENTED_EDGE('',*,*,#4796,.F.);
#3901=ORIENTED_EDGE('',*,*,#5103,.F.);
#3902=ORIENTED_EDGE('',*,*,#5104,.F.);
#3903=ORIENTED_EDGE('',*,*,#5019,.T.);
#3904=CARTESIAN_POINT('',(1.4,0.8730661582232,-0.361635843585));
#3905=DIRECTION('',(0.0,-0.382683432365094,0.923879532511285));
#3906=DIRECTION('',(-1.0,0.0,0.0));
#3907=ORIENTED_EDGE('',*,*,#4914,.F.);
#3908=ORIENTED_EDGE('',*,*,#5016,.T.);
#3909=ORIENTED_EDGE('',*,*,#5104,.T.);
#3910=ORIENTED_EDGE('',*,*,#5102,.F.);
#3911=ORIENTED_EDGE('',*,*,#4792,.F.);
#3912=CARTESIAN_POINT('',(1.4,0.9097252755818,-0.4501387818969));
#3913=DIRECTION('',(0.0,-0.923879532511285,-0.382683432365094));
#3914=DIRECTION('',(0.0,0.382683432365094,-0.923879532511285));
#3915=ORIENTED_EDGE('',*,*,#4628,.F.);
#3916=ORIENTED_EDGE('',*,*,#5105,.T.);
#3917=ORIENTED_EDGE('',*,*,#5106,.T.);
#3918=CARTESIAN_POINT('',(2.4,0.0,0.0));
#3919=DIRECTION('',(-1.0,0.0,0.0));
#3920=DIRECTION('',(0.0,0.0,1.0));
#3921=ORIENTED_EDGE('',*,*,#4915,.T.);
#3922=ORIENTED_EDGE('',*,*,#4793,.F.);
#3923=ORIENTED_EDGE('',*,*,#5106,.F.);
#3924=ORIENTED_EDGE('',*,*,#5107,.F.);
#3925=ORIENTED_EDGE('',*,*,#5017,.T.);
#3926=CARTESIAN_POINT('',(1.4,0.8057449553146,-0.4937611436566));
#3927=DIRECTION('',(0.0,-0.233445363855895,0.972369920397679));
#3928=DIRECTION('',(-1.0,0.0,0.0));
#3929=ORIENTED_EDGE('',*,*,#4911,.F.);
#3930=ORIENTED_EDGE('',*,*,#5014,.T.);
#3931=ORIENTED_EDGE('',*,*,#5107,.T.);
#3932=ORIENTED_EDGE('',*,*,#5105,.F.);
#3933=ORIENTED_EDGE('',*,*,#4789,.F.);
#3934=CARTESIAN_POINT('',(1.4,0.828107828297,-0.5869092133485));
#3935=DIRECTION('',(0.0,-0.972369920397679,-0.233445363855895));
#3936=DIRECTION('',(0.0,0.233445363855895,-0.972369920397679));
#3937=ORIENTED_EDGE('',*,*,#4626,.F.);
#3938=ORIENTED_EDGE('',*,*,#5108,.T.);
#3939=ORIENTED_EDGE('',*,*,#5109,.T.);
#3940=CARTESIAN_POINT('',(2.4,0.0,0.0));
#3941=DIRECTION('',(-1.0,0.0,0.0));
#3942=DIRECTION('',(0.0,0.0,1.0));
#3943=ORIENTED_EDGE('',*,*,#4912,.T.);
#3944=ORIENTED_EDGE('',*,*,#4790,.F.);
#3945=ORIENTED_EDGE('',*,*,#5109,.F.);
#3946=ORIENTED_EDGE('',*,*,#5110,.F.);
#3947=ORIENTED_EDGE('',*,*,#5015,.T.);
#3948=CARTESIAN_POINT('',(1.4,0.718583637492,-0.613728405672));
#3949=DIRECTION('',(0.0,-0.0784590957278422,0.996917333733128));
#3950=DIRECTION('',(-1.0,0.0,0.0));
#3951=ORIENTED_EDGE('',*,*,#4908,.F.);
#3952=ORIENTED_EDGE('',*,*,#5012,.T.);
#3953=ORIENTED_EDGE('',*,*,#5110,.T.);
#3954=ORIENTED_EDGE('',*,*,#5108,.F.);
#3955=ORIENTED_EDGE('',*,*,#4786,.F.);
#3956=CARTESIAN_POINT('',(1.4,0.7260996179471,-0.7092279921274));
#3957=DIRECTION('',(0.0,-0.996917333733127,-0.0784590957278522));
#3958=DIRECTION('',(0.0,0.0784590957278522,-0.996917333733127));
#3959=ORIENTED_EDGE('',*,*,#4624,.F.);
#3960=ORIENTED_EDGE('',*,*,#5111,.T.);
#3961=ORIENTED_EDGE('',*,*,#5112,.T.);
#3962=CARTESIAN_POINT('',(2.4,0.0,0.0));
#3963=DIRECTION('',(-1.0,0.0,0.0));
#3964=DIRECTION('',(0.0,0.0,1.0));
#3965=ORIENTED_EDGE('',*,*,#4909,.T.);
#3966=ORIENTED_EDGE('',*,*,#4787,.F.);
#3967=ORIENTED_EDGE('',*,*,#5112,.F.);
#3968=ORIENTED_EDGE('',*,*,#5113,.F.);
#3969=ORIENTED_EDGE('',*,*,#5013,.T.);
#3970=CARTESIAN_POINT('',(1.4,0.613728405672,-0.718583637492));
#3971=DIRECTION('',(0.0,0.0784590957278522,0.996917333733127));
#3972=DIRECTION('',(1.0,-0.0,0.0));
#3973=ORIENTED_EDGE('',*,*,#4905,.F.);
#3974=ORIENTED_EDGE('',*,*,#5010,.T.);
#3975=ORIENTED_EDGE('',*,*,#5113,.T.);
#3976=ORIENTED_EDGE('',*,*,#5111,.F.);
#3977=ORIENTED_EDGE('',*,*,#4783,.F.);
#3978=CARTESIAN_POINT('',(1.4,0.6062124252169,-0.8140832239474));
#3979=DIRECTION('',(0.0,-0.996917333733128,0.0784590957278422));
#3980=DIRECTION('',(-1.0,0.0,0.0));
#3981=ORIENTED_EDGE('',*,*,#4622,.F.);
#3982=ORIENTED_EDGE('',*,*,#5114,.T.);
#3983=ORIENTED_EDGE('',*,*,#5115,.T.);
#3984=CARTESIAN_POINT('',(2.4,0.0,0.0));
#3985=DIRECTION('',(-1.0,0.0,0.0));
#3986=DIRECTION('',(0.0,0.0,1.0));
#3987=ORIENTED_EDGE('',*,*,#4906,.T.);
#3988=ORIENTED_EDGE('',*,*,#4784,.F.);
#3989=ORIENTED_EDGE('',*,*,#5115,.F.);
#3990=ORIENTED_EDGE('',*,*,#5116,.F.);
#3991=ORIENTED_EDGE('',*,*,#5011,.T.);
#3992=CARTESIAN_POINT('',(1.4,0.4937611436566,-0.8057449553146));
#3993=DIRECTION('',(0.0,0.233445363855895,0.972369920397679));
#3994=DIRECTION('',(1.0,-0.0,0.0));
#3995=ORIENTED_EDGE('',*,*,#4902,.F.);
#3996=ORIENTED_EDGE('',*,*,#5008,.T.);
#3997=ORIENTED_EDGE('',*,*,#5116,.T.);
#3998=ORIENTED_EDGE('',*,*,#5114,.F.);
#3999=ORIENTED_EDGE('',*,*,#4780,.F.);
#4000=CARTESIAN_POINT('',(1.4,0.4713982706742,-0.8988930250065));
#4001=DIRECTION('',(0.0,-0.972369920397679,0.233445363855895));
#4002=DIRECTION('',(-1.0,0.0,0.0));
#4003=ORIENTED_EDGE('',*,*,#4620,.F.);
#4004=ORIENTED_EDGE('',*,*,#5117,.T.);
#4005=ORIENTED_EDGE('',*,*,#5118,.T.);
#4006=CARTESIAN_POINT('',(2.4,0.0,0.0));
#4007=DIRECTION('',(-1.0,0.0,0.0));
#4008=DIRECTION('',(0.0,0.0,1.0));
#4009=ORIENTED_EDGE('',*,*,#4903,.T.);
#4010=ORIENTED_EDGE('',*,*,#4781,.F.);
#4011=ORIENTED_EDGE('',*,*,#5118,.F.);
#4012=ORIENTED_EDGE('',*,*,#5119,.F.);
#4013=ORIENTED_EDGE('',*,*,#5009,.T.);
#4014=CARTESIAN_POINT('',(1.4,0.361635843585,-0.8730661582232));
#4015=DIRECTION('',(0.0,0.382683432365094,0.923879532511285));
#4016=DIRECTION('',(1.0,-0.0,0.0));
#4017=ORIENTED_EDGE('',*,*,#4899,.F.);
#4018=ORIENTED_EDGE('',*,*,#5006,.T.);
#4019=ORIENTED_EDGE('',*,*,#5119,.T.);
#4020=ORIENTED_EDGE('',*,*,#5117,.F.);
#4021=ORIENTED_EDGE('',*,*,#4777,.F.);
#4022=CARTESIAN_POINT('',(1.4,0.3249767262264,-0.961569096535));
#4023=DIRECTION('',(0.0,-0.923879532511285,0.382683432365094));
#4024=DIRECTION('',(-1.0,0.0,0.0));
#4025=ORIENTED_EDGE('',*,*,#4618,.F.);
#4026=ORIENTED_EDGE('',*,*,#5120,.T.);
#4027=ORIENTED_EDGE('',*,*,#5121,.T.);
#4028=CARTESIAN_POINT('',(2.4,0.0,0.0));
#4029=DIRECTION('',(-1.0,0.0,0.0));
#4030=DIRECTION('',(0.0,0.0,1.0));
#4031=ORIENTED_EDGE('',*,*,#4900,.T.);
#4032=ORIENTED_EDGE('',*,*,#4778,.F.);
#4033=ORIENTED_EDGE('',*,*,#5121,.F.);
#4034=ORIENTED_EDGE('',*,*,#5122,.F.);
#4035=ORIENTED_EDGE('',*,*,#5007,.T.);
#4036=CARTESIAN_POINT('',(1.4,0.2206058688438,-0.9188895747758));
#4037=DIRECTION('',(0.0,0.52249856471591,0.852640164354116));
#4038=DIRECTION('',(1.0,-0.0,0.0));
#4039=ORIENTED_EDGE('',*,*,#4896,.F.);
#4040=ORIENTED_EDGE('',*,*,#5004,.T.);
#4041=ORIENTED_EDGE('',*,*,#5122,.T.);
#4042=ORIENTED_EDGE('',*,*,#5120,.F.);
#4043=ORIENTED_EDGE('',*,*,#4774,.F.);
#4044=CARTESIAN_POINT('',(1.4,0.1705531762429,-1.000568145642));
#4045=DIRECTION('',(0.0,-0.852640164354116,0.52249856471591));
#4046=DIRECTION('',(-1.0,0.0,0.0));
#4047=ORIENTED_EDGE('',*,*,#4616,.F.);
#4048=ORIENTED_EDGE('',*,*,#5123,.T.);
#4049=ORIENTED_EDGE('',*,*,#5124,.T.);
#4050=CARTESIAN_POINT('',(2.4,0.0,0.0));
#4051=DIRECTION('',(-1.0,0.0,0.0));
#4052=DIRECTION('',(0.0,0.0,1.0));
#4053=ORIENTED_EDGE('',*,*,#4897,.T.);
#4054=ORIENTED_EDGE('',*,*,#4775,.F.);
#4055=ORIENTED_EDGE('',*,*,#5124,.F.);
#4056=ORIENTED_EDGE('',*,*,#5125,.F.);
#4057=ORIENTED_EDGE('',*,*,#5005,.T.);
#4058=CARTESIAN_POINT('',(1.4,0.07414384546281,-0.9420868803778));
#4059=DIRECTION('',(0.0,0.649448048330208,0.76040596560001));
#4060=DIRECTION('',(1.0,-0.0,0.0));
#4061=ORIENTED_EDGE('',*,*,#4893,.F.);
#4062=ORIENTED_EDGE('',*,*,#5002,.T.);
#4063=ORIENTED_EDGE('',*,*,#5125,.T.);
#4064=ORIENTED_EDGE('',*,*,#5123,.F.);
#4065=ORIENTED_EDGE('',*,*,#4771,.F.);
#4066=CARTESIAN_POINT('',(1.4,0.01193004102676,-1.014929886308));
#4067=DIRECTION('',(0.0,-0.76040596560001,0.649448048330208));
#4068=DIRECTION('',(-1.0,0.0,0.0));
#4069=ORIENTED_EDGE('',*,*,#4614,.F.);
#4070=ORIENTED_EDGE('',*,*,#5126,.T.);
#4071=ORIENTED_EDGE('',*,*,#5127,.T.);
#4072=CARTESIAN_POINT('',(2.4,0.0,0.0));
#4073=DIRECTION('',(-1.0,0.0,0.0));
#4074=DIRECTION('',(0.0,0.0,1.0));
#4075=ORIENTED_EDGE('',*,*,#4894,.T.);
#4076=ORIENTED_EDGE('',*,*,#4772,.F.);
#4077=ORIENTED_EDGE('',*,*,#5127,.F.);
#4078=ORIENTED_EDGE('',*,*,#5128,.F.);
#4079=ORIENTED_EDGE('',*,*,#5003,.T.);
#4080=CARTESIAN_POINT('',(1.4,-0.07414384546281,-0.9420868803778));
#4081=DIRECTION('',(0.0,0.76040596560001,0.649448048330208));
#4082=DIRECTION('',(1.0,0.0,-0.0));
#4083=ORIENTED_EDGE('',*,*,#4890,.F.);
#4084=ORIENTED_EDGE('',*,*,#5000,.T.);
#4085=ORIENTED_EDGE('',*,*,#5128,.T.);
#4086=ORIENTED_EDGE('',*,*,#5126,.F.);
#4087=ORIENTED_EDGE('',*,*,#4768,.F.);
#4088=CARTESIAN_POINT('',(1.4,-0.146986851393,-1.004300684814));
#4089=DIRECTION('',(0.0,-0.649448048330208,0.76040596560001));
#4090=DIRECTION('',(-1.0,0.0,0.0));
#4091=ORIENTED_EDGE('',*,*,#4612,.F.);
#4092=ORIENTED_EDGE('',*,*,#5129,.T.);
#4093=ORIENTED_EDGE('',*,*,#5130,.T.);
#4094=CARTESIAN_POINT('',(2.4,0.0,0.0));
#4095=DIRECTION('',(-1.0,0.0,0.0));
#4096=DIRECTION('',(0.0,0.0,1.0));
#4097=ORIENTED_EDGE('',*,*,#4891,.T.);
#4098=ORIENTED_EDGE('',*,*,#4769,.F.);
#4099=ORIENTED_EDGE('',*,*,#5130,.F.);
#4100=ORIENTED_EDGE('',*,*,#5131,.F.);
#4101=ORIENTED_EDGE('',*,*,#5001,.T.);
#4102=CARTESIAN_POINT('',(1.4,-0.2206058688438,-0.9188895747758));
#4103=DIRECTION('',(0.0,0.852640164354116,0.52249856471591));
#4104=DIRECTION('',(1.0,0.0,-0.0));
#4105=ORIENTED_EDGE('',*,*,#4887,.F.);
#4106=ORIENTED_EDGE('',*,*,#4998,.T.);
#4107=ORIENTED_EDGE('',*,*,#5131,.T.);
#4108=ORIENTED_EDGE('',*,*,#5129,.F.);
#4109=ORIENTED_EDGE('',*,*,#4765,.F.);
#4110=CARTESIAN_POINT('',(1.4,-0.30228443971,-0.9689422673768));
#4111=DIRECTION('',(0.0,-0.52249856471591,0.852640164354116));
#4112=DIRECTION('',(-1.0,0.0,0.0));
#4113=ORIENTED_EDGE('',*,*,#4610,.F.);
#4114=ORIENTED_EDGE('',*,*,#5132,.T.);
#4115=ORIENTED_EDGE('',*,*,#5133,.T.);
#4116=CARTESIAN_POINT('',(2.4,0.0,0.0));
#4117=DIRECTION('',(-1.0,0.0,0.0));
#4118=DIRECTION('',(0.0,0.0,1.0));
#4119=ORIENTED_EDGE('',*,*,#4888,.T.);
#4120=ORIENTED_EDGE('',*,*,#4766,.F.);
#4121=ORIENTED_EDGE('',*,*,#5133,.F.);
#4122=ORIENTED_EDGE('',*,*,#5134,.F.);
#4123=ORIENTED_EDGE('',*,*,#4999,.T.);
#4124=CARTESIAN_POINT('',(1.4,-0.361635843585,-0.8730661582232));
#4125=DIRECTION('',(0.0,0.923879532511285,0.382683432365094));
#4126=DIRECTION('',(1.0,0.0,-0.0));
#4127=ORIENTED_EDGE('',*,*,#4884,.F.);
#4128=ORIENTED_EDGE('',*,*,#4996,.T.);
#4129=ORIENTED_EDGE('',*,*,#5134,.T.);
#4130=ORIENTED_EDGE('',*,*,#5132,.F.);
#4131=ORIENTED_EDGE('',*,*,#4762,.F.);
#4132=CARTESIAN_POINT('',(1.4,-0.4501387818969,-0.9097252755818));
#4133=DIRECTION('',(0.0,-0.382683432365094,0.923879532511285));
#4134=DIRECTION('',(-1.0,0.0,0.0));
#4135=ORIENTED_EDGE('',*,*,#4608,.F.);
#4136=ORIENTED_EDGE('',*,*,#5135,.T.);
#4137=ORIENTED_EDGE('',*,*,#5136,.T.);
#4138=CARTESIAN_POINT('',(2.4,0.0,0.0));
#4139=DIRECTION('',(-1.0,0.0,0.0));
#4140=DIRECTION('',(0.0,0.0,1.0));
#4141=ORIENTED_EDGE('',*,*,#4885,.T.);
#4142=ORIENTED_EDGE('',*,*,#4763,.F.);
#4143=ORIENTED_EDGE('',*,*,#5136,.F.);
#4144=ORIENTED_EDGE('',*,*,#5137,.F.);
#4145=ORIENTED_EDGE('',*,*,#4997,.T.);
#4146=CARTESIAN_POINT('',(1.4,-0.4937611436566,-0.8057449553146));
#4147=DIRECTION('',(0.0,0.972369920397679,0.233445363855895));
#4148=DIRECTION('',(1.0,0.0,-0.0));
#4149=ORIENTED_EDGE('',*,*,#4881,.F.);
#4150=ORIENTED_EDGE('',*,*,#4994,.T.);
#4151=ORIENTED_EDGE('',*,*,#5137,.T.);
#4152=ORIENTED_EDGE('',*,*,#5135,.F.);
#4153=ORIENTED_EDGE('',*,*,#4759,.F.);
#4154=CARTESIAN_POINT('',(1.4,-0.5869092133485,-0.828107828297));
#4155=DIRECTION('',(0.0,-0.233445363855895,0.972369920397679));
#4156=DIRECTION('',(-1.0,0.0,0.0));
#4157=ORIENTED_EDGE('',*,*,#4606,.F.);
#4158=ORIENTED_EDGE('',*,*,#5138,.T.);
#4159=ORIENTED_EDGE('',*,*,#5139,.T.);
#4160=CARTESIAN_POINT('',(2.4,0.0,0.0));
#4161=DIRECTION('',(-1.0,0.0,0.0));
#4162=DIRECTION('',(0.0,0.0,1.0));
#4163=ORIENTED_EDGE('',*,*,#4882,.T.);
#4164=ORIENTED_EDGE('',*,*,#4760,.F.);
#4165=ORIENTED_EDGE('',*,*,#5139,.F.);
#4166=ORIENTED_EDGE('',*,*,#5140,.F.);
#4167=ORIENTED_EDGE('',*,*,#4995,.T.);
#4168=CARTESIAN_POINT('',(1.4,-0.613728405672,-0.718583637492));
#4169=DIRECTION('',(0.0,0.996917333733128,0.0784590957278422));
#4170=DIRECTION('',(1.0,0.0,-0.0));
#4171=ORIENTED_EDGE('',*,*,#4878,.F.);
#4172=ORIENTED_EDGE('',*,*,#4992,.T.);
#4173=ORIENTED_EDGE('',*,*,#5140,.T.);
#4174=ORIENTED_EDGE('',*,*,#5138,.F.);
#4175=ORIENTED_EDGE('',*,*,#4756,.F.);
#4176=CARTESIAN_POINT('',(1.4,-0.7092279921274,-0.7260996179471));
#4177=DIRECTION('',(0.0,-0.0784590957278522,0.996917333733127));
#4178=DIRECTION('',(-1.0,0.0,0.0));
#4179=ORIENTED_EDGE('',*,*,#4604,.F.);
#4180=ORIENTED_EDGE('',*,*,#5141,.T.);
#4181=ORIENTED_EDGE('',*,*,#5142,.T.);
#4182=CARTESIAN_POINT('',(2.4,0.0,0.0));
#4183=DIRECTION('',(-1.0,0.0,0.0));
#4184=DIRECTION('',(0.0,0.0,1.0));
#4185=ORIENTED_EDGE('',*,*,#4879,.T.);
#4186=ORIENTED_EDGE('',*,*,#4757,.F.);
#4187=ORIENTED_EDGE('',*,*,#5142,.F.);
#4188=ORIENTED_EDGE('',*,*,#5143,.F.);
#4189=ORIENTED_EDGE('',*,*,#4993,.T.);
#4190=CARTESIAN_POINT('',(1.4,-0.718583637492,-0.613728405672));
#4191=DIRECTION('',(0.0,0.996917333733127,-0.0784590957278522));
#4192=DIRECTION('',(-1.0,0.0,0.0));
#4193=ORIENTED_EDGE('',*,*,#4875,.F.);
#4194=ORIENTED_EDGE('',*,*,#4990,.T.);
#4195=ORIENTED_EDGE('',*,*,#5143,.T.);
#4196=ORIENTED_EDGE('',*,*,#5141,.F.);
#4197=ORIENTED_EDGE('',*,*,#4753,.F.);
#4198=CARTESIAN_POINT('',(1.4,-0.8140832239474,-0.6062124252169));
#4199=DIRECTION('',(0.0,0.0784590957278422,0.996917333733128));
#4200=DIRECTION('',(1.0,-0.0,0.0));
#4201=ORIENTED_EDGE('',*,*,#4602,.F.);
#4202=ORIENTED_EDGE('',*,*,#5144,.T.);
#4203=ORIENTED_EDGE('',*,*,#5145,.T.);
#4204=CARTESIAN_POINT('',(2.4,0.0,0.0));
#4205=DIRECTION('',(-1.0,0.0,0.0));
#4206=DIRECTION('',(0.0,0.0,1.0));
#4207=ORIENTED_EDGE('',*,*,#4876,.T.);
#4208=ORIENTED_EDGE('',*,*,#4754,.F.);
#4209=ORIENTED_EDGE('',*,*,#5145,.F.);
#4210=ORIENTED_EDGE('',*,*,#5146,.F.);
#4211=ORIENTED_EDGE('',*,*,#4991,.T.);
#4212=CARTESIAN_POINT('',(1.4,-0.8057449553146,-0.4937611436566));
#4213=DIRECTION('',(0.0,0.972369920397679,-0.233445363855895));
#4214=DIRECTION('',(-1.0,0.0,0.0));
#4215=ORIENTED_EDGE('',*,*,#4872,.F.);
#4216=ORIENTED_EDGE('',*,*,#4988,.T.);
#4217=ORIENTED_EDGE('',*,*,#5146,.T.);
#4218=ORIENTED_EDGE('',*,*,#5144,.F.);
#4219=ORIENTED_EDGE('',*,*,#4750,.F.);
#4220=CARTESIAN_POINT('',(1.4,-0.8988930250065,-0.4713982706742));
#4221=DIRECTION('',(0.0,0.233445363855895,0.972369920397679));
#4222=DIRECTION('',(1.0,-0.0,0.0));
#4223=ORIENTED_EDGE('',*,*,#4600,.F.);
#4224=ORIENTED_EDGE('',*,*,#5147,.T.);
#4225=ORIENTED_EDGE('',*,*,#5148,.T.);
#4226=CARTESIAN_POINT('',(2.4,0.0,0.0));
#4227=DIRECTION('',(-1.0,0.0,0.0));
#4228=DIRECTION('',(0.0,0.0,1.0));
#4229=ORIENTED_EDGE('',*,*,#4873,.T.);
#4230=ORIENTED_EDGE('',*,*,#4751,.F.);
#4231=ORIENTED_EDGE('',*,*,#5148,.F.);
#4232=ORIENTED_EDGE('',*,*,#5149,.F.);
#4233=ORIENTED_EDGE('',*,*,#4989,.T.);
#4234=CARTESIAN_POINT('',(1.4,-0.8730661582232,-0.361635843585));
#4235=DIRECTION('',(0.0,0.923879532511285,-0.382683432365094));
#4236=DIRECTION('',(-1.0,0.0,0.0));
#4237=ORIENTED_EDGE('',*,*,#4869,.F.);
#4238=ORIENTED_EDGE('',*,*,#4986,.T.);
#4239=ORIENTED_EDGE('',*,*,#5149,.T.);
#4240=ORIENTED_EDGE('',*,*,#5147,.F.);
#4241=ORIENTED_EDGE('',*,*,#4747,.F.);
#4242=CARTESIAN_POINT('',(1.4,-0.961569096535,-0.3249767262264));
#4243=DIRECTION('',(0.0,0.382683432365094,0.923879532511285));
#4244=DIRECTION('',(1.0,-0.0,0.0));
#4245=ORIENTED_EDGE('',*,*,#4598,.F.);
#4246=ORIENTED_EDGE('',*,*,#5150,.T.);
#4247=ORIENTED_EDGE('',*,*,#5151,.T.);
#4248=CARTESIAN_POINT('',(2.4,0.0,0.0));
#4249=DIRECTION('',(-1.0,0.0,0.0));
#4250=DIRECTION('',(0.0,0.0,1.0));
#4251=ORIENTED_EDGE('',*,*,#4870,.T.);
#4252=ORIENTED_EDGE('',*,*,#4748,.F.);
#4253=ORIENTED_EDGE('',*,*,#5151,.F.);
#4254=ORIENTED_EDGE('',*,*,#5152,.F.);
#4255=ORIENTED_EDGE('',*,*,#4987,.T.);
#4256=CARTESIAN_POINT('',(1.4,-0.9188895747758,-0.2206058688438));
#4257=DIRECTION('',(0.0,0.852640164354116,-0.52249856471591));
#4258=DIRECTION('',(-1.0,0.0,0.0));
#4259=ORIENTED_EDGE('',*,*,#4866,.F.);
#4260=ORIENTED_EDGE('',*,*,#4984,.T.);
#4261=ORIENTED_EDGE('',*,*,#5152,.T.);
#4262=ORIENTED_EDGE('',*,*,#5150,.F.);
#4263=ORIENTED_EDGE('',*,*,#4744,.F.);
#4264=CARTESIAN_POINT('',(1.4,-1.000568145642,-0.1705531762429));
#4265=DIRECTION('',(0.0,0.52249856471591,0.852640164354116));
#4266=DIRECTION('',(1.0,-0.0,0.0));
#4267=ORIENTED_EDGE('',*,*,#4867,.T.);
#4268=ORIENTED_EDGE('',*,*,#4745,.F.);
#4269=ORIENTED_EDGE('',*,*,#5095,.F.);
#4270=ORIENTED_EDGE('',*,*,#5093,.F.);
#4271=ORIENTED_EDGE('',*,*,#4985,.T.);
#4272=CARTESIAN_POINT('',(1.4,-0.9420868803778,-0.07414384546281));
#4273=DIRECTION('',(0.0,0.76040596560001,-0.649448048330208));
#4274=DIRECTION('',(-1.0,0.0,0.0));
#4275=FILL_AREA_STYLE_COLOUR('',#5153);
#4276=ORIENTED_EDGE('',*,*,#5154,.F.);
#4277=ORIENTED_EDGE('',*,*,#5155,.F.);
#4278=ORIENTED_EDGE('',*,*,#5156,.T.);
#4279=ORIENTED_EDGE('',*,*,#5157,.T.);
#4280=CARTESIAN_POINT('',(0.5366025403784,0.0,0.0));
#4281=DIRECTION('',(-1.0,-0.0,-0.0));
#4282=DIRECTION('',(0.0,-1.83697019872103E-16,1.0));
#4283=ORIENTED_EDGE('',*,*,#5158,.F.);
#4284=ORIENTED_EDGE('',*,*,#5157,.F.);
#4285=ORIENTED_EDGE('',*,*,#5159,.F.);
#4286=ORIENTED_EDGE('',*,*,#5160,.T.);
#4287=ORIENTED_EDGE('',*,*,#5161,.F.);
#4288=ORIENTED_EDGE('',*,*,#5162,.T.);
#4289=ORIENTED_EDGE('',*,*,#5163,.F.);
#4290=ORIENTED_EDGE('',*,*,#5164,.T.);
#4291=CARTESIAN_POINT('',(1.15,0.0,0.0));
#4292=DIRECTION('',(1.0,0.0,-0.0));
#4293=DIRECTION('',(0.0,6.12323399573677E-17,1.0));
#4294=ORIENTED_EDGE('',*,*,#5165,.F.);
#4295=ORIENTED_EDGE('',*,*,#5166,.T.);
#4296=ORIENTED_EDGE('',*,*,#5167,.F.);
#4297=ORIENTED_EDGE('',*,*,#5168,.T.);
#4298=ORIENTED_EDGE('',*,*,#5169,.F.);
#4299=ORIENTED_EDGE('',*,*,#5170,.T.);
#4300=ORIENTED_EDGE('',*,*,#5171,.T.);
#4301=ORIENTED_EDGE('',*,*,#5172,.F.);
#4302=CARTESIAN_POINT('',(1.15,0.0,0.0));
#4303=DIRECTION('',(1.0,0.0,-0.0));
#4304=DIRECTION('',(0.0,6.12323399573677E-17,1.0));
#4305=ORIENTED_EDGE('',*,*,#5173,.F.);
#4306=ORIENTED_EDGE('',*,*,#5174,.F.);
#4307=ORIENTED_EDGE('',*,*,#5175,.F.);
#4308=ORIENTED_EDGE('',*,*,#5176,.F.);
#4309=CARTESIAN_POINT('',(1.15,0.0,0.0));
#4310=DIRECTION('',(-1.0,0.0,0.0));
#4311=DIRECTION('',(0.0,1.0,0.0));
#4312=ORIENTED_EDGE('',*,*,#5177,.F.);
#4313=ORIENTED_EDGE('',*,*,#5178,.F.);
#4314=ORIENTED_EDGE('',*,*,#5179,.F.);
#4315=ORIENTED_EDGE('',*,*,#5180,.F.);
#4316=CARTESIAN_POINT('',(1.15,0.0,0.0));
#4317=DIRECTION('',(-1.0,0.0,0.0));
#4318=DIRECTION('',(0.0,1.0,0.0));
#4319=ORIENTED_EDGE('',*,*,#5181,.F.);
#4320=ORIENTED_EDGE('',*,*,#5160,.F.);
#4321=ORIENTED_EDGE('',*,*,#5182,.F.);
#4322=ORIENTED_EDGE('',*,*,#5170,.F.);
#4323=CARTESIAN_POINT('',(1.15,0.0,0.0));
#4324=DIRECTION('',(-1.0,0.0,0.0));
#4325=DIRECTION('',(0.0,1.0,0.0));
#4326=ORIENTED_EDGE('',*,*,#5183,.F.);
#4327=ORIENTED_EDGE('',*,*,#5162,.F.);
#4328=ORIENTED_EDGE('',*,*,#5184,.F.);
#4329=ORIENTED_EDGE('',*,*,#5168,.F.);
#4330=CARTESIAN_POINT('',(1.15,0.0,0.0));
#4331=DIRECTION('',(-1.0,0.0,0.0));
#4332=DIRECTION('',(0.0,1.0,0.0));
#4333=ORIENTED_EDGE('',*,*,#5185,.F.);
#4334=ORIENTED_EDGE('',*,*,#5166,.F.);
#4335=ORIENTED_EDGE('',*,*,#5186,.F.);
#4336=ORIENTED_EDGE('',*,*,#5187,.F.);
#4337=ORIENTED_EDGE('',*,*,#5188,.F.);
#4338=ORIENTED_EDGE('',*,*,#5164,.F.);
#4339=CARTESIAN_POINT('',(1.15,0.0,0.0));
#4340=DIRECTION('',(-1.0,0.0,0.0));
#4341=DIRECTION('',(0.0,1.0,0.0));
#4342=ORIENTED_EDGE('',*,*,#5189,.F.);
#4343=ORIENTED_EDGE('',*,*,#5190,.F.);
#4344=ORIENTED_EDGE('',*,*,#5173,.T.);
#4345=ORIENTED_EDGE('',*,*,#5191,.T.);
#4346=ORIENTED_EDGE('',*,*,#5192,.F.);
#4347=ORIENTED_EDGE('',*,*,#5193,.F.);
#4348=ORIENTED_EDGE('',*,*,#5189,.T.);
#4349=ORIENTED_EDGE('',*,*,#5194,.F.);
#4350=ORIENTED_EDGE('',*,*,#5195,.T.);
#4351=ORIENTED_EDGE('',*,*,#5196,.T.);
#4352=ORIENTED_EDGE('',*,*,#5192,.T.);
#4353=ORIENTED_EDGE('',*,*,#5197,.T.);
#4354=CARTESIAN_POINT('',(3.45,0.0,0.0));
#4355=DIRECTION('',(1.0,0.0,0.0));
#4356=DIRECTION('',(0.0,0.0,-1.0));
#4357=ORIENTED_EDGE('',*,*,#5195,.F.);
#4358=ORIENTED_EDGE('',*,*,#5198,.F.);
#4359=ORIENTED_EDGE('',*,*,#5199,.T.);
#4360=ORIENTED_EDGE('',*,*,#5200,.F.);
#4361=ORIENTED_EDGE('',*,*,#5200,.T.);
#4362=ORIENTED_EDGE('',*,*,#5201,.F.);
#4363=ORIENTED_EDGE('',*,*,#5202,.T.);
#4364=ORIENTED_EDGE('',*,*,#5190,.T.);
#4365=ORIENTED_EDGE('',*,*,#5193,.T.);
#4366=ORIENTED_EDGE('',*,*,#5196,.F.);
#4367=ORIENTED_EDGE('',*,*,#5165,.T.);
#4368=ORIENTED_EDGE('',*,*,#5203,.F.);
#4369=ORIENTED_EDGE('',*,*,#5204,.F.);
#4370=ORIENTED_EDGE('',*,*,#5174,.T.);
#4371=ORIENTED_EDGE('',*,*,#5202,.F.);
#4372=ORIENTED_EDGE('',*,*,#5178,.T.);
#4373=ORIENTED_EDGE('',*,*,#5205,.F.);
#4374=ORIENTED_EDGE('',*,*,#5186,.T.);
#4375=CARTESIAN_POINT('',(1.15,0.0,0.0));
#4376=DIRECTION('',(1.0,0.0,-0.0));
#4377=DIRECTION('',(0.0,6.12323399573677E-17,1.0));
#4378=ORIENTED_EDGE('',*,*,#5206,.T.);
#4379=ORIENTED_EDGE('',*,*,#5207,.F.);
#4380=ORIENTED_EDGE('',*,*,#5208,.T.);
#4381=ORIENTED_EDGE('',*,*,#5209,.F.);
#4382=ORIENTED_EDGE('',*,*,#5167,.T.);
#4383=ORIENTED_EDGE('',*,*,#5210,.T.);
#4384=ORIENTED_EDGE('',*,*,#5211,.F.);
#4385=ORIENTED_EDGE('',*,*,#5206,.F.);
#4386=ORIENTED_EDGE('',*,*,#5212,.T.);
#4387=ORIENTED_EDGE('',*,*,#5213,.F.);
#4388=ORIENTED_EDGE('',*,*,#5211,.T.);
#4389=ORIENTED_EDGE('',*,*,#5214,.T.);
#4390=ORIENTED_EDGE('',*,*,#5215,.T.);
#4391=ORIENTED_EDGE('',*,*,#5207,.T.);
#4392=CARTESIAN_POINT('',(3.45,0.0,0.0));
#4393=DIRECTION('',(1.0,0.0,0.0));
#4394=DIRECTION('',(0.0,0.0,-1.0));
#4395=ORIENTED_EDGE('',*,*,#5215,.F.);
#4396=ORIENTED_EDGE('',*,*,#5216,.F.);
#4397=ORIENTED_EDGE('',*,*,#5217,.T.);
#4398=ORIENTED_EDGE('',*,*,#5208,.F.);
#4399=ORIENTED_EDGE('',*,*,#5217,.F.);
#4400=ORIENTED_EDGE('',*,*,#5218,.F.);
#4401=ORIENTED_EDGE('',*,*,#5183,.T.);
#4402=ORIENTED_EDGE('',*,*,#5209,.T.);
#4403=ORIENTED_EDGE('',*,*,#5213,.T.);
#4404=ORIENTED_EDGE('',*,*,#5219,.F.);
#4405=ORIENTED_EDGE('',*,*,#5163,.T.);
#4406=ORIENTED_EDGE('',*,*,#5218,.T.);
#4407=ORIENTED_EDGE('',*,*,#5216,.T.);
#4408=ORIENTED_EDGE('',*,*,#5214,.F.);
#4409=ORIENTED_EDGE('',*,*,#5158,.T.);
#4410=ORIENTED_EDGE('',*,*,#5188,.T.);
#4411=ORIENTED_EDGE('',*,*,#5220,.F.);
#4412=ORIENTED_EDGE('',*,*,#5180,.T.);
#4413=ORIENTED_EDGE('',*,*,#5221,.F.);
#4414=ORIENTED_EDGE('',*,*,#5176,.T.);
#4415=ORIENTED_EDGE('',*,*,#5222,.T.);
#4416=ORIENTED_EDGE('',*,*,#5223,.F.);
#4417=CARTESIAN_POINT('',(1.15,0.0,0.0));
#4418=DIRECTION('',(1.0,0.0,-0.0));
#4419=DIRECTION('',(0.0,6.12323399573677E-17,1.0));
#4420=ORIENTED_EDGE('',*,*,#5224,.T.);
#4421=ORIENTED_EDGE('',*,*,#5225,.F.);
#4422=ORIENTED_EDGE('',*,*,#5161,.T.);
#4423=ORIENTED_EDGE('',*,*,#5226,.T.);
#4424=ORIENTED_EDGE('',*,*,#5227,.T.);
#4425=ORIENTED_EDGE('',*,*,#5228,.T.);
#4426=ORIENTED_EDGE('',*,*,#5229,.F.);
#4427=ORIENTED_EDGE('',*,*,#5230,.F.);
#4428=ORIENTED_EDGE('',*,*,#5231,.T.);
#4429=ORIENTED_EDGE('',*,*,#5224,.F.);
#4430=ORIENTED_EDGE('',*,*,#5229,.T.);
#4431=ORIENTED_EDGE('',*,*,#5228,.F.);
#4432=ORIENTED_EDGE('',*,*,#5232,.T.);
#4433=ORIENTED_EDGE('',*,*,#5233,.F.);
#4434=CARTESIAN_POINT('',(3.45,0.0,0.0));
#4435=DIRECTION('',(-1.0,0.0,0.0));
#4436=DIRECTION('',(0.0,1.0,0.0));
#4437=ORIENTED_EDGE('',*,*,#5230,.T.);
#4438=ORIENTED_EDGE('',*,*,#5233,.T.);
#4439=ORIENTED_EDGE('',*,*,#5234,.T.);
#4440=ORIENTED_EDGE('',*,*,#5235,.F.);
#4441=ORIENTED_EDGE('',*,*,#5169,.T.);
#4442=ORIENTED_EDGE('',*,*,#5236,.T.);
#4443=ORIENTED_EDGE('',*,*,#5231,.F.);
#4444=ORIENTED_EDGE('',*,*,#5236,.F.);
#4445=ORIENTED_EDGE('',*,*,#5184,.T.);
#4446=ORIENTED_EDGE('',*,*,#5225,.T.);
#4447=ORIENTED_EDGE('',*,*,#5237,.F.);
#4448=ORIENTED_EDGE('',*,*,#5226,.F.);
#4449=ORIENTED_EDGE('',*,*,#5181,.T.);
#4450=ORIENTED_EDGE('',*,*,#5235,.T.);
#4451=ORIENTED_EDGE('',*,*,#5232,.F.);
#4452=ORIENTED_EDGE('',*,*,#5227,.F.);
#4453=ORIENTED_EDGE('',*,*,#5237,.T.);
#4454=ORIENTED_EDGE('',*,*,#5234,.F.);
#4455=ORIENTED_EDGE('',*,*,#5182,.T.);
#4456=ORIENTED_EDGE('',*,*,#5159,.T.);
#4457=ORIENTED_EDGE('',*,*,#5156,.F.);
#4458=ORIENTED_EDGE('',*,*,#5238,.F.);
#4459=ORIENTED_EDGE('',*,*,#5171,.F.);
#4460=CARTESIAN_POINT('',(1.15,0.025,-0.7745966692415));
#4461=DIRECTION('',(0.0,-1.0,0.0));
#4462=DIRECTION('',(0.0,0.0,1.0));
#4463=ORIENTED_EDGE('',*,*,#5203,.T.);
#4464=ORIENTED_EDGE('',*,*,#5172,.T.);
#4465=ORIENTED_EDGE('',*,*,#5238,.T.);
#4466=ORIENTED_EDGE('',*,*,#5155,.T.);
#4467=ORIENTED_EDGE('',*,*,#5239,.T.);
#4468=ORIENTED_EDGE('',*,*,#5240,.T.);
#4469=CARTESIAN_POINT('',(0.45,0.0,0.0));
#4470=DIRECTION('',(-1.0,0.0,0.0));
#4471=DIRECTION('',(0.0,1.0,0.0));
#4472=ORIENTED_EDGE('',*,*,#5175,.T.);
#4473=ORIENTED_EDGE('',*,*,#5204,.T.);
#4474=ORIENTED_EDGE('',*,*,#5240,.F.);
#4475=ORIENTED_EDGE('',*,*,#5241,.T.);
#4476=ORIENTED_EDGE('',*,*,#5222,.F.);
#4477=CARTESIAN_POINT('',(1.15,-0.025,-0.5964763197311));
#4478=DIRECTION('',(0.0,1.0,0.0));
#4479=DIRECTION('',(-1.0,0.0,0.0));
#4480=ORIENTED_EDGE('',*,*,#5154,.T.);
#4481=ORIENTED_EDGE('',*,*,#5223,.T.);
#4482=ORIENTED_EDGE('',*,*,#5241,.F.);
#4483=ORIENTED_EDGE('',*,*,#5239,.F.);
#4484=CARTESIAN_POINT('',(0.5366025403784,0.0,0.0));
#4485=DIRECTION('',(-1.0,-0.0,-0.0));
#4486=DIRECTION('',(0.0,-1.83697019872103E-16,1.0));
#4487=ORIENTED_EDGE('',*,*,#5198,.T.);
#4488=ORIENTED_EDGE('',*,*,#5197,.F.);
#4489=ORIENTED_EDGE('',*,*,#5194,.T.);
#4490=ORIENTED_EDGE('',*,*,#5191,.F.);
#4491=ORIENTED_EDGE('',*,*,#5221,.T.);
#4492=ORIENTED_EDGE('',*,*,#5242,.T.);
#4493=ORIENTED_EDGE('',*,*,#5199,.F.);
#4494=ORIENTED_EDGE('',*,*,#5242,.F.);
#4495=ORIENTED_EDGE('',*,*,#5179,.T.);
#4496=ORIENTED_EDGE('',*,*,#5201,.T.);
#4497=ORIENTED_EDGE('',*,*,#5243,.T.);
#4498=ORIENTED_EDGE('',*,*,#5244,.F.);
#4499=ORIENTED_EDGE('',*,*,#5220,.T.);
#4500=ORIENTED_EDGE('',*,*,#5245,.T.);
#4501=ORIENTED_EDGE('',*,*,#5246,.T.);
#4502=ORIENTED_EDGE('',*,*,#5247,.T.);
#4503=ORIENTED_EDGE('',*,*,#5248,.F.);
#4504=ORIENTED_EDGE('',*,*,#5249,.F.);
#4505=ORIENTED_EDGE('',*,*,#5250,.T.);
#4506=ORIENTED_EDGE('',*,*,#5243,.F.);
#4507=ORIENTED_EDGE('',*,*,#5248,.T.);
#4508=ORIENTED_EDGE('',*,*,#5247,.F.);
#4509=ORIENTED_EDGE('',*,*,#5251,.T.);
#4510=ORIENTED_EDGE('',*,*,#5252,.F.);
#4511=CARTESIAN_POINT('',(3.45,0.0,0.0));
#4512=DIRECTION('',(-1.0,0.0,0.0));
#4513=DIRECTION('',(0.0,1.0,0.0));
#4514=ORIENTED_EDGE('',*,*,#5249,.T.);
#4515=ORIENTED_EDGE('',*,*,#5252,.T.);
#4516=ORIENTED_EDGE('',*,*,#5253,.T.);
#4517=ORIENTED_EDGE('',*,*,#5254,.F.);
#4518=ORIENTED_EDGE('',*,*,#5205,.T.);
#4519=ORIENTED_EDGE('',*,*,#5255,.T.);
#4520=ORIENTED_EDGE('',*,*,#5250,.F.);
#4521=ORIENTED_EDGE('',*,*,#5255,.F.);
#4522=ORIENTED_EDGE('',*,*,#5177,.T.);
#4523=ORIENTED_EDGE('',*,*,#5244,.T.);
#4524=ORIENTED_EDGE('',*,*,#5256,.F.);
#4525=ORIENTED_EDGE('',*,*,#5245,.F.);
#4526=ORIENTED_EDGE('',*,*,#5187,.T.);
#4527=ORIENTED_EDGE('',*,*,#5254,.T.);
#4528=ORIENTED_EDGE('',*,*,#5251,.F.);
#4529=ORIENTED_EDGE('',*,*,#5246,.F.);
#4530=ORIENTED_EDGE('',*,*,#5256,.T.);
#4531=ORIENTED_EDGE('',*,*,#5253,.F.);
#4532=ORIENTED_EDGE('',*,*,#5212,.F.);
#4533=ORIENTED_EDGE('',*,*,#5210,.F.);
#4534=ORIENTED_EDGE('',*,*,#5185,.T.);
#4535=ORIENTED_EDGE('',*,*,#5219,.T.);
#4536=COLOUR_RGB('',1.0,0.807843148708344,0.458823531866074);
#4537=EDGE_CURVE('',#5257,#5258,#5259,.T.);
#4538=EDGE_CURVE('',#5260,#5257,#5261,.T.);
#4539=EDGE_CURVE('',#5258,#5260,#5262,.T.);
#4540=EDGE_CURVE('',#5263,#5257,#5264,.T.);
#4541=EDGE_CURVE('',#5263,#5265,#5266,.T.);
#4542=EDGE_CURVE('',#5260,#5265,#5267,.T.);
#4543=EDGE_CURVE('',#5268,#5263,#5269,.T.);
#4544=EDGE_CURVE('',#5268,#5270,#5271,.T.);
#4545=EDGE_CURVE('',#5265,#5270,#5272,.T.);
#4546=EDGE_CURVE('',#5273,#5274,#5275,.T.);
#4547=EDGE_CURVE('',#5273,#5276,#5277,.T.);
#4548=EDGE_CURVE('',#5278,#5276,#5279,.T.);
#4549=EDGE_CURVE('',#5278,#5274,#5280,.T.);
#4550=EDGE_CURVE('',#5281,#5282,#5283,.T.);
#4551=EDGE_CURVE('',#5281,#5284,#5285,.T.);
#4552=EDGE_CURVE('',#5286,#5284,#5287,.T.);
#4553=EDGE_CURVE('',#5286,#5282,#5288,.T.);
#4554=EDGE_CURVE('',#5284,#5289,#5290,.T.);
#4555=EDGE_CURVE('',#5291,#5281,#5292,.T.);
#4556=EDGE_CURVE('',#5289,#5291,#5293,.T.);
#4557=EDGE_CURVE('',#5274,#5286,#5294,.T.);
#4558=EDGE_CURVE('',#5282,#5278,#5295,.T.);
#4559=EDGE_CURVE('',#5289,#5296,#5297,.T.);
#4560=EDGE_CURVE('',#5298,#5291,#5299,.T.);
#4561=EDGE_CURVE('',#5298,#5296,#5300,.T.);
#4562=EDGE_CURVE('',#5301,#5302,#5303,.T.);
#4563=EDGE_CURVE('',#5301,#5304,#5305,.T.);
#4564=EDGE_CURVE('',#5306,#5304,#5307,.T.);
#4565=EDGE_CURVE('',#5308,#5306,#5309,.T.);
#4566=EDGE_CURVE('',#5308,#5310,#5311,.T.);
#4567=EDGE_CURVE('',#5310,#5312,#5313,.T.);
#4568=EDGE_CURVE('',#5312,#5314,#5315,.T.);
#4569=EDGE_CURVE('',#5314,#5316,#5317,.T.);
#4570=EDGE_CURVE('',#5316,#5318,#5319,.T.);
#4571=EDGE_CURVE('',#5318,#5320,#5321,.T.);
#4572=EDGE_CURVE('',#5320,#5322,#5323,.T.);
#4573=EDGE_CURVE('',#5322,#5324,#5325,.T.);
#4574=EDGE_CURVE('',#5324,#5326,#5327,.T.);
#4575=EDGE_CURVE('',#5326,#5328,#5329,.T.);
#4576=EDGE_CURVE('',#5328,#5330,#5331,.T.);
#4577=EDGE_CURVE('',#5330,#5332,#5333,.T.);
#4578=EDGE_CURVE('',#5332,#5334,#5335,.T.);
#4579=EDGE_CURVE('',#5334,#5336,#5337,.T.);
#4580=EDGE_CURVE('',#5336,#5338,#5339,.T.);
#4581=EDGE_CURVE('',#5338,#5340,#5341,.T.);
#4582=EDGE_CURVE('',#5340,#5342,#5343,.T.);
#4583=EDGE_CURVE('',#5342,#5344,#5345,.T.);
#4584=EDGE_CURVE('',#5344,#5346,#5347,.T.);
#4585=EDGE_CURVE('',#5346,#5302,#5348,.T.);
#4586=EDGE_CURVE('',#5349,#5350,#5351,.T.);
#4587=EDGE_CURVE('',#5352,#5349,#5353,.T.);
#4588=EDGE_CURVE('',#5352,#5354,#5355,.T.);
#4589=EDGE_CURVE('',#5350,#5354,#5356,.T.);
#4590=EDGE_CURVE('',#5357,#5358,#5359,.T.);
#4591=EDGE_CURVE('',#5360,#5357,#5361,.T.);
#4592=EDGE_CURVE('',#5360,#5362,#5363,.T.);
#4593=EDGE_CURVE('',#5358,#5362,#5364,.T.);
#4594=EDGE_CURVE('',#5365,#5366,#5367,.T.);
#4595=EDGE_CURVE('',#5368,#5365,#5369,.T.);
#4596=EDGE_CURVE('',#5368,#5370,#5371,.T.);
#4597=EDGE_CURVE('',#5372,#5370,#5373,.T.);
#4598=EDGE_CURVE('',#5372,#5374,#5375,.T.);
#4599=EDGE_CURVE('',#5376,#5374,#5377,.T.);
#4600=EDGE_CURVE('',#5376,#5378,#5379,.T.);
#4601=EDGE_CURVE('',#5380,#5378,#5381,.T.);
#4602=EDGE_CURVE('',#5380,#5382,#5383,.T.);
#4603=EDGE_CURVE('',#5384,#5382,#5385,.T.);
#4604=EDGE_CURVE('',#5384,#5386,#5387,.T.);
#4605=EDGE_CURVE('',#5388,#5386,#5389,.T.);
#4606=EDGE_CURVE('',#5388,#5390,#5391,.T.);
#4607=EDGE_CURVE('',#5392,#5390,#5393,.T.);
#4608=EDGE_CURVE('',#5392,#5394,#5395,.T.);
#4609=EDGE_CURVE('',#5396,#5394,#5397,.T.);
#4610=EDGE_CURVE('',#5396,#5398,#5399,.T.);
#4611=EDGE_CURVE('',#5400,#5398,#5401,.T.);
#4612=EDGE_CURVE('',#5400,#5402,#5403,.T.);
#4613=EDGE_CURVE('',#5404,#5402,#5405,.T.);
#4614=EDGE_CURVE('',#5404,#5406,#5407,.T.);
#4615=EDGE_CURVE('',#5408,#5406,#5409,.T.);
#4616=EDGE_CURVE('',#5408,#5410,#5411,.T.);
#4617=EDGE_CURVE('',#5412,#5410,#5413,.T.);
#4618=EDGE_CURVE('',#5412,#5414,#5415,.T.);
#4619=EDGE_CURVE('',#5416,#5414,#5417,.T.);
#4620=EDGE_CURVE('',#5416,#5418,#5419,.T.);
#4621=EDGE_CURVE('',#5420,#5418,#5421,.T.);
#4622=EDGE_CURVE('',#5420,#5422,#5423,.T.);
#4623=EDGE_CURVE('',#5424,#5422,#5425,.T.);
#4624=EDGE_CURVE('',#5424,#5426,#5427,.T.);
#4625=EDGE_CURVE('',#5428,#5426,#5429,.T.);
#4626=EDGE_CURVE('',#5428,#5430,#5431,.T.);
#4627=EDGE_CURVE('',#5432,#5430,#5433,.T.);
#4628=EDGE_CURVE('',#5432,#5434,#5435,.T.);
#4629=EDGE_CURVE('',#5436,#5434,#5437,.T.);
#4630=EDGE_CURVE('',#5436,#5438,#5439,.T.);
#4631=EDGE_CURVE('',#5440,#5438,#5441,.T.);
#4632=EDGE_CURVE('',#5440,#5442,#5443,.T.);
#4633=EDGE_CURVE('',#5444,#5442,#5445,.T.);
#4634=EDGE_CURVE('',#5444,#5446,#5447,.T.);
#4635=EDGE_CURVE('',#5446,#5448,#5449,.T.);
#4636=EDGE_CURVE('',#5450,#5448,#5451,.T.);
#4637=EDGE_CURVE('',#5366,#5450,#5452,.T.);
#4638=EDGE_CURVE('',#5453,#5450,#5454,.T.);
#4639=EDGE_CURVE('',#5453,#5455,#5456,.T.);
#4640=EDGE_CURVE('',#5366,#5455,#5457,.T.);
#4641=EDGE_CURVE('',#5455,#5453,#5458,.T.);
#4642=EDGE_CURVE('',#5450,#5366,#5459,.T.);
#4643=EDGE_CURVE('',#5448,#5460,#5461,.T.);
#4644=EDGE_CURVE('',#5460,#5462,#5463,.T.);
#4645=EDGE_CURVE('',#5462,#5464,#5465,.T.);
#4646=EDGE_CURVE('',#5464,#5466,#5467,.T.);
#4647=EDGE_CURVE('',#5466,#5468,#5469,.T.);
#4648=EDGE_CURVE('',#5468,#5470,#5471,.T.);
#4649=EDGE_CURVE('',#5470,#5472,#5473,.T.);
#4650=EDGE_CURVE('',#5472,#5474,#5475,.T.);
#4651=EDGE_CURVE('',#5474,#5476,#5477,.T.);
#4652=EDGE_CURVE('',#5476,#5478,#5479,.T.);
#4653=EDGE_CURVE('',#5478,#5480,#5481,.T.);
#4654=EDGE_CURVE('',#5480,#5482,#5483,.T.);
#4655=EDGE_CURVE('',#5482,#5484,#5485,.T.);
#4656=EDGE_CURVE('',#5484,#5486,#5487,.T.);
#4657=EDGE_CURVE('',#5486,#5488,#5489,.T.);
#4658=EDGE_CURVE('',#5488,#5490,#5491,.T.);
#4659=EDGE_CURVE('',#5490,#5492,#5493,.T.);
#4660=EDGE_CURVE('',#5492,#5494,#5495,.T.);
#4661=EDGE_CURVE('',#5494,#5496,#5497,.T.);
#4662=EDGE_CURVE('',#5496,#5498,#5499,.T.);
#4663=EDGE_CURVE('',#5498,#5500,#5501,.T.);
#4664=EDGE_CURVE('',#5500,#5502,#5503,.T.);
#4665=EDGE_CURVE('',#5502,#5504,#5505,.T.);
#4666=EDGE_CURVE('',#5504,#5506,#5507,.T.);
#4667=EDGE_CURVE('',#5506,#5508,#5509,.T.);
#4668=EDGE_CURVE('',#5508,#5510,#5511,.T.);
#4669=EDGE_CURVE('',#5510,#5512,#5513,.T.);
#4670=EDGE_CURVE('',#5512,#5514,#5515,.T.);
#4671=EDGE_CURVE('',#5514,#5516,#5517,.T.);
#4672=EDGE_CURVE('',#5516,#5518,#5519,.T.);
#4673=EDGE_CURVE('',#5518,#5520,#5521,.T.);
#4674=EDGE_CURVE('',#5520,#5522,#5523,.T.);
#4675=EDGE_CURVE('',#5522,#5524,#5525,.T.);
#4676=EDGE_CURVE('',#5524,#5526,#5527,.T.);
#4677=EDGE_CURVE('',#5526,#5528,#5529,.T.);
#4678=EDGE_CURVE('',#5528,#5530,#5531,.T.);
#4679=EDGE_CURVE('',#5530,#5532,#5533,.T.);
#4680=EDGE_CURVE('',#5532,#5534,#5535,.T.);
#4681=EDGE_CURVE('',#5534,#5536,#5537,.T.);
#4682=EDGE_CURVE('',#5536,#5538,#5539,.T.);
#4683=EDGE_CURVE('',#5365,#5538,#5540,.T.);
#4684=EDGE_CURVE('',#5541,#5464,#5542,.T.);
#4685=EDGE_CURVE('',#5462,#5543,#5544,.T.);
#4686=EDGE_CURVE('',#5543,#5541,#5545,.T.);
#4687=EDGE_CURVE('',#5546,#5468,#5547,.T.);
#4688=EDGE_CURVE('',#5466,#5548,#5549,.T.);
#4689=EDGE_CURVE('',#5548,#5546,#5550,.T.);
#4690=EDGE_CURVE('',#5551,#5472,#5552,.T.);
#4691=EDGE_CURVE('',#5470,#5553,#5554,.T.);
#4692=EDGE_CURVE('',#5553,#5551,#5555,.T.);
#4693=EDGE_CURVE('',#5556,#5476,#5557,.T.);
#4694=EDGE_CURVE('',#5474,#5558,#5559,.T.);
#4695=EDGE_CURVE('',#5558,#5556,#5560,.T.);
#4696=EDGE_CURVE('',#5561,#5480,#5562,.T.);
#4697=EDGE_CURVE('',#5478,#5563,#5564,.T.);
#4698=EDGE_CURVE('',#5563,#5561,#5565,.T.);
#4699=EDGE_CURVE('',#5566,#5484,#5567,.T.);
#4700=EDGE_CURVE('',#5482,#5568,#5569,.T.);
#4701=EDGE_CURVE('',#5568,#5566,#5570,.T.);
#4702=EDGE_CURVE('',#5571,#5488,#5572,.T.);
#4703=EDGE_CURVE('',#5486,#5573,#5574,.T.);
#4704=EDGE_CURVE('',#5573,#5571,#5575,.T.);
#4705=EDGE_CURVE('',#5576,#5492,#5577,.T.);
#4706=EDGE_CURVE('',#5490,#5578,#5579,.T.);
#4707=EDGE_CURVE('',#5578,#5576,#5580,.T.);
#4708=EDGE_CURVE('',#5581,#5496,#5582,.T.);
#4709=EDGE_CURVE('',#5494,#5583,#5584,.T.);
#4710=EDGE_CURVE('',#5583,#5581,#5585,.T.);
#4711=EDGE_CURVE('',#5586,#5500,#5587,.T.);
#4712=EDGE_CURVE('',#5498,#5588,#5589,.T.);
#4713=EDGE_CURVE('',#5588,#5586,#5590,.T.);
#4714=EDGE_CURVE('',#5591,#5504,#5592,.T.);
#4715=EDGE_CURVE('',#5502,#5593,#5594,.T.);
#4716=EDGE_CURVE('',#5593,#5591,#5595,.T.);
#4717=EDGE_CURVE('',#5596,#5508,#5597,.T.);
#4718=EDGE_CURVE('',#5506,#5598,#5599,.T.);
#4719=EDGE_CURVE('',#5598,#5596,#5600,.T.);
#4720=EDGE_CURVE('',#5601,#5512,#5602,.T.);
#4721=EDGE_CURVE('',#5510,#5603,#5604,.T.);
#4722=EDGE_CURVE('',#5603,#5601,#5605,.T.);
#4723=EDGE_CURVE('',#5606,#5516,#5607,.T.);
#4724=EDGE_CURVE('',#5514,#5608,#5609,.T.);
#4725=EDGE_CURVE('',#5608,#5606,#5610,.T.);
#4726=EDGE_CURVE('',#5611,#5520,#5612,.T.);
#4727=EDGE_CURVE('',#5518,#5613,#5614,.T.);
#4728=EDGE_CURVE('',#5613,#5611,#5615,.T.);
#4729=EDGE_CURVE('',#5616,#5524,#5617,.T.);
#4730=EDGE_CURVE('',#5522,#5618,#5619,.T.);
#4731=EDGE_CURVE('',#5618,#5616,#5620,.T.);
#4732=EDGE_CURVE('',#5621,#5528,#5622,.T.);
#4733=EDGE_CURVE('',#5526,#5623,#5624,.T.);
#4734=EDGE_CURVE('',#5623,#5621,#5625,.T.);
#4735=EDGE_CURVE('',#5626,#5532,#5627,.T.);
#4736=EDGE_CURVE('',#5530,#5628,#5629,.T.);
#4737=EDGE_CURVE('',#5628,#5626,#5630,.T.);
#4738=EDGE_CURVE('',#5631,#5536,#5632,.T.);
#4739=EDGE_CURVE('',#5534,#5633,#5634,.T.);
#4740=EDGE_CURVE('',#5633,#5631,#5635,.T.);
#4741=EDGE_CURVE('',#5362,#5368,#5636,.T.);
#4742=EDGE_CURVE('',#5538,#5637,#5638,.T.);
#4743=EDGE_CURVE('',#5637,#5358,#5639,.T.);
#4744=EDGE_CURVE('',#5640,#5372,#5641,.T.);
#4745=EDGE_CURVE('',#5370,#5642,#5643,.T.);
#4746=EDGE_CURVE('',#5642,#5640,#5644,.T.);
#4747=EDGE_CURVE('',#5645,#5376,#5646,.T.);
#4748=EDGE_CURVE('',#5374,#5647,#5648,.T.);
#4749=EDGE_CURVE('',#5647,#5645,#5649,.T.);
#4750=EDGE_CURVE('',#5650,#5380,#5651,.T.);
#4751=EDGE_CURVE('',#5378,#5652,#5653,.T.);
#4752=EDGE_CURVE('',#5652,#5650,#5654,.T.);
#4753=EDGE_CURVE('',#5655,#5384,#5656,.T.);
#4754=EDGE_CURVE('',#5382,#5657,#5658,.T.);
#4755=EDGE_CURVE('',#5657,#5655,#5659,.T.);
#4756=EDGE_CURVE('',#5660,#5388,#5661,.T.);
#4757=EDGE_CURVE('',#5386,#5662,#5663,.T.);
#4758=EDGE_CURVE('',#5662,#5660,#5664,.T.);
#4759=EDGE_CURVE('',#5665,#5392,#5666,.T.);
#4760=EDGE_CURVE('',#5390,#5667,#5668,.T.);
#4761=EDGE_CURVE('',#5667,#5665,#5669,.T.);
#4762=EDGE_CURVE('',#5670,#5396,#5671,.T.);
#4763=EDGE_CURVE('',#5394,#5672,#5673,.T.);
#4764=EDGE_CURVE('',#5672,#5670,#5674,.T.);
#4765=EDGE_CURVE('',#5675,#5400,#5676,.T.);
#4766=EDGE_CURVE('',#5398,#5677,#5678,.T.);
#4767=EDGE_CURVE('',#5677,#5675,#5679,.T.);
#4768=EDGE_CURVE('',#5680,#5404,#5681,.T.);
#4769=EDGE_CURVE('',#5402,#5682,#5683,.T.);
#4770=EDGE_CURVE('',#5682,#5680,#5684,.T.);
#4771=EDGE_CURVE('',#5685,#5408,#5686,.T.);
#4772=EDGE_CURVE('',#5406,#5687,#5688,.T.);
#4773=EDGE_CURVE('',#5687,#5685,#5689,.T.);
#4774=EDGE_CURVE('',#5690,#5412,#5691,.T.);
#4775=EDGE_CURVE('',#5410,#5692,#5693,.T.);
#4776=EDGE_CURVE('',#5692,#5690,#5694,.T.);
#4777=EDGE_CURVE('',#5695,#5416,#5696,.T.);
#4778=EDGE_CURVE('',#5414,#5697,#5698,.T.);
#4779=EDGE_CURVE('',#5697,#5695,#5699,.T.);
#4780=EDGE_CURVE('',#5700,#5420,#5701,.T.);
#4781=EDGE_CURVE('',#5418,#5702,#5703,.T.);
#4782=EDGE_CURVE('',#5702,#5700,#5704,.T.);
#4783=EDGE_CURVE('',#5705,#5424,#5706,.T.);
#4784=EDGE_CURVE('',#5422,#5707,#5708,.T.);
#4785=EDGE_CURVE('',#5707,#5705,#5709,.T.);
#4786=EDGE_CURVE('',#5710,#5428,#5711,.T.);
#4787=EDGE_CURVE('',#5426,#5712,#5713,.T.);
#4788=EDGE_CURVE('',#5712,#5710,#5714,.T.);
#4789=EDGE_CURVE('',#5715,#5432,#5716,.T.);
#4790=EDGE_CURVE('',#5430,#5717,#5718,.T.);
#4791=EDGE_CURVE('',#5717,#5715,#5719,.T.);
#4792=EDGE_CURVE('',#5720,#5436,#5721,.T.);
#4793=EDGE_CURVE('',#5434,#5722,#5723,.T.);
#4794=EDGE_CURVE('',#5722,#5720,#5724,.T.);
#4795=EDGE_CURVE('',#5725,#5440,#5726,.T.);
#4796=EDGE_CURVE('',#5438,#5727,#5728,.T.);
#4797=EDGE_CURVE('',#5727,#5725,#5729,.T.);
#4798=EDGE_CURVE('',#5730,#5444,#5731,.T.);
#4799=EDGE_CURVE('',#5442,#5732,#5733,.T.);
#4800=EDGE_CURVE('',#5732,#5730,#5734,.T.);
#4801=EDGE_CURVE('',#5446,#5735,#5736,.T.);
#4802=EDGE_CURVE('',#5735,#5350,#5737,.T.);
#4803=EDGE_CURVE('',#5354,#5460,#5738,.T.);
#4804=EDGE_CURVE('',#5739,#5541,#5740,.T.);
#4805=EDGE_CURVE('',#5739,#5741,#5742,.T.);
#4806=EDGE_CURVE('',#5741,#5743,#5744,.T.);
#4807=EDGE_CURVE('',#5464,#5743,#5745,.T.);
#4808=EDGE_CURVE('',#5746,#5543,#5747,.T.);
#4809=EDGE_CURVE('',#5739,#5746,#5748,.T.);
#4810=EDGE_CURVE('',#5749,#5546,#5750,.T.);
#4811=EDGE_CURVE('',#5751,#5548,#5752,.T.);
#4812=EDGE_CURVE('',#5749,#5751,#5753,.T.);
#4813=EDGE_CURVE('',#5754,#5551,#5755,.T.);
#4814=EDGE_CURVE('',#5756,#5553,#5757,.T.);
#4815=EDGE_CURVE('',#5754,#5756,#5758,.T.);
#4816=EDGE_CURVE('',#5759,#5556,#5760,.T.);
#4817=EDGE_CURVE('',#5761,#5558,#5762,.T.);
#4818=EDGE_CURVE('',#5759,#5761,#5763,.T.);
#4819=EDGE_CURVE('',#5764,#5561,#5765,.T.);
#4820=EDGE_CURVE('',#5766,#5563,#5767,.T.);
#4821=EDGE_CURVE('',#5764,#5766,#5768,.T.);
#4822=EDGE_CURVE('',#5769,#5566,#5770,.T.);
#4823=EDGE_CURVE('',#5771,#5568,#5772,.T.);
#4824=EDGE_CURVE('',#5769,#5771,#5773,.T.);
#4825=EDGE_CURVE('',#5774,#5571,#5775,.T.);
#4826=EDGE_CURVE('',#5776,#5573,#5777,.T.);
#4827=EDGE_CURVE('',#5774,#5776,#5778,.T.);
#4828=EDGE_CURVE('',#5779,#5576,#5780,.T.);
#4829=EDGE_CURVE('',#5781,#5578,#5782,.T.);
#4830=EDGE_CURVE('',#5779,#5781,#5783,.T.);
#4831=EDGE_CURVE('',#5784,#5581,#5785,.T.);
#4832=EDGE_CURVE('',#5786,#5583,#5787,.T.);
#4833=EDGE_CURVE('',#5784,#5786,#5788,.T.);
#4834=EDGE_CURVE('',#5789,#5586,#5790,.T.);
#4835=EDGE_CURVE('',#5791,#5588,#5792,.T.);
#4836=EDGE_CURVE('',#5789,#5791,#5793,.T.);
#4837=EDGE_CURVE('',#5794,#5591,#5795,.T.);
#4838=EDGE_CURVE('',#5796,#5593,#5797,.T.);
#4839=EDGE_CURVE('',#5794,#5796,#5798,.T.);
#4840=EDGE_CURVE('',#5799,#5596,#5800,.T.);
#4841=EDGE_CURVE('',#5801,#5598,#5802,.T.);
#4842=EDGE_CURVE('',#5799,#5801,#5803,.T.);
#4843=EDGE_CURVE('',#5804,#5601,#5805,.T.);
#4844=EDGE_CURVE('',#5806,#5603,#5807,.T.);
#4845=EDGE_CURVE('',#5804,#5806,#5808,.T.);
#4846=EDGE_CURVE('',#5809,#5606,#5810,.T.);
#4847=EDGE_CURVE('',#5811,#5608,#5812,.T.);
#4848=EDGE_CURVE('',#5809,#5811,#5813,.T.);
#4849=EDGE_CURVE('',#5814,#5611,#5815,.T.);
#4850=EDGE_CURVE('',#5816,#5613,#5817,.T.);
#4851=EDGE_CURVE('',#5814,#5816,#5818,.T.);
#4852=EDGE_CURVE('',#5819,#5616,#5820,.T.);
#4853=EDGE_CURVE('',#5821,#5618,#5822,.T.);
#4854=EDGE_CURVE('',#5819,#5821,#5823,.T.);
#4855=EDGE_CURVE('',#5824,#5621,#5825,.T.);
#4856=EDGE_CURVE('',#5826,#5623,#5827,.T.);
#4857=EDGE_CURVE('',#5824,#5826,#5828,.T.);
#4858=EDGE_CURVE('',#5829,#5626,#5830,.T.);
#4859=EDGE_CURVE('',#5831,#5628,#5832,.T.);
#4860=EDGE_CURVE('',#5829,#5831,#5833,.T.);
#4861=EDGE_CURVE('',#5834,#5631,#5835,.T.);
#4862=EDGE_CURVE('',#5836,#5633,#5837,.T.);
#4863=EDGE_CURVE('',#5834,#5836,#5838,.T.);
#4864=EDGE_CURVE('',#5839,#5637,#5840,.T.);
#4865=EDGE_CURVE('',#5357,#5839,#5841,.T.);
#4866=EDGE_CURVE('',#5842,#5640,#5843,.T.);
#4867=EDGE_CURVE('',#5844,#5642,#5845,.T.);
#4868=EDGE_CURVE('',#5842,#5844,#5846,.T.);
#4869=EDGE_CURVE('',#5847,#5645,#5848,.T.);
#4870=EDGE_CURVE('',#5849,#5647,#5850,.T.);
#4871=EDGE_CURVE('',#5847,#5849,#5851,.T.);
#4872=EDGE_CURVE('',#5852,#5650,#5853,.T.);
#4873=EDGE_CURVE('',#5854,#5652,#5855,.T.);
#4874=EDGE_CURVE('',#5852,#5854,#5856,.T.);
#4875=EDGE_CURVE('',#5857,#5655,#5858,.T.);
#4876=EDGE_CURVE('',#5859,#5657,#5860,.T.);
#4877=EDGE_CURVE('',#5857,#5859,#5861,.T.);
#4878=EDGE_CURVE('',#5862,#5660,#5863,.T.);
#4879=EDGE_CURVE('',#5864,#5662,#5865,.T.);
#4880=EDGE_CURVE('',#5862,#5864,#5866,.T.);
#4881=EDGE_CURVE('',#5867,#5665,#5868,.T.);
#4882=EDGE_CURVE('',#5869,#5667,#5870,.T.);
#4883=EDGE_CURVE('',#5867,#5869,#5871,.T.);
#4884=EDGE_CURVE('',#5872,#5670,#5873,.T.);
#4885=EDGE_CURVE('',#5874,#5672,#5875,.T.);
#4886=EDGE_CURVE('',#5872,#5874,#5876,.T.);
#4887=EDGE_CURVE('',#5877,#5675,#5878,.T.);
#4888=EDGE_CURVE('',#5879,#5677,#5880,.T.);
#4889=EDGE_CURVE('',#5877,#5879,#5881,.T.);
#4890=EDGE_CURVE('',#5882,#5680,#5883,.T.);
#4891=EDGE_CURVE('',#5884,#5682,#5885,.T.);
#4892=EDGE_CURVE('',#5882,#5884,#5886,.T.);
#4893=EDGE_CURVE('',#5887,#5685,#5888,.T.);
#4894=EDGE_CURVE('',#5889,#5687,#5890,.T.);
#4895=EDGE_CURVE('',#5887,#5889,#5891,.T.);
#4896=EDGE_CURVE('',#5892,#5690,#5893,.T.);
#4897=EDGE_CURVE('',#5894,#5692,#5895,.T.);
#4898=EDGE_CURVE('',#5892,#5894,#5896,.T.);
#4899=EDGE_CURVE('',#5897,#5695,#5898,.T.);
#4900=EDGE_CURVE('',#5899,#5697,#5900,.T.);
#4901=EDGE_CURVE('',#5897,#5899,#5901,.T.);
#4902=EDGE_CURVE('',#5902,#5700,#5903,.T.);
#4903=EDGE_CURVE('',#5904,#5702,#5905,.T.);
#4904=EDGE_CURVE('',#5902,#5904,#5906,.T.);
#4905=EDGE_CURVE('',#5907,#5705,#5908,.T.);
#4906=EDGE_CURVE('',#5909,#5707,#5910,.T.);
#4907=EDGE_CURVE('',#5907,#5909,#5911,.T.);
#4908=EDGE_CURVE('',#5912,#5710,#5913,.T.);
#4909=EDGE_CURVE('',#5914,#5712,#5915,.T.);
#4910=EDGE_CURVE('',#5912,#5914,#5916,.T.);
#4911=EDGE_CURVE('',#5917,#5715,#5918,.T.);
#4912=EDGE_CURVE('',#5919,#5717,#5920,.T.);
#4913=EDGE_CURVE('',#5917,#5919,#5921,.T.);
#4914=EDGE_CURVE('',#5922,#5720,#5923,.T.);
#4915=EDGE_CURVE('',#5924,#5722,#5925,.T.);
#4916=EDGE_CURVE('',#5922,#5924,#5926,.T.);
#4917=EDGE_CURVE('',#5927,#5725,#5928,.T.);
#4918=EDGE_CURVE('',#5929,#5727,#5930,.T.);
#4919=EDGE_CURVE('',#5927,#5929,#5931,.T.);
#4920=EDGE_CURVE('',#5932,#5730,#5933,.T.);
#4921=EDGE_CURVE('',#5934,#5732,#5935,.T.);
#4922=EDGE_CURVE('',#5932,#5934,#5936,.T.);
#4923=EDGE_CURVE('',#5937,#5735,#5938,.T.);
#4924=EDGE_CURVE('',#5349,#5937,#5939,.T.);
#4925=EDGE_CURVE('',#5940,#5746,#5941,.T.);
#4926=EDGE_CURVE('',#5940,#5741,#5942,.T.);
#4927=EDGE_CURVE('',#5749,#5943,#5944,.T.);
#4928=EDGE_CURVE('',#5741,#5751,#5945,.T.);
#4929=EDGE_CURVE('',#5741,#5943,#5946,.T.);
#4930=EDGE_CURVE('',#5754,#5947,#5948,.T.);
#4931=EDGE_CURVE('',#5943,#5756,#5949,.T.);
#4932=EDGE_CURVE('',#5943,#5947,#5950,.T.);
#4933=EDGE_CURVE('',#5759,#5951,#5952,.T.);
#4934=EDGE_CURVE('',#5947,#5761,#5953,.T.);
#4935=EDGE_CURVE('',#5947,#5951,#5954,.T.);
#4936=EDGE_CURVE('',#5764,#5955,#5956,.T.);
#4937=EDGE_CURVE('',#5951,#5766,#5957,.T.);
#4938=EDGE_CURVE('',#5951,#5955,#5958,.T.);
#4939=EDGE_CURVE('',#5769,#5959,#5960,.T.);
#4940=EDGE_CURVE('',#5955,#5771,#5961,.T.);
#4941=EDGE_CURVE('',#5955,#5959,#5962,.T.);
#4942=EDGE_CURVE('',#5774,#5963,#5964,.T.);
#4943=EDGE_CURVE('',#5959,#5776,#5965,.T.);
#4944=EDGE_CURVE('',#5959,#5963,#5966,.T.);
#4945=EDGE_CURVE('',#5779,#5967,#5968,.T.);
#4946=EDGE_CURVE('',#5963,#5781,#5969,.T.);
#4947=EDGE_CURVE('',#5963,#5967,#5970,.T.);
#4948=EDGE_CURVE('',#5784,#5971,#5972,.T.);
#4949=EDGE_CURVE('',#5967,#5786,#5973,.T.);
#4950=EDGE_CURVE('',#5967,#5971,#5974,.T.);
#4951=EDGE_CURVE('',#5789,#5975,#5976,.T.);
#4952=EDGE_CURVE('',#5971,#5791,#5977,.T.);
#4953=EDGE_CURVE('',#5971,#5975,#5978,.T.);
#4954=EDGE_CURVE('',#5794,#5979,#5980,.T.);
#4955=EDGE_CURVE('',#5975,#5796,#5981,.T.);
#4956=EDGE_CURVE('',#5975,#5979,#5982,.T.);
#4957=EDGE_CURVE('',#5799,#5983,#5984,.T.);
#4958=EDGE_CURVE('',#5979,#5801,#5985,.T.);
#4959=EDGE_CURVE('',#5979,#5983,#5986,.T.);
#4960=EDGE_CURVE('',#5804,#5987,#5988,.T.);
#4961=EDGE_CURVE('',#5983,#5806,#5989,.T.);
#4962=EDGE_CURVE('',#5983,#5987,#5990,.T.);
#4963=EDGE_CURVE('',#5809,#5991,#5992,.T.);
#4964=EDGE_CURVE('',#5987,#5811,#5993,.T.);
#4965=EDGE_CURVE('',#5987,#5991,#5994,.T.);
#4966=EDGE_CURVE('',#5814,#5995,#5996,.T.);
#4967=EDGE_CURVE('',#5991,#5816,#5997,.T.);
#4968=EDGE_CURVE('',#5991,#5995,#5998,.T.);
#4969=EDGE_CURVE('',#5819,#5999,#6000,.T.);
#4970=EDGE_CURVE('',#5995,#5821,#6001,.T.);
#4971=EDGE_CURVE('',#5995,#5999,#6002,.T.);
#4972=EDGE_CURVE('',#5824,#6003,#6004,.T.);
#4973=EDGE_CURVE('',#5999,#5826,#6005,.T.);
#4974=EDGE_CURVE('',#5999,#6003,#6006,.T.);
#4975=EDGE_CURVE('',#5829,#6007,#6008,.T.);
#4976=EDGE_CURVE('',#6003,#5831,#6009,.T.);
#4977=EDGE_CURVE('',#6003,#6007,#6010,.T.);
#4978=EDGE_CURVE('',#5834,#6011,#6012,.T.);
#4979=EDGE_CURVE('',#6007,#5836,#6013,.T.);
#4980=EDGE_CURVE('',#6007,#6011,#6014,.T.);
#4981=EDGE_CURVE('',#5360,#5346,#6015,.T.);
#4982=EDGE_CURVE('',#6011,#5839,#6016,.T.);
#4983=EDGE_CURVE('',#5302,#6011,#6017,.T.);
#4984=EDGE_CURVE('',#5842,#5344,#6018,.T.);
#4985=EDGE_CURVE('',#5346,#5844,#6019,.T.);
#4986=EDGE_CURVE('',#5847,#5342,#6020,.T.);
#4987=EDGE_CURVE('',#5344,#5849,#6021,.T.);
#4988=EDGE_CURVE('',#5852,#5340,#6022,.T.);
#4989=EDGE_CURVE('',#5342,#5854,#6023,.T.);
#4990=EDGE_CURVE('',#5857,#5338,#6024,.T.);
#4991=EDGE_CURVE('',#5340,#5859,#6025,.T.);
#4992=EDGE_CURVE('',#5862,#5336,#6026,.T.);
#4993=EDGE_CURVE('',#5338,#5864,#6027,.T.);
#4994=EDGE_CURVE('',#5867,#5334,#6028,.T.);
#4995=EDGE_CURVE('',#5336,#5869,#6029,.T.);
#4996=EDGE_CURVE('',#5872,#5332,#6030,.T.);
#4997=EDGE_CURVE('',#5334,#5874,#6031,.T.);
#4998=EDGE_CURVE('',#5877,#5330,#6032,.T.);
#4999=EDGE_CURVE('',#5332,#5879,#6033,.T.);
#5000=EDGE_CURVE('',#5882,#5328,#6034,.T.);
#5001=EDGE_CURVE('',#5330,#5884,#6035,.T.);
#5002=EDGE_CURVE('',#5887,#5326,#6036,.T.);
#5003=EDGE_CURVE('',#5328,#5889,#6037,.T.);
#5004=EDGE_CURVE('',#5892,#5324,#6038,.T.);
#5005=EDGE_CURVE('',#5326,#5894,#6039,.T.);
#5006=EDGE_CURVE('',#5897,#5322,#6040,.T.);
#5007=EDGE_CURVE('',#5324,#5899,#6041,.T.);
#5008=EDGE_CURVE('',#5902,#5320,#6042,.T.);
#5009=EDGE_CURVE('',#5322,#5904,#6043,.T.);
#5010=EDGE_CURVE('',#5907,#5318,#6044,.T.);
#5011=EDGE_CURVE('',#5320,#5909,#6045,.T.);
#5012=EDGE_CURVE('',#5912,#5316,#6046,.T.);
#5013=EDGE_CURVE('',#5318,#5914,#6047,.T.);
#5014=EDGE_CURVE('',#5917,#5314,#6048,.T.);
#5015=EDGE_CURVE('',#5316,#5919,#6049,.T.);
#5016=EDGE_CURVE('',#5922,#5312,#6050,.T.);
#5017=EDGE_CURVE('',#5314,#5924,#6051,.T.);
#5018=EDGE_CURVE('',#5927,#5310,#6052,.T.);
#5019=EDGE_CURVE('',#5312,#5929,#6053,.T.);
#5020=EDGE_CURVE('',#5932,#5308,#6054,.T.);
#5021=EDGE_CURVE('',#5310,#5934,#6055,.T.);
#5022=EDGE_CURVE('',#5308,#5937,#6056,.T.);
#5023=EDGE_CURVE('',#5306,#5940,#6057,.T.);
#5024=EDGE_CURVE('',#5352,#5940,#6058,.T.);
#5025=EDGE_CURVE('',#5304,#5301,#6059,.T.);
#5026=EDGE_CURVE('',#5296,#5298,#6060,.T.);
#5027=EDGE_CURVE('',#5291,#5289,#6061,.T.);
#5028=EDGE_CURVE('',#5282,#5286,#6062,.T.);
#5029=EDGE_CURVE('',#5274,#5278,#6063,.T.);
#5030=EDGE_CURVE('',#5284,#5281,#6064,.T.);
#5031=EDGE_CURVE('',#5276,#5273,#6065,.T.);
#5032=EDGE_CURVE('',#5270,#5268,#6066,.T.);
#5033=EDGE_CURVE('',#5265,#5263,#6067,.T.);
#5034=EDGE_CURVE('',#5257,#5260,#6068,.T.);
#5035=EDGE_CURVE('',#6069,#5462,#6070,.T.);
#5036=EDGE_CURVE('',#5940,#6069,#6071,.T.);
#5037=EDGE_CURVE('',#5460,#6069,#6072,.T.);
#5038=EDGE_CURVE('',#5943,#6073,#6074,.T.);
#5039=EDGE_CURVE('',#5468,#6073,#6075,.T.);
#5040=EDGE_CURVE('',#6073,#5470,#6076,.T.);
#5041=EDGE_CURVE('',#5743,#5466,#6077,.T.);
#5042=EDGE_CURVE('',#5947,#6078,#6079,.T.);
#5043=EDGE_CURVE('',#5472,#6078,#6080,.T.);
#5044=EDGE_CURVE('',#6078,#5474,#6081,.T.);
#5045=EDGE_CURVE('',#5951,#6082,#6083,.T.);
#5046=EDGE_CURVE('',#5476,#6082,#6084,.T.);
#5047=EDGE_CURVE('',#6082,#5478,#6085,.T.);
#5048=EDGE_CURVE('',#5955,#6086,#6087,.T.);
#5049=EDGE_CURVE('',#5480,#6086,#6088,.T.);
#5050=EDGE_CURVE('',#6086,#5482,#6089,.T.);
#5051=EDGE_CURVE('',#5959,#6090,#6091,.T.);
#5052=EDGE_CURVE('',#5484,#6090,#6092,.T.);
#5053=EDGE_CURVE('',#6090,#5486,#6093,.T.);
#5054=EDGE_CURVE('',#5963,#6094,#6095,.T.);
#5055=EDGE_CURVE('',#5488,#6094,#6096,.T.);
#5056=EDGE_CURVE('',#6094,#5490,#6097,.T.);
#5057=EDGE_CURVE('',#5967,#6098,#6099,.T.);
#5058=EDGE_CURVE('',#5492,#6098,#6100,.T.);
#5059=EDGE_CURVE('',#6098,#5494,#6101,.T.);
#5060=EDGE_CURVE('',#5971,#6102,#6103,.T.);
#5061=EDGE_CURVE('',#5496,#6102,#6104,.T.);
#5062=EDGE_CURVE('',#6102,#5498,#6105,.T.);
#5063=EDGE_CURVE('',#5975,#6106,#6107,.T.);
#5064=EDGE_CURVE('',#5500,#6106,#6108,.T.);
#5065=EDGE_CURVE('',#6106,#5502,#6109,.T.);
#5066=EDGE_CURVE('',#5979,#6110,#6111,.T.);
#5067=EDGE_CURVE('',#5504,#6110,#6112,.T.);
#5068=EDGE_CURVE('',#6110,#5506,#6113,.T.);
#5069=EDGE_CURVE('',#5983,#6114,#6115,.T.);
#5070=EDGE_CURVE('',#5508,#6114,#6116,.T.);
#5071=EDGE_CURVE('',#6114,#5510,#6117,.T.);
#5072=EDGE_CURVE('',#5987,#6118,#6119,.T.);
#5073=EDGE_CURVE('',#5512,#6118,#6120,.T.);
#5074=EDGE_CURVE('',#6118,#5514,#6121,.T.);
#5075=EDGE_CURVE('',#5991,#6122,#6123,.T.);
#5076=EDGE_CURVE('',#5516,#6122,#6124,.T.);
#5077=EDGE_CURVE('',#6122,#5518,#6125,.T.);
#5078=EDGE_CURVE('',#5995,#6126,#6127,.T.);
#5079=EDGE_CURVE('',#5520,#6126,#6128,.T.);
#5080=EDGE_CURVE('',#6126,#5522,#6129,.T.);
#5081=EDGE_CURVE('',#5999,#6130,#6131,.T.);
#5082=EDGE_CURVE('',#5524,#6130,#6132,.T.);
#5083=EDGE_CURVE('',#6130,#5526,#6133,.T.);
#5084=EDGE_CURVE('',#6003,#6134,#6135,.T.);
#5085=EDGE_CURVE('',#5528,#6134,#6136,.T.);
#5086=EDGE_CURVE('',#6134,#5530,#6137,.T.);
#5087=EDGE_CURVE('',#6007,#6138,#6139,.T.);
#5088=EDGE_CURVE('',#5532,#6138,#6140,.T.);
#5089=EDGE_CURVE('',#6138,#5534,#6141,.T.);
#5090=EDGE_CURVE('',#6011,#6142,#6143,.T.);
#5091=EDGE_CURVE('',#5536,#6142,#6144,.T.);
#5092=EDGE_CURVE('',#6142,#5538,#6145,.T.);
#5093=EDGE_CURVE('',#5346,#6146,#6147,.T.);
#5094=EDGE_CURVE('',#5368,#6146,#6148,.T.);
#5095=EDGE_CURVE('',#6146,#5370,#6149,.T.);
#5096=EDGE_CURVE('',#5444,#6150,#6151,.T.);
#5097=EDGE_CURVE('',#6150,#5446,#6152,.T.);
#5098=EDGE_CURVE('',#5308,#6150,#6153,.T.);
#5099=EDGE_CURVE('',#5440,#6154,#6155,.T.);
#5100=EDGE_CURVE('',#6154,#5442,#6156,.T.);
#5101=EDGE_CURVE('',#5310,#6154,#6157,.T.);
#5102=EDGE_CURVE('',#5436,#6158,#6159,.T.);
#5103=EDGE_CURVE('',#6158,#5438,#6160,.T.);
#5104=EDGE_CURVE('',#5312,#6158,#6161,.T.);
#5105=EDGE_CURVE('',#5432,#6162,#6163,.T.);
#5106=EDGE_CURVE('',#6162,#5434,#6164,.T.);
#5107=EDGE_CURVE('',#5314,#6162,#6165,.T.);
#5108=EDGE_CURVE('',#5428,#6166,#6167,.T.);
#5109=EDGE_CURVE('',#6166,#5430,#6168,.T.);
#5110=EDGE_CURVE('',#5316,#6166,#6169,.T.);
#5111=EDGE_CURVE('',#5424,#6170,#6171,.T.);
#5112=EDGE_CURVE('',#6170,#5426,#6172,.T.);
#5113=EDGE_CURVE('',#5318,#6170,#6173,.T.);
#5114=EDGE_CURVE('',#5420,#6174,#6175,.T.);
#5115=EDGE_CURVE('',#6174,#5422,#6176,.T.);
#5116=EDGE_CURVE('',#5320,#6174,#6177,.T.);
#5117=EDGE_CURVE('',#5416,#6178,#6179,.T.);
#5118=EDGE_CURVE('',#6178,#5418,#6180,.T.);
#5119=EDGE_CURVE('',#5322,#6178,#6181,.T.);
#5120=EDGE_CURVE('',#5412,#6182,#6183,.T.);
#5121=EDGE_CURVE('',#6182,#5414,#6184,.T.);
#5122=EDGE_CURVE('',#5324,#6182,#6185,.T.);
#5123=EDGE_CURVE('',#5408,#6186,#6187,.T.);
#5124=EDGE_CURVE('',#6186,#5410,#6188,.T.);
#5125=EDGE_CURVE('',#5326,#6186,#6189,.T.);
#5126=EDGE_CURVE('',#5404,#6190,#6191,.T.);
#5127=EDGE_CURVE('',#6190,#5406,#6192,.T.);
#5128=EDGE_CURVE('',#5328,#6190,#6193,.T.);
#5129=EDGE_CURVE('',#5400,#6194,#6195,.T.);
#5130=EDGE_CURVE('',#6194,#5402,#6196,.T.);
#5131=EDGE_CURVE('',#5330,#6194,#6197,.T.);
#5132=EDGE_CURVE('',#5396,#6198,#6199,.T.);
#5133=EDGE_CURVE('',#6198,#5398,#6200,.T.);
#5134=EDGE_CURVE('',#5332,#6198,#6201,.T.);
#5135=EDGE_CURVE('',#5392,#6202,#6203,.T.);
#5136=EDGE_CURVE('',#6202,#5394,#6204,.T.);
#5137=EDGE_CURVE('',#5334,#6202,#6205,.T.);
#5138=EDGE_CURVE('',#5388,#6206,#6207,.T.);
#5139=EDGE_CURVE('',#6206,#5390,#6208,.T.);
#5140=EDGE_CURVE('',#5336,#6206,#6209,.T.);
#5141=EDGE_CURVE('',#5384,#6210,#6211,.T.);
#5142=EDGE_CURVE('',#6210,#5386,#6212,.T.);
#5143=EDGE_CURVE('',#5338,#6210,#6213,.T.);
#5144=EDGE_CURVE('',#5380,#6214,#6215,.T.);
#5145=EDGE_CURVE('',#6214,#5382,#6216,.T.);
#5146=EDGE_CURVE('',#5340,#6214,#6217,.T.);
#5147=EDGE_CURVE('',#5376,#6218,#6219,.T.);
#5148=EDGE_CURVE('',#6218,#5378,#6220,.T.);
#5149=EDGE_CURVE('',#5342,#6218,#6221,.T.);
#5150=EDGE_CURVE('',#5372,#6222,#6223,.T.);
#5151=EDGE_CURVE('',#6222,#5374,#6224,.T.);
#5152=EDGE_CURVE('',#5344,#6222,#6225,.T.);
#5153=COLOUR_RGB('',1.0,0.807843148708344,0.458823531866074);
#5154=EDGE_CURVE('',#6226,#6227,#6228,.T.);
#5155=EDGE_CURVE('',#6229,#6226,#6230,.T.);
#5156=EDGE_CURVE('',#6229,#6231,#6232,.T.);
#5157=EDGE_CURVE('',#6231,#6227,#6233,.T.);
#5158=EDGE_CURVE('',#6227,#6234,#6235,.T.);
#5159=EDGE_CURVE('',#6236,#6231,#6237,.T.);
#5160=EDGE_CURVE('',#6236,#6238,#6239,.T.);
#5161=EDGE_CURVE('',#6240,#6238,#6241,.T.);
#5162=EDGE_CURVE('',#6240,#6242,#6243,.T.);
#5163=EDGE_CURVE('',#6244,#6242,#6245,.T.);
#5164=EDGE_CURVE('',#6244,#6234,#6246,.T.);
#5165=EDGE_CURVE('',#6247,#6248,#6249,.T.);
#5166=EDGE_CURVE('',#6247,#6250,#6251,.T.);
#5167=EDGE_CURVE('',#6252,#6250,#6253,.T.);
#5168=EDGE_CURVE('',#6252,#6254,#6255,.T.);
#5169=EDGE_CURVE('',#6256,#6254,#6257,.T.);
#5170=EDGE_CURVE('',#6256,#6258,#6259,.T.);
#5171=EDGE_CURVE('',#6258,#6260,#6261,.T.);
#5172=EDGE_CURVE('',#6248,#6260,#6262,.T.);
#5173=EDGE_CURVE('',#6263,#6264,#6265,.T.);
#5174=EDGE_CURVE('',#6266,#6263,#6267,.T.);
#5175=EDGE_CURVE('',#6268,#6266,#6269,.T.);
#5176=EDGE_CURVE('',#6264,#6268,#6270,.T.);
#5177=EDGE_CURVE('',#6271,#6272,#6273,.T.);
#5178=EDGE_CURVE('',#6274,#6271,#6275,.T.);
#5179=EDGE_CURVE('',#6276,#6274,#6277,.T.);
#5180=EDGE_CURVE('',#6272,#6276,#6278,.T.);
#5181=EDGE_CURVE('',#6238,#6256,#6279,.T.);
#5182=EDGE_CURVE('',#6258,#6236,#6280,.T.);
#5183=EDGE_CURVE('',#6242,#6252,#6281,.T.);
#5184=EDGE_CURVE('',#6254,#6240,#6282,.T.);
#5185=EDGE_CURVE('',#6250,#6244,#6283,.T.);
#5186=EDGE_CURVE('',#6284,#6247,#6285,.T.);
#5187=EDGE_CURVE('',#6286,#6284,#6287,.T.);
#5188=EDGE_CURVE('',#6234,#6286,#6288,.T.);
#5189=EDGE_CURVE('',#6289,#6290,#6291,.T.);
#5190=EDGE_CURVE('',#6263,#6289,#6292,.T.);
#5191=EDGE_CURVE('',#6264,#6290,#6293,.T.);
#5192=EDGE_CURVE('',#6294,#6295,#6296,.T.);
#5193=EDGE_CURVE('',#6289,#6294,#6297,.T.);
#5194=EDGE_CURVE('',#6295,#6290,#6298,.T.);
#5195=EDGE_CURVE('',#6299,#6300,#6301,.T.);
#5196=EDGE_CURVE('',#6300,#6294,#6302,.T.);
#5197=EDGE_CURVE('',#6295,#6299,#6303,.T.);
#5198=EDGE_CURVE('',#6304,#6299,#6305,.T.);
#5199=EDGE_CURVE('',#6304,#6306,#6307,.T.);
#5200=EDGE_CURVE('',#6300,#6306,#6308,.T.);
#5201=EDGE_CURVE('',#6274,#6306,#6309,.T.);
#5202=EDGE_CURVE('',#6274,#6263,#6310,.T.);
#5203=EDGE_CURVE('',#6311,#6248,#6312,.T.);
#5204=EDGE_CURVE('',#6266,#6311,#6313,.T.);
#5205=EDGE_CURVE('',#6284,#6271,#6314,.T.);
#5206=EDGE_CURVE('',#6315,#6316,#6317,.T.);
#5207=EDGE_CURVE('',#6318,#6316,#6319,.T.);
#5208=EDGE_CURVE('',#6318,#6320,#6321,.T.);
#5209=EDGE_CURVE('',#6252,#6320,#6322,.T.);
#5210=EDGE_CURVE('',#6250,#6315,#6323,.T.);
#5211=EDGE_CURVE('',#6316,#6324,#6325,.T.);
#5212=EDGE_CURVE('',#6315,#6326,#6327,.T.);
#5213=EDGE_CURVE('',#6324,#6326,#6328,.T.);
#5214=EDGE_CURVE('',#6324,#6329,#6330,.T.);
#5215=EDGE_CURVE('',#6329,#6318,#6331,.T.);
#5216=EDGE_CURVE('',#6332,#6329,#6333,.T.);
#5217=EDGE_CURVE('',#6332,#6320,#6334,.T.);
#5218=EDGE_CURVE('',#6242,#6332,#6335,.T.);
#5219=EDGE_CURVE('',#6244,#6326,#6336,.T.);
#5220=EDGE_CURVE('',#6272,#6286,#6337,.T.);
#5221=EDGE_CURVE('',#6264,#6276,#6338,.T.);
#5222=EDGE_CURVE('',#6268,#6339,#6340,.T.);
#5223=EDGE_CURVE('',#6227,#6339,#6341,.T.);
#5224=EDGE_CURVE('',#6342,#6343,#6344,.T.);
#5225=EDGE_CURVE('',#6240,#6343,#6345,.T.);
#5226=EDGE_CURVE('',#6238,#6346,#6347,.T.);
#5227=EDGE_CURVE('',#6346,#6348,#6349,.T.);
#5228=EDGE_CURVE('',#6348,#6342,#6350,.T.);
#5229=EDGE_CURVE('',#6351,#6342,#6352,.T.);
#5230=EDGE_CURVE('',#6353,#6351,#6354,.T.);
#5231=EDGE_CURVE('',#6353,#6343,#6355,.T.);
#5232=EDGE_CURVE('',#6348,#6356,#6357,.T.);
#5233=EDGE_CURVE('',#6351,#6356,#6358,.T.);
#5234=EDGE_CURVE('',#6356,#6359,#6360,.T.);
#5235=EDGE_CURVE('',#6256,#6359,#6361,.T.);
#5236=EDGE_CURVE('',#6254,#6353,#6362,.T.);
#5237=EDGE_CURVE('',#6346,#6359,#6363,.T.);
#5238=EDGE_CURVE('',#6260,#6229,#6364,.T.);
#5239=EDGE_CURVE('',#6226,#6365,#6366,.T.);
#5240=EDGE_CURVE('',#6365,#6311,#6367,.T.);
#5241=EDGE_CURVE('',#6365,#6339,#6368,.T.);
#5242=EDGE_CURVE('',#6276,#6304,#6369,.T.);
#5243=EDGE_CURVE('',#6370,#6371,#6372,.T.);
#5244=EDGE_CURVE('',#6272,#6371,#6373,.T.);
#5245=EDGE_CURVE('',#6286,#6374,#6375,.T.);
#5246=EDGE_CURVE('',#6374,#6376,#6377,.T.);
#5247=EDGE_CURVE('',#6376,#6370,#6378,.T.);
#5248=EDGE_CURVE('',#6379,#6370,#6380,.T.);
#5249=EDGE_CURVE('',#6381,#6379,#6382,.T.);
#5250=EDGE_CURVE('',#6381,#6371,#6383,.T.);
#5251=EDGE_CURVE('',#6376,#6384,#6385,.T.);
#5252=EDGE_CURVE('',#6379,#6384,#6386,.T.);
#5253=EDGE_CURVE('',#6384,#6387,#6388,.T.);
#5254=EDGE_CURVE('',#6284,#6387,#6389,.T.);
#5255=EDGE_CURVE('',#6271,#6381,#6390,.T.);
#5256=EDGE_CURVE('',#6374,#6387,#6391,.T.);
#5257=VERTEX_POINT('',#6392);
#5258=VERTEX_POINT('',#6393);
#5259=LINE('',#6394,#6395);
#5260=VERTEX_POINT('',#6396);
#5261=CIRCLE('',#6397,0.775);
#5262=LINE('',#6398,#6399);
#5263=VERTEX_POINT('',#6400);
#5264=LINE('',#6401,#6402);
#5265=VERTEX_POINT('',#6403);
#5266=CIRCLE('',#6404,0.775);
#5267=LINE('',#6405,#6406);
#5268=VERTEX_POINT('',#6407);
#5269=LINE('',#6408,#6409);
#5270=VERTEX_POINT('',#6410);
#5271=CIRCLE('',#6411,1.015);
#5272=LINE('',#6412,#6413);
#5273=VERTEX_POINT('',#6414);
#5274=VERTEX_POINT('',#6415);
#5275=LINE('',#6416,#6417);
#5276=VERTEX_POINT('',#6418);
#5277=CIRCLE('',#6419,1.025);
#5278=VERTEX_POINT('',#6420);
#5279=LINE('',#6421,#6422);
#5280=CIRCLE('',#6423,1.175);
#5281=VERTEX_POINT('',#6424);
#5282=VERTEX_POINT('',#6425);
#5283=LINE('',#6426,#6427);
#5284=VERTEX_POINT('',#6428);
#5285=CIRCLE('',#6429,1.075);
#5286=VERTEX_POINT('',#6430);
#5287=LINE('',#6431,#6432);
#5288=CIRCLE('',#6433,1.175);
#5289=VERTEX_POINT('',#6434);
#5290=LINE('',#6435,#6436);
#5291=VERTEX_POINT('',#6437);
#5292=LINE('',#6438,#6439);
#5293=CIRCLE('',#6440,1.175);
#5294=LINE('',#6441,#6442);
#5295=LINE('',#6443,#6444);
#5296=VERTEX_POINT('',#6445);
#5297=LINE('',#6446,#6447);
#5298=VERTEX_POINT('',#6448);
#5299=LINE('',#6449,#6450);
#5300=CIRCLE('',#6451,1.175);
#5301=VERTEX_POINT('',#6452);
#5302=VERTEX_POINT('',#6453);
#5303=LINE('',#6454,#6455);
#5304=VERTEX_POINT('',#6456);
#5305=CIRCLE('',#6457,0.945);
#5306=VERTEX_POINT('',#6458);
#5307=LINE('',#6459,#6460);
#5308=VERTEX_POINT('',#6461);
#5309=CIRCLE('',#6462,0.945);
#5310=VERTEX_POINT('',#6463);
#5311=CIRCLE('',#6464,0.945);
#5312=VERTEX_POINT('',#6465);
#5313=CIRCLE('',#6466,0.945);
#5314=VERTEX_POINT('',#6467);
#5315=CIRCLE('',#6468,0.945);
#5316=VERTEX_POINT('',#6469);
#5317=CIRCLE('',#6470,0.945);
#5318=VERTEX_POINT('',#6471);
#5319=CIRCLE('',#6472,0.945);
#5320=VERTEX_POINT('',#6473);
#5321=CIRCLE('',#6474,0.945);
#5322=VERTEX_POINT('',#6475);
#5323=CIRCLE('',#6476,0.945);
#5324=VERTEX_POINT('',#6477);
#5325=CIRCLE('',#6478,0.945);
#5326=VERTEX_POINT('',#6479);
#5327=CIRCLE('',#6480,0.945);
#5328=VERTEX_POINT('',#6481);
#5329=CIRCLE('',#6482,0.945);
#5330=VERTEX_POINT('',#6483);
#5331=CIRCLE('',#6484,0.945);
#5332=VERTEX_POINT('',#6485);
#5333=CIRCLE('',#6486,0.945);
#5334=VERTEX_POINT('',#6487);
#5335=CIRCLE('',#6488,0.945);
#5336=VERTEX_POINT('',#6489);
#5337=CIRCLE('',#6490,0.945);
#5338=VERTEX_POINT('',#6491);
#5339=CIRCLE('',#6492,0.945);
#5340=VERTEX_POINT('',#6493);
#5341=CIRCLE('',#6494,0.945);
#5342=VERTEX_POINT('',#6495);
#5343=CIRCLE('',#6496,0.945);
#5344=VERTEX_POINT('',#6497);
#5345=CIRCLE('',#6498,0.945);
#5346=VERTEX_POINT('',#6499);
#5347=CIRCLE('',#6500,0.945);
#5348=CIRCLE('',#6501,0.945);
#5349=VERTEX_POINT('',#6502);
#5350=VERTEX_POINT('',#6503);
#5351=LINE('',#6504,#6505);
#5352=VERTEX_POINT('',#6506);
#5353=CIRCLE('',#6507,1.015);
#5354=VERTEX_POINT('',#6508);
#5355=LINE('',#6509,#6510);
#5356=CIRCLE('',#6511,1.015);
#5357=VERTEX_POINT('',#6512);
#5358=VERTEX_POINT('',#6513);
#5359=LINE('',#6514,#6515);
#5360=VERTEX_POINT('',#6516);
#5361=CIRCLE('',#6517,1.015);
#5362=VERTEX_POINT('',#6518);
#5363=LINE('',#6519,#6520);
#5364=CIRCLE('',#6521,1.015);
#5365=VERTEX_POINT('',#6522);
#5366=VERTEX_POINT('',#6523);
#5367=LINE('',#6524,#6525);
#5368=VERTEX_POINT('',#6526);
#5369=CIRCLE('',#6527,0.95);
#5370=VERTEX_POINT('',#6528);
#5371=CIRCLE('',#6529,0.95);
#5372=VERTEX_POINT('',#6530);
#5373=CIRCLE('',#6531,0.95);
#5374=VERTEX_POINT('',#6532);
#5375=CIRCLE('',#6533,0.95);
#5376=VERTEX_POINT('',#6534);
#5377=CIRCLE('',#6535,0.95);
#5378=VERTEX_POINT('',#6536);
#5379=CIRCLE('',#6537,0.95);
#5380=VERTEX_POINT('',#6538);
#5381=CIRCLE('',#6539,0.95);
#5382=VERTEX_POINT('',#6540);
#5383=CIRCLE('',#6541,0.95);
#5384=VERTEX_POINT('',#6542);
#5385=CIRCLE('',#6543,0.95);
#5386=VERTEX_POINT('',#6544);
#5387=CIRCLE('',#6545,0.95);
#5388=VERTEX_POINT('',#6546);
#5389=CIRCLE('',#6547,0.95);
#5390=VERTEX_POINT('',#6548);
#5391=CIRCLE('',#6549,0.95);
#5392=VERTEX_POINT('',#6550);
#5393=CIRCLE('',#6551,0.95);
#5394=VERTEX_POINT('',#6552);
#5395=CIRCLE('',#6553,0.95);
#5396=VERTEX_POINT('',#6554);
#5397=CIRCLE('',#6555,0.95);
#5398=VERTEX_POINT('',#6556);
#5399=CIRCLE('',#6557,0.95);
#5400=VERTEX_POINT('',#6558);
#5401=CIRCLE('',#6559,0.95);
#5402=VERTEX_POINT('',#6560);
#5403=CIRCLE('',#6561,0.95);
#5404=VERTEX_POINT('',#6562);
#5405=CIRCLE('',#6563,0.95);
#5406=VERTEX_POINT('',#6564);
#5407=CIRCLE('',#6565,0.95);
#5408=VERTEX_POINT('',#6566);
#5409=CIRCLE('',#6567,0.95);
#5410=VERTEX_POINT('',#6568);
#5411=CIRCLE('',#6569,0.95);
#5412=VERTEX_POINT('',#6570);
#5413=CIRCLE('',#6571,0.95);
#5414=VERTEX_POINT('',#6572);
#5415=CIRCLE('',#6573,0.95);
#5416=VERTEX_POINT('',#6574);
#5417=CIRCLE('',#6575,0.95);
#5418=VERTEX_POINT('',#6576);
#5419=CIRCLE('',#6577,0.95);
#5420=VERTEX_POINT('',#6578);
#5421=CIRCLE('',#6579,0.95);
#5422=VERTEX_POINT('',#6580);
#5423=CIRCLE('',#6581,0.95);
#5424=VERTEX_POINT('',#6582);
#5425=CIRCLE('',#6583,0.95);
#5426=VERTEX_POINT('',#6584);
#5427=CIRCLE('',#6585,0.95);
#5428=VERTEX_POINT('',#6586);
#5429=CIRCLE('',#6587,0.95);
#5430=VERTEX_POINT('',#6588);
#5431=CIRCLE('',#6589,0.95);
#5432=VERTEX_POINT('',#6590);
#5433=CIRCLE('',#6591,0.95);
#5434=VERTEX_POINT('',#6592);
#5435=CIRCLE('',#6593,0.95);
#5436=VERTEX_POINT('',#6594);
#5437=CIRCLE('',#6595,0.95);
#5438=VERTEX_POINT('',#6596);
#5439=CIRCLE('',#6597,0.95);
#5440=VERTEX_POINT('',#6598);
#5441=CIRCLE('',#6599,0.95);
#5442=VERTEX_POINT('',#6600);
#5443=CIRCLE('',#6601,0.95);
#5444=VERTEX_POINT('',#6602);
#5445=CIRCLE('',#6603,0.95);
#5446=VERTEX_POINT('',#6604);
#5447=CIRCLE('',#6605,0.95);
#5448=VERTEX_POINT('',#6606);
#5449=CIRCLE('',#6607,0.95);
#5450=VERTEX_POINT('',#6608);
#5451=LINE('',#6609,#6610);
#5452=CIRCLE('',#6611,0.95);
#5453=VERTEX_POINT('',#6612);
#5454=LINE('',#6613,#6614);
#5455=VERTEX_POINT('',#6615);
#5456=CIRCLE('',#6616,0.7);
#5457=LINE('',#6617,#6618);
#5458=CIRCLE('',#6619,0.7);
#5459=CIRCLE('',#6620,0.95);
#5460=VERTEX_POINT('',#6621);
#5461=CIRCLE('',#6622,0.95);
#5462=VERTEX_POINT('',#6623);
#5463=CIRCLE('',#6624,0.95);
#5464=VERTEX_POINT('',#6625);
#5465=CIRCLE('',#6626,0.95);
#5466=VERTEX_POINT('',#6627);
#5467=CIRCLE('',#6628,0.95);
#5468=VERTEX_POINT('',#6629);
#5469=CIRCLE('',#6630,0.95);
#5470=VERTEX_POINT('',#6631);
#5471=CIRCLE('',#6632,0.95);
#5472=VERTEX_POINT('',#6633);
#5473=CIRCLE('',#6634,0.95);
#5474=VERTEX_POINT('',#6635);
#5475=CIRCLE('',#6636,0.95);
#5476=VERTEX_POINT('',#6637);
#5477=CIRCLE('',#6638,0.95);
#5478=VERTEX_POINT('',#6639);
#5479=CIRCLE('',#6640,0.95);
#5480=VERTEX_POINT('',#6641);
#5481=CIRCLE('',#6642,0.95);
#5482=VERTEX_POINT('',#6643);
#5483=CIRCLE('',#6644,0.95);
#5484=VERTEX_POINT('',#6645);
#5485=CIRCLE('',#6646,0.95);
#5486=VERTEX_POINT('',#6647);
#5487=CIRCLE('',#6648,0.95);
#5488=VERTEX_POINT('',#6649);
#5489=CIRCLE('',#6650,0.95);
#5490=VERTEX_POINT('',#6651);
#5491=CIRCLE('',#6652,0.95);
#5492=VERTEX_POINT('',#6653);
#5493=CIRCLE('',#6654,0.95);
#5494=VERTEX_POINT('',#6655);
#5495=CIRCLE('',#6656,0.95);
#5496=VERTEX_POINT('',#6657);
#5497=CIRCLE('',#6658,0.95);
#5498=VERTEX_POINT('',#6659);
#5499=CIRCLE('',#6660,0.95);
#5500=VERTEX_POINT('',#6661);
#5501=CIRCLE('',#6662,0.95);
#5502=VERTEX_POINT('',#6663);
#5503=CIRCLE('',#6664,0.95);
#5504=VERTEX_POINT('',#6665);
#5505=CIRCLE('',#6666,0.95);
#5506=VERTEX_POINT('',#6667);
#5507=CIRCLE('',#6668,0.95);
#5508=VERTEX_POINT('',#6669);
#5509=CIRCLE('',#6670,0.95);
#5510=VERTEX_POINT('',#6671);
#5511=CIRCLE('',#6672,0.95);
#5512=VERTEX_POINT('',#6673);
#5513=CIRCLE('',#6674,0.95);
#5514=VERTEX_POINT('',#6675);
#5515=CIRCLE('',#6676,0.95);
#5516=VERTEX_POINT('',#6677);
#5517=CIRCLE('',#6678,0.95);
#5518=VERTEX_POINT('',#6679);
#5519=CIRCLE('',#6680,0.95);
#5520=VERTEX_POINT('',#6681);
#5521=CIRCLE('',#6682,0.95);
#5522=VERTEX_POINT('',#6683);
#5523=CIRCLE('',#6684,0.95);
#5524=VERTEX_POINT('',#6685);
#5525=CIRCLE('',#6686,0.95);
#5526=VERTEX_POINT('',#6687);
#5527=CIRCLE('',#6688,0.95);
#5528=VERTEX_POINT('',#6689);
#5529=CIRCLE('',#6690,0.95);
#5530=VERTEX_POINT('',#6691);
#5531=CIRCLE('',#6692,0.95);
#5532=VERTEX_POINT('',#6693);
#5533=CIRCLE('',#6694,0.95);
#5534=VERTEX_POINT('',#6695);
#5535=CIRCLE('',#6696,0.95);
#5536=VERTEX_POINT('',#6697);
#5537=CIRCLE('',#6698,0.95);
#5538=VERTEX_POINT('',#6699);
#5539=CIRCLE('',#6700,0.95);
#5540=CIRCLE('',#6701,0.95);
#5541=VERTEX_POINT('',#6702);
#5542=LINE('',#6703,#6704);
#5543=VERTEX_POINT('',#6705);
#5544=LINE('',#6706,#6707);
#5545=CIRCLE('',#6708,1.015);
#5546=VERTEX_POINT('',#6709);
#5547=LINE('',#6710,#6711);
#5548=VERTEX_POINT('',#6712);
#5549=LINE('',#6713,#6714);
#5550=CIRCLE('',#6715,1.015);
#5551=VERTEX_POINT('',#6716);
#5552=LINE('',#6717,#6718);
#5553=VERTEX_POINT('',#6719);
#5554=LINE('',#6720,#6721);
#5555=CIRCLE('',#6722,1.015);
#5556=VERTEX_POINT('',#6723);
#5557=LINE('',#6724,#6725);
#5558=VERTEX_POINT('',#6726);
#5559=LINE('',#6727,#6728);
#5560=CIRCLE('',#6729,1.015);
#5561=VERTEX_POINT('',#6730);
#5562=LINE('',#6731,#6732);
#5563=VERTEX_POINT('',#6733);
#5564=LINE('',#6734,#6735);
#5565=CIRCLE('',#6736,1.015);
#5566=VERTEX_POINT('',#6737);
#5567=LINE('',#6738,#6739);
#5568=VERTEX_POINT('',#6740);
#5569=LINE('',#6741,#6742);
#5570=CIRCLE('',#6743,1.015);
#5571=VERTEX_POINT('',#6744);
#5572=LINE('',#6745,#6746);
#5573=VERTEX_POINT('',#6747);
#5574=LINE('',#6748,#6749);
#5575=CIRCLE('',#6750,1.015);
#5576=VERTEX_POINT('',#6751);
#5577=LINE('',#6752,#6753);
#5578=VERTEX_POINT('',#6754);
#5579=LINE('',#6755,#6756);
#5580=CIRCLE('',#6757,1.015);
#5581=VERTEX_POINT('',#6758);
#5582=LINE('',#6759,#6760);
#5583=VERTEX_POINT('',#6761);
#5584=LINE('',#6762,#6763);
#5585=CIRCLE('',#6764,1.015);
#5586=VERTEX_POINT('',#6765);
#5587=LINE('',#6766,#6767);
#5588=VERTEX_POINT('',#6768);
#5589=LINE('',#6769,#6770);
#5590=CIRCLE('',#6771,1.015);
#5591=VERTEX_POINT('',#6772);
#5592=LINE('',#6773,#6774);
#5593=VERTEX_POINT('',#6775);
#5594=LINE('',#6776,#6777);
#5595=CIRCLE('',#6778,1.015);
#5596=VERTEX_POINT('',#6779);
#5597=LINE('',#6780,#6781);
#5598=VERTEX_POINT('',#6782);
#5599=LINE('',#6783,#6784);
#5600=CIRCLE('',#6785,1.015);
#5601=VERTEX_POINT('',#6786);
#5602=LINE('',#6787,#6788);
#5603=VERTEX_POINT('',#6789);
#5604=LINE('',#6790,#6791);
#5605=CIRCLE('',#6792,1.015);
#5606=VERTEX_POINT('',#6793);
#5607=LINE('',#6794,#6795);
#5608=VERTEX_POINT('',#6796);
#5609=LINE('',#6797,#6798);
#5610=CIRCLE('',#6799,1.015);
#5611=VERTEX_POINT('',#6800);
#5612=LINE('',#6801,#6802);
#5613=VERTEX_POINT('',#6803);
#5614=LINE('',#6804,#6805);
#5615=CIRCLE('',#6806,1.015);
#5616=VERTEX_POINT('',#6807);
#5617=LINE('',#6808,#6809);
#5618=VERTEX_POINT('',#6810);
#5619=LINE('',#6811,#6812);
#5620=CIRCLE('',#6813,1.015);
#5621=VERTEX_POINT('',#6814);
#5622=LINE('',#6815,#6816);
#5623=VERTEX_POINT('',#6817);
#5624=LINE('',#6818,#6819);
#5625=CIRCLE('',#6820,1.015);
#5626=VERTEX_POINT('',#6821);
#5627=LINE('',#6822,#6823);
#5628=VERTEX_POINT('',#6824);
#5629=LINE('',#6825,#6826);
#5630=CIRCLE('',#6827,1.015);
#5631=VERTEX_POINT('',#6828);
#5632=LINE('',#6829,#6830);
#5633=VERTEX_POINT('',#6831);
#5634=LINE('',#6832,#6833);
#5635=CIRCLE('',#6834,1.015);
#5636=LINE('',#6835,#6836);
#5637=VERTEX_POINT('',#6837);
#5638=LINE('',#6838,#6839);
#5639=CIRCLE('',#6840,1.015);
#5640=VERTEX_POINT('',#6841);
#5641=LINE('',#6842,#6843);
#5642=VERTEX_POINT('',#6844);
#5643=LINE('',#6845,#6846);
#5644=CIRCLE('',#6847,1.015);
#5645=VERTEX_POINT('',#6848);
#5646=LINE('',#6849,#6850);
#5647=VERTEX_POINT('',#6851);
#5648=LINE('',#6852,#6853);
#5649=CIRCLE('',#6854,1.015);
#5650=VERTEX_POINT('',#6855);
#5651=LINE('',#6856,#6857);
#5652=VERTEX_POINT('',#6858);
#5653=LINE('',#6859,#6860);
#5654=CIRCLE('',#6861,1.015);
#5655=VERTEX_POINT('',#6862);
#5656=LINE('',#6863,#6864);
#5657=VERTEX_POINT('',#6865);
#5658=LINE('',#6866,#6867);
#5659=CIRCLE('',#6868,1.015);
#5660=VERTEX_POINT('',#6869);
#5661=LINE('',#6870,#6871);
#5662=VERTEX_POINT('',#6872);
#5663=LINE('',#6873,#6874);
#5664=CIRCLE('',#6875,1.015);
#5665=VERTEX_POINT('',#6876);
#5666=LINE('',#6877,#6878);
#5667=VERTEX_POINT('',#6879);
#5668=LINE('',#6880,#6881);
#5669=CIRCLE('',#6882,1.015);
#5670=VERTEX_POINT('',#6883);
#5671=LINE('',#6884,#6885);
#5672=VERTEX_POINT('',#6886);
#5673=LINE('',#6887,#6888);
#5674=CIRCLE('',#6889,1.015);
#5675=VERTEX_POINT('',#6890);
#5676=LINE('',#6891,#6892);
#5677=VERTEX_POINT('',#6893);
#5678=LINE('',#6894,#6895);
#5679=CIRCLE('',#6896,1.015);
#5680=VERTEX_POINT('',#6897);
#5681=LINE('',#6898,#6899);
#5682=VERTEX_POINT('',#6900);
#5683=LINE('',#6901,#6902);
#5684=CIRCLE('',#6903,1.015);
#5685=VERTEX_POINT('',#6904);
#5686=LINE('',#6905,#6906);
#5687=VERTEX_POINT('',#6907);
#5688=LINE('',#6908,#6909);
#5689=CIRCLE('',#6910,1.015);
#5690=VERTEX_POINT('',#6911);
#5691=LINE('',#6912,#6913);
#5692=VERTEX_POINT('',#6914);
#5693=LINE('',#6915,#6916);
#5694=CIRCLE('',#6917,1.015);
#5695=VERTEX_POINT('',#6918);
#5696=LINE('',#6919,#6920);
#5697=VERTEX_POINT('',#6921);
#5698=LINE('',#6922,#6923);
#5699=CIRCLE('',#6924,1.015);
#5700=VERTEX_POINT('',#6925);
#5701=LINE('',#6926,#6927);
#5702=VERTEX_POINT('',#6928);
#5703=LINE('',#6929,#6930);
#5704=CIRCLE('',#6931,1.015);
#5705=VERTEX_POINT('',#6932);
#5706=LINE('',#6933,#6934);
#5707=VERTEX_POINT('',#6935);
#5708=LINE('',#6936,#6937);
#5709=CIRCLE('',#6938,1.015);
#5710=VERTEX_POINT('',#6939);
#5711=LINE('',#6940,#6941);
#5712=VERTEX_POINT('',#6942);
#5713=LINE('',#6943,#6944);
#5714=CIRCLE('',#6945,1.015);
#5715=VERTEX_POINT('',#6946);
#5716=LINE('',#6947,#6948);
#5717=VERTEX_POINT('',#6949);
#5718=LINE('',#6950,#6951);
#5719=CIRCLE('',#6952,1.015);
#5720=VERTEX_POINT('',#6953);
#5721=LINE('',#6954,#6955);
#5722=VERTEX_POINT('',#6956);
#5723=LINE('',#6957,#6958);
#5724=CIRCLE('',#6959,1.015);
#5725=VERTEX_POINT('',#6960);
#5726=LINE('',#6961,#6962);
#5727=VERTEX_POINT('',#6963);
#5728=LINE('',#6964,#6965);
#5729=CIRCLE('',#6966,1.015);
#5730=VERTEX_POINT('',#6967);
#5731=LINE('',#6968,#6969);
#5732=VERTEX_POINT('',#6970);
#5733=LINE('',#6971,#6972);
#5734=CIRCLE('',#6973,1.015);
#5735=VERTEX_POINT('',#6974);
#5736=LINE('',#6975,#6976);
#5737=CIRCLE('',#6977,1.015);
#5738=LINE('',#6978,#6979);
#5739=VERTEX_POINT('',#6980);
#5740=LINE('',#6981,#6982);
#5741=VERTEX_POINT('',#6983);
#5742=LINE('',#6984,#6985);
#5743=VERTEX_POINT('',#6986);
#5744=LINE('',#6987,#6988);
#5745=LINE('',#6989,#6990);
#5746=VERTEX_POINT('',#6991);
#5747=LINE('',#6992,#6993);
#5748=CIRCLE('',#6994,1.015);
#5749=VERTEX_POINT('',#6995);
#5750=LINE('',#6996,#6997);
#5751=VERTEX_POINT('',#6998);
#5752=LINE('',#6999,#7000);
#5753=CIRCLE('',#7001,1.015);
#5754=VERTEX_POINT('',#7002);
#5755=LINE('',#7003,#7004);
#5756=VERTEX_POINT('',#7005);
#5757=LINE('',#7006,#7007);
#5758=CIRCLE('',#7008,1.015);
#5759=VERTEX_POINT('',#7009);
#5760=LINE('',#7010,#7011);
#5761=VERTEX_POINT('',#7012);
#5762=LINE('',#7013,#7014);
#5763=CIRCLE('',#7015,1.015);
#5764=VERTEX_POINT('',#7016);
#5765=LINE('',#7017,#7018);
#5766=VERTEX_POINT('',#7019);
#5767=LINE('',#7020,#7021);
#5768=CIRCLE('',#7022,1.015);
#5769=VERTEX_POINT('',#7023);
#5770=LINE('',#7024,#7025);
#5771=VERTEX_POINT('',#7026);
#5772=LINE('',#7027,#7028);
#5773=CIRCLE('',#7029,1.015);
#5774=VERTEX_POINT('',#7030);
#5775=LINE('',#7031,#7032);
#5776=VERTEX_POINT('',#7033);
#5777=LINE('',#7034,#7035);
#5778=CIRCLE('',#7036,1.015);
#5779=VERTEX_POINT('',#7037);
#5780=LINE('',#7038,#7039);
#5781=VERTEX_POINT('',#7040);
#5782=LINE('',#7041,#7042);
#5783=CIRCLE('',#7043,1.015);
#5784=VERTEX_POINT('',#7044);
#5785=LINE('',#7045,#7046);
#5786=VERTEX_POINT('',#7047);
#5787=LINE('',#7048,#7049);
#5788=CIRCLE('',#7050,1.015);
#5789=VERTEX_POINT('',#7051);
#5790=LINE('',#7052,#7053);
#5791=VERTEX_POINT('',#7054);
#5792=LINE('',#7055,#7056);
#5793=CIRCLE('',#7057,1.015);
#5794=VERTEX_POINT('',#7058);
#5795=LINE('',#7059,#7060);
#5796=VERTEX_POINT('',#7061);
#5797=LINE('',#7062,#7063);
#5798=CIRCLE('',#7064,1.015);
#5799=VERTEX_POINT('',#7065);
#5800=LINE('',#7066,#7067);
#5801=VERTEX_POINT('',#7068);
#5802=LINE('',#7069,#7070);
#5803=CIRCLE('',#7071,1.015);
#5804=VERTEX_POINT('',#7072);
#5805=LINE('',#7073,#7074);
#5806=VERTEX_POINT('',#7075);
#5807=LINE('',#7076,#7077);
#5808=CIRCLE('',#7078,1.015);
#5809=VERTEX_POINT('',#7079);
#5810=LINE('',#7080,#7081);
#5811=VERTEX_POINT('',#7082);
#5812=LINE('',#7083,#7084);
#5813=CIRCLE('',#7085,1.015);
#5814=VERTEX_POINT('',#7086);
#5815=LINE('',#7087,#7088);
#5816=VERTEX_POINT('',#7089);
#5817=LINE('',#7090,#7091);
#5818=CIRCLE('',#7092,1.015);
#5819=VERTEX_POINT('',#7093);
#5820=LINE('',#7094,#7095);
#5821=VERTEX_POINT('',#7096);
#5822=LINE('',#7097,#7098);
#5823=CIRCLE('',#7099,1.015);
#5824=VERTEX_POINT('',#7100);
#5825=LINE('',#7101,#7102);
#5826=VERTEX_POINT('',#7103);
#5827=LINE('',#7104,#7105);
#5828=CIRCLE('',#7106,1.015);
#5829=VERTEX_POINT('',#7107);
#5830=LINE('',#7108,#7109);
#5831=VERTEX_POINT('',#7110);
#5832=LINE('',#7111,#7112);
#5833=CIRCLE('',#7113,1.015);
#5834=VERTEX_POINT('',#7114);
#5835=LINE('',#7115,#7116);
#5836=VERTEX_POINT('',#7117);
#5837=LINE('',#7118,#7119);
#5838=CIRCLE('',#7120,1.015);
#5839=VERTEX_POINT('',#7121);
#5840=LINE('',#7122,#7123);
#5841=CIRCLE('',#7124,1.015);
#5842=VERTEX_POINT('',#7125);
#5843=LINE('',#7126,#7127);
#5844=VERTEX_POINT('',#7128);
#5845=LINE('',#7129,#7130);
#5846=CIRCLE('',#7131,1.015);
#5847=VERTEX_POINT('',#7132);
#5848=LINE('',#7133,#7134);
#5849=VERTEX_POINT('',#7135);
#5850=LINE('',#7136,#7137);
#5851=CIRCLE('',#7138,1.015);
#5852=VERTEX_POINT('',#7139);
#5853=LINE('',#7140,#7141);
#5854=VERTEX_POINT('',#7142);
#5855=LINE('',#7143,#7144);
#5856=CIRCLE('',#7145,1.015);
#5857=VERTEX_POINT('',#7146);
#5858=LINE('',#7147,#7148);
#5859=VERTEX_POINT('',#7149);
#5860=LINE('',#7150,#7151);
#5861=CIRCLE('',#7152,1.015);
#5862=VERTEX_POINT('',#7153);
#5863=LINE('',#7154,#7155);
#5864=VERTEX_POINT('',#7156);
#5865=LINE('',#7157,#7158);
#5866=CIRCLE('',#7159,1.015);
#5867=VERTEX_POINT('',#7160);
#5868=LINE('',#7161,#7162);
#5869=VERTEX_POINT('',#7163);
#5870=LINE('',#7164,#7165);
#5871=CIRCLE('',#7166,1.015);
#5872=VERTEX_POINT('',#7167);
#5873=LINE('',#7168,#7169);
#5874=VERTEX_POINT('',#7170);
#5875=LINE('',#7171,#7172);
#5876=CIRCLE('',#7173,1.015);
#5877=VERTEX_POINT('',#7174);
#5878=LINE('',#7175,#7176);
#5879=VERTEX_POINT('',#7177);
#5880=LINE('',#7178,#7179);
#5881=CIRCLE('',#7180,1.015);
#5882=VERTEX_POINT('',#7181);
#5883=LINE('',#7182,#7183);
#5884=VERTEX_POINT('',#7184);
#5885=LINE('',#7185,#7186);
#5886=CIRCLE('',#7187,1.015);
#5887=VERTEX_POINT('',#7188);
#5888=LINE('',#7189,#7190);
#5889=VERTEX_POINT('',#7191);
#5890=LINE('',#7192,#7193);
#5891=CIRCLE('',#7194,1.015);
#5892=VERTEX_POINT('',#7195);
#5893=LINE('',#7196,#7197);
#5894=VERTEX_POINT('',#7198);
#5895=LINE('',#7199,#7200);
#5896=CIRCLE('',#7201,1.015);
#5897=VERTEX_POINT('',#7202);
#5898=LINE('',#7203,#7204);
#5899=VERTEX_POINT('',#7205);
#5900=LINE('',#7206,#7207);
#5901=CIRCLE('',#7208,1.015);
#5902=VERTEX_POINT('',#7209);
#5903=LINE('',#7210,#7211);
#5904=VERTEX_POINT('',#7212);
#5905=LINE('',#7213,#7214);
#5906=CIRCLE('',#7215,1.015);
#5907=VERTEX_POINT('',#7216);
#5908=LINE('',#7217,#7218);
#5909=VERTEX_POINT('',#7219);
#5910=LINE('',#7220,#7221);
#5911=CIRCLE('',#7222,1.015);
#5912=VERTEX_POINT('',#7223);
#5913=LINE('',#7224,#7225);
#5914=VERTEX_POINT('',#7226);
#5915=LINE('',#7227,#7228);
#5916=CIRCLE('',#7229,1.015);
#5917=VERTEX_POINT('',#7230);
#5918=LINE('',#7231,#7232);
#5919=VERTEX_POINT('',#7233);
#5920=LINE('',#7234,#7235);
#5921=CIRCLE('',#7236,1.015);
#5922=VERTEX_POINT('',#7237);
#5923=LINE('',#7238,#7239);
#5924=VERTEX_POINT('',#7240);
#5925=LINE('',#7241,#7242);
#5926=CIRCLE('',#7243,1.015);
#5927=VERTEX_POINT('',#7244);
#5928=LINE('',#7245,#7246);
#5929=VERTEX_POINT('',#7247);
#5930=LINE('',#7248,#7249);
#5931=CIRCLE('',#7250,1.015);
#5932=VERTEX_POINT('',#7251);
#5933=LINE('',#7252,#7253);
#5934=VERTEX_POINT('',#7254);
#5935=LINE('',#7255,#7256);
#5936=CIRCLE('',#7257,1.015);
#5937=VERTEX_POINT('',#7258);
#5938=LINE('',#7259,#7260);
#5939=CIRCLE('',#7261,1.015);
#5940=VERTEX_POINT('',#7262);
#5941=LINE('',#7263,#7264);
#5942=CIRCLE('',#7265,0.945);
#5943=VERTEX_POINT('',#7266);
#5944=LINE('',#7267,#7268);
#5945=LINE('',#7269,#7270);
#5946=CIRCLE('',#7271,0.945);
#5947=VERTEX_POINT('',#7272);
#5948=LINE('',#7273,#7274);
#5949=LINE('',#7275,#7276);
#5950=CIRCLE('',#7277,0.945);
#5951=VERTEX_POINT('',#7278);
#5952=LINE('',#7279,#7280);
#5953=LINE('',#7281,#7282);
#5954=CIRCLE('',#7283,0.945);
#5955=VERTEX_POINT('',#7284);
#5956=LINE('',#7285,#7286);
#5957=LINE('',#7287,#7288);
#5958=CIRCLE('',#7289,0.945);
#5959=VERTEX_POINT('',#7290);
#5960=LINE('',#7291,#7292);
#5961=LINE('',#7293,#7294);
#5962=CIRCLE('',#7295,0.945);
#5963=VERTEX_POINT('',#7296);
#5964=LINE('',#7297,#7298);
#5965=LINE('',#7299,#7300);
#5966=CIRCLE('',#7301,0.945);
#5967=VERTEX_POINT('',#7302);
#5968=LINE('',#7303,#7304);
#5969=LINE('',#7305,#7306);
#5970=CIRCLE('',#7307,0.945);
#5971=VERTEX_POINT('',#7308);
#5972=LINE('',#7309,#7310);
#5973=LINE('',#7311,#7312);
#5974=CIRCLE('',#7313,0.945);
#5975=VERTEX_POINT('',#7314);
#5976=LINE('',#7315,#7316);
#5977=LINE('',#7317,#7318);
#5978=CIRCLE('',#7319,0.945);
#5979=VERTEX_POINT('',#7320);
#5980=LINE('',#7321,#7322);
#5981=LINE('',#7323,#7324);
#5982=CIRCLE('',#7325,0.945);
#5983=VERTEX_POINT('',#7326);
#5984=LINE('',#7327,#7328);
#5985=LINE('',#7329,#7330);
#5986=CIRCLE('',#7331,0.945);
#5987=VERTEX_POINT('',#7332);
#5988=LINE('',#7333,#7334);
#5989=LINE('',#7335,#7336);
#5990=CIRCLE('',#7337,0.945);
#5991=VERTEX_POINT('',#7338);
#5992=LINE('',#7339,#7340);
#5993=LINE('',#7341,#7342);
#5994=CIRCLE('',#7343,0.945);
#5995=VERTEX_POINT('',#7344);
#5996=LINE('',#7345,#7346);
#5997=LINE('',#7347,#7348);
#5998=CIRCLE('',#7349,0.945);
#5999=VERTEX_POINT('',#7350);
#6000=LINE('',#7351,#7352);
#6001=LINE('',#7353,#7354);
#6002=CIRCLE('',#7355,0.945);
#6003=VERTEX_POINT('',#7356);
#6004=LINE('',#7357,#7358);
#6005=LINE('',#7359,#7360);
#6006=CIRCLE('',#7361,0.945);
#6007=VERTEX_POINT('',#7362);
#6008=LINE('',#7363,#7364);
#6009=LINE('',#7365,#7366);
#6010=CIRCLE('',#7367,0.945);
#6011=VERTEX_POINT('',#7368);
#6012=LINE('',#7369,#7370);
#6013=LINE('',#7371,#7372);
#6014=CIRCLE('',#7373,0.945);
#6015=LINE('',#7374,#7375);
#6016=LINE('',#7376,#7377);
#6017=CIRCLE('',#7378,0.945);
#6018=LINE('',#7379,#7380);
#6019=LINE('',#7381,#7382);
#6020=LINE('',#7383,#7384);
#6021=LINE('',#7385,#7386);
#6022=LINE('',#7387,#7388);
#6023=LINE('',#7389,#7390);
#6024=LINE('',#7391,#7392);
#6025=LINE('',#7393,#7394);
#6026=LINE('',#7395,#7396);
#6027=LINE('',#7397,#7398);
#6028=LINE('',#7399,#7400);
#6029=LINE('',#7401,#7402);
#6030=LINE('',#7403,#7404);
#6031=LINE('',#7405,#7406);
#6032=LINE('',#7407,#7408);
#6033=LINE('',#7409,#7410);
#6034=LINE('',#7411,#7412);
#6035=LINE('',#7413,#7414);
#6036=LINE('',#7415,#7416);
#6037=LINE('',#7417,#7418);
#6038=LINE('',#7419,#7420);
#6039=LINE('',#7421,#7422);
#6040=LINE('',#7423,#7424);
#6041=LINE('',#7425,#7426);
#6042=LINE('',#7427,#7428);
#6043=LINE('',#7429,#7430);
#6044=LINE('',#7431,#7432);
#6045=LINE('',#7433,#7434);
#6046=LINE('',#7435,#7436);
#6047=LINE('',#7437,#7438);
#6048=LINE('',#7439,#7440);
#6049=LINE('',#7441,#7442);
#6050=LINE('',#7443,#7444);
#6051=LINE('',#7445,#7446);
#6052=LINE('',#7447,#7448);
#6053=LINE('',#7449,#7450);
#6054=LINE('',#7451,#7452);
#6055=LINE('',#7453,#7454);
#6056=LINE('',#7455,#7456);
#6057=CIRCLE('',#7457,0.945);
#6058=LINE('',#7458,#7459);
#6059=CIRCLE('',#7460,0.945);
#6060=CIRCLE('',#7461,1.175);
#6061=CIRCLE('',#7462,1.175);
#6062=CIRCLE('',#7463,1.175);
#6063=CIRCLE('',#7464,1.175);
#6064=CIRCLE('',#7465,1.075);
#6065=CIRCLE('',#7466,1.025);
#6066=CIRCLE('',#7467,1.015);
#6067=CIRCLE('',#7468,0.775);
#6068=CIRCLE('',#7469,0.775);
#6069=VERTEX_POINT('',#7470);
#6070=LINE('',#7471,#7472);
#6071=LINE('',#7473,#7474);
#6072=LINE('',#7475,#7476);
#6073=VERTEX_POINT('',#7477);
#6074=LINE('',#7478,#7479);
#6075=LINE('',#7480,#7481);
#6076=LINE('',#7482,#7483);
#6077=LINE('',#7484,#7485);
#6078=VERTEX_POINT('',#7486);
#6079=LINE('',#7487,#7488);
#6080=LINE('',#7489,#7490);
#6081=LINE('',#7491,#7492);
#6082=VERTEX_POINT('',#7493);
#6083=LINE('',#7494,#7495);
#6084=LINE('',#7496,#7497);
#6085=LINE('',#7498,#7499);
#6086=VERTEX_POINT('',#7500);
#6087=LINE('',#7501,#7502);
#6088=LINE('',#7503,#7504);
#6089=LINE('',#7505,#7506);
#6090=VERTEX_POINT('',#7507);
#6091=LINE('',#7508,#7509);
#6092=LINE('',#7510,#7511);
#6093=LINE('',#7512,#7513);
#6094=VERTEX_POINT('',#7514);
#6095=LINE('',#7515,#7516);
#6096=LINE('',#7517,#7518);
#6097=LINE('',#7519,#7520);
#6098=VERTEX_POINT('',#7521);
#6099=LINE('',#7522,#7523);
#6100=LINE('',#7524,#7525);
#6101=LINE('',#7526,#7527);
#6102=VERTEX_POINT('',#7528);
#6103=LINE('',#7529,#7530);
#6104=LINE('',#7531,#7532);
#6105=LINE('',#7533,#7534);
#6106=VERTEX_POINT('',#7535);
#6107=LINE('',#7536,#7537);
#6108=LINE('',#7538,#7539);
#6109=LINE('',#7540,#7541);
#6110=VERTEX_POINT('',#7542);
#6111=LINE('',#7543,#7544);
#6112=LINE('',#7545,#7546);
#6113=LINE('',#7547,#7548);
#6114=VERTEX_POINT('',#7549);
#6115=LINE('',#7550,#7551);
#6116=LINE('',#7552,#7553);
#6117=LINE('',#7554,#7555);
#6118=VERTEX_POINT('',#7556);
#6119=LINE('',#7557,#7558);
#6120=LINE('',#7559,#7560);
#6121=LINE('',#7561,#7562);
#6122=VERTEX_POINT('',#7563);
#6123=LINE('',#7564,#7565);
#6124=LINE('',#7566,#7567);
#6125=LINE('',#7568,#7569);
#6126=VERTEX_POINT('',#7570);
#6127=LINE('',#7571,#7572);
#6128=LINE('',#7573,#7574);
#6129=LINE('',#7575,#7576);
#6130=VERTEX_POINT('',#7577);
#6131=LINE('',#7578,#7579);
#6132=LINE('',#7580,#7581);
#6133=LINE('',#7582,#7583);
#6134=VERTEX_POINT('',#7584);
#6135=LINE('',#7585,#7586);
#6136=LINE('',#7587,#7588);
#6137=LINE('',#7589,#7590);
#6138=VERTEX_POINT('',#7591);
#6139=LINE('',#7592,#7593);
#6140=LINE('',#7594,#7595);
#6141=LINE('',#7596,#7597);
#6142=VERTEX_POINT('',#7598);
#6143=LINE('',#7599,#7600);
#6144=LINE('',#7601,#7602);
#6145=LINE('',#7603,#7604);
#6146=VERTEX_POINT('',#7605);
#6147=LINE('',#7606,#7607);
#6148=LINE('',#7608,#7609);
#6149=LINE('',#7610,#7611);
#6150=VERTEX_POINT('',#7612);
#6151=LINE('',#7613,#7614);
#6152=LINE('',#7615,#7616);
#6153=LINE('',#7617,#7618);
#6154=VERTEX_POINT('',#7619);
#6155=LINE('',#7620,#7621);
#6156=LINE('',#7622,#7623);
#6157=LINE('',#7624,#7625);
#6158=VERTEX_POINT('',#7626);
#6159=LINE('',#7627,#7628);
#6160=LINE('',#7629,#7630);
#6161=LINE('',#7631,#7632);
#6162=VERTEX_POINT('',#7633);
#6163=LINE('',#7634,#7635);
#6164=LINE('',#7636,#7637);
#6165=LINE('',#7638,#7639);
#6166=VERTEX_POINT('',#7640);
#6167=LINE('',#7641,#7642);
#6168=LINE('',#7643,#7644);
#6169=LINE('',#7645,#7646);
#6170=VERTEX_POINT('',#7647);
#6171=LINE('',#7648,#7649);
#6172=LINE('',#7650,#7651);
#6173=LINE('',#7652,#7653);
#6174=VERTEX_POINT('',#7654);
#6175=LINE('',#7655,#7656);
#6176=LINE('',#7657,#7658);
#6177=LINE('',#7659,#7660);
#6178=VERTEX_POINT('',#7661);
#6179=LINE('',#7662,#7663);
#6180=LINE('',#7664,#7665);
#6181=LINE('',#7666,#7667);
#6182=VERTEX_POINT('',#7668);
#6183=LINE('',#7669,#7670);
#6184=LINE('',#7671,#7672);
#6185=LINE('',#7673,#7674);
#6186=VERTEX_POINT('',#7675);
#6187=LINE('',#7676,#7677);
#6188=LINE('',#7678,#7679);
#6189=LINE('',#7680,#7681);
#6190=VERTEX_POINT('',#7682);
#6191=LINE('',#7683,#7684);
#6192=LINE('',#7685,#7686);
#6193=LINE('',#7687,#7688);
#6194=VERTEX_POINT('',#7689);
#6195=LINE('',#7690,#7691);
#6196=LINE('',#7692,#7693);
#6197=LINE('',#7694,#7695);
#6198=VERTEX_POINT('',#7696);
#6199=LINE('',#7697,#7698);
#6200=LINE('',#7699,#7700);
#6201=LINE('',#7701,#7702);
#6202=VERTEX_POINT('',#7703);
#6203=LINE('',#7704,#7705);
#6204=LINE('',#7706,#7707);
#6205=LINE('',#7708,#7709);
#6206=VERTEX_POINT('',#7710);
#6207=LINE('',#7711,#7712);
#6208=LINE('',#7713,#7714);
#6209=LINE('',#7715,#7716);
#6210=VERTEX_POINT('',#7717);
#6211=LINE('',#7718,#7719);
#6212=LINE('',#7720,#7721);
#6213=LINE('',#7722,#7723);
#6214=VERTEX_POINT('',#7724);
#6215=LINE('',#7725,#7726);
#6216=LINE('',#7727,#7728);
#6217=LINE('',#7729,#7730);
#6218=VERTEX_POINT('',#7731);
#6219=LINE('',#7732,#7733);
#6220=LINE('',#7734,#7735);
#6221=LINE('',#7736,#7737);
#6222=VERTEX_POINT('',#7738);
#6223=LINE('',#7739,#7740);
#6224=LINE('',#7741,#7742);
#6225=LINE('',#7743,#7744);
#6226=VERTEX_POINT('',#7745);
#6227=VERTEX_POINT('',#7746);
#6228=LINE('',#7747,#7748);
#6229=VERTEX_POINT('',#7749);
#6230=CIRCLE('',#7750,0.697);
#6231=VERTEX_POINT('',#7751);
#6232=(B_SPLINE_CURVE(2,(#7753,#7754,#7755),.UNSPECIFIED.,.F.,.F.)B_SPLINE_CURVE_WITH_KNOTS((3,3),(0.00405089607007348,0.00553306620911262),.UNSPECIFIED.)RATIONAL_B_SPLINE_CURVE((1.79965411245165,1.94475608124814,2.08898757104457))BOUNDED_CURVE()REPRESENTATION_ITEM('')GEOMETRIC_REPRESENTATION_ITEM()CURVE());
#6233=CIRCLE('',#7762,0.597);
#6234=VERTEX_POINT('',#7763);
#6235=LINE('',#7764,#7765);
#6236=VERTEX_POINT('',#7766);
#6237=LINE('',#7767,#7768);
#6238=VERTEX_POINT('',#7769);
#6239=CIRCLE('',#7770,0.597);
#6240=VERTEX_POINT('',#7771);
#6241=B_SPLINE_CURVE_WITH_KNOTS('',3,(#7772,#7773,#7774,#7775,#7776,#7777,#7778,#7779,#7780,#7781),.UNSPECIFIED.,.F.,.F.,(4,2,2,2,4),(-0.0575495234714593,-0.0431487393165268,-0.0287747303670416,-0.0144007254831416,-1.00060052153322E-06),.UNSPECIFIED.);
#6242=VERTEX_POINT('',#7782);
#6243=CIRCLE('',#7783,0.597);
#6244=VERTEX_POINT('',#7784);
#6245=B_SPLINE_CURVE_WITH_KNOTS('',3,(#7785,#7786,#7787,#7788,#7789,#7790,#7791,#7792,#7793,#7794),.UNSPECIFIED.,.F.,.F.,(4,2,2,2,4),(9.99704139437281E-07,0.0144014079562019,0.0287750606969506,0.0431487135250026,0.0575491216897618),.UNSPECIFIED.);
#6246=CIRCLE('',#7795,0.597);
#6247=VERTEX_POINT('',#7796);
#6248=VERTEX_POINT('',#7797);
#6249=LINE('',#7798,#7799);
#6250=VERTEX_POINT('',#7800);
#6251=CIRCLE('',#7801,0.775);
#6252=VERTEX_POINT('',#7802);
#6253=B_SPLINE_CURVE_WITH_KNOTS('',3,(#7803,#7804,#7805,#7806,#7807,#7808,#7809,#7810,#7811,#7812),.UNSPECIFIED.,.F.,.F.,(4,2,2,2,4),(1.00058955580369E-06,0.0187011800096247,0.0373800044522228,0.056059125511479,0.0747583634215137),.UNSPECIFIED.);
#6254=VERTEX_POINT('',#7813);
#6255=CIRCLE('',#7814,0.775);
#6256=VERTEX_POINT('',#7815);
#6257=B_SPLINE_CURVE_WITH_KNOTS('',3,(#7816,#7817,#7818,#7819,#7820,#7821,#7822,#7823,#7824,#7825),.UNSPECIFIED.,.F.,.F.,(4,2,2,2,4),(-0.0747581998678213,-0.056058179593587,-0.0373794508927853,-0.0187009057794508,-1.00055488315135E-06),.UNSPECIFIED.);
#6258=VERTEX_POINT('',#7826);
#6259=CIRCLE('',#7827,0.775);
#6260=VERTEX_POINT('',#7828);
#6261=LINE('',#7829,#7830);
#6262=CIRCLE('',#7831,0.775);
#6263=VERTEX_POINT('',#7832);
#6264=VERTEX_POINT('',#7833);
#6265=LINE('',#7834,#7835);
#6266=VERTEX_POINT('',#7836);
#6267=CIRCLE('',#7837,0.775);
#6268=VERTEX_POINT('',#7838);
#6269=LINE('',#7839,#7840);
#6270=CIRCLE('',#7841,0.597);
#6271=VERTEX_POINT('',#7842);
#6272=VERTEX_POINT('',#7843);
#6273=LINE('',#7844,#7845);
#6274=VERTEX_POINT('',#7846);
#6275=CIRCLE('',#7847,0.775);
#6276=VERTEX_POINT('',#7848);
#6277=LINE('',#7849,#7850);
#6278=CIRCLE('',#7851,0.597);
#6279=LINE('',#7852,#7853);
#6280=LINE('',#7854,#7855);
#6281=LINE('',#7856,#7857);
#6282=LINE('',#7858,#7859);
#6283=LINE('',#7860,#7861);
#6284=VERTEX_POINT('',#7862);
#6285=CIRCLE('',#7863,0.775);
#6286=VERTEX_POINT('',#7864);
#6287=LINE('',#7865,#7866);
#6288=CIRCLE('',#7867,0.597);
#6289=VERTEX_POINT('',#7868);
#6290=VERTEX_POINT('',#7869);
#6291=B_SPLINE_CURVE_WITH_KNOTS('',3,(#7870,#7871,#7872,#7873,#7874,#7875),.UNSPECIFIED.,.F.,.F.,(4,1,1,4),(0.0,0.3333333333333,0.6666666666667,1.0),.UNSPECIFIED.);
#6292=LINE('',#7876,#7877);
#6293=LINE('',#7878,#7879);
#6294=VERTEX_POINT('',#7880);
#6295=VERTEX_POINT('',#7881);
#6296=LINE('',#7882,#7883);
#6297=B_SPLINE_CURVE_WITH_KNOTS('',3,(#7884,#7885,#7886,#7887,#7888,#7889,#7890,#7891,#7892,#7893,#7894,#7895,#7896,#7897,#7898,#7899,#7900,#7901,#7902,#7903,#7904,#7905,#7906,#7907,#7908),.UNSPECIFIED.,.F.,.F.,(4,3,3,3,3,3,3,3,4),(2.03837906850222E-13,0.2,0.328003796154107,0.4,0.536177808374136,0.6,0.726356692640031,0.8,1.0),.UNSPECIFIED.);
#6298=B_SPLINE_CURVE_WITH_KNOTS('',3,(#7909,#7910,#7911,#7912,#7913,#7914,#7915,#7916,#7917,#7918,#7919,#7920,#7921,#7922,#7923,#7924,#7925,#7926,#7927,#7928,#7929,#7930,#7931,#7932,#7933),.UNSPECIFIED.,.F.,.F.,(4,3,3,3,3,3,3,3,4),(1.47026078717586E-22,0.2,0.323193256567239,0.4,0.532954359173143,0.6,0.725189646983549,0.8,0.999999999999966),.UNSPECIFIED.);
#6299=VERTEX_POINT('',#7934);
#6300=VERTEX_POINT('',#7935);
#6301=LINE('',#7936,#7937);
#6302=LINE('',#7938,#7939);
#6303=LINE('',#7940,#7941);
#6304=VERTEX_POINT('',#7942);
#6305=B_SPLINE_CURVE_WITH_KNOTS('',3,(#7943,#7944,#7945,#7946,#7947,#7948,#7949,#7950,#7951,#7952,#7953,#7954,#7955,#7956,#7957,#7958,#7959,#7960,#7961,#7962,#7963,#7964,#7965,#7966,#7967),.UNSPECIFIED.,.F.,.F.,(4,3,3,3,3,3,3,3,4),(3.34614133168955E-13,0.2,0.325212931873512,0.4,0.533002791561803,0.6,0.723196598880444,0.8,0.9999999959717),.UNSPECIFIED.);
#6306=VERTEX_POINT('',#7968);
#6307=B_SPLINE_CURVE_WITH_KNOTS('',3,(#7969,#7970,#7971,#7972,#7973),.UNSPECIFIED.,.F.,.F.,(4,1,4),(0.0,0.500000000004649,1.0000000000124),.UNSPECIFIED.);
#6308=B_SPLINE_CURVE_WITH_KNOTS('',3,(#7974,#7975,#7976,#7977,#7978,#7979,#7980,#7981,#7982,#7983,#7984,#7985,#7986,#7987,#7988,#7989,#7990,#7991,#7992,#7993,#7994,#7995,#7996,#7997,#7998),.UNSPECIFIED.,.F.,.F.,(4,3,3,3,3,3,3,3,4),(1.97357095499568E-10,0.2,0.326357712290291,0.4,0.536180113783481,0.6,0.728003738851968,0.8,1.00000000000277),.UNSPECIFIED.);
#6309=LINE('',#7999,#8000);
#6310=B_SPLINE_CURVE_WITH_KNOTS('',3,(#8001,#8002,#8003,#8004,#8005,#8006,#8007,#8008,#8009,#8010),.UNSPECIFIED.,.F.,.F.,(4,2,2,2,4),(9.99232732586308E-07,0.018701756760729,0.0373801202665675,0.056058642721011,0.0747578525697462),.UNSPECIFIED.);
#6311=VERTEX_POINT('',#8011);
#6312=CIRCLE('',#8012,0.775);
#6313=LINE('',#8013,#8014);
#6314=B_SPLINE_CURVE_WITH_KNOTS('',3,(#8015,#8016,#8017,#8018,#8019,#8020,#8021,#8022,#8023,#8024),.UNSPECIFIED.,.F.,.F.,(4,2,2,2,4),(-0.0747579821921791,-0.0560582524912139,-0.0373797619988193,-0.0187015673488788,-9.99788630966955E-07),.UNSPECIFIED.);
#6315=VERTEX_POINT('',#8025);
#6316=VERTEX_POINT('',#8026);
#6317=B_SPLINE_CURVE_WITH_KNOTS('',3,(#8027,#8028,#8029,#8030,#8031,#8032,#8033,#8034,#8035,#8036,#8037,#8038,#8039,#8040,#8041,#8042,#8043,#8044,#8045,#8046,#8047,#8048,#8049,#8050,#8051),.UNSPECIFIED.,.F.,.F.,(4,3,3,3,3,3,3,3,4),(2.03837906850222E-13,0.2,0.328003796154107,0.4,0.536177808374136,0.6,0.726356692640031,0.8,1.0),.UNSPECIFIED.);
#6318=VERTEX_POINT('',#8052);
#6319=LINE('',#8053,#8054);
#6320=VERTEX_POINT('',#8055);
#6321=B_SPLINE_CURVE_WITH_KNOTS('',3,(#8056,#8057,#8058,#8059,#8060,#8061,#8062,#8063,#8064,#8065,#8066,#8067,#8068,#8069,#8070,#8071,#8072,#8073,#8074,#8075,#8076,#8077,#8078,#8079,#8080),.UNSPECIFIED.,.F.,.F.,(4,3,3,3,3,3,3,3,4),(1.97357095499566E-10,0.2,0.326357712290291,0.4,0.536180113783481,0.6,0.728003738851968,0.8,1.0000000000016),.UNSPECIFIED.);
#6322=LINE('',#8081,#8082);
#6323=LINE('',#8083,#8084);
#6324=VERTEX_POINT('',#8085);
#6325=LINE('',#8086,#8087);
#6326=VERTEX_POINT('',#8088);
#6327=B_SPLINE_CURVE_WITH_KNOTS('',3,(#8089,#8090,#8091,#8092,#8093,#8094),.UNSPECIFIED.,.F.,.F.,(4,1,1,4),(0.0,0.3333333333333,0.6666666666667,1.0),.UNSPECIFIED.);
#6328=B_SPLINE_CURVE_WITH_KNOTS('',3,(#8095,#8096,#8097,#8098,#8099,#8100,#8101,#8102,#8103,#8104,#8105,#8106,#8107,#8108,#8109,#8110,#8111,#8112,#8113,#8114,#8115,#8116,#8117,#8118,#8119),.UNSPECIFIED.,.F.,.F.,(4,3,3,3,3,3,3,3,4),(1.47026078717586E-22,0.2,0.323193256567239,0.4,0.532954359173143,0.6,0.725189646983549,0.8,0.999999999999966),.UNSPECIFIED.);
#6329=VERTEX_POINT('',#8120);
#6330=LINE('',#8121,#8122);
#6331=LINE('',#8123,#8124);
#6332=VERTEX_POINT('',#8125);
#6333=B_SPLINE_CURVE_WITH_KNOTS('',3,(#8126,#8127,#8128,#8129,#8130,#8131,#8132,#8133,#8134,#8135,#8136,#8137,#8138,#8139,#8140,#8141,#8142,#8143,#8144,#8145,#8146,#8147,#8148,#8149,#8150),.UNSPECIFIED.,.F.,.F.,(4,3,3,3,3,3,3,3,4),(3.27858810894071E-13,0.2,0.325212931873512,0.4,0.533002791561803,0.6,0.723196598880444,0.8,0.9999999959717),.UNSPECIFIED.);
#6334=B_SPLINE_CURVE_WITH_KNOTS('',3,(#8151,#8152,#8153,#8154,#8155),.UNSPECIFIED.,.F.,.F.,(4,1,4),(0.0,0.500000000004553,1.00000000001214),.UNSPECIFIED.);
#6335=LINE('',#8156,#8157);
#6336=LINE('',#8158,#8159);
#6337=B_SPLINE_CURVE_WITH_KNOTS('',3,(#8160,#8161,#8162,#8163,#8164,#8165,#8166,#8167,#8168,#8169),.UNSPECIFIED.,.F.,.F.,(4,2,2,2,4),(-0.0575487024200445,-0.0431483885669176,-0.0287748523074745,-0.0144013158607018,-9.99302561293378E-07),.UNSPECIFIED.);
#6338=B_SPLINE_CURVE_WITH_KNOTS('',3,(#8170,#8171,#8172,#8173,#8174,#8175,#8176,#8177,#8178,#8179),.UNSPECIFIED.,.F.,.F.,(4,2,2,2,4),(1.00070313859774E-06,0.0144010587086106,0.028775401394278,0.0431497444735028,0.0575498082631953),.UNSPECIFIED.);
#6339=VERTEX_POINT('',#8180);
#6340=LINE('',#8181,#8182);
#6341=CIRCLE('',#8183,0.597);
#6342=VERTEX_POINT('',#8184);
#6343=VERTEX_POINT('',#8185);
#6344=B_SPLINE_CURVE_WITH_KNOTS('',3,(#8186,#8187,#8188,#8189,#8190,#8191,#8192,#8193,#8194,#8195,#8196,#8197,#8198,#8199,#8200,#8201,#8202,#8203,#8204,#8205,#8206,#8207,#8208,#8209,#8210),.UNSPECIFIED.,.F.,.F.,(4,3,3,3,3,3,3,3,4),(4.23115282859692E-09,0.2,0.323197300485448,0.4,0.533005210258443,0.6,0.725214048384523,0.8,0.999999999975982),.UNSPECIFIED.);
#6345=LINE('',#8211,#8212);
#6346=VERTEX_POINT('',#8213);
#6347=LINE('',#8214,#8215);
#6348=VERTEX_POINT('',#8216);
#6349=B_SPLINE_CURVE_WITH_KNOTS('',3,(#8217,#8218,#8219,#8220,#8221,#8222,#8223,#8224,#8225,#8226,#8227,#8228,#8229,#8230,#8231,#8232,#8233,#8234,#8235,#8236,#8237,#8238,#8239,#8240,#8241),.UNSPECIFIED.,.F.,.F.,(4,3,3,3,3,3,3,3,4),(3.35225426159942E-14,0.2,0.325189646983586,0.4,0.532954359173357,0.6,0.723193256567135,0.8,1.0),.UNSPECIFIED.);
#6350=LINE('',#8242,#8243);
#6351=VERTEX_POINT('',#8244);
#6352=LINE('',#8245,#8246);
#6353=VERTEX_POINT('',#8247);
#6354=B_SPLINE_CURVE_WITH_KNOTS('',3,(#8248,#8249,#8250,#8251,#8252,#8253,#8254,#8255,#8256,#8257,#8258,#8259,#8260,#8261,#8262,#8263,#8264,#8265,#8266,#8267,#8268,#8269,#8270,#8271,#8272),.UNSPECIFIED.,.F.,.F.,(4,3,3,3,3,3,3,3,4),(2.49455718721033E-12,0.2,0.328004276933592,0.4,0.536181427500684,0.6,0.726358234264152,0.8,0.999999999614632),.UNSPECIFIED.);
#6355=B_SPLINE_CURVE_WITH_KNOTS('',3,(#8273,#8274,#8275,#8276,#8277),.UNSPECIFIED.,.F.,.F.,(4,1,4),(1.81218042764715E-11,0.500000000006796,1.0),.UNSPECIFIED.);
#6356=VERTEX_POINT('',#8278);
#6357=LINE('',#8279,#8280);
#6358=LINE('',#8281,#8282);
#6359=VERTEX_POINT('',#8283);
#6360=B_SPLINE_CURVE_WITH_KNOTS('',3,(#8284,#8285,#8286,#8287,#8288,#8289,#8290,#8291,#8292,#8293,#8294,#8295,#8296,#8297,#8298,#8299,#8300,#8301,#8302,#8303,#8304,#8305,#8306,#8307,#8308),.UNSPECIFIED.,.F.,.F.,(4,3,3,3,3,3,3,3,4),(1.04113330771102E-21,0.2,0.326356692641002,0.4,0.536177808373611,0.6,0.728003796151661,0.8,1.00000000000009),.UNSPECIFIED.);
#6361=LINE('',#8309,#8310);
#6362=LINE('',#8311,#8312);
#6363=B_SPLINE_CURVE_WITH_KNOTS('',3,(#8313,#8314,#8315,#8316,#8317,#8318),.UNSPECIFIED.,.F.,.F.,(4,1,1,4),(0.0,0.3333333333333,0.6666666666667,1.0),.UNSPECIFIED.);
#6364=LINE('',#8319,#8320);
#6365=VERTEX_POINT('',#8321);
#6366=CIRCLE('',#8322,0.697);
#6367=LINE('',#8323,#8324);
#6368=(B_SPLINE_CURVE(2,(#8326,#8327,#8328),.UNSPECIFIED.,.F.,.F.)B_SPLINE_CURVE_WITH_KNOTS((3,3),(-0.498182989443681,-0.496700819304638),.UNSPECIFIED.)RATIONAL_B_SPLINE_CURVE((1.79965411245144,1.94475608124801,2.08898757104453))BOUNDED_CURVE()REPRESENTATION_ITEM('')GEOMETRIC_REPRESENTATION_ITEM()CURVE());
#6369=LINE('',#8335,#8336);
#6370=VERTEX_POINT('',#8337);
#6371=VERTEX_POINT('',#8338);
#6372=B_SPLINE_CURVE_WITH_KNOTS('',3,(#8339,#8340,#8341,#8342,#8343,#8344,#8345,#8346,#8347,#8348,#8349,#8350,#8351,#8352,#8353,#8354,#8355,#8356,#8357,#8358,#8359,#8360,#8361,#8362,#8363),.UNSPECIFIED.,.F.,.F.,(4,3,3,3,3,3,3,3,4),(4.23115282859692E-09,0.2,0.323197300485448,0.4,0.533005210258443,0.6,0.725214048384523,0.8,0.999999999975768),.UNSPECIFIED.);
#6373=LINE('',#8364,#8365);
#6374=VERTEX_POINT('',#8366);
#6375=LINE('',#8367,#8368);
#6376=VERTEX_POINT('',#8369);
#6377=B_SPLINE_CURVE_WITH_KNOTS('',3,(#8370,#8371,#8372,#8373,#8374,#8375,#8376,#8377,#8378,#8379,#8380,#8381,#8382,#8383,#8384,#8385,#8386,#8387,#8388,#8389,#8390,#8391,#8392,#8393,#8394),.UNSPECIFIED.,.F.,.F.,(4,3,3,3,3,3,3,3,4),(3.35225426159942E-14,0.2,0.325189646983586,0.4,0.532954359173357,0.6,0.723193256567135,0.8,1.0),.UNSPECIFIED.);
#6378=LINE('',#8395,#8396);
#6379=VERTEX_POINT('',#8397);
#6380=LINE('',#8398,#8399);
#6381=VERTEX_POINT('',#8400);
#6382=B_SPLINE_CURVE_WITH_KNOTS('',3,(#8401,#8402,#8403,#8404,#8405,#8406,#8407,#8408,#8409,#8410,#8411,#8412,#8413,#8414,#8415,#8416,#8417,#8418,#8419,#8420,#8421,#8422,#8423,#8424,#8425),.UNSPECIFIED.,.F.,.F.,(4,3,3,3,3,3,3,3,4),(2.98896229149443E-12,0.2,0.328004276933592,0.4,0.536181427500684,0.6,0.726358234264152,0.8,0.999999999614632),.UNSPECIFIED.);
#6383=B_SPLINE_CURVE_WITH_KNOTS('',3,(#8426,#8427,#8428,#8429,#8430),.UNSPECIFIED.,.F.,.F.,(4,1,4),(1.7785955938477E-11,0.50000000000667,1.0),.UNSPECIFIED.);
#6384=VERTEX_POINT('',#8431);
#6385=LINE('',#8432,#8433);
#6386=LINE('',#8434,#8435);
#6387=VERTEX_POINT('',#8436);
#6388=B_SPLINE_CURVE_WITH_KNOTS('',3,(#8437,#8438,#8439,#8440,#8441,#8442,#8443,#8444,#8445,#8446,#8447,#8448,#8449,#8450,#8451,#8452,#8453,#8454,#8455,#8456,#8457,#8458,#8459,#8460,#8461),.UNSPECIFIED.,.F.,.F.,(4,3,3,3,3,3,3,3,4),(1.04113330771102E-21,0.2,0.326356692641002,0.4,0.536177808373611,0.6,0.728003796151661,0.8,1.00000000000009),.UNSPECIFIED.);
#6389=LINE('',#8462,#8463);
#6390=LINE('',#8464,#8465);
#6391=B_SPLINE_CURVE_WITH_KNOTS('',3,(#8466,#8467,#8468,#8469,#8470,#8471),.UNSPECIFIED.,.F.,.F.,(4,1,1,4),(0.0,0.3333333333333,0.6666666666667,1.0),.UNSPECIFIED.);
#6392=CARTESIAN_POINT('',(4.9,0.775,-9.49069924212342E-17));
#6393=CARTESIAN_POINT('',(5.347446458622,0.0,0.0));
#6394=CARTESIAN_POINT('',(5.119248764725,0.39525,-4.84025661348295E-17));
#6395=VECTOR('',#8472,1.0);
#6396=CARTESIAN_POINT('',(4.9,-0.775,0.0));
#6397=AXIS2_PLACEMENT_3D('',#8473,#8474,#8475);
#6398=CARTESIAN_POINT('',(5.119248764725,-0.39525,4.84041647362991E-17));
#6399=VECTOR('',#8476,0.39525);
#6400=CARTESIAN_POINT('',(0.4156921938165,0.775,-9.49069924212342E-17));
#6401=CARTESIAN_POINT('',(2.65784609690825,0.775,-9.49069924212342E-17));
#6402=VECTOR('',#8477,1.0);
#6403=CARTESIAN_POINT('',(0.415692193816516,-0.775000000000028,9.49101269339233E-17));
#6404=AXIS2_PLACEMENT_3D('',#8478,#8479,#8480);
#6405=CARTESIAN_POINT('',(5.614818781553,-0.775,9.49101269339199E-17));
#6406=VECTOR('',#8481,0.775);
#6407=CARTESIAN_POINT('',(0.0,1.015,-1.24297544912971E-16));
#6408=CARTESIAN_POINT('',(0.2078460969083,0.895,-1.09602268667103E-16));
#6409=VECTOR('',#8482,1.0);
#6410=CARTESIAN_POINT('',(8.70831184940357E-15,-1.01500000000002,1.24301650113458E-16));
#6411=AXIS2_PLACEMENT_3D('',#8483,#8484,#8485);
#6412=CARTESIAN_POINT('',(0.2078460969083,-0.895,1.09605888523688E-16));
#6413=VECTOR('',#8486,0.895);
#6414=CARTESIAN_POINT('',(0.0,-1.025,-1.25522151266794E-16));
#6415=CARTESIAN_POINT('',(0.15,-1.175,-1.43891246574129E-16));
#6416=CARTESIAN_POINT('',(0.075,-1.1,-1.34706698920462E-16));
#6417=VECTOR('',#8487,1.0);
#6418=CARTESIAN_POINT('',(0.0,1.025,0.0));
#6419=AXIS2_PLACEMENT_3D('',#8488,#8489,#8490);
#6420=CARTESIAN_POINT('',(0.15,1.175,0.0));
#6421=CARTESIAN_POINT('',(0.075,1.1,1.34711147906209E-16));
#6422=VECTOR('',#8491,1.1);
#6423=AXIS2_PLACEMENT_3D('',#8492,#8493,#8494);
#6424=CARTESIAN_POINT('',(0.5,1.075,0.0));
#6425=CARTESIAN_POINT('',(0.4167895155389,1.175,0.0));
#6426=CARTESIAN_POINT('',(0.4583947577694,1.125,-1.37768214805017E-16));
#6427=VECTOR('',#8495,1.0);
#6428=CARTESIAN_POINT('',(0.499999999999984,-1.07499999999999,1.31649530908339E-16));
#6429=AXIS2_PLACEMENT_3D('',#8496,#8497,#8498);
#6430=CARTESIAN_POINT('',(0.416789515538857,-1.17499999999996,1.4389599889981E-16));
#6431=CARTESIAN_POINT('',(0.4583947577694,-1.125,1.37772764904077E-16));
#6432=VECTOR('',#8499,1.125);
#6433=AXIS2_PLACEMENT_3D('',#8500,#8501,#8502);
#6434=CARTESIAN_POINT('',(0.6201771635481,-1.175,-1.43891246574129E-16));
#6435=CARTESIAN_POINT('',(0.560088581774,-1.125,-1.37768214805017E-16));
#6436=VECTOR('',#8503,1.0);
#6437=CARTESIAN_POINT('',(0.6201771635481,1.175,1.43895998899814E-16));
#6438=CARTESIAN_POINT('',(0.560088581774,1.125,1.37772764904077E-16));
#6439=VECTOR('',#8504,1.125);
#6440=AXIS2_PLACEMENT_3D('',#8505,#8506,#8507);
#6441=CARTESIAN_POINT('',(0.28339475776945,-1.175,-1.43891246574129E-16));
#6442=VECTOR('',#8508,1.0);
#6443=CARTESIAN_POINT('',(-0.285,1.175,1.43895998899814E-16));
#6444=VECTOR('',#8509,1.175);
#6445=CARTESIAN_POINT('',(0.9,-1.175,-1.43891246574129E-16));
#6446=CARTESIAN_POINT('',(0.76008858177405,-1.175,-1.43891246574129E-16));
#6447=VECTOR('',#8510,1.0);
#6448=CARTESIAN_POINT('',(0.9,1.175,1.43895998899814E-16));
#6449=CARTESIAN_POINT('',(-0.285,1.175,1.43895998899814E-16));
#6450=VECTOR('',#8511,1.175);
#6451=AXIS2_PLACEMENT_3D('',#8512,#8513,#8514);
#6452=CARTESIAN_POINT('',(0.9,-0.945,-1.15725300436215E-16));
#6453=CARTESIAN_POINT('',(1.4,-0.945,-1.15725300436215E-16));
#6454=CARTESIAN_POINT('',(1.15,-0.945,-1.15725300436215E-16));
#6455=VECTOR('',#8515,1.0);
#6456=CARTESIAN_POINT('',(0.9,0.945,1.15729122519425E-16));
#6457=AXIS2_PLACEMENT_3D('',#8516,#8517,#8518);
#6458=CARTESIAN_POINT('',(1.4,0.945,1.15729122519425E-16));
#6459=CARTESIAN_POINT('',(-0.285,0.945,1.15729122519425E-16));
#6460=VECTOR('',#8519,0.945);
#6461=CARTESIAN_POINT('',(1.4,0.9420868803778,-0.07414384546281));
#6462=AXIS2_PLACEMENT_3D('',#8520,#8521,#8522);
#6463=CARTESIAN_POINT('',(1.4,0.9188895747758,-0.2206058688438));
#6464=AXIS2_PLACEMENT_3D('',#8523,#8524,#8525);
#6465=CARTESIAN_POINT('',(1.4,0.8730661582232,-0.361635843585));
#6466=AXIS2_PLACEMENT_3D('',#8526,#8527,#8528);
#6467=CARTESIAN_POINT('',(1.4,0.8057449553146,-0.4937611436566));
#6468=AXIS2_PLACEMENT_3D('',#8529,#8530,#8531);
#6469=CARTESIAN_POINT('',(1.4,0.718583637492,-0.613728405672));
#6470=AXIS2_PLACEMENT_3D('',#8532,#8533,#8534);
#6471=CARTESIAN_POINT('',(1.4,0.613728405672,-0.718583637492));
#6472=AXIS2_PLACEMENT_3D('',#8535,#8536,#8537);
#6473=CARTESIAN_POINT('',(1.4,0.4937611436566,-0.8057449553146));
#6474=AXIS2_PLACEMENT_3D('',#8538,#8539,#8540);
#6475=CARTESIAN_POINT('',(1.4,0.361635843585,-0.8730661582232));
#6476=AXIS2_PLACEMENT_3D('',#8541,#8542,#8543);
#6477=CARTESIAN_POINT('',(1.4,0.2206058688438,-0.9188895747758));
#6478=AXIS2_PLACEMENT_3D('',#8544,#8545,#8546);
#6479=CARTESIAN_POINT('',(1.4,0.07414384546281,-0.9420868803778));
#6480=AXIS2_PLACEMENT_3D('',#8547,#8548,#8549);
#6481=CARTESIAN_POINT('',(1.4,-0.07414384546281,-0.9420868803778));
#6482=AXIS2_PLACEMENT_3D('',#8550,#8551,#8552);
#6483=CARTESIAN_POINT('',(1.4,-0.2206058688438,-0.9188895747758));
#6484=AXIS2_PLACEMENT_3D('',#8553,#8554,#8555);
#6485=CARTESIAN_POINT('',(1.4,-0.361635843585,-0.8730661582232));
#6486=AXIS2_PLACEMENT_3D('',#8556,#8557,#8558);
#6487=CARTESIAN_POINT('',(1.4,-0.4937611436566,-0.8057449553146));
#6488=AXIS2_PLACEMENT_3D('',#8559,#8560,#8561);
#6489=CARTESIAN_POINT('',(1.4,-0.613728405672,-0.718583637492));
#6490=AXIS2_PLACEMENT_3D('',#8562,#8563,#8564);
#6491=CARTESIAN_POINT('',(1.4,-0.718583637492,-0.613728405672));
#6492=AXIS2_PLACEMENT_3D('',#8565,#8566,#8567);
#6493=CARTESIAN_POINT('',(1.4,-0.8057449553146,-0.4937611436566));
#6494=AXIS2_PLACEMENT_3D('',#8568,#8569,#8570);
#6495=CARTESIAN_POINT('',(1.4,-0.8730661582232,-0.361635843585));
#6496=AXIS2_PLACEMENT_3D('',#8571,#8572,#8573);
#6497=CARTESIAN_POINT('',(1.4,-0.9188895747758,-0.2206058688438));
#6498=AXIS2_PLACEMENT_3D('',#8574,#8575,#8576);
#6499=CARTESIAN_POINT('',(1.4,-0.9420868803778,-0.07414384546281));
#6500=AXIS2_PLACEMENT_3D('',#8577,#8578,#8579);
#6501=AXIS2_PLACEMENT_3D('',#8580,#8581,#8582);
#6502=CARTESIAN_POINT('',(1.4,1.015,-4.10520048473477E-21));
#6503=CARTESIAN_POINT('',(2.4,1.015,-4.10520048473477E-21));
#6504=CARTESIAN_POINT('',(1.9,1.015,-4.10520048473477E-21));
#6505=VECTOR('',#8583,1.0);
#6506=CARTESIAN_POINT('',(1.4,1.014929886308,0.01193004102676));
#6507=AXIS2_PLACEMENT_3D('',#8584,#8585,#8586);
#6508=CARTESIAN_POINT('',(2.4,1.014929886308,0.01193004102676));
#6509=CARTESIAN_POINT('',(1.4,1.014929886308,0.01193004102676));
#6510=VECTOR('',#8587,1.0);
#6511=AXIS2_PLACEMENT_3D('',#8588,#8589,#8590);
#6512=CARTESIAN_POINT('',(1.4,-1.015,-1.24297544912971E-16));
#6513=CARTESIAN_POINT('',(2.4,-1.015,-1.24297544912971E-16));
#6514=CARTESIAN_POINT('',(1.9,-1.015,-1.24297544912971E-16));
#6515=VECTOR('',#8591,1.0);
#6516=CARTESIAN_POINT('',(1.4,-1.014929886308,-0.01193004102676));
#6517=AXIS2_PLACEMENT_3D('',#8592,#8593,#8594);
#6518=CARTESIAN_POINT('',(2.4,-1.014929886308,-0.01193004102676));
#6519=CARTESIAN_POINT('',(1.4,-1.014929886308,-0.01193004102676));
#6520=VECTOR('',#8595,1.0);
#6521=AXIS2_PLACEMENT_3D('',#8596,#8597,#8598);
#6522=CARTESIAN_POINT('',(2.4,-0.95,-1.16337603613126E-16));
#6523=CARTESIAN_POINT('',(5.45,-0.95,0.0));
#6524=CARTESIAN_POINT('',(3.925,-0.95,-1.16337603613126E-16));
#6525=VECTOR('',#8599,1.0);
#6526=CARTESIAN_POINT('',(2.4,-0.9474496867245,-0.06956357614224));
#6527=AXIS2_PLACEMENT_3D('',#8600,#8601,#8602);
#6528=CARTESIAN_POINT('',(2.4,-0.9466671496984,-0.07950665180948));
#6529=AXIS2_PLACEMENT_3D('',#8603,#8604,#8605);
#6530=CARTESIAN_POINT('',(2.4,-0.9249028680582,-0.2169209179811));
#6531=AXIS2_PLACEMENT_3D('',#8606,#8607,#8608);
#6532=CARTESIAN_POINT('',(2.4,-0.9225745256386,-0.2266191621262));
#6533=AXIS2_PLACEMENT_3D('',#8609,#8610,#8611);
#6534=CARTESIAN_POINT('',(2.4,-0.8795818712037,-0.3589369469));
#6535=AXIS2_PLACEMENT_3D('',#8612,#8613,#8614);
#6536=CARTESIAN_POINT('',(2.4,-0.8757650549082,-0.3681515565655));
#6537=AXIS2_PLACEMENT_3D('',#8615,#8616,#8617);
#6538=CARTESIAN_POINT('',(2.4,-0.8126026495152,-0.4921147569427));
#6539=AXIS2_PLACEMENT_3D('',#8618,#8619,#8620);
#6540=CARTESIAN_POINT('',(2.4,-0.8073913420285,-0.5006188378572));
#6541=AXIS2_PLACEMENT_3D('',#8621,#8622,#8623);
#6542=CARTESIAN_POINT('',(2.4,-0.7256144537222,-0.6131750684343));
#6543=AXIS2_PLACEMENT_3D('',#8624,#8625,#8626);
#6544=CARTESIAN_POINT('',(2.4,-0.7191369747297,-0.6207592219022));
#6545=AXIS2_PLACEMENT_3D('',#8627,#8628,#8629);
#6546=CARTESIAN_POINT('',(2.4,-0.6207592219022,-0.7191369747297));
#6547=AXIS2_PLACEMENT_3D('',#8630,#8631,#8632);
#6548=CARTESIAN_POINT('',(2.4,-0.6131750684343,-0.7256144537222));
#6549=AXIS2_PLACEMENT_3D('',#8633,#8634,#8635);
#6550=CARTESIAN_POINT('',(2.4,-0.5006188378572,-0.8073913420285));
#6551=AXIS2_PLACEMENT_3D('',#8636,#8637,#8638);
#6552=CARTESIAN_POINT('',(2.4,-0.4921147569427,-0.8126026495152));
#6553=AXIS2_PLACEMENT_3D('',#8639,#8640,#8641);
#6554=CARTESIAN_POINT('',(2.4,-0.3681515565655,-0.8757650549082));
#6555=AXIS2_PLACEMENT_3D('',#8642,#8643,#8644);
#6556=CARTESIAN_POINT('',(2.4,-0.3589369469,-0.8795818712037));
#6557=AXIS2_PLACEMENT_3D('',#8645,#8646,#8647);
#6558=CARTESIAN_POINT('',(2.4,-0.2266191621262,-0.9225745256386));
#6559=AXIS2_PLACEMENT_3D('',#8648,#8649,#8650);
#6560=CARTESIAN_POINT('',(2.4,-0.2169209179811,-0.9249028680582));
#6561=AXIS2_PLACEMENT_3D('',#8651,#8652,#8653);
#6562=CARTESIAN_POINT('',(2.4,-0.07950665180948,-0.9466671496984));
#6563=AXIS2_PLACEMENT_3D('',#8654,#8655,#8656);
#6564=CARTESIAN_POINT('',(2.4,-0.06956357614224,-0.9474496867245));
#6565=AXIS2_PLACEMENT_3D('',#8657,#8658,#8659);
#6566=CARTESIAN_POINT('',(2.4,0.06956357614224,-0.9474496867245));
#6567=AXIS2_PLACEMENT_3D('',#8660,#8661,#8662);
#6568=CARTESIAN_POINT('',(2.4,0.07950665180948,-0.9466671496984));
#6569=AXIS2_PLACEMENT_3D('',#8663,#8664,#8665);
#6570=CARTESIAN_POINT('',(2.4,0.2169209179811,-0.9249028680582));
#6571=AXIS2_PLACEMENT_3D('',#8666,#8667,#8668);
#6572=CARTESIAN_POINT('',(2.4,0.2266191621262,-0.9225745256386));
#6573=AXIS2_PLACEMENT_3D('',#8669,#8670,#8671);
#6574=CARTESIAN_POINT('',(2.4,0.3589369469,-0.8795818712037));
#6575=AXIS2_PLACEMENT_3D('',#8672,#8673,#8674);
#6576=CARTESIAN_POINT('',(2.4,0.3681515565655,-0.8757650549082));
#6577=AXIS2_PLACEMENT_3D('',#8675,#8676,#8677);
#6578=CARTESIAN_POINT('',(2.4,0.4921147569427,-0.8126026495152));
#6579=AXIS2_PLACEMENT_3D('',#8678,#8679,#8680);
#6580=CARTESIAN_POINT('',(2.4,0.5006188378572,-0.8073913420285));
#6581=AXIS2_PLACEMENT_3D('',#8681,#8682,#8683);
#6582=CARTESIAN_POINT('',(2.4,0.6131750684343,-0.7256144537222));
#6583=AXIS2_PLACEMENT_3D('',#8684,#8685,#8686);
#6584=CARTESIAN_POINT('',(2.4,0.6207592219022,-0.7191369747297));
#6585=AXIS2_PLACEMENT_3D('',#8687,#8688,#8689);
#6586=CARTESIAN_POINT('',(2.4,0.7191369747297,-0.6207592219022));
#6587=AXIS2_PLACEMENT_3D('',#8690,#8691,#8692);
#6588=CARTESIAN_POINT('',(2.4,0.7256144537222,-0.6131750684343));
#6589=AXIS2_PLACEMENT_3D('',#8693,#8694,#8695);
#6590=CARTESIAN_POINT('',(2.4,0.8073913420285,-0.5006188378572));
#6591=AXIS2_PLACEMENT_3D('',#8696,#8697,#8698);
#6592=CARTESIAN_POINT('',(2.4,0.8126026495152,-0.4921147569427));
#6593=AXIS2_PLACEMENT_3D('',#8699,#8700,#8701);
#6594=CARTESIAN_POINT('',(2.4,0.8757650549082,-0.3681515565655));
#6595=AXIS2_PLACEMENT_3D('',#8702,#8703,#8704);
#6596=CARTESIAN_POINT('',(2.4,0.8795818712037,-0.3589369469));
#6597=AXIS2_PLACEMENT_3D('',#8705,#8706,#8707);
#6598=CARTESIAN_POINT('',(2.4,0.9225745256386,-0.2266191621262));
#6599=AXIS2_PLACEMENT_3D('',#8708,#8709,#8710);
#6600=CARTESIAN_POINT('',(2.4,0.9249028680582,-0.2169209179811));
#6601=AXIS2_PLACEMENT_3D('',#8711,#8712,#8713);
#6602=CARTESIAN_POINT('',(2.4,0.9466671496984,-0.07950665180948));
#6603=AXIS2_PLACEMENT_3D('',#8714,#8715,#8716);
#6604=CARTESIAN_POINT('',(2.4,0.9474496867245,-0.06956357614224));
#6605=AXIS2_PLACEMENT_3D('',#8717,#8718,#8719);
#6606=CARTESIAN_POINT('',(2.4,0.95,1.16341445918999E-16));
#6607=AXIS2_PLACEMENT_3D('',#8720,#8721,#8722);
#6608=CARTESIAN_POINT('',(5.45,0.95,1.16341445918999E-16));
#6609=CARTESIAN_POINT('',(-0.285,0.95,1.16341445918999E-16));
#6610=VECTOR('',#8723,0.95);
#6611=AXIS2_PLACEMENT_3D('',#8724,#8725,#8726);
#6612=CARTESIAN_POINT('',(5.7,0.7,-8.57224447675664E-17));
#6613=CARTESIAN_POINT('',(5.575,0.825,-1.01030024190346E-16));
#6614=VECTOR('',#8727,1.0);
#6615=CARTESIAN_POINT('',(5.7,-0.7,0.0));
#6616=AXIS2_PLACEMENT_3D('',#8728,#8729,#8730);
#6617=CARTESIAN_POINT('',(5.575,-0.825,1.01033360929657E-16));
#6618=VECTOR('',#8731,0.825);
#6619=AXIS2_PLACEMENT_3D('',#8732,#8733,#8734);
#6620=AXIS2_PLACEMENT_3D('',#8735,#8736,#8737);
#6621=CARTESIAN_POINT('',(2.4,0.9474496867245,0.06956357614224));
#6622=AXIS2_PLACEMENT_3D('',#8738,#8739,#8740);
#6623=CARTESIAN_POINT('',(2.4,0.9466671496984,0.07950665180948));
#6624=AXIS2_PLACEMENT_3D('',#8741,#8742,#8743);
#6625=CARTESIAN_POINT('',(2.4,0.9249028680582,0.2169209179811));
#6626=AXIS2_PLACEMENT_3D('',#8744,#8745,#8746);
#6627=CARTESIAN_POINT('',(2.4,0.9225745256386,0.2266191621262));
#6628=AXIS2_PLACEMENT_3D('',#8747,#8748,#8749);
#6629=CARTESIAN_POINT('',(2.4,0.8795818712037,0.3589369469));
#6630=AXIS2_PLACEMENT_3D('',#8750,#8751,#8752);
#6631=CARTESIAN_POINT('',(2.4,0.8757650549082,0.3681515565655));
#6632=AXIS2_PLACEMENT_3D('',#8753,#8754,#8755);
#6633=CARTESIAN_POINT('',(2.4,0.8126026495152,0.4921147569427));
#6634=AXIS2_PLACEMENT_3D('',#8756,#8757,#8758);
#6635=CARTESIAN_POINT('',(2.4,0.8073913420285,0.5006188378572));
#6636=AXIS2_PLACEMENT_3D('',#8759,#8760,#8761);
#6637=CARTESIAN_POINT('',(2.4,0.7256144537222,0.6131750684343));
#6638=AXIS2_PLACEMENT_3D('',#8762,#8763,#8764);
#6639=CARTESIAN_POINT('',(2.4,0.7191369747297,0.6207592219022));
#6640=AXIS2_PLACEMENT_3D('',#8765,#8766,#8767);
#6641=CARTESIAN_POINT('',(2.4,0.6207592219022,0.7191369747297));
#6642=AXIS2_PLACEMENT_3D('',#8768,#8769,#8770);
#6643=CARTESIAN_POINT('',(2.4,0.6131750684343,0.7256144537222));
#6644=AXIS2_PLACEMENT_3D('',#8771,#8772,#8773);
#6645=CARTESIAN_POINT('',(2.4,0.5006188378572,0.8073913420285));
#6646=AXIS2_PLACEMENT_3D('',#8774,#8775,#8776);
#6647=CARTESIAN_POINT('',(2.4,0.4921147569427,0.8126026495152));
#6648=AXIS2_PLACEMENT_3D('',#8777,#8778,#8779);
#6649=CARTESIAN_POINT('',(2.4,0.3681515565655,0.8757650549082));
#6650=AXIS2_PLACEMENT_3D('',#8780,#8781,#8782);
#6651=CARTESIAN_POINT('',(2.4,0.3589369469,0.8795818712037));
#6652=AXIS2_PLACEMENT_3D('',#8783,#8784,#8785);
#6653=CARTESIAN_POINT('',(2.4,0.2266191621262,0.9225745256386));
#6654=AXIS2_PLACEMENT_3D('',#8786,#8787,#8788);
#6655=CARTESIAN_POINT('',(2.4,0.2169209179811,0.9249028680582));
#6656=AXIS2_PLACEMENT_3D('',#8789,#8790,#8791);
#6657=CARTESIAN_POINT('',(2.4,0.07950665180948,0.9466671496984));
#6658=AXIS2_PLACEMENT_3D('',#8792,#8793,#8794);
#6659=CARTESIAN_POINT('',(2.4,0.06956357614224,0.9474496867245));
#6660=AXIS2_PLACEMENT_3D('',#8795,#8796,#8797);
#6661=CARTESIAN_POINT('',(2.4,-0.06956357614224,0.9474496867245));
#6662=AXIS2_PLACEMENT_3D('',#8798,#8799,#8800);
#6663=CARTESIAN_POINT('',(2.4,-0.07950665180948,0.9466671496984));
#6664=AXIS2_PLACEMENT_3D('',#8801,#8802,#8803);
#6665=CARTESIAN_POINT('',(2.4,-0.2169209179811,0.9249028680582));
#6666=AXIS2_PLACEMENT_3D('',#8804,#8805,#8806);
#6667=CARTESIAN_POINT('',(2.4,-0.2266191621262,0.9225745256386));
#6668=AXIS2_PLACEMENT_3D('',#8807,#8808,#8809);
#6669=CARTESIAN_POINT('',(2.4,-0.3589369469,0.8795818712037));
#6670=AXIS2_PLACEMENT_3D('',#8810,#8811,#8812);
#6671=CARTESIAN_POINT('',(2.4,-0.3681515565655,0.8757650549082));
#6672=AXIS2_PLACEMENT_3D('',#8813,#8814,#8815);
#6673=CARTESIAN_POINT('',(2.4,-0.4921147569427,0.8126026495152));
#6674=AXIS2_PLACEMENT_3D('',#8816,#8817,#8818);
#6675=CARTESIAN_POINT('',(2.4,-0.5006188378572,0.8073913420285));
#6676=AXIS2_PLACEMENT_3D('',#8819,#8820,#8821);
#6677=CARTESIAN_POINT('',(2.4,-0.6131750684343,0.7256144537222));
#6678=AXIS2_PLACEMENT_3D('',#8822,#8823,#8824);
#6679=CARTESIAN_POINT('',(2.4,-0.6207592219022,0.7191369747297));
#6680=AXIS2_PLACEMENT_3D('',#8825,#8826,#8827);
#6681=CARTESIAN_POINT('',(2.4,-0.7191369747297,0.6207592219022));
#6682=AXIS2_PLACEMENT_3D('',#8828,#8829,#8830);
#6683=CARTESIAN_POINT('',(2.4,-0.7256144537222,0.6131750684343));
#6684=AXIS2_PLACEMENT_3D('',#8831,#8832,#8833);
#6685=CARTESIAN_POINT('',(2.4,-0.8073913420285,0.5006188378572));
#6686=AXIS2_PLACEMENT_3D('',#8834,#8835,#8836);
#6687=CARTESIAN_POINT('',(2.4,-0.8126026495152,0.4921147569427));
#6688=AXIS2_PLACEMENT_3D('',#8837,#8838,#8839);
#6689=CARTESIAN_POINT('',(2.4,-0.8757650549082,0.3681515565655));
#6690=AXIS2_PLACEMENT_3D('',#8840,#8841,#8842);
#6691=CARTESIAN_POINT('',(2.4,-0.8795818712037,0.3589369469));
#6692=AXIS2_PLACEMENT_3D('',#8843,#8844,#8845);
#6693=CARTESIAN_POINT('',(2.4,-0.9225745256386,0.2266191621262));
#6694=AXIS2_PLACEMENT_3D('',#8846,#8847,#8848);
#6695=CARTESIAN_POINT('',(2.4,-0.9249028680582,0.2169209179811));
#6696=AXIS2_PLACEMENT_3D('',#8849,#8850,#8851);
#6697=CARTESIAN_POINT('',(2.4,-0.9466671496984,0.07950665180948));
#6698=AXIS2_PLACEMENT_3D('',#8852,#8853,#8854);
#6699=CARTESIAN_POINT('',(2.4,-0.9474496867245,0.06956357614224));
#6700=AXIS2_PLACEMENT_3D('',#8855,#8856,#8857);
#6701=AXIS2_PLACEMENT_3D('',#8858,#8859,#8860);
#6702=CARTESIAN_POINT('',(2.4,1.000568145642,0.1705531762429));
#6703=CARTESIAN_POINT('',(2.4,1.000568145642,0.1705531762429));
#6704=VECTOR('',#8861,0.0887423332222883);
#6705=CARTESIAN_POINT('',(2.4,1.004300684814,0.146986851393));
#6706=CARTESIAN_POINT('',(2.4,0.9466671496984,0.07950665180948));
#6707=VECTOR('',#8862,0.0887423332222888);
#6708=AXIS2_PLACEMENT_3D('',#8863,#8864,#8865);
#6709=CARTESIAN_POINT('',(2.4,0.961569096535,0.3249767262264));
#6710=CARTESIAN_POINT('',(2.4,0.961569096535,0.3249767262264));
#6711=VECTOR('',#8866,0.0887423332222914);
#6712=CARTESIAN_POINT('',(2.4,0.9689422673768,0.30228443971));
#6713=CARTESIAN_POINT('',(2.4,0.9225745256386,0.2266191621262));
#6714=VECTOR('',#8867,0.0887423332222883);
#6715=AXIS2_PLACEMENT_3D('',#8868,#8869,#8870);
#6716=CARTESIAN_POINT('',(2.4,0.8988930250065,0.4713982706742));
#6717=CARTESIAN_POINT('',(2.4,0.8988930250065,0.4713982706742));
#6718=VECTOR('',#8871,0.0887423332222919);
#6719=CARTESIAN_POINT('',(2.4,0.9097252755818,0.4501387818969));
#6720=CARTESIAN_POINT('',(2.4,0.8757650549082,0.3681515565655));
#6721=VECTOR('',#8872,0.0887423332222914);
#6722=AXIS2_PLACEMENT_3D('',#8873,#8874,#8875);
#6723=CARTESIAN_POINT('',(2.4,0.8140832239474,0.6062124252169));
#6724=CARTESIAN_POINT('',(2.4,0.8140832239474,0.6062124252169));
#6725=VECTOR('',#8876,0.0887423332222875);
#6726=CARTESIAN_POINT('',(2.4,0.828107828297,0.5869092133485));
#6727=CARTESIAN_POINT('',(2.4,0.8073913420285,0.5006188378572));
#6728=VECTOR('',#8877,0.0887423332222919);
#6729=AXIS2_PLACEMENT_3D('',#8878,#8879,#8880);
#6730=CARTESIAN_POINT('',(2.4,0.7092279921274,0.7260996179471));
#6731=CARTESIAN_POINT('',(2.4,0.7092279921274,0.7260996179471));
#6732=VECTOR('',#8881,0.0887423332222875);
#6733=CARTESIAN_POINT('',(2.4,0.7260996179471,0.7092279921274));
#6734=CARTESIAN_POINT('',(2.4,0.7191369747297,0.6207592219022));
#6735=VECTOR('',#8882,0.0887423332222876);
#6736=AXIS2_PLACEMENT_3D('',#8883,#8884,#8885);
#6737=CARTESIAN_POINT('',(2.4,0.5869092133485,0.828107828297));
#6738=CARTESIAN_POINT('',(2.4,0.5869092133485,0.828107828297));
#6739=VECTOR('',#8886,0.0887423332222919);
#6740=CARTESIAN_POINT('',(2.4,0.6062124252169,0.8140832239474));
#6741=CARTESIAN_POINT('',(2.4,0.6131750684343,0.7256144537222));
#6742=VECTOR('',#8887,0.0887423332222875);
#6743=AXIS2_PLACEMENT_3D('',#8888,#8889,#8890);
#6744=CARTESIAN_POINT('',(2.4,0.4501387818969,0.9097252755818));
#6745=CARTESIAN_POINT('',(2.4,0.4501387818969,0.9097252755818));
#6746=VECTOR('',#8891,0.0887423332222914);
#6747=CARTESIAN_POINT('',(2.4,0.4713982706742,0.8988930250065));
#6748=CARTESIAN_POINT('',(2.4,0.4921147569427,0.8126026495152));
#6749=VECTOR('',#8892,0.0887423332222919);
#6750=AXIS2_PLACEMENT_3D('',#8893,#8894,#8895);
#6751=CARTESIAN_POINT('',(2.4,0.30228443971,0.9689422673768));
#6752=CARTESIAN_POINT('',(2.4,0.30228443971,0.9689422673768));
#6753=VECTOR('',#8896,0.088742333222293);
#6754=CARTESIAN_POINT('',(2.4,0.3249767262264,0.961569096535));
#6755=CARTESIAN_POINT('',(2.4,0.3589369469,0.8795818712037));
#6756=VECTOR('',#8897,0.0887423332222914);
#6757=AXIS2_PLACEMENT_3D('',#8898,#8899,#8900);
#6758=CARTESIAN_POINT('',(2.4,0.146986851393,1.004300684814));
#6759=CARTESIAN_POINT('',(2.4,0.146986851393,1.004300684814));
#6760=VECTOR('',#8901,0.0887423332222888);
#6761=CARTESIAN_POINT('',(2.4,0.1705531762429,1.000568145642));
#6762=CARTESIAN_POINT('',(2.4,0.2169209179811,0.9249028680582));
#6763=VECTOR('',#8902,0.0887423332222883);
#6764=AXIS2_PLACEMENT_3D('',#8903,#8904,#8905);
#6765=CARTESIAN_POINT('',(2.4,-0.01193004102676,1.014929886308));
#6766=CARTESIAN_POINT('',(2.4,-0.01193004102676,1.014929886308));
#6767=VECTOR('',#8906,0.0887423332222888);
#6768=CARTESIAN_POINT('',(2.4,0.01193004102676,1.014929886308));
#6769=CARTESIAN_POINT('',(2.4,0.06956357614224,0.9474496867245));
#6770=VECTOR('',#8907,0.0887423332222888);
#6771=AXIS2_PLACEMENT_3D('',#8908,#8909,#8910);
#6772=CARTESIAN_POINT('',(2.4,-0.1705531762429,1.000568145642));
#6773=CARTESIAN_POINT('',(2.4,-0.1705531762429,1.000568145642));
#6774=VECTOR('',#8911,0.0887423332222883);
#6775=CARTESIAN_POINT('',(2.4,-0.146986851393,1.004300684814));
#6776=CARTESIAN_POINT('',(2.4,-0.07950665180948,0.9466671496984));
#6777=VECTOR('',#8912,0.0887423332222888);
#6778=AXIS2_PLACEMENT_3D('',#8913,#8914,#8915);
#6779=CARTESIAN_POINT('',(2.4,-0.3249767262264,0.961569096535));
#6780=CARTESIAN_POINT('',(2.4,-0.3249767262264,0.961569096535));
#6781=VECTOR('',#8916,0.0887423332222914);
#6782=CARTESIAN_POINT('',(2.4,-0.30228443971,0.9689422673768));
#6783=CARTESIAN_POINT('',(2.4,-0.2266191621262,0.9225745256386));
#6784=VECTOR('',#8917,0.0887423332222883);
#6785=AXIS2_PLACEMENT_3D('',#8918,#8919,#8920);
#6786=CARTESIAN_POINT('',(2.4,-0.4713982706742,0.8988930250065));
#6787=CARTESIAN_POINT('',(2.4,-0.4713982706742,0.8988930250065));
#6788=VECTOR('',#8921,0.0887423332222919);
#6789=CARTESIAN_POINT('',(2.4,-0.4501387818969,0.9097252755818));
#6790=CARTESIAN_POINT('',(2.4,-0.3681515565655,0.8757650549082));
#6791=VECTOR('',#8922,0.0887423332222914);
#6792=AXIS2_PLACEMENT_3D('',#8923,#8924,#8925);
#6793=CARTESIAN_POINT('',(2.4,-0.6062124252169,0.8140832239474));
#6794=CARTESIAN_POINT('',(2.4,-0.6062124252169,0.8140832239474));
#6795=VECTOR('',#8926,0.0887423332222876);
#6796=CARTESIAN_POINT('',(2.4,-0.5869092133485,0.828107828297));
#6797=CARTESIAN_POINT('',(2.4,-0.5006188378572,0.8073913420285));
#6798=VECTOR('',#8927,0.0887423332222919);
#6799=AXIS2_PLACEMENT_3D('',#8928,#8929,#8930);
#6800=CARTESIAN_POINT('',(2.4,-0.7260996179471,0.7092279921274));
#6801=CARTESIAN_POINT('',(2.4,-0.7260996179471,0.7092279921274));
#6802=VECTOR('',#8931,0.0887423332222875);
#6803=CARTESIAN_POINT('',(2.4,-0.7092279921274,0.7260996179471));
#6804=CARTESIAN_POINT('',(2.4,-0.6207592219022,0.7191369747297));
#6805=VECTOR('',#8932,0.0887423332222875);
#6806=AXIS2_PLACEMENT_3D('',#8933,#8934,#8935);
#6807=CARTESIAN_POINT('',(2.4,-0.828107828297,0.5869092133485));
#6808=CARTESIAN_POINT('',(2.4,-0.828107828297,0.5869092133485));
#6809=VECTOR('',#8936,0.0887423332222919);
#6810=CARTESIAN_POINT('',(2.4,-0.8140832239474,0.6062124252169));
#6811=CARTESIAN_POINT('',(2.4,-0.7256144537222,0.6131750684343));
#6812=VECTOR('',#8937,0.0887423332222876);
#6813=AXIS2_PLACEMENT_3D('',#8938,#8939,#8940);
#6814=CARTESIAN_POINT('',(2.4,-0.9097252755818,0.4501387818969));
#6815=CARTESIAN_POINT('',(2.4,-0.9097252755818,0.4501387818969));
#6816=VECTOR('',#8941,0.0887423332222914);
#6817=CARTESIAN_POINT('',(2.4,-0.8988930250065,0.4713982706742));
#6818=CARTESIAN_POINT('',(2.4,-0.8126026495152,0.4921147569427));
#6819=VECTOR('',#8942,0.0887423332222919);
#6820=AXIS2_PLACEMENT_3D('',#8943,#8944,#8945);
#6821=CARTESIAN_POINT('',(2.4,-0.9689422673768,0.30228443971));
#6822=CARTESIAN_POINT('',(2.4,-0.9689422673768,0.30228443971));
#6823=VECTOR('',#8946,0.0887423332222883);
#6824=CARTESIAN_POINT('',(2.4,-0.961569096535,0.3249767262264));
#6825=CARTESIAN_POINT('',(2.4,-0.8795818712037,0.3589369469));
#6826=VECTOR('',#8947,0.0887423332222914);
#6827=AXIS2_PLACEMENT_3D('',#8948,#8949,#8950);
#6828=CARTESIAN_POINT('',(2.4,-1.004300684814,0.146986851393));
#6829=CARTESIAN_POINT('',(2.4,-1.004300684814,0.146986851393));
#6830=VECTOR('',#8951,0.0887423332222888);
#6831=CARTESIAN_POINT('',(2.4,-1.000568145642,0.1705531762429));
#6832=CARTESIAN_POINT('',(2.4,-0.9249028680582,0.2169209179811));
#6833=VECTOR('',#8952,0.0887423332222883);
#6834=AXIS2_PLACEMENT_3D('',#8953,#8954,#8955);
#6835=CARTESIAN_POINT('',(2.4,-1.014929886308,-0.01193004102676));
#6836=VECTOR('',#8956,0.0887423332222888);
#6837=CARTESIAN_POINT('',(2.4,-1.014929886308,0.01193004102676));
#6838=CARTESIAN_POINT('',(2.4,-0.9474496867245,0.06956357614224));
#6839=VECTOR('',#8957,0.0887423332222888);
#6840=AXIS2_PLACEMENT_3D('',#8958,#8959,#8960);
#6841=CARTESIAN_POINT('',(2.4,-1.000568145642,-0.1705531762429));
#6842=CARTESIAN_POINT('',(2.4,-1.000568145642,-0.1705531762429));
#6843=VECTOR('',#8961,0.0887423332222883);
#6844=CARTESIAN_POINT('',(2.4,-1.004300684814,-0.146986851393));
#6845=CARTESIAN_POINT('',(2.4,-0.9466671496984,-0.07950665180948));
#6846=VECTOR('',#8962,0.0887423332222888);
#6847=AXIS2_PLACEMENT_3D('',#8963,#8964,#8965);
#6848=CARTESIAN_POINT('',(2.4,-0.961569096535,-0.3249767262264));
#6849=CARTESIAN_POINT('',(2.4,-0.961569096535,-0.3249767262264));
#6850=VECTOR('',#8966,0.0887423332222914);
#6851=CARTESIAN_POINT('',(2.4,-0.9689422673768,-0.30228443971));
#6852=CARTESIAN_POINT('',(2.4,-0.9225745256386,-0.2266191621262));
#6853=VECTOR('',#8967,0.0887423332222883);
#6854=AXIS2_PLACEMENT_3D('',#8968,#8969,#8970);
#6855=CARTESIAN_POINT('',(2.4,-0.8988930250065,-0.4713982706742));
#6856=CARTESIAN_POINT('',(2.4,-0.8988930250065,-0.4713982706742));
#6857=VECTOR('',#8971,0.0887423332222919);
#6858=CARTESIAN_POINT('',(2.4,-0.9097252755818,-0.4501387818969));
#6859=CARTESIAN_POINT('',(2.4,-0.8757650549082,-0.3681515565655));
#6860=VECTOR('',#8972,0.0887423332222914);
#6861=AXIS2_PLACEMENT_3D('',#8973,#8974,#8975);
#6862=CARTESIAN_POINT('',(2.4,-0.8140832239474,-0.6062124252169));
#6863=CARTESIAN_POINT('',(2.4,-0.8140832239474,-0.6062124252169));
#6864=VECTOR('',#8976,0.0887423332222876);
#6865=CARTESIAN_POINT('',(2.4,-0.828107828297,-0.5869092133485));
#6866=CARTESIAN_POINT('',(2.4,-0.8073913420285,-0.5006188378572));
#6867=VECTOR('',#8977,0.0887423332222919);
#6868=AXIS2_PLACEMENT_3D('',#8978,#8979,#8980);
#6869=CARTESIAN_POINT('',(2.4,-0.7092279921274,-0.7260996179471));
#6870=CARTESIAN_POINT('',(2.4,-0.7092279921274,-0.7260996179471));
#6871=VECTOR('',#8981,0.0887423332222876);
#6872=CARTESIAN_POINT('',(2.4,-0.7260996179471,-0.7092279921274));
#6873=CARTESIAN_POINT('',(2.4,-0.7191369747297,-0.6207592219022));
#6874=VECTOR('',#8982,0.0887423332222875);
#6875=AXIS2_PLACEMENT_3D('',#8983,#8984,#8985);
#6876=CARTESIAN_POINT('',(2.4,-0.5869092133485,-0.828107828297));
#6877=CARTESIAN_POINT('',(2.4,-0.5869092133485,-0.828107828297));
#6878=VECTOR('',#8986,0.0887423332222919);
#6879=CARTESIAN_POINT('',(2.4,-0.6062124252169,-0.8140832239474));
#6880=CARTESIAN_POINT('',(2.4,-0.6131750684343,-0.7256144537222));
#6881=VECTOR('',#8987,0.0887423332222875);
#6882=AXIS2_PLACEMENT_3D('',#8988,#8989,#8990);
#6883=CARTESIAN_POINT('',(2.4,-0.4501387818969,-0.9097252755818));
#6884=CARTESIAN_POINT('',(2.4,-0.4501387818969,-0.9097252755818));
#6885=VECTOR('',#8991,0.0887423332222914);
#6886=CARTESIAN_POINT('',(2.4,-0.4713982706742,-0.8988930250065));
#6887=CARTESIAN_POINT('',(2.4,-0.4921147569427,-0.8126026495152));
#6888=VECTOR('',#8992,0.0887423332222919);
#6889=AXIS2_PLACEMENT_3D('',#8993,#8994,#8995);
#6890=CARTESIAN_POINT('',(2.4,-0.30228443971,-0.9689422673768));
#6891=CARTESIAN_POINT('',(2.4,-0.30228443971,-0.9689422673768));
#6892=VECTOR('',#8996,0.0887423332222883);
#6893=CARTESIAN_POINT('',(2.4,-0.3249767262264,-0.961569096535));
#6894=CARTESIAN_POINT('',(2.4,-0.3589369469,-0.8795818712037));
#6895=VECTOR('',#8997,0.0887423332222914);
#6896=AXIS2_PLACEMENT_3D('',#8998,#8999,#9000);
#6897=CARTESIAN_POINT('',(2.4,-0.146986851393,-1.004300684814));
#6898=CARTESIAN_POINT('',(2.4,-0.146986851393,-1.004300684814));
#6899=VECTOR('',#9001,0.0887423332222888);
#6900=CARTESIAN_POINT('',(2.4,-0.1705531762429,-1.000568145642));
#6901=CARTESIAN_POINT('',(2.4,-0.2169209179811,-0.9249028680582));
#6902=VECTOR('',#9002,0.088742333222293);
#6903=AXIS2_PLACEMENT_3D('',#9003,#9004,#9005);
#6904=CARTESIAN_POINT('',(2.4,0.01193004102676,-1.014929886308));
#6905=CARTESIAN_POINT('',(2.4,0.01193004102676,-1.014929886308));
#6906=VECTOR('',#9006,0.0887423332222888);
#6907=CARTESIAN_POINT('',(2.4,-0.01193004102676,-1.014929886308));
#6908=CARTESIAN_POINT('',(2.4,-0.06956357614224,-0.9474496867245));
#6909=VECTOR('',#9007,0.0887423332222888);
#6910=AXIS2_PLACEMENT_3D('',#9008,#9009,#9010);
#6911=CARTESIAN_POINT('',(2.4,0.1705531762429,-1.000568145642));
#6912=CARTESIAN_POINT('',(2.4,0.1705531762429,-1.000568145642));
#6913=VECTOR('',#9011,0.0887423332222883);
#6914=CARTESIAN_POINT('',(2.4,0.146986851393,-1.004300684814));
#6915=CARTESIAN_POINT('',(2.4,0.07950665180948,-0.9466671496984));
#6916=VECTOR('',#9012,0.0887423332222888);
#6917=AXIS2_PLACEMENT_3D('',#9013,#9014,#9015);
#6918=CARTESIAN_POINT('',(2.4,0.3249767262264,-0.961569096535));
#6919=CARTESIAN_POINT('',(2.4,0.3249767262264,-0.961569096535));
#6920=VECTOR('',#9016,0.0887423332222914);
#6921=CARTESIAN_POINT('',(2.4,0.30228443971,-0.9689422673768));
#6922=CARTESIAN_POINT('',(2.4,0.2266191621262,-0.9225745256386));
#6923=VECTOR('',#9017,0.0887423332222883);
#6924=AXIS2_PLACEMENT_3D('',#9018,#9019,#9020);
#6925=CARTESIAN_POINT('',(2.4,0.4713982706742,-0.8988930250065));
#6926=CARTESIAN_POINT('',(2.4,0.4713982706742,-0.8988930250065));
#6927=VECTOR('',#9021,0.0887423332222919);
#6928=CARTESIAN_POINT('',(2.4,0.4501387818969,-0.9097252755818));
#6929=CARTESIAN_POINT('',(2.4,0.3681515565655,-0.8757650549082));
#6930=VECTOR('',#9022,0.0887423332222914);
#6931=AXIS2_PLACEMENT_3D('',#9023,#9024,#9025);
#6932=CARTESIAN_POINT('',(2.4,0.6062124252169,-0.8140832239474));
#6933=CARTESIAN_POINT('',(2.4,0.6062124252169,-0.8140832239474));
#6934=VECTOR('',#9026,0.0887423332222875);
#6935=CARTESIAN_POINT('',(2.4,0.5869092133485,-0.828107828297));
#6936=CARTESIAN_POINT('',(2.4,0.5006188378572,-0.8073913420285));
#6937=VECTOR('',#9027,0.0887423332222919);
#6938=AXIS2_PLACEMENT_3D('',#9028,#9029,#9030);
#6939=CARTESIAN_POINT('',(2.4,0.7260996179471,-0.7092279921274));
#6940=CARTESIAN_POINT('',(2.4,0.7260996179471,-0.7092279921274));
#6941=VECTOR('',#9031,0.0887423332222876);
#6942=CARTESIAN_POINT('',(2.4,0.7092279921274,-0.7260996179471));
#6943=CARTESIAN_POINT('',(2.4,0.6207592219022,-0.7191369747297));
#6944=VECTOR('',#9032,0.0887423332222876);
#6945=AXIS2_PLACEMENT_3D('',#9033,#9034,#9035);
#6946=CARTESIAN_POINT('',(2.4,0.828107828297,-0.5869092133485));
#6947=CARTESIAN_POINT('',(2.4,0.828107828297,-0.5869092133485));
#6948=VECTOR('',#9036,0.0887423332222919);
#6949=CARTESIAN_POINT('',(2.4,0.8140832239474,-0.6062124252169));
#6950=CARTESIAN_POINT('',(2.4,0.7256144537222,-0.6131750684343));
#6951=VECTOR('',#9037,0.0887423332222876);
#6952=AXIS2_PLACEMENT_3D('',#9038,#9039,#9040);
#6953=CARTESIAN_POINT('',(2.4,0.9097252755818,-0.4501387818969));
#6954=CARTESIAN_POINT('',(2.4,0.9097252755818,-0.4501387818969));
#6955=VECTOR('',#9041,0.0887423332222914);
#6956=CARTESIAN_POINT('',(2.4,0.8988930250065,-0.4713982706742));
#6957=CARTESIAN_POINT('',(2.4,0.8126026495152,-0.4921147569427));
#6958=VECTOR('',#9042,0.0887423332222919);
#6959=AXIS2_PLACEMENT_3D('',#9043,#9044,#9045);
#6960=CARTESIAN_POINT('',(2.4,0.9689422673768,-0.30228443971));
#6961=CARTESIAN_POINT('',(2.4,0.9689422673768,-0.30228443971));
#6962=VECTOR('',#9046,0.0887423332222883);
#6963=CARTESIAN_POINT('',(2.4,0.961569096535,-0.3249767262264));
#6964=CARTESIAN_POINT('',(2.4,0.8795818712037,-0.3589369469));
#6965=VECTOR('',#9047,0.0887423332222914);
#6966=AXIS2_PLACEMENT_3D('',#9048,#9049,#9050);
#6967=CARTESIAN_POINT('',(2.4,1.004300684814,-0.146986851393));
#6968=CARTESIAN_POINT('',(2.4,1.004300684814,-0.146986851393));
#6969=VECTOR('',#9051,0.0887423332222888);
#6970=CARTESIAN_POINT('',(2.4,1.000568145642,-0.1705531762429));
#6971=CARTESIAN_POINT('',(2.4,0.9249028680582,-0.2169209179811));
#6972=VECTOR('',#9052,0.0887423332222883);
#6973=AXIS2_PLACEMENT_3D('',#9053,#9054,#9055);
#6974=CARTESIAN_POINT('',(2.4,1.014929886308,-0.01193004102676));
#6975=CARTESIAN_POINT('',(2.4,0.9474496867245,-0.06956357614224));
#6976=VECTOR('',#9056,0.0887423332222888);
#6977=AXIS2_PLACEMENT_3D('',#9057,#9058,#9059);
#6978=CARTESIAN_POINT('',(2.4,1.014929886308,0.01193004102676));
#6979=VECTOR('',#9060,0.0887423332222888);
#6980=CARTESIAN_POINT('',(1.4,1.000568145642,0.1705531762429));
#6981=CARTESIAN_POINT('',(1.4,1.000568145642,0.1705531762429));
#6982=VECTOR('',#9061,1.0);
#6983=CARTESIAN_POINT('',(1.4,0.9188895747758,0.2206058688438));
#6984=CARTESIAN_POINT('',(1.4,1.000568145642,0.1705531762429));
#6985=VECTOR('',#9062,0.0957948901317182);
#6986=CARTESIAN_POINT('',(2.4,0.9188895747758,0.2206058688438));
#6987=CARTESIAN_POINT('',(1.4,0.9188895747758,0.2206058688438));
#6988=VECTOR('',#9063,1.0);
#6989=CARTESIAN_POINT('',(2.4,0.9249028680582,0.2169209179811));
#6990=VECTOR('',#9064,0.00705255690943387);
#6991=CARTESIAN_POINT('',(1.4,1.004300684814,0.146986851393));
#6992=CARTESIAN_POINT('',(1.4,1.004300684814,0.146986851393));
#6993=VECTOR('',#9065,1.0);
#6994=AXIS2_PLACEMENT_3D('',#9066,#9067,#9068);
#6995=CARTESIAN_POINT('',(1.4,0.961569096535,0.3249767262264));
#6996=CARTESIAN_POINT('',(1.4,0.961569096535,0.3249767262264));
#6997=VECTOR('',#9069,1.0);
#6998=CARTESIAN_POINT('',(1.4,0.9689422673768,0.30228443971));
#6999=CARTESIAN_POINT('',(1.4,0.9689422673768,0.30228443971));
#7000=VECTOR('',#9070,1.0);
#7001=AXIS2_PLACEMENT_3D('',#9071,#9072,#9073);
#7002=CARTESIAN_POINT('',(1.4,0.8988930250065,0.4713982706742));
#7003=CARTESIAN_POINT('',(1.4,0.8988930250065,0.4713982706742));
#7004=VECTOR('',#9074,1.0);
#7005=CARTESIAN_POINT('',(1.4,0.9097252755818,0.4501387818969));
#7006=CARTESIAN_POINT('',(1.4,0.9097252755818,0.4501387818969));
#7007=VECTOR('',#9075,1.0);
#7008=AXIS2_PLACEMENT_3D('',#9076,#9077,#9078);
#7009=CARTESIAN_POINT('',(1.4,0.8140832239474,0.6062124252169));
#7010=CARTESIAN_POINT('',(1.4,0.8140832239474,0.6062124252169));
#7011=VECTOR('',#9079,1.0);
#7012=CARTESIAN_POINT('',(1.4,0.828107828297,0.5869092133485));
#7013=CARTESIAN_POINT('',(1.4,0.828107828297,0.5869092133485));
#7014=VECTOR('',#9080,1.0);
#7015=AXIS2_PLACEMENT_3D('',#9081,#9082,#9083);
#7016=CARTESIAN_POINT('',(1.4,0.7092279921274,0.7260996179471));
#7017=CARTESIAN_POINT('',(1.4,0.7092279921274,0.7260996179471));
#7018=VECTOR('',#9084,1.0);
#7019=CARTESIAN_POINT('',(1.4,0.7260996179471,0.7092279921274));
#7020=CARTESIAN_POINT('',(1.4,0.7260996179471,0.7092279921274));
#7021=VECTOR('',#9085,1.0);
#7022=AXIS2_PLACEMENT_3D('',#9086,#9087,#9088);
#7023=CARTESIAN_POINT('',(1.4,0.5869092133485,0.828107828297));
#7024=CARTESIAN_POINT('',(1.4,0.5869092133485,0.828107828297));
#7025=VECTOR('',#9089,1.0);
#7026=CARTESIAN_POINT('',(1.4,0.6062124252169,0.8140832239474));
#7027=CARTESIAN_POINT('',(1.4,0.6062124252169,0.8140832239474));
#7028=VECTOR('',#9090,1.0);
#7029=AXIS2_PLACEMENT_3D('',#9091,#9092,#9093);
#7030=CARTESIAN_POINT('',(1.4,0.4501387818969,0.9097252755818));
#7031=CARTESIAN_POINT('',(1.4,0.4501387818969,0.9097252755818));
#7032=VECTOR('',#9094,1.0);
#7033=CARTESIAN_POINT('',(1.4,0.4713982706742,0.8988930250065));
#7034=CARTESIAN_POINT('',(1.4,0.4713982706742,0.8988930250065));
#7035=VECTOR('',#9095,1.0);
#7036=AXIS2_PLACEMENT_3D('',#9096,#9097,#9098);
#7037=CARTESIAN_POINT('',(1.4,0.30228443971,0.9689422673768));
#7038=CARTESIAN_POINT('',(1.4,0.30228443971,0.9689422673768));
#7039=VECTOR('',#9099,1.0);
#7040=CARTESIAN_POINT('',(1.4,0.3249767262264,0.961569096535));
#7041=CARTESIAN_POINT('',(1.4,0.3249767262264,0.961569096535));
#7042=VECTOR('',#9100,1.0);
#7043=AXIS2_PLACEMENT_3D('',#9101,#9102,#9103);
#7044=CARTESIAN_POINT('',(1.4,0.146986851393,1.004300684814));
#7045=CARTESIAN_POINT('',(1.4,0.146986851393,1.004300684814));
#7046=VECTOR('',#9104,1.0);
#7047=CARTESIAN_POINT('',(1.4,0.1705531762429,1.000568145642));
#7048=CARTESIAN_POINT('',(1.4,0.1705531762429,1.000568145642));
#7049=VECTOR('',#9105,1.0);
#7050=AXIS2_PLACEMENT_3D('',#9106,#9107,#9108);
#7051=CARTESIAN_POINT('',(1.4,-0.01193004102676,1.014929886308));
#7052=CARTESIAN_POINT('',(1.4,-0.01193004102676,1.014929886308));
#7053=VECTOR('',#9109,1.0);
#7054=CARTESIAN_POINT('',(1.4,0.01193004102676,1.014929886308));
#7055=CARTESIAN_POINT('',(1.4,0.01193004102676,1.014929886308));
#7056=VECTOR('',#9110,1.0);
#7057=AXIS2_PLACEMENT_3D('',#9111,#9112,#9113);
#7058=CARTESIAN_POINT('',(1.4,-0.1705531762429,1.000568145642));
#7059=CARTESIAN_POINT('',(1.4,-0.1705531762429,1.000568145642));
#7060=VECTOR('',#9114,1.0);
#7061=CARTESIAN_POINT('',(1.4,-0.146986851393,1.004300684814));
#7062=CARTESIAN_POINT('',(1.4,-0.146986851393,1.004300684814));
#7063=VECTOR('',#9115,1.0);
#7064=AXIS2_PLACEMENT_3D('',#9116,#9117,#9118);
#7065=CARTESIAN_POINT('',(1.4,-0.3249767262264,0.961569096535));
#7066=CARTESIAN_POINT('',(1.4,-0.3249767262264,0.961569096535));
#7067=VECTOR('',#9119,1.0);
#7068=CARTESIAN_POINT('',(1.4,-0.30228443971,0.9689422673768));
#7069=CARTESIAN_POINT('',(1.4,-0.30228443971,0.9689422673768));
#7070=VECTOR('',#9120,1.0);
#7071=AXIS2_PLACEMENT_3D('',#9121,#9122,#9123);
#7072=CARTESIAN_POINT('',(1.4,-0.4713982706742,0.8988930250065));
#7073=CARTESIAN_POINT('',(1.4,-0.4713982706742,0.8988930250065));
#7074=VECTOR('',#9124,1.0);
#7075=CARTESIAN_POINT('',(1.4,-0.4501387818969,0.9097252755818));
#7076=CARTESIAN_POINT('',(1.4,-0.4501387818969,0.9097252755818));
#7077=VECTOR('',#9125,1.0);
#7078=AXIS2_PLACEMENT_3D('',#9126,#9127,#9128);
#7079=CARTESIAN_POINT('',(1.4,-0.6062124252169,0.8140832239474));
#7080=CARTESIAN_POINT('',(1.4,-0.6062124252169,0.8140832239474));
#7081=VECTOR('',#9129,1.0);
#7082=CARTESIAN_POINT('',(1.4,-0.5869092133485,0.828107828297));
#7083=CARTESIAN_POINT('',(1.4,-0.5869092133485,0.828107828297));
#7084=VECTOR('',#9130,1.0);
#7085=AXIS2_PLACEMENT_3D('',#9131,#9132,#9133);
#7086=CARTESIAN_POINT('',(1.4,-0.7260996179471,0.7092279921274));
#7087=CARTESIAN_POINT('',(1.4,-0.7260996179471,0.7092279921274));
#7088=VECTOR('',#9134,1.0);
#7089=CARTESIAN_POINT('',(1.4,-0.7092279921274,0.7260996179471));
#7090=CARTESIAN_POINT('',(1.4,-0.7092279921274,0.7260996179471));
#7091=VECTOR('',#9135,1.0);
#7092=AXIS2_PLACEMENT_3D('',#9136,#9137,#9138);
#7093=CARTESIAN_POINT('',(1.4,-0.828107828297,0.5869092133485));
#7094=CARTESIAN_POINT('',(1.4,-0.828107828297,0.5869092133485));
#7095=VECTOR('',#9139,1.0);
#7096=CARTESIAN_POINT('',(1.4,-0.8140832239474,0.6062124252169));
#7097=CARTESIAN_POINT('',(1.4,-0.8140832239474,0.6062124252169));
#7098=VECTOR('',#9140,1.0);
#7099=AXIS2_PLACEMENT_3D('',#9141,#9142,#9143);
#7100=CARTESIAN_POINT('',(1.4,-0.9097252755818,0.4501387818969));
#7101=CARTESIAN_POINT('',(1.4,-0.9097252755818,0.4501387818969));
#7102=VECTOR('',#9144,1.0);
#7103=CARTESIAN_POINT('',(1.4,-0.8988930250065,0.4713982706742));
#7104=CARTESIAN_POINT('',(1.4,-0.8988930250065,0.4713982706742));
#7105=VECTOR('',#9145,1.0);
#7106=AXIS2_PLACEMENT_3D('',#9146,#9147,#9148);
#7107=CARTESIAN_POINT('',(1.4,-0.9689422673768,0.30228443971));
#7108=CARTESIAN_POINT('',(1.4,-0.9689422673768,0.30228443971));
#7109=VECTOR('',#9149,1.0);
#7110=CARTESIAN_POINT('',(1.4,-0.961569096535,0.3249767262264));
#7111=CARTESIAN_POINT('',(1.4,-0.961569096535,0.3249767262264));
#7112=VECTOR('',#9150,1.0);
#7113=AXIS2_PLACEMENT_3D('',#9151,#9152,#9153);
#7114=CARTESIAN_POINT('',(1.4,-1.004300684814,0.146986851393));
#7115=CARTESIAN_POINT('',(1.4,-1.004300684814,0.146986851393));
#7116=VECTOR('',#9154,1.0);
#7117=CARTESIAN_POINT('',(1.4,-1.000568145642,0.1705531762429));
#7118=CARTESIAN_POINT('',(1.4,-1.000568145642,0.1705531762429));
#7119=VECTOR('',#9155,1.0);
#7120=AXIS2_PLACEMENT_3D('',#9156,#9157,#9158);
#7121=CARTESIAN_POINT('',(1.4,-1.014929886308,0.01193004102676));
#7122=CARTESIAN_POINT('',(1.4,-1.014929886308,0.01193004102676));
#7123=VECTOR('',#9159,1.0);
#7124=AXIS2_PLACEMENT_3D('',#9160,#9161,#9162);
#7125=CARTESIAN_POINT('',(1.4,-1.000568145642,-0.1705531762429));
#7126=CARTESIAN_POINT('',(1.4,-1.000568145642,-0.1705531762429));
#7127=VECTOR('',#9163,1.0);
#7128=CARTESIAN_POINT('',(1.4,-1.004300684814,-0.146986851393));
#7129=CARTESIAN_POINT('',(1.4,-1.004300684814,-0.146986851393));
#7130=VECTOR('',#9164,1.0);
#7131=AXIS2_PLACEMENT_3D('',#9165,#9166,#9167);
#7132=CARTESIAN_POINT('',(1.4,-0.961569096535,-0.3249767262264));
#7133=CARTESIAN_POINT('',(1.4,-0.961569096535,-0.3249767262264));
#7134=VECTOR('',#9168,1.0);
#7135=CARTESIAN_POINT('',(1.4,-0.9689422673768,-0.30228443971));
#7136=CARTESIAN_POINT('',(1.4,-0.9689422673768,-0.30228443971));
#7137=VECTOR('',#9169,1.0);
#7138=AXIS2_PLACEMENT_3D('',#9170,#9171,#9172);
#7139=CARTESIAN_POINT('',(1.4,-0.8988930250065,-0.4713982706742));
#7140=CARTESIAN_POINT('',(1.4,-0.8988930250065,-0.4713982706742));
#7141=VECTOR('',#9173,1.0);
#7142=CARTESIAN_POINT('',(1.4,-0.9097252755818,-0.4501387818969));
#7143=CARTESIAN_POINT('',(1.4,-0.9097252755818,-0.4501387818969));
#7144=VECTOR('',#9174,1.0);
#7145=AXIS2_PLACEMENT_3D('',#9175,#9176,#9177);
#7146=CARTESIAN_POINT('',(1.4,-0.8140832239474,-0.6062124252169));
#7147=CARTESIAN_POINT('',(1.4,-0.8140832239474,-0.6062124252169));
#7148=VECTOR('',#9178,1.0);
#7149=CARTESIAN_POINT('',(1.4,-0.828107828297,-0.5869092133485));
#7150=CARTESIAN_POINT('',(1.4,-0.828107828297,-0.5869092133485));
#7151=VECTOR('',#9179,1.0);
#7152=AXIS2_PLACEMENT_3D('',#9180,#9181,#9182);
#7153=CARTESIAN_POINT('',(1.4,-0.7092279921274,-0.7260996179471));
#7154=CARTESIAN_POINT('',(1.4,-0.7092279921274,-0.7260996179471));
#7155=VECTOR('',#9183,1.0);
#7156=CARTESIAN_POINT('',(1.4,-0.7260996179471,-0.7092279921274));
#7157=CARTESIAN_POINT('',(1.4,-0.7260996179471,-0.7092279921274));
#7158=VECTOR('',#9184,1.0);
#7159=AXIS2_PLACEMENT_3D('',#9185,#9186,#9187);
#7160=CARTESIAN_POINT('',(1.4,-0.5869092133485,-0.828107828297));
#7161=CARTESIAN_POINT('',(1.4,-0.5869092133485,-0.828107828297));
#7162=VECTOR('',#9188,1.0);
#7163=CARTESIAN_POINT('',(1.4,-0.6062124252169,-0.8140832239474));
#7164=CARTESIAN_POINT('',(1.4,-0.6062124252169,-0.8140832239474));
#7165=VECTOR('',#9189,1.0);
#7166=AXIS2_PLACEMENT_3D('',#9190,#9191,#9192);
#7167=CARTESIAN_POINT('',(1.4,-0.4501387818969,-0.9097252755818));
#7168=CARTESIAN_POINT('',(1.4,-0.4501387818969,-0.9097252755818));
#7169=VECTOR('',#9193,1.0);
#7170=CARTESIAN_POINT('',(1.4,-0.4713982706742,-0.8988930250065));
#7171=CARTESIAN_POINT('',(1.4,-0.4713982706742,-0.8988930250065));
#7172=VECTOR('',#9194,1.0);
#7173=AXIS2_PLACEMENT_3D('',#9195,#9196,#9197);
#7174=CARTESIAN_POINT('',(1.4,-0.30228443971,-0.9689422673768));
#7175=CARTESIAN_POINT('',(1.4,-0.30228443971,-0.9689422673768));
#7176=VECTOR('',#9198,1.0);
#7177=CARTESIAN_POINT('',(1.4,-0.3249767262264,-0.961569096535));
#7178=CARTESIAN_POINT('',(1.4,-0.3249767262264,-0.961569096535));
#7179=VECTOR('',#9199,1.0);
#7180=AXIS2_PLACEMENT_3D('',#9200,#9201,#9202);
#7181=CARTESIAN_POINT('',(1.4,-0.146986851393,-1.004300684814));
#7182=CARTESIAN_POINT('',(1.4,-0.146986851393,-1.004300684814));
#7183=VECTOR('',#9203,1.0);
#7184=CARTESIAN_POINT('',(1.4,-0.1705531762429,-1.000568145642));
#7185=CARTESIAN_POINT('',(1.4,-0.1705531762429,-1.000568145642));
#7186=VECTOR('',#9204,1.0);
#7187=AXIS2_PLACEMENT_3D('',#9205,#9206,#9207);
#7188=CARTESIAN_POINT('',(1.4,0.01193004102676,-1.014929886308));
#7189=CARTESIAN_POINT('',(1.4,0.01193004102676,-1.014929886308));
#7190=VECTOR('',#9208,1.0);
#7191=CARTESIAN_POINT('',(1.4,-0.01193004102676,-1.014929886308));
#7192=CARTESIAN_POINT('',(1.4,-0.01193004102676,-1.014929886308));
#7193=VECTOR('',#9209,1.0);
#7194=AXIS2_PLACEMENT_3D('',#9210,#9211,#9212);
#7195=CARTESIAN_POINT('',(1.4,0.1705531762429,-1.000568145642));
#7196=CARTESIAN_POINT('',(1.4,0.1705531762429,-1.000568145642));
#7197=VECTOR('',#9213,1.0);
#7198=CARTESIAN_POINT('',(1.4,0.146986851393,-1.004300684814));
#7199=CARTESIAN_POINT('',(1.4,0.146986851393,-1.004300684814));
#7200=VECTOR('',#9214,1.0);
#7201=AXIS2_PLACEMENT_3D('',#9215,#9216,#9217);
#7202=CARTESIAN_POINT('',(1.4,0.3249767262264,-0.961569096535));
#7203=CARTESIAN_POINT('',(1.4,0.3249767262264,-0.961569096535));
#7204=VECTOR('',#9218,1.0);
#7205=CARTESIAN_POINT('',(1.4,0.30228443971,-0.9689422673768));
#7206=CARTESIAN_POINT('',(1.4,0.30228443971,-0.9689422673768));
#7207=VECTOR('',#9219,1.0);
#7208=AXIS2_PLACEMENT_3D('',#9220,#9221,#9222);
#7209=CARTESIAN_POINT('',(1.4,0.4713982706742,-0.8988930250065));
#7210=CARTESIAN_POINT('',(1.4,0.4713982706742,-0.8988930250065));
#7211=VECTOR('',#9223,1.0);
#7212=CARTESIAN_POINT('',(1.4,0.4501387818969,-0.9097252755818));
#7213=CARTESIAN_POINT('',(1.4,0.4501387818969,-0.9097252755818));
#7214=VECTOR('',#9224,1.0);
#7215=AXIS2_PLACEMENT_3D('',#9225,#9226,#9227);
#7216=CARTESIAN_POINT('',(1.4,0.6062124252169,-0.8140832239474));
#7217=CARTESIAN_POINT('',(1.4,0.6062124252169,-0.8140832239474));
#7218=VECTOR('',#9228,1.0);
#7219=CARTESIAN_POINT('',(1.4,0.5869092133485,-0.828107828297));
#7220=CARTESIAN_POINT('',(1.4,0.5869092133485,-0.828107828297));
#7221=VECTOR('',#9229,1.0);
#7222=AXIS2_PLACEMENT_3D('',#9230,#9231,#9232);
#7223=CARTESIAN_POINT('',(1.4,0.7260996179471,-0.7092279921274));
#7224=CARTESIAN_POINT('',(1.4,0.7260996179471,-0.7092279921274));
#7225=VECTOR('',#9233,1.0);
#7226=CARTESIAN_POINT('',(1.4,0.7092279921274,-0.7260996179471));
#7227=CARTESIAN_POINT('',(1.4,0.7092279921274,-0.7260996179471));
#7228=VECTOR('',#9234,1.0);
#7229=AXIS2_PLACEMENT_3D('',#9235,#9236,#9237);
#7230=CARTESIAN_POINT('',(1.4,0.828107828297,-0.5869092133485));
#7231=CARTESIAN_POINT('',(1.4,0.828107828297,-0.5869092133485));
#7232=VECTOR('',#9238,1.0);
#7233=CARTESIAN_POINT('',(1.4,0.8140832239474,-0.6062124252169));
#7234=CARTESIAN_POINT('',(1.4,0.8140832239474,-0.6062124252169));
#7235=VECTOR('',#9239,1.0);
#7236=AXIS2_PLACEMENT_3D('',#9240,#9241,#9242);
#7237=CARTESIAN_POINT('',(1.4,0.9097252755818,-0.4501387818969));
#7238=CARTESIAN_POINT('',(1.4,0.9097252755818,-0.4501387818969));
#7239=VECTOR('',#9243,1.0);
#7240=CARTESIAN_POINT('',(1.4,0.8988930250065,-0.4713982706742));
#7241=CARTESIAN_POINT('',(1.4,0.8988930250065,-0.4713982706742));
#7242=VECTOR('',#9244,1.0);
#7243=AXIS2_PLACEMENT_3D('',#9245,#9246,#9247);
#7244=CARTESIAN_POINT('',(1.4,0.9689422673768,-0.30228443971));
#7245=CARTESIAN_POINT('',(1.4,0.9689422673768,-0.30228443971));
#7246=VECTOR('',#9248,1.0);
#7247=CARTESIAN_POINT('',(1.4,0.961569096535,-0.3249767262264));
#7248=CARTESIAN_POINT('',(1.4,0.961569096535,-0.3249767262264));
#7249=VECTOR('',#9249,1.0);
#7250=AXIS2_PLACEMENT_3D('',#9250,#9251,#9252);
#7251=CARTESIAN_POINT('',(1.4,1.004300684814,-0.146986851393));
#7252=CARTESIAN_POINT('',(1.4,1.004300684814,-0.146986851393));
#7253=VECTOR('',#9253,1.0);
#7254=CARTESIAN_POINT('',(1.4,1.000568145642,-0.1705531762429));
#7255=CARTESIAN_POINT('',(1.4,1.000568145642,-0.1705531762429));
#7256=VECTOR('',#9254,1.0);
#7257=AXIS2_PLACEMENT_3D('',#9255,#9256,#9257);
#7258=CARTESIAN_POINT('',(1.4,1.014929886308,-0.01193004102676));
#7259=CARTESIAN_POINT('',(1.4,1.014929886308,-0.01193004102676));
#7260=VECTOR('',#9258,1.0);
#7261=AXIS2_PLACEMENT_3D('',#9259,#9260,#9261);
#7262=CARTESIAN_POINT('',(1.4,0.9420868803778,0.07414384546281));
#7263=CARTESIAN_POINT('',(1.4,0.9420868803778,0.07414384546281));
#7264=VECTOR('',#9262,0.0957948901317188);
#7265=AXIS2_PLACEMENT_3D('',#9263,#9264,#9265);
#7266=CARTESIAN_POINT('',(1.4,0.8730661582232,0.361635843585));
#7267=CARTESIAN_POINT('',(1.4,0.961569096535,0.3249767262264));
#7268=VECTOR('',#9266,0.0957948901317215);
#7269=CARTESIAN_POINT('',(1.4,0.9188895747758,0.2206058688438));
#7270=VECTOR('',#9267,0.0957948901317232);
#7271=AXIS2_PLACEMENT_3D('',#9268,#9269,#9270);
#7272=CARTESIAN_POINT('',(1.4,0.8057449553146,0.4937611436566));
#7273=CARTESIAN_POINT('',(1.4,0.8988930250065,0.4713982706742));
#7274=VECTOR('',#9271,0.0957948901317221);
#7275=CARTESIAN_POINT('',(1.4,0.8730661582232,0.361635843585));
#7276=VECTOR('',#9272,0.0957948901317215);
#7277=AXIS2_PLACEMENT_3D('',#9273,#9274,#9275);
#7278=CARTESIAN_POINT('',(1.4,0.718583637492,0.613728405672));
#7279=CARTESIAN_POINT('',(1.4,0.8140832239474,0.6062124252169));
#7280=VECTOR('',#9276,0.0957948901317173);
#7281=CARTESIAN_POINT('',(1.4,0.8057449553146,0.4937611436566));
#7282=VECTOR('',#9277,0.0957948901317221);
#7283=AXIS2_PLACEMENT_3D('',#9278,#9279,#9280);
#7284=CARTESIAN_POINT('',(1.4,0.613728405672,0.718583637492));
#7285=CARTESIAN_POINT('',(1.4,0.7092279921274,0.7260996179471));
#7286=VECTOR('',#9281,0.0957948901317173);
#7287=CARTESIAN_POINT('',(1.4,0.718583637492,0.613728405672));
#7288=VECTOR('',#9282,0.0957948901317173);
#7289=AXIS2_PLACEMENT_3D('',#9283,#9284,#9285);
#7290=CARTESIAN_POINT('',(1.4,0.4937611436566,0.8057449553146));
#7291=CARTESIAN_POINT('',(1.4,0.5869092133485,0.828107828297));
#7292=VECTOR('',#9286,0.0957948901317221);
#7293=CARTESIAN_POINT('',(1.4,0.613728405672,0.718583637492));
#7294=VECTOR('',#9287,0.0957948901317174);
#7295=AXIS2_PLACEMENT_3D('',#9288,#9289,#9290);
#7296=CARTESIAN_POINT('',(1.4,0.361635843585,0.8730661582232));
#7297=CARTESIAN_POINT('',(1.4,0.4501387818969,0.9097252755818));
#7298=VECTOR('',#9291,0.0957948901317215);
#7299=CARTESIAN_POINT('',(1.4,0.4937611436566,0.8057449553146));
#7300=VECTOR('',#9292,0.0957948901317221);
#7301=AXIS2_PLACEMENT_3D('',#9293,#9294,#9295);
#7302=CARTESIAN_POINT('',(1.4,0.2206058688438,0.9188895747758));
#7303=CARTESIAN_POINT('',(1.4,0.30228443971,0.9689422673768));
#7304=VECTOR('',#9296,0.0957948901317232);
#7305=CARTESIAN_POINT('',(1.4,0.361635843585,0.8730661582232));
#7306=VECTOR('',#9297,0.0957948901317215);
#7307=AXIS2_PLACEMENT_3D('',#9298,#9299,#9300);
#7308=CARTESIAN_POINT('',(1.4,0.07414384546281,0.9420868803778));
#7309=CARTESIAN_POINT('',(1.4,0.146986851393,1.004300684814));
#7310=VECTOR('',#9301,0.0957948901317188);
#7311=CARTESIAN_POINT('',(1.4,0.2206058688438,0.9188895747758));
#7312=VECTOR('',#9302,0.0957948901317182);
#7313=AXIS2_PLACEMENT_3D('',#9303,#9304,#9305);
#7314=CARTESIAN_POINT('',(1.4,-0.07414384546281,0.9420868803778));
#7315=CARTESIAN_POINT('',(1.4,-0.01193004102676,1.014929886308));
#7316=VECTOR('',#9306,0.0957948901317188);
#7317=CARTESIAN_POINT('',(1.4,0.07414384546281,0.9420868803778));
#7318=VECTOR('',#9307,0.0957948901317188);
#7319=AXIS2_PLACEMENT_3D('',#9308,#9309,#9310);
#7320=CARTESIAN_POINT('',(1.4,-0.2206058688438,0.9188895747758));
#7321=CARTESIAN_POINT('',(1.4,-0.1705531762429,1.000568145642));
#7322=VECTOR('',#9311,0.0957948901317182);
#7323=CARTESIAN_POINT('',(1.4,-0.07414384546281,0.9420868803778));
#7324=VECTOR('',#9312,0.0957948901317188);
#7325=AXIS2_PLACEMENT_3D('',#9313,#9314,#9315);
#7326=CARTESIAN_POINT('',(1.4,-0.361635843585,0.8730661582232));
#7327=CARTESIAN_POINT('',(1.4,-0.3249767262264,0.961569096535));
#7328=VECTOR('',#9316,0.0957948901317215);
#7329=CARTESIAN_POINT('',(1.4,-0.2206058688438,0.9188895747758));
#7330=VECTOR('',#9317,0.0957948901317182);
#7331=AXIS2_PLACEMENT_3D('',#9318,#9319,#9320);
#7332=CARTESIAN_POINT('',(1.4,-0.4937611436566,0.8057449553146));
#7333=CARTESIAN_POINT('',(1.4,-0.4713982706742,0.8988930250065));
#7334=VECTOR('',#9321,0.0957948901317221);
#7335=CARTESIAN_POINT('',(1.4,-0.361635843585,0.8730661582232));
#7336=VECTOR('',#9322,0.0957948901317215);
#7337=AXIS2_PLACEMENT_3D('',#9323,#9324,#9325);
#7338=CARTESIAN_POINT('',(1.4,-0.613728405672,0.718583637492));
#7339=CARTESIAN_POINT('',(1.4,-0.6062124252169,0.8140832239474));
#7340=VECTOR('',#9326,0.0957948901317174);
#7341=CARTESIAN_POINT('',(1.4,-0.4937611436566,0.8057449553146));
#7342=VECTOR('',#9327,0.0957948901317221);
#7343=AXIS2_PLACEMENT_3D('',#9328,#9329,#9330);
#7344=CARTESIAN_POINT('',(1.4,-0.718583637492,0.613728405672));
#7345=CARTESIAN_POINT('',(1.4,-0.7260996179471,0.7092279921274));
#7346=VECTOR('',#9331,0.0957948901317173);
#7347=CARTESIAN_POINT('',(1.4,-0.613728405672,0.718583637492));
#7348=VECTOR('',#9332,0.0957948901317173);
#7349=AXIS2_PLACEMENT_3D('',#9333,#9334,#9335);
#7350=CARTESIAN_POINT('',(1.4,-0.8057449553146,0.4937611436566));
#7351=CARTESIAN_POINT('',(1.4,-0.828107828297,0.5869092133485));
#7352=VECTOR('',#9336,0.0957948901317221);
#7353=CARTESIAN_POINT('',(1.4,-0.718583637492,0.613728405672));
#7354=VECTOR('',#9337,0.0957948901317174);
#7355=AXIS2_PLACEMENT_3D('',#9338,#9339,#9340);
#7356=CARTESIAN_POINT('',(1.4,-0.8730661582232,0.361635843585));
#7357=CARTESIAN_POINT('',(1.4,-0.9097252755818,0.4501387818969));
#7358=VECTOR('',#9341,0.0957948901317215);
#7359=CARTESIAN_POINT('',(1.4,-0.8057449553146,0.4937611436566));
#7360=VECTOR('',#9342,0.0957948901317221);
#7361=AXIS2_PLACEMENT_3D('',#9343,#9344,#9345);
#7362=CARTESIAN_POINT('',(1.4,-0.9188895747758,0.2206058688438));
#7363=CARTESIAN_POINT('',(1.4,-0.9689422673768,0.30228443971));
#7364=VECTOR('',#9346,0.0957948901317182);
#7365=CARTESIAN_POINT('',(1.4,-0.8730661582232,0.361635843585));
#7366=VECTOR('',#9347,0.0957948901317215);
#7367=AXIS2_PLACEMENT_3D('',#9348,#9349,#9350);
#7368=CARTESIAN_POINT('',(1.4,-0.9420868803778,0.07414384546281));
#7369=CARTESIAN_POINT('',(1.4,-1.004300684814,0.146986851393));
#7370=VECTOR('',#9351,0.0957948901317188);
#7371=CARTESIAN_POINT('',(1.4,-0.9188895747758,0.2206058688438));
#7372=VECTOR('',#9352,0.0957948901317182);
#7373=AXIS2_PLACEMENT_3D('',#9353,#9354,#9355);
#7374=CARTESIAN_POINT('',(1.4,-1.014929886308,-0.01193004102676));
#7375=VECTOR('',#9356,0.0957948901317188);
#7376=CARTESIAN_POINT('',(1.4,-0.9420868803778,0.07414384546281));
#7377=VECTOR('',#9357,0.0957948901317188);
#7378=AXIS2_PLACEMENT_3D('',#9358,#9359,#9360);
#7379=CARTESIAN_POINT('',(1.4,-1.000568145642,-0.1705531762429));
#7380=VECTOR('',#9361,0.0957948901317182);
#7381=CARTESIAN_POINT('',(1.4,-0.9420868803778,-0.07414384546281));
#7382=VECTOR('',#9362,0.0957948901317188);
#7383=CARTESIAN_POINT('',(1.4,-0.961569096535,-0.3249767262264));
#7384=VECTOR('',#9363,0.0957948901317215);
#7385=CARTESIAN_POINT('',(1.4,-0.9188895747758,-0.2206058688438));
#7386=VECTOR('',#9364,0.0957948901317182);
#7387=CARTESIAN_POINT('',(1.4,-0.8988930250065,-0.4713982706742));
#7388=VECTOR('',#9365,0.0957948901317221);
#7389=CARTESIAN_POINT('',(1.4,-0.8730661582232,-0.361635843585));
#7390=VECTOR('',#9366,0.0957948901317215);
#7391=CARTESIAN_POINT('',(1.4,-0.8140832239474,-0.6062124252169));
#7392=VECTOR('',#9367,0.0957948901317174);
#7393=CARTESIAN_POINT('',(1.4,-0.8057449553146,-0.4937611436566));
#7394=VECTOR('',#9368,0.0957948901317221);
#7395=CARTESIAN_POINT('',(1.4,-0.7092279921274,-0.7260996179471));
#7396=VECTOR('',#9369,0.0957948901317173);
#7397=CARTESIAN_POINT('',(1.4,-0.718583637492,-0.613728405672));
#7398=VECTOR('',#9370,0.0957948901317174);
#7399=CARTESIAN_POINT('',(1.4,-0.5869092133485,-0.828107828297));
#7400=VECTOR('',#9371,0.0957948901317221);
#7401=CARTESIAN_POINT('',(1.4,-0.613728405672,-0.718583637492));
#7402=VECTOR('',#9372,0.0957948901317173);
#7403=CARTESIAN_POINT('',(1.4,-0.4501387818969,-0.9097252755818));
#7404=VECTOR('',#9373,0.0957948901317215);
#7405=CARTESIAN_POINT('',(1.4,-0.4937611436566,-0.8057449553146));
#7406=VECTOR('',#9374,0.0957948901317221);
#7407=CARTESIAN_POINT('',(1.4,-0.30228443971,-0.9689422673768));
#7408=VECTOR('',#9375,0.0957948901317182);
#7409=CARTESIAN_POINT('',(1.4,-0.361635843585,-0.8730661582232));
#7410=VECTOR('',#9376,0.0957948901317215);
#7411=CARTESIAN_POINT('',(1.4,-0.146986851393,-1.004300684814));
#7412=VECTOR('',#9377,0.0957948901317188);
#7413=CARTESIAN_POINT('',(1.4,-0.2206058688438,-0.9188895747758));
#7414=VECTOR('',#9378,0.0957948901317182);
#7415=CARTESIAN_POINT('',(1.4,0.01193004102676,-1.014929886308));
#7416=VECTOR('',#9379,0.0957948901317188);
#7417=CARTESIAN_POINT('',(1.4,-0.07414384546281,-0.9420868803778));
#7418=VECTOR('',#9380,0.0957948901317188);
#7419=CARTESIAN_POINT('',(1.4,0.1705531762429,-1.000568145642));
#7420=VECTOR('',#9381,0.0957948901317182);
#7421=CARTESIAN_POINT('',(1.4,0.07414384546281,-0.9420868803778));
#7422=VECTOR('',#9382,0.0957948901317188);
#7423=CARTESIAN_POINT('',(1.4,0.3249767262264,-0.961569096535));
#7424=VECTOR('',#9383,0.0957948901317215);
#7425=CARTESIAN_POINT('',(1.4,0.2206058688438,-0.9188895747758));
#7426=VECTOR('',#9384,0.0957948901317232);
#7427=CARTESIAN_POINT('',(1.4,0.4713982706742,-0.8988930250065));
#7428=VECTOR('',#9385,0.0957948901317221);
#7429=CARTESIAN_POINT('',(1.4,0.361635843585,-0.8730661582232));
#7430=VECTOR('',#9386,0.0957948901317215);
#7431=CARTESIAN_POINT('',(1.4,0.6062124252169,-0.8140832239474));
#7432=VECTOR('',#9387,0.0957948901317174);
#7433=CARTESIAN_POINT('',(1.4,0.4937611436566,-0.8057449553146));
#7434=VECTOR('',#9388,0.0957948901317221);
#7435=CARTESIAN_POINT('',(1.4,0.7260996179471,-0.7092279921274));
#7436=VECTOR('',#9389,0.0957948901317173);
#7437=CARTESIAN_POINT('',(1.4,0.613728405672,-0.718583637492));
#7438=VECTOR('',#9390,0.0957948901317174);
#7439=CARTESIAN_POINT('',(1.4,0.828107828297,-0.5869092133485));
#7440=VECTOR('',#9391,0.0957948901317221);
#7441=CARTESIAN_POINT('',(1.4,0.718583637492,-0.613728405672));
#7442=VECTOR('',#9392,0.0957948901317174);
#7443=CARTESIAN_POINT('',(1.4,0.9097252755818,-0.4501387818969));
#7444=VECTOR('',#9393,0.0957948901317215);
#7445=CARTESIAN_POINT('',(1.4,0.8057449553146,-0.4937611436566));
#7446=VECTOR('',#9394,0.0957948901317221);
#7447=CARTESIAN_POINT('',(1.4,0.9689422673768,-0.30228443971));
#7448=VECTOR('',#9395,0.0957948901317182);
#7449=CARTESIAN_POINT('',(1.4,0.8730661582232,-0.361635843585));
#7450=VECTOR('',#9396,0.0957948901317215);
#7451=CARTESIAN_POINT('',(1.4,1.004300684814,-0.146986851393));
#7452=VECTOR('',#9397,0.0957948901317188);
#7453=CARTESIAN_POINT('',(1.4,0.9188895747758,-0.2206058688438));
#7454=VECTOR('',#9398,0.0957948901317182);
#7455=CARTESIAN_POINT('',(1.4,0.9420868803778,-0.07414384546281));
#7456=VECTOR('',#9399,0.0957948901317188);
#7457=AXIS2_PLACEMENT_3D('',#9400,#9401,#9402);
#7458=CARTESIAN_POINT('',(1.4,1.014929886308,0.01193004102676));
#7459=VECTOR('',#9403,0.0957948901317188);
#7460=AXIS2_PLACEMENT_3D('',#9404,#9405,#9406);
#7461=AXIS2_PLACEMENT_3D('',#9407,#9408,#9409);
#7462=AXIS2_PLACEMENT_3D('',#9410,#9411,#9412);
#7463=AXIS2_PLACEMENT_3D('',#9413,#9414,#9415);
#7464=AXIS2_PLACEMENT_3D('',#9416,#9417,#9418);
#7465=AXIS2_PLACEMENT_3D('',#9419,#9420,#9421);
#7466=AXIS2_PLACEMENT_3D('',#9422,#9423,#9424);
#7467=AXIS2_PLACEMENT_3D('',#9425,#9426,#9427);
#7468=AXIS2_PLACEMENT_3D('',#9428,#9429,#9430);
#7469=AXIS2_PLACEMENT_3D('',#9431,#9432,#9433);
#7470=CARTESIAN_POINT('',(2.4,0.9420868803778,0.07414384546281));
#7471=CARTESIAN_POINT('',(2.4,0.9420868803778,0.07414384546281));
#7472=VECTOR('',#9434,0.00705255690943391);
#7473=CARTESIAN_POINT('',(1.4,0.9420868803778,0.07414384546281));
#7474=VECTOR('',#9435,1.0);
#7475=CARTESIAN_POINT('',(2.4,0.9474496867245,0.06956357614224));
#7476=VECTOR('',#9436,0.00705255690943445);
#7477=CARTESIAN_POINT('',(2.4,0.8730661582232,0.361635843585));
#7478=CARTESIAN_POINT('',(1.4,0.8730661582232,0.361635843585));
#7479=VECTOR('',#9437,1.0);
#7480=CARTESIAN_POINT('',(2.4,0.8795818712037,0.3589369469));
#7481=VECTOR('',#9438,0.00705255690943411);
#7482=CARTESIAN_POINT('',(2.4,0.8730661582232,0.361635843585));
#7483=VECTOR('',#9439,0.00705255690943411);
#7484=CARTESIAN_POINT('',(2.4,0.9188895747758,0.2206058688438));
#7485=VECTOR('',#9440,0.00705255690943424);
#7486=CARTESIAN_POINT('',(2.4,0.8057449553146,0.4937611436566));
#7487=CARTESIAN_POINT('',(1.4,0.8057449553146,0.4937611436566));
#7488=VECTOR('',#9441,1.0);
#7489=CARTESIAN_POINT('',(2.4,0.8126026495152,0.4921147569427));
#7490=VECTOR('',#9442,0.00705255690943415);
#7491=CARTESIAN_POINT('',(2.4,0.8057449553146,0.4937611436566));
#7492=VECTOR('',#9443,0.00705255690943415);
#7493=CARTESIAN_POINT('',(2.4,0.718583637492,0.613728405672));
#7494=CARTESIAN_POINT('',(1.4,0.718583637492,0.613728405672));
#7495=VECTOR('',#9444,1.0);
#7496=CARTESIAN_POINT('',(2.4,0.7256144537222,0.6131750684343));
#7497=VECTOR('',#9445,0.00705255690943381);
#7498=CARTESIAN_POINT('',(2.4,0.718583637492,0.613728405672));
#7499=VECTOR('',#9446,0.00705255690943382);
#7500=CARTESIAN_POINT('',(2.4,0.613728405672,0.718583637492));
#7501=CARTESIAN_POINT('',(1.4,0.613728405672,0.718583637492));
#7502=VECTOR('',#9447,1.0);
#7503=CARTESIAN_POINT('',(2.4,0.6207592219022,0.7191369747297));
#7504=VECTOR('',#9448,0.00705255690943382);
#7505=CARTESIAN_POINT('',(2.4,0.613728405672,0.718583637492));
#7506=VECTOR('',#9449,0.00705255690943381);
#7507=CARTESIAN_POINT('',(2.4,0.4937611436566,0.8057449553146));
#7508=CARTESIAN_POINT('',(1.4,0.4937611436566,0.8057449553146));
#7509=VECTOR('',#9450,1.0);
#7510=CARTESIAN_POINT('',(2.4,0.5006188378572,0.8073913420285));
#7511=VECTOR('',#9451,0.00705255690943415);
#7512=CARTESIAN_POINT('',(2.4,0.4937611436566,0.8057449553146));
#7513=VECTOR('',#9452,0.00705255690943415);
#7514=CARTESIAN_POINT('',(2.4,0.361635843585,0.8730661582232));
#7515=CARTESIAN_POINT('',(1.4,0.361635843585,0.8730661582232));
#7516=VECTOR('',#9453,1.0);
#7517=CARTESIAN_POINT('',(2.4,0.3681515565655,0.8757650549082));
#7518=VECTOR('',#9454,0.00705255690943411);
#7519=CARTESIAN_POINT('',(2.4,0.361635843585,0.8730661582232));
#7520=VECTOR('',#9455,0.00705255690943411);
#7521=CARTESIAN_POINT('',(2.4,0.2206058688438,0.9188895747758));
#7522=CARTESIAN_POINT('',(1.4,0.2206058688438,0.9188895747758));
#7523=VECTOR('',#9456,1.0);
#7524=CARTESIAN_POINT('',(2.4,0.2266191621262,0.9225745256386));
#7525=VECTOR('',#9457,0.00705255690943424);
#7526=CARTESIAN_POINT('',(2.4,0.2206058688438,0.9188895747758));
#7527=VECTOR('',#9458,0.00705255690943387);
#7528=CARTESIAN_POINT('',(2.4,0.07414384546281,0.9420868803778));
#7529=CARTESIAN_POINT('',(1.4,0.07414384546281,0.9420868803778));
#7530=VECTOR('',#9459,1.0);
#7531=CARTESIAN_POINT('',(2.4,0.07950665180948,0.9466671496984));
#7532=VECTOR('',#9460,0.00705255690943391);
#7533=CARTESIAN_POINT('',(2.4,0.07414384546281,0.9420868803778));
#7534=VECTOR('',#9461,0.00705255690943391);
#7535=CARTESIAN_POINT('',(2.4,-0.07414384546281,0.9420868803778));
#7536=CARTESIAN_POINT('',(1.4,-0.07414384546281,0.9420868803778));
#7537=VECTOR('',#9462,1.0);
#7538=CARTESIAN_POINT('',(2.4,-0.06956357614224,0.9474496867245));
#7539=VECTOR('',#9463,0.00705255690943445);
#7540=CARTESIAN_POINT('',(2.4,-0.07414384546281,0.9420868803778));
#7541=VECTOR('',#9464,0.00705255690943391);
#7542=CARTESIAN_POINT('',(2.4,-0.2206058688438,0.9188895747758));
#7543=CARTESIAN_POINT('',(1.4,-0.2206058688438,0.9188895747758));
#7544=VECTOR('',#9465,1.0);
#7545=CARTESIAN_POINT('',(2.4,-0.2169209179811,0.9249028680582));
#7546=VECTOR('',#9466,0.00705255690943387);
#7547=CARTESIAN_POINT('',(2.4,-0.2206058688438,0.9188895747758));
#7548=VECTOR('',#9467,0.00705255690943424);
#7549=CARTESIAN_POINT('',(2.4,-0.361635843585,0.8730661582232));
#7550=CARTESIAN_POINT('',(1.4,-0.361635843585,0.8730661582232));
#7551=VECTOR('',#9468,1.0);
#7552=CARTESIAN_POINT('',(2.4,-0.3589369469,0.8795818712037));
#7553=VECTOR('',#9469,0.00705255690943411);
#7554=CARTESIAN_POINT('',(2.4,-0.361635843585,0.8730661582232));
#7555=VECTOR('',#9470,0.00705255690943411);
#7556=CARTESIAN_POINT('',(2.4,-0.4937611436566,0.8057449553146));
#7557=CARTESIAN_POINT('',(1.4,-0.4937611436566,0.8057449553146));
#7558=VECTOR('',#9471,1.0);
#7559=CARTESIAN_POINT('',(2.4,-0.4921147569427,0.8126026495152));
#7560=VECTOR('',#9472,0.00705255690943415);
#7561=CARTESIAN_POINT('',(2.4,-0.4937611436566,0.8057449553146));
#7562=VECTOR('',#9473,0.00705255690943415);
#7563=CARTESIAN_POINT('',(2.4,-0.613728405672,0.718583637492));
#7564=CARTESIAN_POINT('',(1.4,-0.613728405672,0.718583637492));
#7565=VECTOR('',#9474,1.0);
#7566=CARTESIAN_POINT('',(2.4,-0.6131750684343,0.7256144537222));
#7567=VECTOR('',#9475,0.0070525569094338);
#7568=CARTESIAN_POINT('',(2.4,-0.613728405672,0.718583637492));
#7569=VECTOR('',#9476,0.00705255690943381);
#7570=CARTESIAN_POINT('',(2.4,-0.718583637492,0.613728405672));
#7571=CARTESIAN_POINT('',(1.4,-0.718583637492,0.613728405672));
#7572=VECTOR('',#9477,1.0);
#7573=CARTESIAN_POINT('',(2.4,-0.7191369747297,0.6207592219022));
#7574=VECTOR('',#9478,0.00705255690943381);
#7575=CARTESIAN_POINT('',(2.4,-0.718583637492,0.613728405672));
#7576=VECTOR('',#9479,0.00705255690943381);
#7577=CARTESIAN_POINT('',(2.4,-0.8057449553146,0.4937611436566));
#7578=CARTESIAN_POINT('',(1.4,-0.8057449553146,0.4937611436566));
#7579=VECTOR('',#9480,1.0);
#7580=CARTESIAN_POINT('',(2.4,-0.8073913420285,0.5006188378572));
#7581=VECTOR('',#9481,0.00705255690943415);
#7582=CARTESIAN_POINT('',(2.4,-0.8057449553146,0.4937611436566));
#7583=VECTOR('',#9482,0.00705255690943415);
#7584=CARTESIAN_POINT('',(2.4,-0.8730661582232,0.361635843585));
#7585=CARTESIAN_POINT('',(1.4,-0.8730661582232,0.361635843585));
#7586=VECTOR('',#9483,1.0);
#7587=CARTESIAN_POINT('',(2.4,-0.8757650549082,0.3681515565655));
#7588=VECTOR('',#9484,0.00705255690943411);
#7589=CARTESIAN_POINT('',(2.4,-0.8730661582232,0.361635843585));
#7590=VECTOR('',#9485,0.00705255690943411);
#7591=CARTESIAN_POINT('',(2.4,-0.9188895747758,0.2206058688438));
#7592=CARTESIAN_POINT('',(1.4,-0.9188895747758,0.2206058688438));
#7593=VECTOR('',#9486,1.0);
#7594=CARTESIAN_POINT('',(2.4,-0.9225745256386,0.2266191621262));
#7595=VECTOR('',#9487,0.00705255690943424);
#7596=CARTESIAN_POINT('',(2.4,-0.9188895747758,0.2206058688438));
#7597=VECTOR('',#9488,0.00705255690943387);
#7598=CARTESIAN_POINT('',(2.4,-0.9420868803778,0.07414384546281));
#7599=CARTESIAN_POINT('',(1.4,-0.9420868803778,0.07414384546281));
#7600=VECTOR('',#9489,1.0);
#7601=CARTESIAN_POINT('',(2.4,-0.9466671496984,0.07950665180948));
#7602=VECTOR('',#9490,0.00705255690943391);
#7603=CARTESIAN_POINT('',(2.4,-0.9420868803778,0.07414384546281));
#7604=VECTOR('',#9491,0.00705255690943445);
#7605=CARTESIAN_POINT('',(2.4,-0.9420868803778,-0.07414384546281));
#7606=CARTESIAN_POINT('',(1.4,-0.9420868803778,-0.07414384546281));
#7607=VECTOR('',#9492,1.0);
#7608=CARTESIAN_POINT('',(2.4,-0.9474496867245,-0.06956357614224));
#7609=VECTOR('',#9493,0.00705255690943445);
#7610=CARTESIAN_POINT('',(2.4,-0.9420868803778,-0.07414384546281));
#7611=VECTOR('',#9494,0.00705255690943391);
#7612=CARTESIAN_POINT('',(2.4,0.9420868803778,-0.07414384546281));
#7613=CARTESIAN_POINT('',(2.4,0.9466671496984,-0.07950665180948));
#7614=VECTOR('',#9495,0.00705255690943391);
#7615=CARTESIAN_POINT('',(2.4,0.9420868803778,-0.07414384546281));
#7616=VECTOR('',#9496,0.00705255690943391);
#7617=CARTESIAN_POINT('',(1.4,0.9420868803778,-0.07414384546281));
#7618=VECTOR('',#9497,1.0);
#7619=CARTESIAN_POINT('',(2.4,0.9188895747758,-0.2206058688438));
#7620=CARTESIAN_POINT('',(2.4,0.9225745256386,-0.2266191621262));
#7621=VECTOR('',#9498,0.00705255690943424);
#7622=CARTESIAN_POINT('',(2.4,0.9188895747758,-0.2206058688438));
#7623=VECTOR('',#9499,0.00705255690943387);
#7624=CARTESIAN_POINT('',(1.4,0.9188895747758,-0.2206058688438));
#7625=VECTOR('',#9500,1.0);
#7626=CARTESIAN_POINT('',(2.4,0.8730661582232,-0.361635843585));
#7627=CARTESIAN_POINT('',(2.4,0.8757650549082,-0.3681515565655));
#7628=VECTOR('',#9501,0.00705255690943411);
#7629=CARTESIAN_POINT('',(2.4,0.8730661582232,-0.361635843585));
#7630=VECTOR('',#9502,0.00705255690943411);
#7631=CARTESIAN_POINT('',(1.4,0.8730661582232,-0.361635843585));
#7632=VECTOR('',#9503,1.0);
#7633=CARTESIAN_POINT('',(2.4,0.8057449553146,-0.4937611436566));
#7634=CARTESIAN_POINT('',(2.4,0.8073913420285,-0.5006188378572));
#7635=VECTOR('',#9504,0.00705255690943415);
#7636=CARTESIAN_POINT('',(2.4,0.8057449553146,-0.4937611436566));
#7637=VECTOR('',#9505,0.00705255690943415);
#7638=CARTESIAN_POINT('',(1.4,0.8057449553146,-0.4937611436566));
#7639=VECTOR('',#9506,1.0);
#7640=CARTESIAN_POINT('',(2.4,0.718583637492,-0.613728405672));
#7641=CARTESIAN_POINT('',(2.4,0.7191369747297,-0.6207592219022));
#7642=VECTOR('',#9507,0.00705255690943382);
#7643=CARTESIAN_POINT('',(2.4,0.718583637492,-0.613728405672));
#7644=VECTOR('',#9508,0.0070525569094338);
#7645=CARTESIAN_POINT('',(1.4,0.718583637492,-0.613728405672));
#7646=VECTOR('',#9509,1.0);
#7647=CARTESIAN_POINT('',(2.4,0.613728405672,-0.718583637492));
#7648=CARTESIAN_POINT('',(2.4,0.6131750684343,-0.7256144537222));
#7649=VECTOR('',#9510,0.0070525569094338);
#7650=CARTESIAN_POINT('',(2.4,0.613728405672,-0.718583637492));
#7651=VECTOR('',#9511,0.0070525569094338);
#7652=CARTESIAN_POINT('',(1.4,0.613728405672,-0.718583637492));
#7653=VECTOR('',#9512,1.0);
#7654=CARTESIAN_POINT('',(2.4,0.4937611436566,-0.8057449553146));
#7655=CARTESIAN_POINT('',(2.4,0.4921147569427,-0.8126026495152));
#7656=VECTOR('',#9513,0.00705255690943415);
#7657=CARTESIAN_POINT('',(2.4,0.4937611436566,-0.8057449553146));
#7658=VECTOR('',#9514,0.00705255690943415);
#7659=CARTESIAN_POINT('',(1.4,0.4937611436566,-0.8057449553146));
#7660=VECTOR('',#9515,1.0);
#7661=CARTESIAN_POINT('',(2.4,0.361635843585,-0.8730661582232));
#7662=CARTESIAN_POINT('',(2.4,0.3589369469,-0.8795818712037));
#7663=VECTOR('',#9516,0.00705255690943411);
#7664=CARTESIAN_POINT('',(2.4,0.361635843585,-0.8730661582232));
#7665=VECTOR('',#9517,0.00705255690943411);
#7666=CARTESIAN_POINT('',(1.4,0.361635843585,-0.8730661582232));
#7667=VECTOR('',#9518,1.0);
#7668=CARTESIAN_POINT('',(2.4,0.2206058688438,-0.9188895747758));
#7669=CARTESIAN_POINT('',(2.4,0.2169209179811,-0.9249028680582));
#7670=VECTOR('',#9519,0.00705255690943387);
#7671=CARTESIAN_POINT('',(2.4,0.2206058688438,-0.9188895747758));
#7672=VECTOR('',#9520,0.00705255690943424);
#7673=CARTESIAN_POINT('',(1.4,0.2206058688438,-0.9188895747758));
#7674=VECTOR('',#9521,1.0);
#7675=CARTESIAN_POINT('',(2.4,0.07414384546281,-0.9420868803778));
#7676=CARTESIAN_POINT('',(2.4,0.06956357614224,-0.9474496867245));
#7677=VECTOR('',#9522,0.00705255690943445);
#7678=CARTESIAN_POINT('',(2.4,0.07414384546281,-0.9420868803778));
#7679=VECTOR('',#9523,0.00705255690943391);
#7680=CARTESIAN_POINT('',(1.4,0.07414384546281,-0.9420868803778));
#7681=VECTOR('',#9524,1.0);
#7682=CARTESIAN_POINT('',(2.4,-0.07414384546281,-0.9420868803778));
#7683=CARTESIAN_POINT('',(2.4,-0.07950665180948,-0.9466671496984));
#7684=VECTOR('',#9525,0.00705255690943391);
#7685=CARTESIAN_POINT('',(2.4,-0.07414384546281,-0.9420868803778));
#7686=VECTOR('',#9526,0.00705255690943445);
#7687=CARTESIAN_POINT('',(1.4,-0.07414384546281,-0.9420868803778));
#7688=VECTOR('',#9527,1.0);
#7689=CARTESIAN_POINT('',(2.4,-0.2206058688438,-0.9188895747758));
#7690=CARTESIAN_POINT('',(2.4,-0.2266191621262,-0.9225745256386));
#7691=VECTOR('',#9528,0.00705255690943424);
#7692=CARTESIAN_POINT('',(2.4,-0.2206058688438,-0.9188895747758));
#7693=VECTOR('',#9529,0.00705255690943387);
#7694=CARTESIAN_POINT('',(1.4,-0.2206058688438,-0.9188895747758));
#7695=VECTOR('',#9530,1.0);
#7696=CARTESIAN_POINT('',(2.4,-0.361635843585,-0.8730661582232));
#7697=CARTESIAN_POINT('',(2.4,-0.3681515565655,-0.8757650549082));
#7698=VECTOR('',#9531,0.00705255690943411);
#7699=CARTESIAN_POINT('',(2.4,-0.361635843585,-0.8730661582232));
#7700=VECTOR('',#9532,0.00705255690943411);
#7701=CARTESIAN_POINT('',(1.4,-0.361635843585,-0.8730661582232));
#7702=VECTOR('',#9533,1.0);
#7703=CARTESIAN_POINT('',(2.4,-0.4937611436566,-0.8057449553146));
#7704=CARTESIAN_POINT('',(2.4,-0.5006188378572,-0.8073913420285));
#7705=VECTOR('',#9534,0.00705255690943415);
#7706=CARTESIAN_POINT('',(2.4,-0.4937611436566,-0.8057449553146));
#7707=VECTOR('',#9535,0.00705255690943415);
#7708=CARTESIAN_POINT('',(1.4,-0.4937611436566,-0.8057449553146));
#7709=VECTOR('',#9536,1.0);
#7710=CARTESIAN_POINT('',(2.4,-0.613728405672,-0.718583637492));
#7711=CARTESIAN_POINT('',(2.4,-0.6207592219022,-0.7191369747297));
#7712=VECTOR('',#9537,0.00705255690943378);
#7713=CARTESIAN_POINT('',(2.4,-0.613728405672,-0.718583637492));
#7714=VECTOR('',#9538,0.0070525569094338);
#7715=CARTESIAN_POINT('',(1.4,-0.613728405672,-0.718583637492));
#7716=VECTOR('',#9539,1.0);
#7717=CARTESIAN_POINT('',(2.4,-0.718583637492,-0.613728405672));
#7718=CARTESIAN_POINT('',(2.4,-0.7256144537222,-0.6131750684343));
#7719=VECTOR('',#9540,0.00705255690943381);
#7720=CARTESIAN_POINT('',(2.4,-0.718583637492,-0.613728405672));
#7721=VECTOR('',#9541,0.00705255690943381);
#7722=CARTESIAN_POINT('',(1.4,-0.718583637492,-0.613728405672));
#7723=VECTOR('',#9542,1.0);
#7724=CARTESIAN_POINT('',(2.4,-0.8057449553146,-0.4937611436566));
#7725=CARTESIAN_POINT('',(2.4,-0.8126026495152,-0.4921147569427));
#7726=VECTOR('',#9543,0.00705255690943315);
#7727=CARTESIAN_POINT('',(2.4,-0.8057449553146,-0.4937611436566));
#7728=VECTOR('',#9544,0.00705255690943415);
#7729=CARTESIAN_POINT('',(1.4,-0.8057449553146,-0.4937611436566));
#7730=VECTOR('',#9545,1.0);
#7731=CARTESIAN_POINT('',(2.4,-0.8730661582232,-0.361635843585));
#7732=CARTESIAN_POINT('',(2.4,-0.8795818712037,-0.3589369469));
#7733=VECTOR('',#9546,0.00705255690943411);
#7734=CARTESIAN_POINT('',(2.4,-0.8730661582232,-0.361635843585));
#7735=VECTOR('',#9547,0.00705255690943411);
#7736=CARTESIAN_POINT('',(1.4,-0.8730661582232,-0.361635843585));
#7737=VECTOR('',#9548,1.0);
#7738=CARTESIAN_POINT('',(2.4,-0.9188895747758,-0.2206058688438));
#7739=CARTESIAN_POINT('',(2.4,-0.9249028680582,-0.2169209179811));
#7740=VECTOR('',#9549,0.00705255690943424);
#7741=CARTESIAN_POINT('',(2.4,-0.9188895747758,-0.2206058688438));
#7742=VECTOR('',#9550,0.00705255690943424);
#7743=CARTESIAN_POINT('',(1.4,-0.9188895747758,-0.2206058688438));
#7744=VECTOR('',#9551,1.0);
#7745=CARTESIAN_POINT('',(0.45,-4.26817599894361E-17,0.697));
#7746=CARTESIAN_POINT('',(0.6232050807569,1.09664706277744E-16,0.597));
#7747=CARTESIAN_POINT('',(0.5366025403784,-3.96199407649428E-17,0.647));
#7748=VECTOR('',#9552,1.0);
#7749=CARTESIAN_POINT('',(0.45,0.025,-0.6965515056333));
#7750=AXIS2_PLACEMENT_3D('',#9553,#9554,#9555);
#7751=CARTESIAN_POINT('',(0.6232050807569,0.025,-0.5964763197311));
#7753=CARTESIAN_POINT('',(0.450000000000427,0.025,-0.696551505633016));
#7754=CARTESIAN_POINT('',(0.543305230883815,0.025,-0.642647019872859));
#7755=CARTESIAN_POINT('',(0.623205080756946,0.025,-0.596476319731077));
#7762=AXIS2_PLACEMENT_3D('',#9556,#9557,#9558);
#7763=CARTESIAN_POINT('',(1.15,1.09664706277744E-16,0.597));
#7764=CARTESIAN_POINT('',(1.15,1.09664706277744E-16,0.597));
#7765=VECTOR('',#9559,1.0);
#7766=CARTESIAN_POINT('',(1.15,0.025,-0.5964763197311));
#7767=CARTESIAN_POINT('',(1.15,0.025,-0.5964763197311));
#7768=VECTOR('',#9560,0.5267949192431);
#7769=CARTESIAN_POINT('',(1.15000000504925,0.177829705470972,-0.569899747182629));
#7770=AXIS2_PLACEMENT_3D('',#9561,#9562,#9563);
#7771=CARTESIAN_POINT('',(1.14999999980426,0.569898749493477,-0.177832363133538));
#7772=CARTESIAN_POINT('',(1.14999999921396,0.569898802219185,-0.177832379585773));
#7773=CARTESIAN_POINT('',(1.14996886563331,0.555599807116626,-0.223656318965472));
#7774=CARTESIAN_POINT('',(1.14941971446667,0.535821489437351,-0.267650012711952));
#7775=CARTESIAN_POINT('',(1.14946844137846,0.485880884386187,-0.350217503336042));
#7776=CARTESIAN_POINT('',(1.150000013455,0.456109687405432,-0.388175971198698));
#7777=CARTESIAN_POINT('',(1.14999998654498,0.388173807264452,-0.456111527599949));
#7778=CARTESIAN_POINT('',(1.14946842582464,0.35021519939221,-0.485882546457186));
#7779=CARTESIAN_POINT('',(1.14941972895928,0.267650473981323,-0.535820941403996));
#7780=CARTESIAN_POINT('',(1.14996889994912,0.223650648005837,-0.555601815399188));
#7781=CARTESIAN_POINT('',(1.15000000105126,0.177829674038072,-0.569899646456736));
#7782=CARTESIAN_POINT('',(1.14999999853676,0.569899030988343,0.177831593587379));
#7783=AXIS2_PLACEMENT_3D('',#9564,#9565,#9566);
#7784=CARTESIAN_POINT('',(1.14999999852059,0.177831597562553,0.569899029572444));
#7785=CARTESIAN_POINT('',(1.14999999974198,0.177831602303551,0.569899044763326));
#7786=CARTESIAN_POINT('',(1.14996887493414,0.223655512477697,0.555600127358636));
#7787=CARTESIAN_POINT('',(1.1494197195398,0.267649137487431,0.535821913062376));
#7788=CARTESIAN_POINT('',(1.14946843521848,0.350216519084852,0.485881585258422));
#7789=CARTESIAN_POINT('',(1.15000000002001,0.388174968028727,0.456110528948739));
#7790=CARTESIAN_POINT('',(1.14999999997998,0.456110531686,0.388174964809908));
#7791=CARTESIAN_POINT('',(1.14946843519535,0.485881587730728,0.350216515657772));
#7792=CARTESIAN_POINT('',(1.14941971955884,0.535821914830295,0.26764913390283));
#7793=CARTESIAN_POINT('',(1.14996887498197,0.555600128861886,0.223655508798394));
#7794=CARTESIAN_POINT('',(1.14999999974472,0.569899046019315,0.17783159827847));
#7795=AXIS2_PLACEMENT_3D('',#9567,#9568,#9569);
#7796=CARTESIAN_POINT('',(1.15,1.42362055888194E-16,0.775));
#7797=CARTESIAN_POINT('',(0.45,1.42362055888194E-16,0.775));
#7798=CARTESIAN_POINT('',(1.15,1.42362055888194E-16,0.775));
#7799=VECTOR('',#9570,1.0);
#7800=CARTESIAN_POINT('',(1.15000000781988,0.230851491160455,0.739819342005158));
#7801=AXIS2_PLACEMENT_3D('',#9571,#9572,#9573);
#7802=CARTESIAN_POINT('',(1.15000000637496,0.739819356604978,0.230851495695128));
#7803=CARTESIAN_POINT('',(1.15000000092661,0.739819299038895,0.23085147772886));
#7804=CARTESIAN_POINT('',(1.14996197242581,0.72125172020429,0.290355767211473));
#7805=CARTESIAN_POINT('',(1.14926347194483,0.69556654510559,0.347473250403662));
#7806=CARTESIAN_POINT('',(1.14931251550937,0.630753601985023,0.454633271537632));
#7807=CARTESIAN_POINT('',(1.1500000216283,0.592104036267562,0.503911734765994));
#7808=CARTESIAN_POINT('',(1.14999997837135,0.503907540775377,0.592107709855604));
#7809=CARTESIAN_POINT('',(1.14931247528629,0.454627970926453,0.630757526370486));
#7810=CARTESIAN_POINT('',(1.14926350787465,0.347469071265524,0.695568353437987));
#7811=CARTESIAN_POINT('',(1.14996197363842,0.29035386950207,0.721252312359462));
#7812=CARTESIAN_POINT('',(1.1500000009266,0.230851477747174,0.73981929903318));
#7813=CARTESIAN_POINT('',(1.15000000318253,0.739819088865142,-0.230852252691374));
#7814=AXIS2_PLACEMENT_3D('',#9574,#9575,#9576);
#7815=CARTESIAN_POINT('',(1.1499999971774,0.230853768024207,-0.739818556856448));
#7816=CARTESIAN_POINT('',(1.14999999945744,0.230853775850997,-0.73981858193434));
#7817=CARTESIAN_POINT('',(1.14996194695347,0.290357384444074,-0.721251012727636));
#7818=CARTESIAN_POINT('',(1.14926346895174,0.347474300047237,-0.695565976280259));
#7819=CARTESIAN_POINT('',(1.14931251912906,0.454633599582203,-0.630753337626058));
#7820=CARTESIAN_POINT('',(1.15000002029515,0.503911826005272,-0.592103928990143));
#7821=CARTESIAN_POINT('',(1.14999997970504,0.592106285632215,-0.503908981044601));
#7822=CARTESIAN_POINT('',(1.14931250548129,0.630755111443822,-0.454631059173977));
#7823=CARTESIAN_POINT('',(1.14926348055439,0.69556692403482,-0.34747234022381));
#7824=CARTESIAN_POINT('',(1.14996196436138,0.721251691839498,-0.290355641456709));
#7825=CARTESIAN_POINT('',(1.15000000043704,0.739819060029218,-0.230852243691685));
#7826=CARTESIAN_POINT('',(1.15,0.025,-0.7745966692415));
#7827=AXIS2_PLACEMENT_3D('',#9577,#9578,#9579);
#7828=CARTESIAN_POINT('',(0.45,0.025,-0.7745966692415));
#7829=CARTESIAN_POINT('',(1.15,0.025,-0.7745966692415));
#7830=VECTOR('',#9580,0.7);
#7831=AXIS2_PLACEMENT_3D('',#9581,#9582,#9583);
#7832=CARTESIAN_POINT('',(1.1500000038592,-0.230852151348216,-0.73981912729808));
#7833=CARTESIAN_POINT('',(1.15000000591554,-0.177829444936154,-0.569899847439173));
#7834=CARTESIAN_POINT('',(1.15,-0.2308521677996,-0.7398192014438));
#7835=VECTOR('',#9584,0.177999863567893);
#7836=CARTESIAN_POINT('',(1.15,-0.025,-0.7745966692415));
#7837=AXIS2_PLACEMENT_3D('',#9585,#9586,#9587);
#7838=CARTESIAN_POINT('',(1.15,-0.025,-0.5964763197311));
#7839=CARTESIAN_POINT('',(1.15,-0.025,-0.5964763197311));
#7840=VECTOR('',#9588,0.1781203495103);
#7841=AXIS2_PLACEMENT_3D('',#9589,#9590,#9591);
#7842=CARTESIAN_POINT('',(1.14999999967106,-0.739818820930655,0.230852999491714));
#7843=CARTESIAN_POINT('',(1.14999999973196,-0.569898604682232,0.177832786790092));
#7844=CARTESIAN_POINT('',(1.15,-0.7398188141679,0.2308529995973));
#7845=VECTOR('',#9592,0.178000192294997);
#7846=CARTESIAN_POINT('',(1.14999999539577,-0.739818511082589,-0.230853855885907));
#7847=AXIS2_PLACEMENT_3D('',#9593,#9594,#9595);
#7848=CARTESIAN_POINT('',(1.1500000056713,-0.569899761155394,-0.177829705380085));
#7849=CARTESIAN_POINT('',(1.15,-0.5698998778383,-0.1778297355263));
#7850=VECTOR('',#9596,0.17799962674379);
#7851=AXIS2_PLACEMENT_3D('',#9597,#9598,#9599);
#7852=CARTESIAN_POINT('',(1.15,0.1778297315726,-0.5698998509981));
#7853=VECTOR('',#9600,0.177999707188392);
#7854=CARTESIAN_POINT('',(1.15,0.025,-0.7745966692415));
#7855=VECTOR('',#9601,0.1781203495103);
#7856=CARTESIAN_POINT('',(1.15,0.5698989993119,0.1778315867889));
#7857=VECTOR('',#9602,0.178000232646007);
#7858=CARTESIAN_POINT('',(1.15,0.7398191499682,-0.2308522659446));
#7859=VECTOR('',#9603,0.178000258197507);
#7860=CARTESIAN_POINT('',(1.15,0.2308515271531,0.7398194770207));
#7861=VECTOR('',#9604,0.178000233154406);
#7862=CARTESIAN_POINT('',(1.14999999346208,-0.230854284004642,0.73981835834422));
#7863=AXIS2_PLACEMENT_3D('',#9605,#9606,#9607);
#7864=CARTESIAN_POINT('',(1.14999999971087,-0.17783290614833,0.56989854880811));
#7865=CARTESIAN_POINT('',(1.15,-0.1778328621339,0.5698983843364));
#7866=VECTOR('',#9608,0.178000065134506);
#7867=AXIS2_PLACEMENT_3D('',#9609,#9610,#9611);
#7868=CARTESIAN_POINT('',(3.403404654882,-0.127991941129,-0.4154156487612));
#7869=CARTESIAN_POINT('',(3.401608097931,-0.003741561355807,-0.2888823679736));
#7870=CARTESIAN_POINT('',(3.403404654882,-0.127991941129,-0.4154156487612));
#7871=CARTESIAN_POINT('',(3.40320523648,-0.1141505941622,-0.4013302120519));
#7872=CARTESIAN_POINT('',(3.40280618006,-0.08649173182049,-0.3731767932191));
#7873=CARTESIAN_POINT('',(3.402207197139,-0.04507493883152,-0.3309990276108));
#7874=CARTESIAN_POINT('',(3.401807783869,-0.01751141070297,-0.3029154333044));
#7875=CARTESIAN_POINT('',(3.401608097931,-0.003741561355807,-0.2888823679736));
#7876=CARTESIAN_POINT('',(1.15,-0.2308521677996,-0.7398192014438));
#7877=VECTOR('',#9612,2.278958189583);
#7878=CARTESIAN_POINT('',(1.15,-0.1778294755185,-0.5698999690613));
#7879=VECTOR('',#9613,2.27574526708197);
#7880=CARTESIAN_POINT('',(3.449999999996,-0.1588910433335,-0.3756816832435));
#7881=CARTESIAN_POINT('',(3.45,-0.03423763532906,-0.2486050771456));
#7882=CARTESIAN_POINT('',(3.449999999996,-0.1588910433335,-0.3756816832435));
#7883=VECTOR('',#9614,10.0);
#7884=CARTESIAN_POINT('',(3.40340465488178,-0.12799194113134,-0.415415648758904));
#7885=CARTESIAN_POINT('',(3.40838957315547,-0.127764394956961,-0.414698013145977));
#7886=CARTESIAN_POINT('',(3.41332461663268,-0.128078747157461,-0.413465858286785));
#7887=CARTESIAN_POINT('',(3.41804001949533,-0.128935787337155,-0.411734742126604));
#7888=CARTESIAN_POINT('',(3.4210579668294,-0.129484309319442,-0.410626794926169));
#7889=CARTESIAN_POINT('',(3.42398752807491,-0.130259058871297,-0.409310604838395));
#7890=CARTESIAN_POINT('',(3.42672660209381,-0.131231749854916,-0.407828415480542));
#7891=CARTESIAN_POINT('',(3.42826720430514,-0.131778843460261,-0.406994752649029));
#7892=CARTESIAN_POINT('',(3.4297478344248,-0.132387881086574,-0.406109238175744));
#7893=CARTESIAN_POINT('',(3.43115446564598,-0.133049535969397,-0.40518360180007));
#7894=CARTESIAN_POINT('',(3.43381504976931,-0.134301028506917,-0.403432799309697));
#7895=CARTESIAN_POINT('',(3.43621376045262,-0.135736930760028,-0.401542219286462));
#7896=CARTESIAN_POINT('',(3.43836873338541,-0.137357173752375,-0.399511121779175));
#7897=CARTESIAN_POINT('',(3.43937870040652,-0.138116529920407,-0.398559211215563));
#7898=CARTESIAN_POINT('',(3.44033473373525,-0.138916868219921,-0.3975759534747));
#7899=CARTESIAN_POINT('',(3.44123557660794,-0.139759946204094,-0.396559540693773));
#7900=CARTESIAN_POINT('',(3.44301908674889,-0.141429092045123,-0.394547222500317));
#7901=CARTESIAN_POINT('',(3.44458174856267,-0.143267676213835,-0.392403070495748));
#7902=CARTESIAN_POINT('',(3.44585724418444,-0.145217263453864,-0.390199147302374));
#7903=CARTESIAN_POINT('',(3.44660062954969,-0.146353523428249,-0.388914655046869));
#7904=CARTESIAN_POINT('',(3.44724725119945,-0.147526995448475,-0.387610343920165));
#7905=CARTESIAN_POINT('',(3.44779155530062,-0.148723831454649,-0.386302716835486));
#7906=CARTESIAN_POINT('',(3.44926977272642,-0.151974190649746,-0.382751471972764));
#7907=CARTESIAN_POINT('',(3.44999999998669,-0.155401348803656,-0.379171377773356));
#7908=CARTESIAN_POINT('',(3.44999999998668,-0.1588910433335,-0.3756816832435));
#7909=CARTESIAN_POINT('',(3.4500000000002,-0.03423763532906,-0.2486050771456));
#7910=CARTESIAN_POINT('',(3.45000000000013,-0.0306677093061456,-0.252175003168514));
#7911=CARTESIAN_POINT('',(3.44923583364417,-0.0271652533970443,-0.255843285050327));
#7912=CARTESIAN_POINT('',(3.44768750006154,-0.0238552241383885,-0.259484258685376));
#7913=CARTESIAN_POINT('',(3.44673377878006,-0.0218163577198552,-0.261726975681262));
#7914=CARTESIAN_POINT('',(3.44547698561857,-0.0198491553142208,-0.26396065053494));
#7915=CARTESIAN_POINT('',(3.44395588012154,-0.0180212488811222,-0.266103946918494));
#7916=CARTESIAN_POINT('',(3.44300752334536,-0.0168816123105972,-0.267440218237388));
#7917=CARTESIAN_POINT('',(3.44195753006094,-0.0157960305737364,-0.268741447596403));
#7918=CARTESIAN_POINT('',(3.44082439873831,-0.0147773819927438,-0.26999136677887));
#7919=CARTESIAN_POINT('',(3.43886292059033,-0.0130140762821316,-0.272155007580391));
#7920=CARTESIAN_POINT('',(3.43665795600285,-0.0114490590900424,-0.274167129558922));
#7921=CARTESIAN_POINT('',(3.43420959051482,-0.0100696475589544,-0.276041063607719));
#7922=CARTESIAN_POINT('',(3.43297493951019,-0.00937404396505258,-0.276986042846837));
#7923=CARTESIAN_POINT('',(3.43167758755854,-0.00872591340019582,-0.277895612423582));
#7924=CARTESIAN_POINT('',(3.43031425311376,-0.00812639934640186,-0.278768765678854));
#7925=CARTESIAN_POINT('',(3.42776859383215,-0.00700696858504984,-0.280399143827857));
#7926=CARTESIAN_POINT('',(3.42499015157652,-0.00606037729564299,-0.281899283662679));
#7927=CARTESIAN_POINT('',(3.42206670197331,-0.00533105819250376,-0.283209136466041));
#7928=CARTESIAN_POINT('',(3.42031971808039,-0.00489523445721791,-0.283991873321525));
#7929=CARTESIAN_POINT('',(3.41852174325163,-0.00453648302185753,-0.284707164154852));
#7930=CARTESIAN_POINT('',(3.41669570663106,-0.00425864141587748,-0.285347729208828));
#7931=CARTESIAN_POINT('',(3.41181393145706,-0.00351585223021772,-0.287060232968396));
#7932=CARTESIAN_POINT('',(3.40672390625815,-0.00334601768561066,-0.288243878499773));
#7933=CARTESIAN_POINT('',(3.4016080979308,-0.00374156136022694,-0.288882367969266));
#7934=CARTESIAN_POINT('',(3.44999764394453,-0.248604703992819,-0.0342380415704656));
#7935=CARTESIAN_POINT('',(3.44999990678008,-0.375681510857662,-0.1588912164362));
#7936=CARTESIAN_POINT('',(3.449998586364,-0.2486046962066,-0.03423803418605));
#7937=VECTOR('',#9615,10.0);
#7938=CARTESIAN_POINT('',(3.449999944068,-0.3756815104894,-0.1588912160886));
#7939=VECTOR('',#9616,0.306588018844406);
#7940=CARTESIAN_POINT('',(3.45,-0.03423763532906,-0.2486050771456));
#7941=VECTOR('',#9617,0.303160792152396);
#7942=CARTESIAN_POINT('',(3.40160776145522,-0.28888021695157,-0.00374380344825522));
#7943=CARTESIAN_POINT('',(3.40160768129364,-0.288878472541261,-0.00374558250938907));
#7944=CARTESIAN_POINT('',(3.40672237472133,-0.2882400830937,-0.00335008667899647));
#7945=CARTESIAN_POINT('',(3.41181191143715,-0.287056704719401,-0.00351979669640278));
#7946=CARTESIAN_POINT('',(3.41669360174129,-0.285344304037347,-0.00426256519207485));
#7947=CARTESIAN_POINT('',(3.41974985551868,-0.284272230487636,-0.00472758629730675));
#7948=CARTESIAN_POINT('',(3.42272641069963,-0.282988966744281,-0.00542113412940421));
#7949=CARTESIAN_POINT('',(3.42551950160635,-0.281535655394016,-0.00631808062214057));
#7950=CARTESIAN_POINT('',(3.4271877564487,-0.280667622888628,-0.00685380802229322));
#7951=CARTESIAN_POINT('',(3.42879080987858,-0.279739652029105,-0.00746135713587346));
#7952=CARTESIAN_POINT('',(3.43031145060425,-0.278765747177019,-0.00813003185473242));
#7953=CARTESIAN_POINT('',(3.43301578795217,-0.277033735650322,-0.00931921611456498));
#7954=CARTESIAN_POINT('',(3.43546224547201,-0.275160421796495,-0.0106976707629046));
#7955=CARTESIAN_POINT('',(3.4376697288224,-0.273145502058833,-0.0122648243793572));
#7956=CARTESIAN_POINT('',(3.43878169963454,-0.272130530898715,-0.0130542432799926));
#7957=CARTESIAN_POINT('',(3.43983262451819,-0.271079072153255,-0.0138921102485737));
#7958=CARTESIAN_POINT('',(3.44082096799538,-0.269988867561474,-0.0147806156005897));
#7959=CARTESIAN_POINT('',(3.4426383654326,-0.267984164665305,-0.0164144275161476));
#7960=CARTESIAN_POINT('',(3.44423969285574,-0.265846359264691,-0.0182215964215832));
#7961=CARTESIAN_POINT('',(3.4455566770899,-0.263646682033862,-0.0201446819023948));
#7962=CARTESIAN_POINT('',(3.44637771329807,-0.262275356086327,-0.0213435746227474));
#7963=CARTESIAN_POINT('',(3.4470890367543,-0.26088054106865,-0.0225869500404329));
#7964=CARTESIAN_POINT('',(3.44768357407131,-0.259482377274128,-0.0238579516395199));
#7965=CARTESIAN_POINT('',(3.44923177974026,-0.255841487037549,-0.0271677049966888));
#7966=CARTESIAN_POINT('',(3.44999564775933,-0.252173385633621,-0.0306693855520592));
#7967=CARTESIAN_POINT('',(3.44999575910568,-0.248604696440171,-0.0342380340765408));
#7968=CARTESIAN_POINT('',(3.40340461309672,-0.415415534012377,-0.127992064032443));
#7969=CARTESIAN_POINT('',(3.401607801536,-0.2888810891567,-0.003742913917692));
#7970=CARTESIAN_POINT('',(3.401910117045,-0.3101277728339,-0.02459023551901));
#7971=CARTESIAN_POINT('',(3.402512347041,-0.3524608480772,-0.06614848008867));
#7972=CARTESIAN_POINT('',(3.403108263429,-0.394483796943,-0.1074232852237));
#7973=CARTESIAN_POINT('',(3.403404617742,-0.4154155816823,-0.1279920154534));
#7974=CARTESIAN_POINT('',(3.44999983220422,-0.37568151050068,-0.158891216079218));
#7975=CARTESIAN_POINT('',(3.44999983220277,-0.379171186192183,-0.155401540535536));
#7976=CARTESIAN_POINT('',(3.44926961120428,-0.382751286627747,-0.151974400847102));
#7977=CARTESIAN_POINT('',(3.44779139466911,-0.38630253749954,-0.148724044086569));
#7978=CARTESIAN_POINT('',(3.44685747436992,-0.388546177181397,-0.146670505862602));
#7979=CARTESIAN_POINT('',(3.44561953885631,-0.390779501425031,-0.144686308731672));
#7980=CARTESIAN_POINT('',(3.4441162477523,-0.392921184264764,-0.142839333998074));
#7981=CARTESIAN_POINT('',(3.44324011764527,-0.394169374193244,-0.14176290231647));
#7982=CARTESIAN_POINT('',(3.44227487314811,-0.395386554325549,-0.140732960423516));
#7983=CARTESIAN_POINT('',(3.4412354215771,-0.396559357941868,-0.1397601610933));
#7984=CARTESIAN_POINT('',(3.43931325650571,-0.398728119055667,-0.137961250065445));
#7985=CARTESIAN_POINT('',(3.43714287312731,-0.400747132848954,-0.136355702678487));
#7986=CARTESIAN_POINT('',(3.43472383691323,-0.402629203330401,-0.134931293261185));
#7987=CARTESIAN_POINT('',(3.4335901720069,-0.403511222889941,-0.134263753453702));
#7988=CARTESIAN_POINT('',(3.43240119826308,-0.404362902241703,-0.13363626519268));
#7989=CARTESIAN_POINT('',(3.4311543134187,-0.405183417451849,-0.133049752707001));
#7990=CARTESIAN_POINT('',(3.42865343271426,-0.406829127291056,-0.131873382840161));
#7991=CARTESIAN_POINT('',(3.42591664370119,-0.408346426641696,-0.130864952386378));
#7992=CARTESIAN_POINT('',(3.42303050020173,-0.40967544540719,-0.130070708901558));
#7993=CARTESIAN_POINT('',(3.42140717620384,-0.410422957807759,-0.129623983189786));
#7994=CARTESIAN_POINT('',(3.41973732273632,-0.411111388045262,-0.129244526039965));
#7995=CARTESIAN_POINT('',(3.41803986370431,-0.411734556948463,-0.128936007216014));
#7996=CARTESIAN_POINT('',(3.4133244548624,-0.413465671573761,-0.128078965977953));
#7997=CARTESIAN_POINT('',(3.40838943219429,-0.414697809865562,-0.12776462158853));
#7998=CARTESIAN_POINT('',(3.40340460380631,-0.41541543867244,-0.127992161190577));
#7999=CARTESIAN_POINT('',(1.15,-0.7398184226061,-0.2308538363195));
#8000=VECTOR('',#9618,2.27895812349711);
#8001=CARTESIAN_POINT('',(1.14999999939791,-0.739818552888708,-0.230853868933698));
#8002=CARTESIAN_POINT('',(1.14996194381161,-0.721249954490236,-0.290360749454182));
#8003=CARTESIAN_POINT('',(1.14926346530398,-0.695567581479591,-0.347471723635545));
#8004=CARTESIAN_POINT('',(1.14931252171571,-0.630753130701766,-0.45463386421959));
#8005=CARTESIAN_POINT('',(1.1500000204168,-0.59210380676951,-0.503911949689387));
#8006=CARTESIAN_POINT('',(1.14999997958302,-0.503908276386818,-0.592106988821923));
#8007=CARTESIAN_POINT('',(1.14931249005983,-0.454629498219479,-0.630756335098662));
#8008=CARTESIAN_POINT('',(1.14926349455531,-0.347470759025546,-0.695567600496184));
#8009=CARTESIAN_POINT('',(1.14996196591861,-0.290354923406361,-0.721251925014542));
#8010=CARTESIAN_POINT('',(1.15000000050306,-0.230852140411751,-0.739819092256555));
#8011=CARTESIAN_POINT('',(0.45,-0.025,-0.7745966692415));
#8012=AXIS2_PLACEMENT_3D('',#9619,#9620,#9621);
#8013=CARTESIAN_POINT('',(1.15,-0.025,-0.7745966692415));
#8014=VECTOR('',#9622,0.7);
#8015=CARTESIAN_POINT('',(1.14999999912062,-0.23085430249811,0.73981841759861));
#8016=CARTESIAN_POINT('',(1.14996194106507,-0.290357834521056,0.721250825802343));
#8017=CARTESIAN_POINT('',(1.1492634673485,-0.347474675389169,0.69556578300426));
#8018=CARTESIAN_POINT('',(1.14931252107835,-0.454633984644752,0.630753071028438));
#8019=CARTESIAN_POINT('',(1.15000002698711,-0.503912278521276,0.592103556980173));
#8020=CARTESIAN_POINT('',(1.1499999730133,-0.592106568582041,0.503908617584904));
#8021=CARTESIAN_POINT('',(1.14931250562864,-0.630755216012327,0.454630879061729));
#8022=CARTESIAN_POINT('',(1.1492634791142,-0.695568528269916,0.347469695038673));
#8023=CARTESIAN_POINT('',(1.14996195397596,-0.721250483845872,0.290359298695838));
#8024=CARTESIAN_POINT('',(1.14999999995327,-0.739818823900629,0.230853000418644));
#8025=CARTESIAN_POINT('',(3.403404654882,0.127991941129,0.4154156487612));
#8026=CARTESIAN_POINT('',(3.449999999996,0.1588910433335,0.3756816832435));
#8027=CARTESIAN_POINT('',(3.40340465488178,0.12799194113134,0.415415648758904));
#8028=CARTESIAN_POINT('',(3.40838957315547,0.127764394956961,0.414698013145977));
#8029=CARTESIAN_POINT('',(3.41332461663268,0.128078747157461,0.413465858286785));
#8030=CARTESIAN_POINT('',(3.41804001949533,0.128935787337155,0.411734742126604));
#8031=CARTESIAN_POINT('',(3.4210579668294,0.129484309319442,0.410626794926169));
#8032=CARTESIAN_POINT('',(3.42398752807491,0.130259058871297,0.409310604838395));
#8033=CARTESIAN_POINT('',(3.42672660209381,0.131231749854916,0.407828415480542));
#8034=CARTESIAN_POINT('',(3.42826720430514,0.131778843460261,0.406994752649029));
#8035=CARTESIAN_POINT('',(3.4297478344248,0.132387881086574,0.406109238175744));
#8036=CARTESIAN_POINT('',(3.43115446564598,0.133049535969397,0.40518360180007));
#8037=CARTESIAN_POINT('',(3.43381504976931,0.134301028506917,0.403432799309697));
#8038=CARTESIAN_POINT('',(3.43621376045262,0.135736930760028,0.401542219286462));
#8039=CARTESIAN_POINT('',(3.43836873338541,0.137357173752375,0.399511121779175));
#8040=CARTESIAN_POINT('',(3.43937870040652,0.138116529920407,0.398559211215563));
#8041=CARTESIAN_POINT('',(3.44033473373525,0.138916868219921,0.3975759534747));
#8042=CARTESIAN_POINT('',(3.44123557660794,0.139759946204094,0.396559540693773));
#8043=CARTESIAN_POINT('',(3.44301908674889,0.141429092045123,0.394547222500317));
#8044=CARTESIAN_POINT('',(3.44458174856267,0.143267676213835,0.392403070495748));
#8045=CARTESIAN_POINT('',(3.44585724418444,0.145217263453864,0.390199147302374));
#8046=CARTESIAN_POINT('',(3.44660062954969,0.146353523428249,0.388914655046869));
#8047=CARTESIAN_POINT('',(3.44724725119945,0.147526995448475,0.387610343920165));
#8048=CARTESIAN_POINT('',(3.44779155530062,0.148723831454649,0.386302716835486));
#8049=CARTESIAN_POINT('',(3.44926977272642,0.151974190649746,0.382751471972764));
#8050=CARTESIAN_POINT('',(3.44999999998669,0.155401348803656,0.379171377773356));
#8051=CARTESIAN_POINT('',(3.44999999998668,0.1588910433335,0.3756816832435));
#8052=CARTESIAN_POINT('',(3.44999990678008,0.375681510857662,0.1588912164362));
#8053=CARTESIAN_POINT('',(3.449999944068,0.3756815104894,0.1588912160886));
#8054=VECTOR('',#9623,0.306588018844406);
#8055=CARTESIAN_POINT('',(3.40340461309674,0.415415534012361,0.127992064032443));
#8056=CARTESIAN_POINT('',(3.44999983220422,0.37568151050068,0.158891216079218));
#8057=CARTESIAN_POINT('',(3.44999983220277,0.379171186192183,0.155401540535536));
#8058=CARTESIAN_POINT('',(3.44926961120428,0.382751286627747,0.151974400847102));
#8059=CARTESIAN_POINT('',(3.44779139466911,0.38630253749954,0.148724044086569));
#8060=CARTESIAN_POINT('',(3.44685747436992,0.388546177181397,0.146670505862602));
#8061=CARTESIAN_POINT('',(3.44561953885631,0.390779501425031,0.144686308731672));
#8062=CARTESIAN_POINT('',(3.4441162477523,0.392921184264764,0.142839333998074));
#8063=CARTESIAN_POINT('',(3.44324011764527,0.394169374193244,0.14176290231647));
#8064=CARTESIAN_POINT('',(3.44227487314811,0.395386554325549,0.140732960423516));
#8065=CARTESIAN_POINT('',(3.4412354215771,0.396559357941868,0.1397601610933));
#8066=CARTESIAN_POINT('',(3.43931325650571,0.398728119055667,0.137961250065445));
#8067=CARTESIAN_POINT('',(3.43714287312731,0.400747132848954,0.136355702678487));
#8068=CARTESIAN_POINT('',(3.43472383691323,0.402629203330401,0.134931293261185));
#8069=CARTESIAN_POINT('',(3.4335901720069,0.403511222889941,0.134263753453702));
#8070=CARTESIAN_POINT('',(3.43240119826308,0.404362902241703,0.13363626519268));
#8071=CARTESIAN_POINT('',(3.4311543134187,0.405183417451849,0.133049752707001));
#8072=CARTESIAN_POINT('',(3.42865343271426,0.406829127291056,0.131873382840161));
#8073=CARTESIAN_POINT('',(3.42591664370119,0.408346426641696,0.130864952386378));
#8074=CARTESIAN_POINT('',(3.42303050020173,0.40967544540719,0.130070708901558));
#8075=CARTESIAN_POINT('',(3.42140717620384,0.410422957807759,0.129623983189786));
#8076=CARTESIAN_POINT('',(3.41973732273632,0.411111388045262,0.129244526039965));
#8077=CARTESIAN_POINT('',(3.41803986370431,0.411734556948463,0.128936007216014));
#8078=CARTESIAN_POINT('',(3.4133244548624,0.413465671573761,0.128078965977953));
#8079=CARTESIAN_POINT('',(3.40838943219429,0.414697809865562,0.12776462158853));
#8080=CARTESIAN_POINT('',(3.40340460380631,0.41541543867244,0.127992161190577));
#8081=CARTESIAN_POINT('',(1.15,0.7398194770412,0.2308515270972));
#8082=VECTOR('',#9624,2.27895816936592);
#8083=CARTESIAN_POINT('',(1.15,0.2308515271531,0.7398194770207));
#8084=VECTOR('',#9625,2.27895819989595);
#8085=CARTESIAN_POINT('',(3.45,0.03423763532906,0.2486050771456));
#8086=CARTESIAN_POINT('',(3.449999999996,0.1588910433335,0.3756816832435));
#8087=VECTOR('',#9626,10.0);
#8088=CARTESIAN_POINT('',(3.401608097931,0.003741561355807,0.2888823679736));
#8089=CARTESIAN_POINT('',(3.403404654882,0.127991941129,0.4154156487612));
#8090=CARTESIAN_POINT('',(3.40320523648,0.1141505941622,0.4013302120519));
#8091=CARTESIAN_POINT('',(3.40280618006,0.08649173182049,0.3731767932191));
#8092=CARTESIAN_POINT('',(3.402207197139,0.04507493883152,0.3309990276108));
#8093=CARTESIAN_POINT('',(3.401807783869,0.01751141070297,0.3029154333044));
#8094=CARTESIAN_POINT('',(3.401608097931,0.003741561355807,0.2888823679736));
#8095=CARTESIAN_POINT('',(3.4500000000002,0.03423763532906,0.2486050771456));
#8096=CARTESIAN_POINT('',(3.45000000000013,0.0306677093061456,0.252175003168514));
#8097=CARTESIAN_POINT('',(3.44923583364417,0.0271652533970443,0.255843285050327));
#8098=CARTESIAN_POINT('',(3.44768750006154,0.0238552241383885,0.259484258685376));
#8099=CARTESIAN_POINT('',(3.44673377878006,0.0218163577198552,0.261726975681262));
#8100=CARTESIAN_POINT('',(3.44547698561857,0.0198491553142208,0.26396065053494));
#8101=CARTESIAN_POINT('',(3.44395588012154,0.0180212488811222,0.266103946918494));
#8102=CARTESIAN_POINT('',(3.44300752334536,0.0168816123105972,0.267440218237388));
#8103=CARTESIAN_POINT('',(3.44195753006094,0.0157960305737364,0.268741447596403));
#8104=CARTESIAN_POINT('',(3.44082439873831,0.0147773819927438,0.26999136677887));
#8105=CARTESIAN_POINT('',(3.43886292059033,0.0130140762821316,0.272155007580391));
#8106=CARTESIAN_POINT('',(3.43665795600285,0.0114490590900424,0.274167129558922));
#8107=CARTESIAN_POINT('',(3.43420959051482,0.0100696475589544,0.276041063607719));
#8108=CARTESIAN_POINT('',(3.43297493951019,0.00937404396505258,0.276986042846837));
#8109=CARTESIAN_POINT('',(3.43167758755854,0.00872591340019582,0.277895612423582));
#8110=CARTESIAN_POINT('',(3.43031425311376,0.00812639934640186,0.278768765678854));
#8111=CARTESIAN_POINT('',(3.42776859383215,0.00700696858504984,0.280399143827857));
#8112=CARTESIAN_POINT('',(3.42499015157652,0.00606037729564299,0.281899283662679));
#8113=CARTESIAN_POINT('',(3.42206670197331,0.00533105819250376,0.283209136466041));
#8114=CARTESIAN_POINT('',(3.42031971808039,0.00489523445721791,0.283991873321525));
#8115=CARTESIAN_POINT('',(3.41852174325163,0.00453648302185753,0.284707164154852));
#8116=CARTESIAN_POINT('',(3.41669570663106,0.00425864141587748,0.285347729208828));
#8117=CARTESIAN_POINT('',(3.41181393145706,0.00351585223021772,0.287060232968396));
#8118=CARTESIAN_POINT('',(3.40672390625815,0.00334601768561066,0.288243878499773));
#8119=CARTESIAN_POINT('',(3.4016080979308,0.00374156136022694,0.288882367969266));
#8120=CARTESIAN_POINT('',(3.44999764394453,0.248604703992819,0.0342380415704656));
#8121=CARTESIAN_POINT('',(3.45,0.03423763532906,0.2486050771456));
#8122=VECTOR('',#9627,0.303160792152396);
#8123=CARTESIAN_POINT('',(3.449998586364,0.2486046962066,0.03423803418605));
#8124=VECTOR('',#9628,10.0);
#8125=CARTESIAN_POINT('',(3.40160776145522,0.288880216951574,0.00374380344825048));
#8126=CARTESIAN_POINT('',(3.40160768129364,0.288878472541261,0.00374558250938907));
#8127=CARTESIAN_POINT('',(3.40672237472133,0.2882400830937,0.00335008667899647));
#8128=CARTESIAN_POINT('',(3.41181191143715,0.287056704719401,0.00351979669640278));
#8129=CARTESIAN_POINT('',(3.41669360174129,0.285344304037347,0.00426256519207485));
#8130=CARTESIAN_POINT('',(3.41974985551868,0.284272230487636,0.00472758629730675));
#8131=CARTESIAN_POINT('',(3.42272641069963,0.282988966744281,0.00542113412940421));
#8132=CARTESIAN_POINT('',(3.42551950160635,0.281535655394016,0.00631808062214057));
#8133=CARTESIAN_POINT('',(3.4271877564487,0.280667622888628,0.00685380802229322));
#8134=CARTESIAN_POINT('',(3.42879080987858,0.279739652029105,0.00746135713587346));
#8135=CARTESIAN_POINT('',(3.43031145060425,0.278765747177019,0.00813003185473242));
#8136=CARTESIAN_POINT('',(3.43301578795217,0.277033735650322,0.00931921611456498));
#8137=CARTESIAN_POINT('',(3.43546224547201,0.275160421796495,0.0106976707629046));
#8138=CARTESIAN_POINT('',(3.4376697288224,0.273145502058833,0.0122648243793572));
#8139=CARTESIAN_POINT('',(3.43878169963454,0.272130530898715,0.0130542432799926));
#8140=CARTESIAN_POINT('',(3.43983262451819,0.271079072153255,0.0138921102485737));
#8141=CARTESIAN_POINT('',(3.44082096799538,0.269988867561474,0.0147806156005897));
#8142=CARTESIAN_POINT('',(3.4426383654326,0.267984164665305,0.0164144275161476));
#8143=CARTESIAN_POINT('',(3.44423969285574,0.265846359264691,0.0182215964215832));
#8144=CARTESIAN_POINT('',(3.4455566770899,0.263646682033862,0.0201446819023948));
#8145=CARTESIAN_POINT('',(3.44637771329807,0.262275356086327,0.0213435746227474));
#8146=CARTESIAN_POINT('',(3.4470890367543,0.26088054106865,0.0225869500404329));
#8147=CARTESIAN_POINT('',(3.44768357407131,0.259482377274128,0.0238579516395199));
#8148=CARTESIAN_POINT('',(3.44923177974026,0.255841487037549,0.0271677049966888));
#8149=CARTESIAN_POINT('',(3.44999564775933,0.252173385633621,0.0306693855520592));
#8150=CARTESIAN_POINT('',(3.44999575910568,0.248604696440171,0.0342380340765408));
#8151=CARTESIAN_POINT('',(3.401607801536,0.2888810891567,0.003742913917692));
#8152=CARTESIAN_POINT('',(3.401910117045,0.3101277728339,0.02459023551901));
#8153=CARTESIAN_POINT('',(3.402512347041,0.3524608480772,0.06614848008867));
#8154=CARTESIAN_POINT('',(3.403108263429,0.394483796943,0.1074232852237));
#8155=CARTESIAN_POINT('',(3.403404617742,0.4154155816823,0.1279920154534));
#8156=CARTESIAN_POINT('',(1.15,0.5698989993119,0.1778315867889));
#8157=VECTOR('',#9629,2.27574507003405);
#8158=CARTESIAN_POINT('',(1.15,0.1778315906763,0.5698989975633));
#8159=VECTOR('',#9630,2.2757453089231);
#8160=CARTESIAN_POINT('',(1.14999999892366,-0.569898668901278,0.177832806828637));
#8161=CARTESIAN_POINT('',(1.1499688607658,-0.555599743512565,0.223656401985624));
#8162=CARTESIAN_POINT('',(1.14941971694011,-0.535821566941944,0.2676498033406));
#8163=CARTESIAN_POINT('',(1.14946843837974,-0.485881350134191,0.350216814388462));
#8164=CARTESIAN_POINT('',(1.14999999938003,-0.456110415941896,0.388175073336461));
#8165=CARTESIAN_POINT('',(1.15000000061996,-0.388175173042627,0.456110331152379));
#8166=CARTESIAN_POINT('',(1.14946843909641,-0.350216920545725,0.485881273551891));
#8167=CARTESIAN_POINT('',(1.14941971635038,-0.267649914375177,0.535821512179937));
#8168=CARTESIAN_POINT('',(1.14996885928467,-0.223656515928504,0.555599696958408));
#8169=CARTESIAN_POINT('',(1.14999999883895,-0.177832931484166,0.569898630003396));
#8170=CARTESIAN_POINT('',(1.15000000123175,-0.177829408111555,-0.569899729435533));
#8171=CARTESIAN_POINT('',(1.14996890293957,-0.223650652920794,-0.555601837328386));
#8172=CARTESIAN_POINT('',(1.14941972658754,-0.267650713865335,-0.535820843860445));
#8173=CARTESIAN_POINT('',(1.14946842870833,-0.350215835069225,-0.485882114511388));
#8174=CARTESIAN_POINT('',(1.14999999869758,-0.388174605621817,-0.456110875446442));
#8175=CARTESIAN_POINT('',(1.15000000130241,-0.456110697323478,-0.38817481508159));
#8176=CARTESIAN_POINT('',(1.14946843021386,-0.485881953630116,-0.350216058081401));
#8177=CARTESIAN_POINT('',(1.14941972534852,-0.535820728993654,-0.267650946831927));
#8178=CARTESIAN_POINT('',(1.14996889982874,-0.555601739423004,-0.223650892637483));
#8179=CARTESIAN_POINT('',(1.15000000105401,-0.569899647722473,-0.177829669981703));
#8180=CARTESIAN_POINT('',(0.6232050807569,-0.025,-0.5964763197311));
#8181=CARTESIAN_POINT('',(1.15,-0.025,-0.5964763197311));
#8182=VECTOR('',#9631,0.5267949192431);
#8183=AXIS2_PLACEMENT_3D('',#9632,#9633,#9634);
#8184=CARTESIAN_POINT('',(3.44999752811573,0.248604698368033,-0.0342380482498448));
#8185=CARTESIAN_POINT('',(3.40160775472827,0.288880127354878,-0.00374389535791981));
#8186=CARTESIAN_POINT('',(3.44999555061443,0.248604690433839,-0.0342380403782345));
#8187=CARTESIAN_POINT('',(3.44999543750932,0.252173336938948,-0.0306694353167635));
#8188=CARTESIAN_POINT('',(3.44923158152365,0.255841433827332,-0.0271677897815195));
#8189=CARTESIAN_POINT('',(3.44768338163518,0.259482321367454,-0.0238580489770551));
#8190=CARTESIAN_POINT('',(3.44672971138065,0.261725058996471,-0.0218192932718409));
#8191=CARTESIAN_POINT('',(3.44547296345,0.263958666236107,-0.0198521364455415));
#8192=CARTESIAN_POINT('',(3.44395190405329,0.266101868987066,-0.0180242685176097));
#8193=CARTESIAN_POINT('',(3.44300365707605,0.267437967718387,-0.0168847533604751));
#8194=CARTESIAN_POINT('',(3.44195379138395,0.26873902050019,-0.0157992809132617));
#8195=CARTESIAN_POINT('',(3.44082080157033,0.269988778814179,-0.0147807398156941));
#8196=CARTESIAN_POINT('',(3.43885871495964,0.272153082521926,-0.0130168529511031));
#8197=CARTESIAN_POINT('',(3.43665293026915,0.274165817511114,-0.0114513850089626));
#8198=CARTESIAN_POINT('',(3.43420358531386,0.276040252560125,-0.0100716841088661));
#8199=CARTESIAN_POINT('',(3.43296984905672,0.276984406415066,-0.00937672808775534));
#8200=CARTESIAN_POINT('',(3.43167351408876,0.277893202440228,-0.00872917829709298));
#8201=CARTESIAN_POINT('',(3.4303113183557,0.27876563027275,-0.0081301774528699));
#8202=CARTESIAN_POINT('',(3.42776535854173,0.280396208131935,-0.00701063784418905));
#8203=CARTESIAN_POINT('',(3.42498653217479,0.28189651383151,-0.00606398517818731));
#8204=CARTESIAN_POINT('',(3.42206260484351,0.283206468356092,-0.00533465908604042));
#8205=CARTESIAN_POINT('',(3.4203162457828,0.283988858167441,-0.00489905823659177));
#8206=CARTESIAN_POINT('',(3.41851891591529,0.284703849453937,-0.00454046868073744));
#8207=CARTESIAN_POINT('',(3.41669350951392,0.285344164874062,-0.00426272599177605));
#8208=CARTESIAN_POINT('',(3.41181182689382,0.287056559799088,-0.00351995898024967));
#8209=CARTESIAN_POINT('',(3.40672231443395,0.288239926219145,-0.0033502542599295));
#8210=CARTESIAN_POINT('',(3.40160767126111,0.288878311008078,-0.00374574778626939));
#8211=CARTESIAN_POINT('',(1.15,0.5698986426332,-0.1778323347359));
#8212=VECTOR('',#9635,2.27574508058195);
#8213=CARTESIAN_POINT('',(3.401608097931,0.003741561355807,-0.2888823679736));
#8214=CARTESIAN_POINT('',(1.15,0.1778297315726,-0.5698998509981));
#8215=VECTOR('',#9636,2.27574527209092);
#8216=CARTESIAN_POINT('',(3.45,0.03423763532906,-0.2486050771456));
#8217=CARTESIAN_POINT('',(3.4016080979308,0.00374156136022687,-0.288882367969266));
#8218=CARTESIAN_POINT('',(3.40672390625815,0.00334601768561297,-0.288243878499771));
#8219=CARTESIAN_POINT('',(3.41181393145706,0.00351585223022101,-0.287060232968393));
#8220=CARTESIAN_POINT('',(3.41669570663106,0.00425864141588086,-0.285347729208825));
#8221=CARTESIAN_POINT('',(3.41975144518449,0.00472358899556078,-0.284275790503233));
#8222=CARTESIAN_POINT('',(3.42272760538347,0.00541700555161698,-0.282992737193994));
#8223=CARTESIAN_POINT('',(3.42552041750399,0.00631378518757007,-0.28153966753853));
#8224=CARTESIAN_POINT('',(3.42718933554697,0.00684967935102575,-0.280671347701372));
#8225=CARTESIAN_POINT('',(3.42879302772408,0.00745745417040897,-0.279743040851088));
#8226=CARTESIAN_POINT('',(3.43031425311376,0.00812639934640382,-0.278768765678852));
#8227=CARTESIAN_POINT('',(3.43301780334028,0.00931526122995875,-0.277037265612882));
#8228=CARTESIAN_POINT('',(3.43546357974834,0.0106932323363694,-0.27516459284536));
#8229=CARTESIAN_POINT('',(3.43767055702173,0.0122597552977781,-0.273150399905942));
#8230=CARTESIAN_POINT('',(3.43878348183671,0.0130497146226947,-0.272134691528936));
#8231=CARTESIAN_POINT('',(3.43983527314501,0.0138881899265608,-0.271082438067985));
#8232=CARTESIAN_POINT('',(3.4408243987383,0.0147773819927442,-0.269991366778869));
#8233=CARTESIAN_POINT('',(3.44264187115694,0.0164112311885484,-0.267986573870697));
#8234=CARTESIAN_POINT('',(3.44424327268236,0.0182184147848784,-0.265848660791483));
#8235=CARTESIAN_POINT('',(3.44556033261324,0.0201415468864392,-0.263648918302162));
#8236=CARTESIAN_POINT('',(3.44638147402158,0.0213405533745224,-0.262277454784566));
#8237=CARTESIAN_POINT('',(3.4470928877604,0.0225840612982643,-0.260882515324541));
#8238=CARTESIAN_POINT('',(3.44768750006154,0.0238552241383885,-0.259484258685376));
#8239=CARTESIAN_POINT('',(3.44923583364417,0.0271652533970444,-0.255843285050327));
#8240=CARTESIAN_POINT('',(3.45000000000013,0.0306677093061457,-0.252175003168514));
#8241=CARTESIAN_POINT('',(3.4500000000002,0.03423763532906,-0.2486050771456));
#8242=CARTESIAN_POINT('',(3.45,0.03423763532906,-0.2486050771456));
#8243=VECTOR('',#9637,0.303160783438406);
#8244=CARTESIAN_POINT('',(3.44999984852676,0.375681502475471,-0.15889122550063));
#8245=CARTESIAN_POINT('',(3.449999909116,0.3756815017566,-0.1588912248221));
#8246=VECTOR('',#9638,10.0);
#8247=CARTESIAN_POINT('',(3.40340460716929,0.415415490919285,-0.12799210828451));
#8248=CARTESIAN_POINT('',(3.40340459450001,0.415415360905021,-0.127992240778452));
#8249=CARTESIAN_POINT('',(3.40838939666297,0.414697734924414,-0.127764701921458));
#8250=CARTESIAN_POINT('',(3.41332440758954,0.413465603055983,-0.128079043791161));
#8251=CARTESIAN_POINT('',(3.41803981263959,0.411734491352959,-0.128936084302907));
#8252=CARTESIAN_POINT('',(3.421057772709,0.410626542843775,-0.129484608557951));
#8253=CARTESIAN_POINT('',(3.42398734223608,0.409310348519047,-0.13025936036021));
#8254=CARTESIAN_POINT('',(3.42672642053343,0.407828154644215,-0.131232053395052));
#8255=CARTESIAN_POINT('',(3.42826700907686,0.406994497970395,-0.131779142445846));
#8256=CARTESIAN_POINT('',(3.42974762554869,0.406108990648226,-0.132388174162748));
#8257=CARTESIAN_POINT('',(3.43115424380613,0.405183362427334,-0.133049822142497));
#8258=CARTESIAN_POINT('',(3.43381489188478,0.403432517139766,-0.13430134324052));
#8259=CARTESIAN_POINT('',(3.43621365717211,0.401541884915597,-0.135737286029993));
#8260=CARTESIAN_POINT('',(3.43836867076372,0.399510729018896,-0.137357580042241));
#8261=CARTESIAN_POINT('',(3.43937857272801,0.39855887036805,-0.138116896879997));
#8262=CARTESIAN_POINT('',(3.44033454685999,0.397575668402598,-0.138917191324576));
#8263=CARTESIAN_POINT('',(3.44123533621745,0.396559316174401,-0.139760220199963));
#8264=CARTESIAN_POINT('',(3.4430188633036,0.394546979202326,-0.141429383829857));
#8265=CARTESIAN_POINT('',(3.44458153665446,0.392402807487386,-0.143267990475796));
#8266=CARTESIAN_POINT('',(3.44585703759375,0.390198859835574,-0.145217600962075));
#8267=CARTESIAN_POINT('',(3.44660040142685,0.388914395885805,-0.146353836835761));
#8268=CARTESIAN_POINT('',(3.44724700586902,0.38761011277333,-0.1475272825432));
#8269=CARTESIAN_POINT('',(3.4477912973435,0.386302511059129,-0.148724090584278));
#8270=CARTESIAN_POINT('',(3.44926951141942,0.382751260763551,-0.151974441867449));
#8271=CARTESIAN_POINT('',(3.44999972734541,0.379171161178811,-0.155401565643466));
#8272=CARTESIAN_POINT('',(3.44999972734827,0.375681501778409,-0.158891224803569));
#8273=CARTESIAN_POINT('',(3.403404613504,0.4154155559264,-0.1279920420375));
#8274=CARTESIAN_POINT('',(3.403108259102,0.3944837620901,-0.107423321104));
#8275=CARTESIAN_POINT('',(3.402512335497,0.3524606378368,-0.06614869437127));
#8276=CARTESIAN_POINT('',(3.401910110882,0.3101277241593,-0.02459028552688));
#8277=CARTESIAN_POINT('',(3.40160779646,0.2888810355285,-0.003742969143884));
#8278=CARTESIAN_POINT('',(3.449999999996,0.1588910433335,-0.3756816832435));
#8279=CARTESIAN_POINT('',(3.45,0.03423763532906,-0.2486050771456));
#8280=VECTOR('',#9639,10.0);
#8281=CARTESIAN_POINT('',(3.449999909116,0.3756815017566,-0.1588912248221));
#8282=VECTOR('',#9640,0.306588006493793);
#8283=CARTESIAN_POINT('',(3.403404654882,0.127991941129,-0.4154156487612));
#8284=CARTESIAN_POINT('',(3.44999999998669,0.1588910433335,-0.3756816832435));
#8285=CARTESIAN_POINT('',(3.44999999998668,0.155401348803656,-0.379171377773357));
#8286=CARTESIAN_POINT('',(3.44926977272642,0.151974190649748,-0.382751471972762));
#8287=CARTESIAN_POINT('',(3.44779155530063,0.148723831454647,-0.386302716835487));
#8288=CARTESIAN_POINT('',(3.44685764197599,0.146670308265707,-0.388546334613549));
#8289=CARTESIAN_POINT('',(3.44561971799341,0.144686126143224,-0.390779642222576));
#8290=CARTESIAN_POINT('',(3.44411644179785,0.142839163978229,-0.392921311375672));
#8291=CARTESIAN_POINT('',(3.44324030117878,0.141762716031118,-0.394169520682248));
#8292=CARTESIAN_POINT('',(3.44227504339636,0.140732759100877,-0.395386719815624));
#8293=CARTESIAN_POINT('',(3.441235576608,0.139759946204067,-0.3965595406938));
#8294=CARTESIAN_POINT('',(3.43931344255138,0.13796106545039,-0.398728266984516));
#8295=CARTESIAN_POINT('',(3.43714310051082,0.136355542844099,-0.400747248318906));
#8296=CARTESIAN_POINT('',(3.43472411346972,0.13493115069151,-0.402629291609182));
#8297=CARTESIAN_POINT('',(3.43359041146407,0.134263583559983,-0.403511345219501));
#8298=CARTESIAN_POINT('',(3.43240139649173,0.133636070570687,-0.404363056563181));
#8299=CARTESIAN_POINT('',(3.43115446564607,0.133049535969324,-0.405183601800142));
#8300=CARTESIAN_POINT('',(3.42865358189832,0.131873163713286,-0.406829313151767));
#8301=CARTESIAN_POINT('',(3.42591679100307,0.130864731650502,-0.408346612646677));
#8302=CARTESIAN_POINT('',(3.42303064760536,0.130070487669474,-0.409675631766239));
#8303=CARTESIAN_POINT('',(3.42140732568332,0.129623762234115,-0.410423143436415));
#8304=CARTESIAN_POINT('',(3.41973747502401,0.129244305534478,-0.411111573166928));
#8305=CARTESIAN_POINT('',(3.41804001949538,0.128935787337063,-0.411734742126694));
#8306=CARTESIAN_POINT('',(3.41332461663271,0.128078747157376,-0.413465858286868));
#8307=CARTESIAN_POINT('',(3.40838957315548,0.127764394956901,-0.414698013146037));
#8308=CARTESIAN_POINT('',(3.40340465488178,0.127991941131318,-0.415415648758926));
#8309=CARTESIAN_POINT('',(1.15,0.2308537551603,-0.7398185041287));
#8310=VECTOR('',#9641,2.27895816196808);
#8311=CARTESIAN_POINT('',(1.15,0.7398191499682,-0.2308522659446));
#8312=VECTOR('',#9642,2.27895815443192);
#8313=CARTESIAN_POINT('',(3.401608097931,0.003741561355807,-0.2888823679736));
#8314=CARTESIAN_POINT('',(3.401807783869,0.01751141070296,-0.3029154333044));
#8315=CARTESIAN_POINT('',(3.402207197139,0.0450749388315,-0.3309990276108));
#8316=CARTESIAN_POINT('',(3.40280618006,0.08649173182047,-0.3731767932191));
#8317=CARTESIAN_POINT('',(3.40320523648,0.1141505941622,-0.4013302120519));
#8318=CARTESIAN_POINT('',(3.403404654882,0.127991941129,-0.4154156487612));
#8319=CARTESIAN_POINT('',(0.45,0.025,-0.7745966692415));
#8320=VECTOR('',#9643,0.0780451636082);
#8321=CARTESIAN_POINT('',(0.45,-0.025,-0.6965515056333));
#8322=AXIS2_PLACEMENT_3D('',#9644,#9645,#9646);
#8323=CARTESIAN_POINT('',(0.45,-0.025,-0.6965515056333));
#8324=VECTOR('',#9647,0.0780451636082);
#8326=CARTESIAN_POINT('',(0.450000000000282,-0.025,-0.696551505633099));
#8327=CARTESIAN_POINT('',(0.543305230883739,-0.025,-0.642647019872903));
#8328=CARTESIAN_POINT('',(0.623205080756922,-0.025,-0.59647631973109));
#8335=CARTESIAN_POINT('',(1.15,-0.5698998778383,-0.1778297355263));
#8336=VECTOR('',#9648,2.27574503690193);
#8337=CARTESIAN_POINT('',(3.44999752811573,-0.248604698368033,0.0342380482498448));
#8338=CARTESIAN_POINT('',(3.40160775472827,-0.288880127354863,0.00374389535789145));
#8339=CARTESIAN_POINT('',(3.44999555061443,-0.248604690433839,0.0342380403782345));
#8340=CARTESIAN_POINT('',(3.44999543750932,-0.252173336938948,0.0306694353167635));
#8341=CARTESIAN_POINT('',(3.44923158152365,-0.255841433827332,0.0271677897815195));
#8342=CARTESIAN_POINT('',(3.44768338163518,-0.259482321367454,0.0238580489770551));
#8343=CARTESIAN_POINT('',(3.44672971138065,-0.261725058996471,0.0218192932718409));
#8344=CARTESIAN_POINT('',(3.44547296345,-0.263958666236107,0.0198521364455415));
#8345=CARTESIAN_POINT('',(3.44395190405329,-0.266101868987066,0.0180242685176097));
#8346=CARTESIAN_POINT('',(3.44300365707605,-0.267437967718387,0.0168847533604751));
#8347=CARTESIAN_POINT('',(3.44195379138395,-0.26873902050019,0.0157992809132617));
#8348=CARTESIAN_POINT('',(3.44082080157033,-0.269988778814179,0.0147807398156941));
#8349=CARTESIAN_POINT('',(3.43885871495964,-0.272153082521926,0.0130168529511031));
#8350=CARTESIAN_POINT('',(3.43665293026915,-0.274165817511114,0.0114513850089626));
#8351=CARTESIAN_POINT('',(3.43420358531386,-0.276040252560125,0.0100716841088661));
#8352=CARTESIAN_POINT('',(3.43296984905672,-0.276984406415066,0.00937672808775534));
#8353=CARTESIAN_POINT('',(3.43167351408876,-0.277893202440228,0.00872917829709298));
#8354=CARTESIAN_POINT('',(3.4303113183557,-0.27876563027275,0.0081301774528699));
#8355=CARTESIAN_POINT('',(3.42776535854173,-0.280396208131935,0.00701063784418905));
#8356=CARTESIAN_POINT('',(3.42498653217479,-0.28189651383151,0.00606398517818731));
#8357=CARTESIAN_POINT('',(3.42206260484351,-0.283206468356092,0.00533465908604042));
#8358=CARTESIAN_POINT('',(3.4203162457828,-0.283988858167441,0.00489905823659177));
#8359=CARTESIAN_POINT('',(3.41851891591529,-0.284703849453937,0.00454046868073744));
#8360=CARTESIAN_POINT('',(3.41669350951392,-0.285344164874062,0.00426272599177605));
#8361=CARTESIAN_POINT('',(3.41181182689382,-0.287056559799087,0.0035199589802497));
#8362=CARTESIAN_POINT('',(3.40672231443395,-0.288239926219145,0.00335025425992958));
#8363=CARTESIAN_POINT('',(3.40160767126111,-0.288878311008078,0.00374574778626936));
#8364=CARTESIAN_POINT('',(1.15,-0.5698984743129,0.1778327528926));
#8365=VECTOR('',#9649,2.27574509178493);
#8366=CARTESIAN_POINT('',(3.401608097931,-0.003741561355807,0.2888823679736));
#8367=CARTESIAN_POINT('',(1.15,-0.1778328621339,0.5698983843364));
#8368=VECTOR('',#9650,2.27574533046397);
#8369=CARTESIAN_POINT('',(3.45,-0.03423763532906,0.2486050771456));
#8370=CARTESIAN_POINT('',(3.4016080979308,-0.00374156136022687,0.288882367969266));
#8371=CARTESIAN_POINT('',(3.40672390625815,-0.00334601768561297,0.288243878499771));
#8372=CARTESIAN_POINT('',(3.41181393145706,-0.00351585223022101,0.287060232968393));
#8373=CARTESIAN_POINT('',(3.41669570663106,-0.00425864141588086,0.285347729208825));
#8374=CARTESIAN_POINT('',(3.41975144518449,-0.00472358899556078,0.284275790503233));
#8375=CARTESIAN_POINT('',(3.42272760538347,-0.00541700555161698,0.282992737193994));
#8376=CARTESIAN_POINT('',(3.42552041750399,-0.00631378518757007,0.28153966753853));
#8377=CARTESIAN_POINT('',(3.42718933554697,-0.00684967935102575,0.280671347701372));
#8378=CARTESIAN_POINT('',(3.42879302772408,-0.00745745417040897,0.279743040851088));
#8379=CARTESIAN_POINT('',(3.43031425311376,-0.00812639934640382,0.278768765678852));
#8380=CARTESIAN_POINT('',(3.43301780334028,-0.00931526122995875,0.277037265612882));
#8381=CARTESIAN_POINT('',(3.43546357974834,-0.0106932323363694,0.27516459284536));
#8382=CARTESIAN_POINT('',(3.43767055702173,-0.0122597552977781,0.273150399905942));
#8383=CARTESIAN_POINT('',(3.43878348183671,-0.0130497146226947,0.272134691528936));
#8384=CARTESIAN_POINT('',(3.43983527314501,-0.0138881899265608,0.271082438067985));
#8385=CARTESIAN_POINT('',(3.4408243987383,-0.0147773819927442,0.269991366778869));
#8386=CARTESIAN_POINT('',(3.44264187115694,-0.0164112311885484,0.267986573870697));
#8387=CARTESIAN_POINT('',(3.44424327268236,-0.0182184147848784,0.265848660791483));
#8388=CARTESIAN_POINT('',(3.44556033261324,-0.0201415468864392,0.263648918302162));
#8389=CARTESIAN_POINT('',(3.44638147402158,-0.0213405533745224,0.262277454784566));
#8390=CARTESIAN_POINT('',(3.4470928877604,-0.0225840612982643,0.260882515324541));
#8391=CARTESIAN_POINT('',(3.44768750006154,-0.0238552241383885,0.259484258685376));
#8392=CARTESIAN_POINT('',(3.44923583364417,-0.0271652533970444,0.255843285050327));
#8393=CARTESIAN_POINT('',(3.45000000000013,-0.0306677093061457,0.252175003168514));
#8394=CARTESIAN_POINT('',(3.4500000000002,-0.03423763532906,0.2486050771456));
#8395=CARTESIAN_POINT('',(3.45,-0.03423763532906,0.2486050771456));
#8396=VECTOR('',#9651,0.303160783438406);
#8397=CARTESIAN_POINT('',(3.44999984852676,-0.375681502475471,0.15889122550063));
#8398=CARTESIAN_POINT('',(3.449999909116,-0.3756815017566,0.1588912248221));
#8399=VECTOR('',#9652,10.0);
#8400=CARTESIAN_POINT('',(3.40340460716928,-0.415415490919287,0.127992108284487));
#8401=CARTESIAN_POINT('',(3.40340459450001,-0.415415360905021,0.127992240778452));
#8402=CARTESIAN_POINT('',(3.40838939666297,-0.414697734924414,0.127764701921458));
#8403=CARTESIAN_POINT('',(3.41332440758954,-0.413465603055983,0.128079043791161));
#8404=CARTESIAN_POINT('',(3.41803981263959,-0.411734491352959,0.128936084302907));
#8405=CARTESIAN_POINT('',(3.421057772709,-0.410626542843775,0.129484608557951));
#8406=CARTESIAN_POINT('',(3.42398734223608,-0.409310348519047,0.13025936036021));
#8407=CARTESIAN_POINT('',(3.42672642053343,-0.407828154644215,0.131232053395052));
#8408=CARTESIAN_POINT('',(3.42826700907686,-0.406994497970395,0.131779142445846));
#8409=CARTESIAN_POINT('',(3.42974762554869,-0.406108990648226,0.132388174162748));
#8410=CARTESIAN_POINT('',(3.43115424380613,-0.405183362427334,0.133049822142497));
#8411=CARTESIAN_POINT('',(3.43381489188478,-0.403432517139766,0.13430134324052));
#8412=CARTESIAN_POINT('',(3.43621365717211,-0.401541884915597,0.135737286029993));
#8413=CARTESIAN_POINT('',(3.43836867076372,-0.399510729018896,0.137357580042241));
#8414=CARTESIAN_POINT('',(3.43937857272801,-0.39855887036805,0.138116896879997));
#8415=CARTESIAN_POINT('',(3.44033454685999,-0.397575668402598,0.138917191324576));
#8416=CARTESIAN_POINT('',(3.44123533621745,-0.396559316174401,0.139760220199963));
#8417=CARTESIAN_POINT('',(3.4430188633036,-0.394546979202326,0.141429383829857));
#8418=CARTESIAN_POINT('',(3.44458153665446,-0.392402807487386,0.143267990475796));
#8419=CARTESIAN_POINT('',(3.44585703759375,-0.390198859835574,0.145217600962075));
#8420=CARTESIAN_POINT('',(3.44660040142685,-0.388914395885805,0.146353836835761));
#8421=CARTESIAN_POINT('',(3.44724700586902,-0.38761011277333,0.1475272825432));
#8422=CARTESIAN_POINT('',(3.4477912973435,-0.386302511059129,0.148724090584278));
#8423=CARTESIAN_POINT('',(3.44926951141942,-0.382751260763551,0.151974441867449));
#8424=CARTESIAN_POINT('',(3.44999972734541,-0.379171161178811,0.155401565643466));
#8425=CARTESIAN_POINT('',(3.44999972734827,-0.375681501778409,0.158891224803569));
#8426=CARTESIAN_POINT('',(3.403404613504,-0.4154155559264,0.1279920420375));
#8427=CARTESIAN_POINT('',(3.403108259102,-0.3944837620901,0.107423321104));
#8428=CARTESIAN_POINT('',(3.402512335497,-0.3524606378368,0.06614869437127));
#8429=CARTESIAN_POINT('',(3.401910110882,-0.3101277241593,0.02459028552688));
#8430=CARTESIAN_POINT('',(3.40160779646,-0.2888810355285,0.003742969143884));
#8431=CARTESIAN_POINT('',(3.449999999996,-0.1588910433335,0.3756816832435));
#8432=CARTESIAN_POINT('',(3.45,-0.03423763532906,0.2486050771456));
#8433=VECTOR('',#9653,10.0);
#8434=CARTESIAN_POINT('',(3.449999909116,-0.3756815017566,0.1588912248221));
#8435=VECTOR('',#9654,0.306588006493793);
#8436=CARTESIAN_POINT('',(3.403404654882,-0.127991941129,0.4154156487612));
#8437=CARTESIAN_POINT('',(3.44999999998669,-0.1588910433335,0.3756816832435));
#8438=CARTESIAN_POINT('',(3.44999999998668,-0.155401348803656,0.379171377773357));
#8439=CARTESIAN_POINT('',(3.44926977272642,-0.151974190649748,0.382751471972762));
#8440=CARTESIAN_POINT('',(3.44779155530063,-0.148723831454647,0.386302716835487));
#8441=CARTESIAN_POINT('',(3.44685764197599,-0.146670308265707,0.388546334613549));
#8442=CARTESIAN_POINT('',(3.44561971799341,-0.144686126143224,0.390779642222576));
#8443=CARTESIAN_POINT('',(3.44411644179785,-0.142839163978229,0.392921311375672));
#8444=CARTESIAN_POINT('',(3.44324030117878,-0.141762716031118,0.394169520682248));
#8445=CARTESIAN_POINT('',(3.44227504339636,-0.140732759100877,0.395386719815624));
#8446=CARTESIAN_POINT('',(3.441235576608,-0.139759946204067,0.3965595406938));
#8447=CARTESIAN_POINT('',(3.43931344255138,-0.13796106545039,0.398728266984516));
#8448=CARTESIAN_POINT('',(3.43714310051082,-0.136355542844099,0.400747248318906));
#8449=CARTESIAN_POINT('',(3.43472411346972,-0.13493115069151,0.402629291609182));
#8450=CARTESIAN_POINT('',(3.43359041146407,-0.134263583559983,0.403511345219501));
#8451=CARTESIAN_POINT('',(3.43240139649173,-0.133636070570687,0.404363056563181));
#8452=CARTESIAN_POINT('',(3.43115446564607,-0.133049535969324,0.405183601800142));
#8453=CARTESIAN_POINT('',(3.42865358189832,-0.131873163713286,0.406829313151767));
#8454=CARTESIAN_POINT('',(3.42591679100307,-0.130864731650502,0.408346612646677));
#8455=CARTESIAN_POINT('',(3.42303064760536,-0.130070487669474,0.409675631766239));
#8456=CARTESIAN_POINT('',(3.42140732568332,-0.129623762234115,0.410423143436415));
#8457=CARTESIAN_POINT('',(3.41973747502401,-0.129244305534478,0.411111573166928));
#8458=CARTESIAN_POINT('',(3.41804001949538,-0.128935787337063,0.411734742126694));
#8459=CARTESIAN_POINT('',(3.41332461663271,-0.128078747157376,0.413465858286868));
#8460=CARTESIAN_POINT('',(3.40838957315548,-0.127764394956901,0.414698013146037));
#8461=CARTESIAN_POINT('',(3.40340465488178,-0.127991941131318,0.415415648758926));
#8462=CARTESIAN_POINT('',(1.15,-0.2308542511933,0.7398182345308));
#8463=VECTOR('',#9655,2.2789581459811);
#8464=CARTESIAN_POINT('',(1.15,-0.7398188141679,0.2308529995973));
#8465=VECTOR('',#9656,2.27895813974492);
#8466=CARTESIAN_POINT('',(3.401608097931,-0.003741561355807,0.2888823679736));
#8467=CARTESIAN_POINT('',(3.401807783869,-0.01751141070296,0.3029154333044));
#8468=CARTESIAN_POINT('',(3.402207197139,-0.0450749388315,0.3309990276108));
#8469=CARTESIAN_POINT('',(3.40280618006,-0.08649173182047,0.3731767932191));
#8470=CARTESIAN_POINT('',(3.40320523648,-0.1141505941622,0.4013302120519));
#8471=CARTESIAN_POINT('',(3.403404654882,-0.127991941129,0.4154156487612));
#8472=DIRECTION('',(0.499999999999997,-0.866025403784441,1.06054021204602E-16));
#8473=CARTESIAN_POINT('',(4.9,0.0,0.0));
#8474=DIRECTION('',(1.0,0.0,0.0));
#8475=DIRECTION('',(0.0,1.0,0.0));
#8476=DIRECTION('',(-0.5,-0.866025403784439,1.06057523872491E-16));
#8477=DIRECTION('',(1.0,-0.0,0.0));
#8478=CARTESIAN_POINT('',(0.4156921938165,0.0,0.0));
#8479=DIRECTION('',(-1.0,0.0,0.0));
#8480=DIRECTION('',(0.0,1.0,0.0));
#8481=DIRECTION('',(-1.0,0.0,0.0));
#8482=DIRECTION('',(0.866025403784439,-0.5,6.12303176911189E-17));
#8483=CARTESIAN_POINT('',(0.0,0.0,0.0));
#8484=DIRECTION('',(-1.0,0.0,0.0));
#8485=DIRECTION('',(0.0,1.0,0.0));
#8486=DIRECTION('',(-0.866025403784439,-0.5,6.12323399573677E-17));
#8487=DIRECTION('',(0.707106781186548,-0.707106781186547,-8.65927457071935E-17));
#8488=CARTESIAN_POINT('',(0.0,0.0,0.0));
#8489=DIRECTION('',(1.0,0.0,0.0));
#8490=DIRECTION('',(0.0,1.0,0.0));
#8491=DIRECTION('',(-0.707106781186548,-0.707106781186548,-8.65956056235492E-17));
#8492=CARTESIAN_POINT('',(0.15,0.0,0.0));
#8493=DIRECTION('',(-1.0,0.0,0.0));
#8494=DIRECTION('',(0.0,1.0,0.0));
#8495=DIRECTION('',(-0.639626926737054,0.7686854978422,-9.41337144748675E-17));
#8496=CARTESIAN_POINT('',(0.5,0.0,0.0));
#8497=DIRECTION('',(-1.0,0.0,0.0));
#8498=DIRECTION('',(0.0,1.0,0.0));
#8499=DIRECTION('',(0.639626926737054,0.7686854978422,-9.4136823448344E-17));
#8500=CARTESIAN_POINT('',(0.4167895155389,0.0,0.0));
#8501=DIRECTION('',(1.0,0.0,0.0));
#8502=DIRECTION('',(0.0,-1.0,0.0));
#8503=DIRECTION('',(0.7686854978422,-0.639626926737055,-7.83291198558077E-17));
#8504=DIRECTION('',(-0.7686854978422,-0.639626926737054,-7.83317068476992E-17));
#8505=CARTESIAN_POINT('',(0.6201771635481,0.0,0.0));
#8506=DIRECTION('',(1.0,0.0,0.0));
#8507=DIRECTION('',(0.0,-1.0,0.0));
#8508=DIRECTION('',(1.0,-0.0,-0.0));
#8509=DIRECTION('',(-1.0,0.0,0.0));
#8510=DIRECTION('',(1.0,-0.0,-0.0));
#8511=DIRECTION('',(-1.0,0.0,0.0));
#8512=CARTESIAN_POINT('',(0.9,0.0,0.0));
#8513=DIRECTION('',(-1.0,0.0,0.0));
#8514=DIRECTION('',(0.0,1.0,0.0));
#8515=DIRECTION('',(1.0,-0.0,-0.0));
#8516=CARTESIAN_POINT('',(0.9,0.0,0.0));
#8517=DIRECTION('',(1.0,0.0,0.0));
#8518=DIRECTION('',(0.0,1.0,0.0));
#8519=DIRECTION('',(-1.0,0.0,0.0));
#8520=CARTESIAN_POINT('',(1.4,0.0,0.0));
#8521=DIRECTION('',(1.0,0.0,0.0));
#8522=DIRECTION('',(0.0,1.0,0.0));
#8523=CARTESIAN_POINT('',(1.4,0.0,0.0));
#8524=DIRECTION('',(-1.0,0.0,0.0));
#8525=DIRECTION('',(0.0,0.996917333733128,-0.0784590957278422));
#8526=CARTESIAN_POINT('',(1.4,0.0,0.0));
#8527=DIRECTION('',(-1.0,0.0,0.0));
#8528=DIRECTION('',(0.0,0.972369920397679,-0.233445363855895));
#8529=CARTESIAN_POINT('',(1.4,0.0,0.0));
#8530=DIRECTION('',(-1.0,0.0,0.0));
#8531=DIRECTION('',(0.0,0.923879532511285,-0.382683432365094));
#8532=CARTESIAN_POINT('',(1.4,0.0,0.0));
#8533=DIRECTION('',(-1.0,0.0,0.0));
#8534=DIRECTION('',(0.0,0.852640164354116,-0.52249856471591));
#8535=CARTESIAN_POINT('',(1.4,0.0,0.0));
#8536=DIRECTION('',(-1.0,0.0,0.0));
#8537=DIRECTION('',(0.0,0.76040596560001,-0.649448048330208));
#8538=CARTESIAN_POINT('',(1.4,0.0,0.0));
#8539=DIRECTION('',(-1.0,0.0,0.0));
#8540=DIRECTION('',(0.0,0.649448048330208,-0.76040596560001));
#8541=CARTESIAN_POINT('',(1.4,0.0,0.0));
#8542=DIRECTION('',(-1.0,0.0,0.0));
#8543=DIRECTION('',(0.0,0.52249856471591,-0.852640164354116));
#8544=CARTESIAN_POINT('',(1.4,0.0,0.0));
#8545=DIRECTION('',(-1.0,0.0,0.0));
#8546=DIRECTION('',(0.0,0.382683432365094,-0.923879532511285));
#8547=CARTESIAN_POINT('',(1.4,0.0,0.0));
#8548=DIRECTION('',(-1.0,0.0,0.0));
#8549=DIRECTION('',(0.0,0.233445363855895,-0.972369920397679));
#8550=CARTESIAN_POINT('',(1.4,0.0,0.0));
#8551=DIRECTION('',(-1.0,0.0,0.0));
#8552=DIRECTION('',(0.0,0.0784590957278521,-0.996917333733127));
#8553=CARTESIAN_POINT('',(1.4,0.0,0.0));
#8554=DIRECTION('',(-1.0,-0.0,0.0));
#8555=DIRECTION('',(0.0,-0.0784590957278422,-0.996917333733128));
#8556=CARTESIAN_POINT('',(1.4,0.0,0.0));
#8557=DIRECTION('',(-1.0,-0.0,0.0));
#8558=DIRECTION('',(0.0,-0.233445363855895,-0.972369920397679));
#8559=CARTESIAN_POINT('',(1.4,0.0,0.0));
#8560=DIRECTION('',(-1.0,-0.0,0.0));
#8561=DIRECTION('',(0.0,-0.382683432365094,-0.923879532511285));
#8562=CARTESIAN_POINT('',(1.4,0.0,0.0));
#8563=DIRECTION('',(-1.0,-0.0,0.0));
#8564=DIRECTION('',(0.0,-0.52249856471591,-0.852640164354116));
#8565=CARTESIAN_POINT('',(1.4,0.0,0.0));
#8566=DIRECTION('',(-1.0,-0.0,0.0));
#8567=DIRECTION('',(0.0,-0.649448048330208,-0.76040596560001));
#8568=CARTESIAN_POINT('',(1.4,0.0,0.0));
#8569=DIRECTION('',(-1.0,-0.0,0.0));
#8570=DIRECTION('',(0.0,-0.76040596560001,-0.649448048330208));
#8571=CARTESIAN_POINT('',(1.4,0.0,0.0));
#8572=DIRECTION('',(-1.0,-0.0,0.0));
#8573=DIRECTION('',(0.0,-0.852640164354116,-0.52249856471591));
#8574=CARTESIAN_POINT('',(1.4,0.0,0.0));
#8575=DIRECTION('',(-1.0,-0.0,0.0));
#8576=DIRECTION('',(0.0,-0.923879532511285,-0.382683432365094));
#8577=CARTESIAN_POINT('',(1.4,0.0,0.0));
#8578=DIRECTION('',(-1.0,-0.0,0.0));
#8579=DIRECTION('',(0.0,-0.972369920397679,-0.233445363855895));
#8580=CARTESIAN_POINT('',(1.4,0.0,0.0));
#8581=DIRECTION('',(-1.0,-0.0,0.0));
#8582=DIRECTION('',(0.0,-0.996917333733128,-0.0784590957278422));
#8583=DIRECTION('',(1.0,-0.0,-0.0));
#8584=CARTESIAN_POINT('',(1.4,0.0,0.0));
#8585=DIRECTION('',(-1.0,0.0,0.0));
#8586=DIRECTION('',(0.0,0.999930922470902,0.01175373500174));
#8587=DIRECTION('',(1.0,0.0,0.0));
#8588=CARTESIAN_POINT('',(2.4,0.0,0.0));
#8589=DIRECTION('',(1.0,0.0,0.0));
#8590=DIRECTION('',(0.0,0.999930922470902,-0.01175373500174));
#8591=DIRECTION('',(1.0,-0.0,-0.0));
#8592=CARTESIAN_POINT('',(1.4,0.0,0.0));
#8593=DIRECTION('',(-1.0,-0.0,0.0));
#8594=DIRECTION('',(0.0,-0.999930922470902,-0.01175373500174));
#8595=DIRECTION('',(1.0,0.0,0.0));
#8596=CARTESIAN_POINT('',(2.4,0.0,0.0));
#8597=DIRECTION('',(1.0,0.0,0.0));
#8598=DIRECTION('',(0.0,-0.999930922470902,0.01175373500174));
#8599=DIRECTION('',(1.0,-0.0,-0.0));
#8600=CARTESIAN_POINT('',(2.4,0.0,0.0));
#8601=DIRECTION('',(-1.0,-0.0,0.0));
#8602=DIRECTION('',(0.0,-0.997315459709972,-0.0732248169918379));
#8603=CARTESIAN_POINT('',(2.4,0.0,0.0));
#8604=DIRECTION('',(1.0,0.0,0.0));
#8605=DIRECTION('',(0.0,-0.997315459709972,-0.0732248169918379));
#8606=CARTESIAN_POINT('',(2.4,0.0,0.0));
#8607=DIRECTION('',(-1.0,-0.0,0.0));
#8608=DIRECTION('',(0.0,-0.973581966377037,-0.228337808401109));
#8609=CARTESIAN_POINT('',(2.4,0.0,0.0));
#8610=DIRECTION('',(1.0,0.0,0.0));
#8611=DIRECTION('',(0.0,-0.973581966377037,-0.228337808401109));
#8612=CARTESIAN_POINT('',(2.4,0.0,0.0));
#8613=DIRECTION('',(-1.0,-0.0,0.0));
#8614=DIRECTION('',(0.0,-0.925875653898576,-0.37782836515789));
#8615=CARTESIAN_POINT('',(2.4,0.0,0.0));
#8616=DIRECTION('',(1.0,0.0,0.0));
#8617=DIRECTION('',(0.0,-0.925875653898576,-0.37782836515789));
#8618=CARTESIAN_POINT('',(2.4,0.0,0.0));
#8619=DIRECTION('',(-1.0,-0.0,0.0));
#8620=DIRECTION('',(0.0,-0.855371210016047,-0.518015533623928));
#8621=CARTESIAN_POINT('',(2.4,0.0,0.0));
#8622=DIRECTION('',(1.0,0.0,0.0));
#8623=DIRECTION('',(0.0,-0.855371210016047,-0.518015533623928));
#8624=CARTESIAN_POINT('',(2.4,0.0,0.0));
#8625=DIRECTION('',(-1.0,-0.0,0.0));
#8626=DIRECTION('',(0.0,-0.763804688128608,-0.645447440457207));
#8627=CARTESIAN_POINT('',(2.4,0.0,0.0));
#8628=DIRECTION('',(1.0,0.0,0.0));
#8629=DIRECTION('',(0.0,-0.763804688128608,-0.645447440457207));
#8630=CARTESIAN_POINT('',(2.4,0.0,0.0));
#8631=DIRECTION('',(-1.0,-0.0,0.0));
#8632=DIRECTION('',(0.0,-0.653430759896998,-0.756986289189198));
#8633=CARTESIAN_POINT('',(2.4,0.0,0.0));
#8634=DIRECTION('',(1.0,0.0,0.0));
#8635=DIRECTION('',(0.0,-0.653430759896998,-0.756986289189198));
#8636=CARTESIAN_POINT('',(2.4,0.0,0.0));
#8637=DIRECTION('',(-1.0,-0.0,0.0));
#8638=DIRECTION('',(0.0,-0.526967197744426,-0.849885623187842));
#8639=CARTESIAN_POINT('',(2.4,0.0,0.0));
#8640=DIRECTION('',(1.0,0.0,0.0));
#8641=DIRECTION('',(0.0,-0.526967197744426,-0.849885623187842));
#8642=CARTESIAN_POINT('',(2.4,0.0,0.0));
#8643=DIRECTION('',(-1.0,-0.0,0.0));
#8644=DIRECTION('',(0.0,-0.387527954279485,-0.921857952534965));
#8645=CARTESIAN_POINT('',(2.4,0.0,0.0));
#8646=DIRECTION('',(1.0,0.0,0.0));
#8647=DIRECTION('',(0.0,-0.387527954279485,-0.921857952534965));
#8648=CARTESIAN_POINT('',(2.4,0.0,0.0));
#8649=DIRECTION('',(-1.0,-0.0,0.0));
#8650=DIRECTION('',(0.0,-0.238546486448611,-0.971131079619545));
#8651=CARTESIAN_POINT('',(2.4,0.0,0.0));
#8652=DIRECTION('',(1.0,0.0,0.0));
#8653=DIRECTION('',(0.0,-0.238546486448611,-0.971131079619545));
#8654=CARTESIAN_POINT('',(2.4,0.0,0.0));
#8655=DIRECTION('',(-1.0,-0.0,0.0));
#8656=DIRECTION('',(0.0,-0.0836912124310305,-0.996491736524606));
#8657=CARTESIAN_POINT('',(2.4,0.0,0.0));
#8658=DIRECTION('',(1.0,0.0,0.0));
#8659=DIRECTION('',(0.0,-0.0836912124310305,-0.996491736524606));
#8660=CARTESIAN_POINT('',(2.4,0.0,0.0));
#8661=DIRECTION('',(-1.0,0.0,0.0));
#8662=DIRECTION('',(0.0,0.0732248169918379,-0.997315459709972));
#8663=CARTESIAN_POINT('',(2.4,0.0,0.0));
#8664=DIRECTION('',(1.0,0.0,0.0));
#8665=DIRECTION('',(0.0,0.0732248169918379,-0.997315459709972));
#8666=CARTESIAN_POINT('',(2.4,0.0,0.0));
#8667=DIRECTION('',(-1.0,0.0,0.0));
#8668=DIRECTION('',(0.0,0.228337808401109,-0.973581966377037));
#8669=CARTESIAN_POINT('',(2.4,0.0,0.0));
#8670=DIRECTION('',(1.0,0.0,0.0));
#8671=DIRECTION('',(0.0,0.228337808401109,-0.973581966377037));
#8672=CARTESIAN_POINT('',(2.4,0.0,0.0));
#8673=DIRECTION('',(-1.0,0.0,0.0));
#8674=DIRECTION('',(0.0,0.37782836515789,-0.925875653898576));
#8675=CARTESIAN_POINT('',(2.4,0.0,0.0));
#8676=DIRECTION('',(1.0,0.0,0.0));
#8677=DIRECTION('',(0.0,0.37782836515789,-0.925875653898576));
#8678=CARTESIAN_POINT('',(2.4,0.0,0.0));
#8679=DIRECTION('',(-1.0,0.0,0.0));
#8680=DIRECTION('',(0.0,0.518015533623928,-0.855371210016047));
#8681=CARTESIAN_POINT('',(2.4,0.0,0.0));
#8682=DIRECTION('',(1.0,0.0,0.0));
#8683=DIRECTION('',(0.0,0.518015533623928,-0.855371210016047));
#8684=CARTESIAN_POINT('',(2.4,0.0,0.0));
#8685=DIRECTION('',(-1.0,0.0,0.0));
#8686=DIRECTION('',(0.0,0.645447440457207,-0.763804688128608));
#8687=CARTESIAN_POINT('',(2.4,0.0,0.0));
#8688=DIRECTION('',(1.0,0.0,0.0));
#8689=DIRECTION('',(0.0,0.645447440457207,-0.763804688128608));
#8690=CARTESIAN_POINT('',(2.4,0.0,0.0));
#8691=DIRECTION('',(-1.0,0.0,0.0));
#8692=DIRECTION('',(0.0,0.756986289189198,-0.653430759896998));
#8693=CARTESIAN_POINT('',(2.4,0.0,0.0));
#8694=DIRECTION('',(1.0,0.0,0.0));
#8695=DIRECTION('',(0.0,0.756986289189198,-0.653430759896998));
#8696=CARTESIAN_POINT('',(2.4,0.0,0.0));
#8697=DIRECTION('',(-1.0,0.0,0.0));
#8698=DIRECTION('',(0.0,0.849885623187842,-0.526967197744426));
#8699=CARTESIAN_POINT('',(2.4,0.0,0.0));
#8700=DIRECTION('',(1.0,0.0,0.0));
#8701=DIRECTION('',(0.0,0.849885623187842,-0.526967197744426));
#8702=CARTESIAN_POINT('',(2.4,0.0,0.0));
#8703=DIRECTION('',(-1.0,0.0,0.0));
#8704=DIRECTION('',(0.0,0.921857952534965,-0.387527954279485));
#8705=CARTESIAN_POINT('',(2.4,0.0,0.0));
#8706=DIRECTION('',(1.0,0.0,0.0));
#8707=DIRECTION('',(0.0,0.921857952534965,-0.387527954279485));
#8708=CARTESIAN_POINT('',(2.4,0.0,0.0));
#8709=DIRECTION('',(-1.0,0.0,0.0));
#8710=DIRECTION('',(0.0,0.971131079619545,-0.238546486448611));
#8711=CARTESIAN_POINT('',(2.4,0.0,0.0));
#8712=DIRECTION('',(1.0,0.0,0.0));
#8713=DIRECTION('',(0.0,0.971131079619545,-0.238546486448611));
#8714=CARTESIAN_POINT('',(2.4,0.0,0.0));
#8715=DIRECTION('',(-1.0,0.0,0.0));
#8716=DIRECTION('',(0.0,0.996491736524606,-0.0836912124310305));
#8717=CARTESIAN_POINT('',(2.4,0.0,0.0));
#8718=DIRECTION('',(1.0,0.0,0.0));
#8719=DIRECTION('',(0.0,0.996491736524606,-0.0836912124310305));
#8720=CARTESIAN_POINT('',(2.4,0.0,0.0));
#8721=DIRECTION('',(1.0,0.0,0.0));
#8722=DIRECTION('',(0.0,1.0,0.0));
#8723=DIRECTION('',(-1.0,0.0,0.0));
#8724=CARTESIAN_POINT('',(5.45,0.0,0.0));
#8725=DIRECTION('',(1.0,0.0,0.0));
#8726=DIRECTION('',(0.0,1.0,0.0));
#8727=DIRECTION('',(-0.707106781186548,0.707106781186547,-8.65927457071935E-17));
#8728=CARTESIAN_POINT('',(5.7,0.0,0.0));
#8729=DIRECTION('',(-1.0,0.0,0.0));
#8730=DIRECTION('',(0.0,1.0,0.0));
#8731=DIRECTION('',(0.707106781186548,0.707106781186548,-8.65956056235492E-17));
#8732=CARTESIAN_POINT('',(5.7,0.0,0.0));
#8733=DIRECTION('',(-1.0,0.0,0.0));
#8734=DIRECTION('',(0.0,1.0,0.0));
#8735=CARTESIAN_POINT('',(5.45,0.0,0.0));
#8736=DIRECTION('',(1.0,0.0,0.0));
#8737=DIRECTION('',(0.0,1.0,0.0));
#8738=CARTESIAN_POINT('',(2.4,0.0,0.0));
#8739=DIRECTION('',(1.0,0.0,0.0));
#8740=DIRECTION('',(0.0,1.0,0.0));
#8741=CARTESIAN_POINT('',(2.4,0.0,0.0));
#8742=DIRECTION('',(1.0,0.0,-0.0));
#8743=DIRECTION('',(0.0,0.997315459709972,0.0732248169918379));
#8744=CARTESIAN_POINT('',(2.4,0.0,0.0));
#8745=DIRECTION('',(1.0,0.0,-0.0));
#8746=DIRECTION('',(0.0,0.996491736524606,0.0836912124310305));
#8747=CARTESIAN_POINT('',(2.4,0.0,0.0));
#8748=DIRECTION('',(1.0,0.0,-0.0));
#8749=DIRECTION('',(0.0,0.973581966377037,0.228337808401109));
#8750=CARTESIAN_POINT('',(2.4,0.0,0.0));
#8751=DIRECTION('',(1.0,0.0,-0.0));
#8752=DIRECTION('',(0.0,0.971131079619545,0.238546486448611));
#8753=CARTESIAN_POINT('',(2.4,0.0,0.0));
#8754=DIRECTION('',(1.0,0.0,-0.0));
#8755=DIRECTION('',(0.0,0.925875653898576,0.37782836515789));
#8756=CARTESIAN_POINT('',(2.4,0.0,0.0));
#8757=DIRECTION('',(1.0,0.0,-0.0));
#8758=DIRECTION('',(0.0,0.921857952534965,0.387527954279485));
#8759=CARTESIAN_POINT('',(2.4,0.0,0.0));
#8760=DIRECTION('',(1.0,0.0,-0.0));
#8761=DIRECTION('',(0.0,0.855371210016047,0.518015533623928));
#8762=CARTESIAN_POINT('',(2.4,0.0,0.0));
#8763=DIRECTION('',(1.0,0.0,-0.0));
#8764=DIRECTION('',(0.0,0.849885623187842,0.526967197744426));
#8765=CARTESIAN_POINT('',(2.4,0.0,0.0));
#8766=DIRECTION('',(1.0,0.0,-0.0));
#8767=DIRECTION('',(0.0,0.763804688128608,0.645447440457207));
#8768=CARTESIAN_POINT('',(2.4,0.0,0.0));
#8769=DIRECTION('',(1.0,0.0,-0.0));
#8770=DIRECTION('',(0.0,0.756986289189198,0.653430759896998));
#8771=CARTESIAN_POINT('',(2.4,0.0,0.0));
#8772=DIRECTION('',(1.0,0.0,-0.0));
#8773=DIRECTION('',(0.0,0.653430759896998,0.756986289189198));
#8774=CARTESIAN_POINT('',(2.4,0.0,0.0));
#8775=DIRECTION('',(1.0,0.0,-0.0));
#8776=DIRECTION('',(0.0,0.645447440457207,0.763804688128608));
#8777=CARTESIAN_POINT('',(2.4,0.0,0.0));
#8778=DIRECTION('',(1.0,0.0,-0.0));
#8779=DIRECTION('',(0.0,0.526967197744426,0.849885623187842));
#8780=CARTESIAN_POINT('',(2.4,0.0,0.0));
#8781=DIRECTION('',(1.0,0.0,-0.0));
#8782=DIRECTION('',(0.0,0.518015533623928,0.855371210016047));
#8783=CARTESIAN_POINT('',(2.4,0.0,0.0));
#8784=DIRECTION('',(1.0,0.0,-0.0));
#8785=DIRECTION('',(0.0,0.387527954279485,0.921857952534965));
#8786=CARTESIAN_POINT('',(2.4,0.0,0.0));
#8787=DIRECTION('',(1.0,0.0,-0.0));
#8788=DIRECTION('',(0.0,0.37782836515789,0.925875653898576));
#8789=CARTESIAN_POINT('',(2.4,0.0,0.0));
#8790=DIRECTION('',(1.0,0.0,-0.0));
#8791=DIRECTION('',(0.0,0.238546486448611,0.971131079619545));
#8792=CARTESIAN_POINT('',(2.4,0.0,0.0));
#8793=DIRECTION('',(1.0,0.0,-0.0));
#8794=DIRECTION('',(0.0,0.228337808401109,0.973581966377037));
#8795=CARTESIAN_POINT('',(2.4,0.0,0.0));
#8796=DIRECTION('',(1.0,0.0,-0.0));
#8797=DIRECTION('',(0.0,0.0836912124310305,0.996491736524606));
#8798=CARTESIAN_POINT('',(2.4,0.0,0.0));
#8799=DIRECTION('',(1.0,0.0,-0.0));
#8800=DIRECTION('',(0.0,0.0732248169918379,0.997315459709972));
#8801=CARTESIAN_POINT('',(2.4,0.0,0.0));
#8802=DIRECTION('',(1.0,0.0,0.0));
#8803=DIRECTION('',(0.0,-0.0732248169918379,0.997315459709972));
#8804=CARTESIAN_POINT('',(2.4,0.0,0.0));
#8805=DIRECTION('',(1.0,0.0,0.0));
#8806=DIRECTION('',(0.0,-0.0836912124310305,0.996491736524606));
#8807=CARTESIAN_POINT('',(2.4,0.0,0.0));
#8808=DIRECTION('',(1.0,0.0,0.0));
#8809=DIRECTION('',(0.0,-0.228337808401109,0.973581966377037));
#8810=CARTESIAN_POINT('',(2.4,0.0,0.0));
#8811=DIRECTION('',(1.0,0.0,0.0));
#8812=DIRECTION('',(0.0,-0.238546486448611,0.971131079619545));
#8813=CARTESIAN_POINT('',(2.4,0.0,0.0));
#8814=DIRECTION('',(1.0,0.0,0.0));
#8815=DIRECTION('',(0.0,-0.37782836515789,0.925875653898576));
#8816=CARTESIAN_POINT('',(2.4,0.0,0.0));
#8817=DIRECTION('',(1.0,0.0,0.0));
#8818=DIRECTION('',(0.0,-0.387527954279485,0.921857952534965));
#8819=CARTESIAN_POINT('',(2.4,0.0,0.0));
#8820=DIRECTION('',(1.0,0.0,0.0));
#8821=DIRECTION('',(0.0,-0.518015533623928,0.855371210016047));
#8822=CARTESIAN_POINT('',(2.4,0.0,0.0));
#8823=DIRECTION('',(1.0,0.0,0.0));
#8824=DIRECTION('',(0.0,-0.526967197744426,0.849885623187842));
#8825=CARTESIAN_POINT('',(2.4,0.0,0.0));
#8826=DIRECTION('',(1.0,0.0,0.0));
#8827=DIRECTION('',(0.0,-0.645447440457207,0.763804688128608));
#8828=CARTESIAN_POINT('',(2.4,0.0,0.0));
#8829=DIRECTION('',(1.0,0.0,0.0));
#8830=DIRECTION('',(0.0,-0.653430759896998,0.756986289189198));
#8831=CARTESIAN_POINT('',(2.4,0.0,0.0));
#8832=DIRECTION('',(1.0,0.0,0.0));
#8833=DIRECTION('',(0.0,-0.756986289189198,0.653430759896998));
#8834=CARTESIAN_POINT('',(2.4,0.0,0.0));
#8835=DIRECTION('',(1.0,0.0,0.0));
#8836=DIRECTION('',(0.0,-0.763804688128608,0.645447440457207));
#8837=CARTESIAN_POINT('',(2.4,0.0,0.0));
#8838=DIRECTION('',(1.0,0.0,0.0));
#8839=DIRECTION('',(0.0,-0.849885623187842,0.526967197744426));
#8840=CARTESIAN_POINT('',(2.4,0.0,0.0));
#8841=DIRECTION('',(1.0,0.0,0.0));
#8842=DIRECTION('',(0.0,-0.855371210016047,0.518015533623928));
#8843=CARTESIAN_POINT('',(2.4,0.0,0.0));
#8844=DIRECTION('',(1.0,0.0,0.0));
#8845=DIRECTION('',(0.0,-0.921857952534965,0.387527954279485));
#8846=CARTESIAN_POINT('',(2.4,0.0,0.0));
#8847=DIRECTION('',(1.0,0.0,0.0));
#8848=DIRECTION('',(0.0,-0.925875653898576,0.37782836515789));
#8849=CARTESIAN_POINT('',(2.4,0.0,0.0));
#8850=DIRECTION('',(1.0,0.0,0.0));
#8851=DIRECTION('',(0.0,-0.971131079619545,0.238546486448611));
#8852=CARTESIAN_POINT('',(2.4,0.0,0.0));
#8853=DIRECTION('',(1.0,0.0,0.0));
#8854=DIRECTION('',(0.0,-0.973581966377037,0.228337808401109));
#8855=CARTESIAN_POINT('',(2.4,0.0,0.0));
#8856=DIRECTION('',(1.0,0.0,0.0));
#8857=DIRECTION('',(0.0,-0.996491736524606,0.0836912124310305));
#8858=CARTESIAN_POINT('',(2.4,0.0,0.0));
#8859=DIRECTION('',(-1.0,-0.0,0.0));
#8860=DIRECTION('',(0.0,-0.997315459709972,-0.0732248169918379));
#8861=DIRECTION('',(0.0,-0.852640164354116,0.52249856471591));
#8862=DIRECTION('',(0.0,0.649448048330208,0.76040596560001));
#8863=CARTESIAN_POINT('',(2.4,0.0,0.0));
#8864=DIRECTION('',(1.0,0.0,-0.0));
#8865=DIRECTION('',(0.0,0.989458802772267,0.144814631914295));
#8866=DIRECTION('',(0.0,-0.923879532511285,0.382683432365094));
#8867=DIRECTION('',(0.0,0.52249856471591,0.852640164354116));
#8868=CARTESIAN_POINT('',(2.4,0.0,0.0));
#8869=DIRECTION('',(1.0,0.0,-0.0));
#8870=DIRECTION('',(0.0,0.954622923523898,0.297817181980299));
#8871=DIRECTION('',(0.0,-0.972369920397679,0.233445363855895));
#8872=DIRECTION('',(0.0,0.382683432365094,0.923879532511285));
#8873=CARTESIAN_POINT('',(2.4,0.0,0.0));
#8874=DIRECTION('',(1.0,0.0,-0.0));
#8875=DIRECTION('',(0.0,0.896281059686494,0.443486484627497));
#8876=DIRECTION('',(0.0,-0.996917333733128,0.0784590957278422));
#8877=DIRECTION('',(0.0,0.233445363855895,0.972369920397679));
#8878=CARTESIAN_POINT('',(2.4,0.0,0.0));
#8879=DIRECTION('',(1.0,0.0,-0.0));
#8880=DIRECTION('',(0.0,0.815869781573378,0.578235678175784));
#8881=DIRECTION('',(0.0,-0.996917333733128,-0.0784590957278422));
#8882=DIRECTION('',(0.0,0.0784590957278522,0.996917333733128));
#8883=CARTESIAN_POINT('',(2.4,0.0,0.0));
#8884=DIRECTION('',(1.0,0.0,-0.0));
#8885=DIRECTION('',(0.0,0.715369081721295,0.698746790273295));
#8886=DIRECTION('',(0.0,-0.972369920397679,-0.233445363855895));
#8887=DIRECTION('',(0.0,-0.0784590957278422,0.996917333733128));
#8888=CARTESIAN_POINT('',(2.4,0.0,0.0));
#8889=DIRECTION('',(1.0,0.0,-0.0));
#8890=DIRECTION('',(0.0,0.597253620903398,0.802052437386597));
#8891=DIRECTION('',(0.0,-0.923879532511285,-0.382683432365094));
#8892=DIRECTION('',(0.0,-0.233445363855895,0.972369920397679));
#8893=CARTESIAN_POINT('',(2.4,0.0,0.0));
#8894=DIRECTION('',(1.0,0.0,-0.0));
#8895=DIRECTION('',(0.0,0.464431793767713,0.885608891632025));
#8896=DIRECTION('',(0.0,-0.852640164354072,-0.522498564715983));
#8897=DIRECTION('',(0.0,-0.382683432365094,0.923879532511285));
#8898=CARTESIAN_POINT('',(2.4,0.0,0.0));
#8899=DIRECTION('',(1.0,0.0,-0.0));
#8900=DIRECTION('',(0.0,0.320174114508691,0.947358715798074));
#8901=DIRECTION('',(0.0,-0.76040596560001,-0.649448048330208));
#8902=DIRECTION('',(0.0,-0.52249856471591,0.852640164354116));
#8903=CARTESIAN_POINT('',(2.4,0.0,0.0));
#8904=DIRECTION('',(1.0,0.0,-0.0));
#8905=DIRECTION('',(0.0,0.168032685953604,0.985781424277825));
#8906=DIRECTION('',(0.0,-0.649448048330208,-0.76040596560001));
#8907=DIRECTION('',(0.0,-0.649448048330208,0.76040596560001));
#8908=CARTESIAN_POINT('',(2.4,0.0,0.0));
#8909=DIRECTION('',(1.0,0.0,-0.0));
#8910=DIRECTION('',(0.0,0.01175373500174,0.999930922470902));
#8911=DIRECTION('',(0.0,-0.52249856471591,-0.852640164354116));
#8912=DIRECTION('',(0.0,-0.76040596560001,0.649448048330208));
#8913=CARTESIAN_POINT('',(2.4,0.0,0.0));
#8914=DIRECTION('',(1.0,0.0,0.0));
#8915=DIRECTION('',(0.0,-0.144814631914295,0.989458802772267));
#8916=DIRECTION('',(0.0,-0.382683432365094,-0.923879532511285));
#8917=DIRECTION('',(0.0,-0.852640164354116,0.52249856471591));
#8918=CARTESIAN_POINT('',(2.4,0.0,0.0));
#8919=DIRECTION('',(1.0,0.0,0.0));
#8920=DIRECTION('',(0.0,-0.297817181980299,0.954622923523898));
#8921=DIRECTION('',(0.0,-0.233445363855895,-0.972369920397679));
#8922=DIRECTION('',(0.0,-0.923879532511285,0.382683432365094));
#8923=CARTESIAN_POINT('',(2.4,0.0,0.0));
#8924=DIRECTION('',(1.0,0.0,0.0));
#8925=DIRECTION('',(0.0,-0.443486484627497,0.896281059686494));
#8926=DIRECTION('',(0.0,-0.0784590957278522,-0.996917333733128));
#8927=DIRECTION('',(0.0,-0.972369920397679,0.233445363855895));
#8928=CARTESIAN_POINT('',(2.4,0.0,0.0));
#8929=DIRECTION('',(1.0,0.0,0.0));
#8930=DIRECTION('',(0.0,-0.578235678175784,0.815869781573378));
#8931=DIRECTION('',(0.0,0.0784590957278422,-0.996917333733128));
#8932=DIRECTION('',(0.0,-0.996917333733128,0.0784590957278422));
#8933=CARTESIAN_POINT('',(2.4,0.0,0.0));
#8934=DIRECTION('',(1.0,0.0,0.0));
#8935=DIRECTION('',(0.0,-0.698746790273295,0.715369081721295));
#8936=DIRECTION('',(0.0,0.233445363855895,-0.972369920397679));
#8937=DIRECTION('',(0.0,-0.996917333733128,-0.0784590957278522));
#8938=CARTESIAN_POINT('',(2.4,0.0,0.0));
#8939=DIRECTION('',(1.0,0.0,0.0));
#8940=DIRECTION('',(0.0,-0.802052437386597,0.597253620903398));
#8941=DIRECTION('',(0.0,0.382683432365094,-0.923879532511285));
#8942=DIRECTION('',(0.0,-0.972369920397679,-0.233445363855895));
#8943=CARTESIAN_POINT('',(2.4,0.0,0.0));
#8944=DIRECTION('',(1.0,0.0,0.0));
#8945=DIRECTION('',(0.0,-0.885608891632025,0.464431793767713));
#8946=DIRECTION('',(0.0,0.52249856471591,-0.852640164354116));
#8947=DIRECTION('',(0.0,-0.923879532511285,-0.382683432365094));
#8948=CARTESIAN_POINT('',(2.4,0.0,0.0));
#8949=DIRECTION('',(1.0,0.0,0.0));
#8950=DIRECTION('',(0.0,-0.947358715798074,0.320174114508691));
#8951=DIRECTION('',(0.0,0.649448048330208,-0.76040596560001));
#8952=DIRECTION('',(0.0,-0.852640164354116,-0.52249856471591));
#8953=CARTESIAN_POINT('',(2.4,0.0,0.0));
#8954=DIRECTION('',(1.0,0.0,0.0));
#8955=DIRECTION('',(0.0,-0.985781424277825,0.168032685953604));
#8956=DIRECTION('',(0.0,0.76040596560001,-0.649448048330208));
#8957=DIRECTION('',(0.0,-0.76040596560001,-0.649448048330208));
#8958=CARTESIAN_POINT('',(2.4,0.0,0.0));
#8959=DIRECTION('',(1.0,0.0,0.0));
#8960=DIRECTION('',(0.0,-0.999930922470902,0.01175373500174));
#8961=DIRECTION('',(0.0,0.852640164354116,-0.52249856471591));
#8962=DIRECTION('',(0.0,-0.649448048330208,-0.76040596560001));
#8963=CARTESIAN_POINT('',(2.4,0.0,0.0));
#8964=DIRECTION('',(1.0,0.0,0.0));
#8965=DIRECTION('',(0.0,-0.989458802772267,-0.144814631914295));
#8966=DIRECTION('',(0.0,0.923879532511285,-0.382683432365094));
#8967=DIRECTION('',(0.0,-0.52249856471591,-0.852640164354116));
#8968=CARTESIAN_POINT('',(2.4,0.0,0.0));
#8969=DIRECTION('',(1.0,0.0,0.0));
#8970=DIRECTION('',(0.0,-0.954622923523898,-0.297817181980299));
#8971=DIRECTION('',(0.0,0.972369920397679,-0.233445363855895));
#8972=DIRECTION('',(0.0,-0.382683432365094,-0.923879532511285));
#8973=CARTESIAN_POINT('',(2.4,0.0,0.0));
#8974=DIRECTION('',(1.0,0.0,0.0));
#8975=DIRECTION('',(0.0,-0.896281059686494,-0.443486484627497));
#8976=DIRECTION('',(0.0,0.996917333733128,-0.0784590957278522));
#8977=DIRECTION('',(0.0,-0.233445363855895,-0.972369920397679));
#8978=CARTESIAN_POINT('',(2.4,0.0,0.0));
#8979=DIRECTION('',(1.0,0.0,0.0));
#8980=DIRECTION('',(0.0,-0.815869781573378,-0.578235678175784));
#8981=DIRECTION('',(0.0,0.996917333733128,0.0784590957278522));
#8982=DIRECTION('',(0.0,-0.0784590957278422,-0.996917333733128));
#8983=CARTESIAN_POINT('',(2.4,0.0,0.0));
#8984=DIRECTION('',(1.0,0.0,0.0));
#8985=DIRECTION('',(0.0,-0.715369081721295,-0.698746790273295));
#8986=DIRECTION('',(0.0,0.972369920397679,0.233445363855895));
#8987=DIRECTION('',(0.0,0.0784590957278422,-0.996917333733128));
#8988=CARTESIAN_POINT('',(2.4,0.0,0.0));
#8989=DIRECTION('',(1.0,0.0,0.0));
#8990=DIRECTION('',(0.0,-0.597253620903398,-0.802052437386597));
#8991=DIRECTION('',(0.0,0.923879532511285,0.382683432365094));
#8992=DIRECTION('',(0.0,0.233445363855895,-0.972369920397679));
#8993=CARTESIAN_POINT('',(2.4,0.0,0.0));
#8994=DIRECTION('',(1.0,0.0,0.0));
#8995=DIRECTION('',(0.0,-0.464431793767713,-0.885608891632025));
#8996=DIRECTION('',(0.0,0.852640164354116,0.52249856471591));
#8997=DIRECTION('',(0.0,0.382683432365094,-0.923879532511285));
#8998=CARTESIAN_POINT('',(2.4,0.0,0.0));
#8999=DIRECTION('',(1.0,0.0,0.0));
#9000=DIRECTION('',(0.0,-0.320174114508691,-0.947358715798074));
#9001=DIRECTION('',(0.0,0.76040596560001,0.649448048330208));
#9002=DIRECTION('',(0.0,0.522498564715983,-0.852640164354072));
#9003=CARTESIAN_POINT('',(2.4,0.0,0.0));
#9004=DIRECTION('',(1.0,0.0,0.0));
#9005=DIRECTION('',(0.0,-0.168032685953604,-0.985781424277825));
#9006=DIRECTION('',(0.0,0.649448048330208,0.76040596560001));
#9007=DIRECTION('',(0.0,0.649448048330208,-0.76040596560001));
#9008=CARTESIAN_POINT('',(2.4,0.0,0.0));
#9009=DIRECTION('',(1.0,0.0,0.0));
#9010=DIRECTION('',(0.0,-0.01175373500174,-0.999930922470902));
#9011=DIRECTION('',(0.0,0.52249856471591,0.852640164354116));
#9012=DIRECTION('',(0.0,0.76040596560001,-0.649448048330208));
#9013=CARTESIAN_POINT('',(2.4,0.0,0.0));
#9014=DIRECTION('',(1.0,0.0,0.0));
#9015=DIRECTION('',(0.0,0.144814631914295,-0.989458802772267));
#9016=DIRECTION('',(0.0,0.382683432365094,0.923879532511285));
#9017=DIRECTION('',(0.0,0.852640164354116,-0.52249856471591));
#9018=CARTESIAN_POINT('',(2.4,0.0,0.0));
#9019=DIRECTION('',(1.0,0.0,0.0));
#9020=DIRECTION('',(0.0,0.297817181980299,-0.954622923523898));
#9021=DIRECTION('',(0.0,0.233445363855895,0.972369920397679));
#9022=DIRECTION('',(0.0,0.923879532511285,-0.382683432365094));
#9023=CARTESIAN_POINT('',(2.4,0.0,0.0));
#9024=DIRECTION('',(1.0,0.0,0.0));
#9025=DIRECTION('',(0.0,0.443486484627497,-0.896281059686494));
#9026=DIRECTION('',(0.0,0.0784590957278422,0.996917333733128));
#9027=DIRECTION('',(0.0,0.972369920397679,-0.233445363855895));
#9028=CARTESIAN_POINT('',(2.4,0.0,0.0));
#9029=DIRECTION('',(1.0,0.0,0.0));
#9030=DIRECTION('',(0.0,0.578235678175784,-0.815869781573378));
#9031=DIRECTION('',(0.0,-0.0784590957278522,0.996917333733128));
#9032=DIRECTION('',(0.0,0.996917333733128,-0.0784590957278522));
#9033=CARTESIAN_POINT('',(2.4,0.0,0.0));
#9034=DIRECTION('',(1.0,0.0,0.0));
#9035=DIRECTION('',(0.0,0.698746790273295,-0.715369081721295));
#9036=DIRECTION('',(0.0,-0.233445363855895,0.972369920397679));
#9037=DIRECTION('',(0.0,0.996917333733128,0.0784590957278522));
#9038=CARTESIAN_POINT('',(2.4,0.0,0.0));
#9039=DIRECTION('',(1.0,0.0,0.0));
#9040=DIRECTION('',(0.0,0.802052437386597,-0.597253620903398));
#9041=DIRECTION('',(0.0,-0.382683432365094,0.923879532511285));
#9042=DIRECTION('',(0.0,0.972369920397679,0.233445363855895));
#9043=CARTESIAN_POINT('',(2.4,0.0,0.0));
#9044=DIRECTION('',(1.0,0.0,0.0));
#9045=DIRECTION('',(0.0,0.885608891632025,-0.464431793767713));
#9046=DIRECTION('',(0.0,-0.52249856471591,0.852640164354116));
#9047=DIRECTION('',(0.0,0.923879532511285,0.382683432365094));
#9048=CARTESIAN_POINT('',(2.4,0.0,0.0));
#9049=DIRECTION('',(1.0,0.0,0.0));
#9050=DIRECTION('',(0.0,0.947358715798074,-0.320174114508691));
#9051=DIRECTION('',(0.0,-0.649448048330208,0.76040596560001));
#9052=DIRECTION('',(0.0,0.852640164354116,0.52249856471591));
#9053=CARTESIAN_POINT('',(2.4,0.0,0.0));
#9054=DIRECTION('',(1.0,0.0,0.0));
#9055=DIRECTION('',(0.0,0.985781424277825,-0.168032685953604));
#9056=DIRECTION('',(0.0,0.76040596560001,0.649448048330208));
#9057=CARTESIAN_POINT('',(2.4,0.0,0.0));
#9058=DIRECTION('',(1.0,0.0,0.0));
#9059=DIRECTION('',(0.0,0.999930922470902,-0.01175373500174));
#9060=DIRECTION('',(0.0,-0.76040596560001,0.649448048330208));
#9061=DIRECTION('',(1.0,0.0,0.0));
#9062=DIRECTION('',(0.0,-0.852640164354116,0.52249856471591));
#9063=DIRECTION('',(1.0,0.0,0.0));
#9064=DIRECTION('',(0.0,-0.852640164354116,0.52249856471591));
#9065=DIRECTION('',(1.0,0.0,0.0));
#9066=CARTESIAN_POINT('',(1.4,0.0,0.0));
#9067=DIRECTION('',(-1.0,0.0,0.0));
#9068=DIRECTION('',(0.0,0.985781424277825,0.168032685953604));
#9069=DIRECTION('',(1.0,0.0,0.0));
#9070=DIRECTION('',(1.0,0.0,0.0));
#9071=CARTESIAN_POINT('',(1.4,0.0,0.0));
#9072=DIRECTION('',(-1.0,0.0,0.0));
#9073=DIRECTION('',(0.0,0.947358715798074,0.320174114508691));
#9074=DIRECTION('',(1.0,0.0,0.0));
#9075=DIRECTION('',(1.0,0.0,0.0));
#9076=CARTESIAN_POINT('',(1.4,0.0,0.0));
#9077=DIRECTION('',(-1.0,0.0,0.0));
#9078=DIRECTION('',(0.0,0.885608891632025,0.464431793767713));
#9079=DIRECTION('',(1.0,0.0,0.0));
#9080=DIRECTION('',(1.0,0.0,0.0));
#9081=CARTESIAN_POINT('',(1.4,0.0,0.0));
#9082=DIRECTION('',(-1.0,0.0,0.0));
#9083=DIRECTION('',(0.0,0.802052437386597,0.597253620903398));
#9084=DIRECTION('',(1.0,0.0,0.0));
#9085=DIRECTION('',(1.0,0.0,0.0));
#9086=CARTESIAN_POINT('',(1.4,0.0,0.0));
#9087=DIRECTION('',(-1.0,0.0,0.0));
#9088=DIRECTION('',(0.0,0.698746790273295,0.715369081721295));
#9089=DIRECTION('',(1.0,0.0,0.0));
#9090=DIRECTION('',(1.0,0.0,0.0));
#9091=CARTESIAN_POINT('',(1.4,0.0,0.0));
#9092=DIRECTION('',(-1.0,0.0,0.0));
#9093=DIRECTION('',(0.0,0.578235678175784,0.815869781573378));
#9094=DIRECTION('',(1.0,0.0,0.0));
#9095=DIRECTION('',(1.0,0.0,0.0));
#9096=CARTESIAN_POINT('',(1.4,0.0,0.0));
#9097=DIRECTION('',(-1.0,0.0,0.0));
#9098=DIRECTION('',(0.0,0.443486484627497,0.896281059686494));
#9099=DIRECTION('',(1.0,0.0,0.0));
#9100=DIRECTION('',(1.0,0.0,0.0));
#9101=CARTESIAN_POINT('',(1.4,0.0,0.0));
#9102=DIRECTION('',(-1.0,0.0,0.0));
#9103=DIRECTION('',(0.0,0.297817181980299,0.954622923523898));
#9104=DIRECTION('',(1.0,0.0,0.0));
#9105=DIRECTION('',(1.0,0.0,0.0));
#9106=CARTESIAN_POINT('',(1.4,0.0,0.0));
#9107=DIRECTION('',(-1.0,0.0,0.0));
#9108=DIRECTION('',(0.0,0.144814631914295,0.989458802772267));
#9109=DIRECTION('',(1.0,0.0,0.0));
#9110=DIRECTION('',(1.0,0.0,0.0));
#9111=CARTESIAN_POINT('',(1.4,0.0,0.0));
#9112=DIRECTION('',(-1.0,0.0,0.0));
#9113=DIRECTION('',(0.0,-0.01175373500174,0.999930922470902));
#9114=DIRECTION('',(1.0,0.0,0.0));
#9115=DIRECTION('',(1.0,0.0,0.0));
#9116=CARTESIAN_POINT('',(1.4,0.0,0.0));
#9117=DIRECTION('',(-1.0,0.0,0.0));
#9118=DIRECTION('',(0.0,-0.168032685953604,0.985781424277825));
#9119=DIRECTION('',(1.0,0.0,0.0));
#9120=DIRECTION('',(1.0,0.0,0.0));
#9121=CARTESIAN_POINT('',(1.4,0.0,0.0));
#9122=DIRECTION('',(-1.0,0.0,0.0));
#9123=DIRECTION('',(0.0,-0.320174114508691,0.947358715798074));
#9124=DIRECTION('',(1.0,0.0,0.0));
#9125=DIRECTION('',(1.0,0.0,0.0));
#9126=CARTESIAN_POINT('',(1.4,0.0,0.0));
#9127=DIRECTION('',(-1.0,0.0,0.0));
#9128=DIRECTION('',(0.0,-0.464431793767713,0.885608891632025));
#9129=DIRECTION('',(1.0,0.0,0.0));
#9130=DIRECTION('',(1.0,0.0,0.0));
#9131=CARTESIAN_POINT('',(1.4,0.0,0.0));
#9132=DIRECTION('',(-1.0,0.0,0.0));
#9133=DIRECTION('',(0.0,-0.597253620903398,0.802052437386597));
#9134=DIRECTION('',(1.0,0.0,0.0));
#9135=DIRECTION('',(1.0,0.0,0.0));
#9136=CARTESIAN_POINT('',(1.4,0.0,0.0));
#9137=DIRECTION('',(-1.0,0.0,0.0));
#9138=DIRECTION('',(0.0,-0.715369081721295,0.698746790273295));
#9139=DIRECTION('',(1.0,0.0,0.0));
#9140=DIRECTION('',(1.0,0.0,0.0));
#9141=CARTESIAN_POINT('',(1.4,0.0,0.0));
#9142=DIRECTION('',(-1.0,0.0,0.0));
#9143=DIRECTION('',(0.0,-0.815869781573378,0.578235678175784));
#9144=DIRECTION('',(1.0,0.0,0.0));
#9145=DIRECTION('',(1.0,0.0,0.0));
#9146=CARTESIAN_POINT('',(1.4,0.0,0.0));
#9147=DIRECTION('',(-1.0,0.0,0.0));
#9148=DIRECTION('',(0.0,-0.896281059686494,0.443486484627497));
#9149=DIRECTION('',(1.0,0.0,0.0));
#9150=DIRECTION('',(1.0,0.0,0.0));
#9151=CARTESIAN_POINT('',(1.4,0.0,0.0));
#9152=DIRECTION('',(-1.0,0.0,0.0));
#9153=DIRECTION('',(0.0,-0.954622923523898,0.297817181980299));
#9154=DIRECTION('',(1.0,0.0,0.0));
#9155=DIRECTION('',(1.0,0.0,0.0));
#9156=CARTESIAN_POINT('',(1.4,0.0,0.0));
#9157=DIRECTION('',(-1.0,0.0,0.0));
#9158=DIRECTION('',(0.0,-0.989458802772267,0.144814631914295));
#9159=DIRECTION('',(1.0,0.0,0.0));
#9160=CARTESIAN_POINT('',(1.4,0.0,0.0));
#9161=DIRECTION('',(-1.0,-0.0,0.0));
#9162=DIRECTION('',(0.0,-0.999930922470902,-0.01175373500174));
#9163=DIRECTION('',(1.0,0.0,0.0));
#9164=DIRECTION('',(1.0,0.0,0.0));
#9165=CARTESIAN_POINT('',(1.4,0.0,0.0));
#9166=DIRECTION('',(-1.0,-0.0,0.0));
#9167=DIRECTION('',(0.0,-0.985781424277825,-0.168032685953604));
#9168=DIRECTION('',(1.0,0.0,0.0));
#9169=DIRECTION('',(1.0,0.0,0.0));
#9170=CARTESIAN_POINT('',(1.4,0.0,0.0));
#9171=DIRECTION('',(-1.0,-0.0,0.0));
#9172=DIRECTION('',(0.0,-0.947358715798074,-0.320174114508691));
#9173=DIRECTION('',(1.0,0.0,0.0));
#9174=DIRECTION('',(1.0,0.0,0.0));
#9175=CARTESIAN_POINT('',(1.4,0.0,0.0));
#9176=DIRECTION('',(-1.0,-0.0,0.0));
#9177=DIRECTION('',(0.0,-0.885608891632025,-0.464431793767713));
#9178=DIRECTION('',(1.0,0.0,0.0));
#9179=DIRECTION('',(1.0,0.0,0.0));
#9180=CARTESIAN_POINT('',(1.4,0.0,0.0));
#9181=DIRECTION('',(-1.0,-0.0,0.0));
#9182=DIRECTION('',(0.0,-0.802052437386597,-0.597253620903398));
#9183=DIRECTION('',(1.0,0.0,0.0));
#9184=DIRECTION('',(1.0,0.0,0.0));
#9185=CARTESIAN_POINT('',(1.4,0.0,0.0));
#9186=DIRECTION('',(-1.0,-0.0,0.0));
#9187=DIRECTION('',(0.0,-0.698746790273295,-0.715369081721295));
#9188=DIRECTION('',(1.0,0.0,0.0));
#9189=DIRECTION('',(1.0,0.0,0.0));
#9190=CARTESIAN_POINT('',(1.4,0.0,0.0));
#9191=DIRECTION('',(-1.0,-0.0,0.0));
#9192=DIRECTION('',(0.0,-0.578235678175784,-0.815869781573378));
#9193=DIRECTION('',(1.0,0.0,0.0));
#9194=DIRECTION('',(1.0,0.0,0.0));
#9195=CARTESIAN_POINT('',(1.4,0.0,0.0));
#9196=DIRECTION('',(-1.0,-0.0,0.0));
#9197=DIRECTION('',(0.0,-0.443486484627497,-0.896281059686494));
#9198=DIRECTION('',(1.0,0.0,0.0));
#9199=DIRECTION('',(1.0,0.0,0.0));
#9200=CARTESIAN_POINT('',(1.4,0.0,0.0));
#9201=DIRECTION('',(-1.0,-0.0,0.0));
#9202=DIRECTION('',(0.0,-0.297817181980299,-0.954622923523898));
#9203=DIRECTION('',(1.0,0.0,0.0));
#9204=DIRECTION('',(1.0,0.0,0.0));
#9205=CARTESIAN_POINT('',(1.4,0.0,0.0));
#9206=DIRECTION('',(-1.0,-0.0,0.0));
#9207=DIRECTION('',(0.0,-0.144814631914295,-0.989458802772267));
#9208=DIRECTION('',(1.0,0.0,0.0));
#9209=DIRECTION('',(1.0,0.0,0.0));
#9210=CARTESIAN_POINT('',(1.4,0.0,0.0));
#9211=DIRECTION('',(-1.0,0.0,0.0));
#9212=DIRECTION('',(0.0,0.01175373500174,-0.999930922470902));
#9213=DIRECTION('',(1.0,0.0,0.0));
#9214=DIRECTION('',(1.0,0.0,0.0));
#9215=CARTESIAN_POINT('',(1.4,0.0,0.0));
#9216=DIRECTION('',(-1.0,0.0,0.0));
#9217=DIRECTION('',(0.0,0.168032685953604,-0.985781424277825));
#9218=DIRECTION('',(1.0,0.0,0.0));
#9219=DIRECTION('',(1.0,0.0,0.0));
#9220=CARTESIAN_POINT('',(1.4,0.0,0.0));
#9221=DIRECTION('',(-1.0,0.0,0.0));
#9222=DIRECTION('',(0.0,0.320174114508691,-0.947358715798074));
#9223=DIRECTION('',(1.0,0.0,0.0));
#9224=DIRECTION('',(1.0,0.0,0.0));
#9225=CARTESIAN_POINT('',(1.4,0.0,0.0));
#9226=DIRECTION('',(-1.0,0.0,0.0));
#9227=DIRECTION('',(0.0,0.464431793767713,-0.885608891632025));
#9228=DIRECTION('',(1.0,0.0,0.0));
#9229=DIRECTION('',(1.0,0.0,0.0));
#9230=CARTESIAN_POINT('',(1.4,0.0,0.0));
#9231=DIRECTION('',(-1.0,0.0,0.0));
#9232=DIRECTION('',(0.0,0.597253620903398,-0.802052437386597));
#9233=DIRECTION('',(1.0,0.0,0.0));
#9234=DIRECTION('',(1.0,0.0,0.0));
#9235=CARTESIAN_POINT('',(1.4,0.0,0.0));
#9236=DIRECTION('',(-1.0,0.0,0.0));
#9237=DIRECTION('',(0.0,0.715369081721295,-0.698746790273295));
#9238=DIRECTION('',(1.0,0.0,0.0));
#9239=DIRECTION('',(1.0,0.0,0.0));
#9240=CARTESIAN_POINT('',(1.4,0.0,0.0));
#9241=DIRECTION('',(-1.0,0.0,0.0));
#9242=DIRECTION('',(0.0,0.815869781573378,-0.578235678175784));
#9243=DIRECTION('',(1.0,0.0,0.0));
#9244=DIRECTION('',(1.0,0.0,0.0));
#9245=CARTESIAN_POINT('',(1.4,0.0,0.0));
#9246=DIRECTION('',(-1.0,0.0,0.0));
#9247=DIRECTION('',(0.0,0.896281059686494,-0.443486484627497));
#9248=DIRECTION('',(1.0,0.0,0.0));
#9249=DIRECTION('',(1.0,0.0,0.0));
#9250=CARTESIAN_POINT('',(1.4,0.0,0.0));
#9251=DIRECTION('',(-1.0,0.0,0.0));
#9252=DIRECTION('',(0.0,0.954622923523898,-0.297817181980299));
#9253=DIRECTION('',(1.0,0.0,0.0));
#9254=DIRECTION('',(1.0,0.0,0.0));
#9255=CARTESIAN_POINT('',(1.4,0.0,0.0));
#9256=DIRECTION('',(-1.0,0.0,0.0));
#9257=DIRECTION('',(0.0,0.989458802772267,-0.144814631914295));
#9258=DIRECTION('',(1.0,0.0,0.0));
#9259=CARTESIAN_POINT('',(1.4,0.0,0.0));
#9260=DIRECTION('',(-1.0,0.0,0.0));
#9261=DIRECTION('',(0.0,0.999930922470902,0.01175373500174));
#9262=DIRECTION('',(0.0,0.649448048330208,0.76040596560001));
#9263=CARTESIAN_POINT('',(1.4,0.0,0.0));
#9264=DIRECTION('',(1.0,0.0,-0.0));
#9265=DIRECTION('',(0.0,0.996917333733128,0.0784590957278422));
#9266=DIRECTION('',(0.0,-0.923879532511285,0.382683432365094));
#9267=DIRECTION('',(0.0,0.522498564715983,0.852640164354072));
#9268=CARTESIAN_POINT('',(1.4,0.0,0.0));
#9269=DIRECTION('',(1.0,0.0,-0.0));
#9270=DIRECTION('',(0.0,0.972369920397679,0.233445363855895));
#9271=DIRECTION('',(0.0,-0.972369920397679,0.233445363855895));
#9272=DIRECTION('',(0.0,0.382683432365094,0.923879532511285));
#9273=CARTESIAN_POINT('',(1.4,0.0,0.0));
#9274=DIRECTION('',(1.0,0.0,-0.0));
#9275=DIRECTION('',(0.0,0.923879532511285,0.382683432365094));
#9276=DIRECTION('',(0.0,-0.996917333733128,0.0784590957278422));
#9277=DIRECTION('',(0.0,0.233445363855895,0.972369920397679));
#9278=CARTESIAN_POINT('',(1.4,0.0,0.0));
#9279=DIRECTION('',(1.0,0.0,-0.0));
#9280=DIRECTION('',(0.0,0.852640164354116,0.52249856471591));
#9281=DIRECTION('',(0.0,-0.996917333733128,-0.0784590957278422));
#9282=DIRECTION('',(0.0,0.0784590957278422,0.996917333733128));
#9283=CARTESIAN_POINT('',(1.4,0.0,0.0));
#9284=DIRECTION('',(1.0,0.0,-0.0));
#9285=DIRECTION('',(0.0,0.76040596560001,0.649448048330208));
#9286=DIRECTION('',(0.0,-0.972369920397679,-0.233445363855895));
#9287=DIRECTION('',(0.0,-0.0784590957278522,0.996917333733127));
#9288=CARTESIAN_POINT('',(1.4,0.0,0.0));
#9289=DIRECTION('',(1.0,0.0,-0.0));
#9290=DIRECTION('',(0.0,0.649448048330208,0.76040596560001));
#9291=DIRECTION('',(0.0,-0.923879532511285,-0.382683432365094));
#9292=DIRECTION('',(0.0,-0.233445363855895,0.972369920397679));
#9293=CARTESIAN_POINT('',(1.4,0.0,0.0));
#9294=DIRECTION('',(1.0,0.0,-0.0));
#9295=DIRECTION('',(0.0,0.52249856471591,0.852640164354116));
#9296=DIRECTION('',(0.0,-0.852640164354072,-0.522498564715983));
#9297=DIRECTION('',(0.0,-0.382683432365094,0.923879532511285));
#9298=CARTESIAN_POINT('',(1.4,0.0,0.0));
#9299=DIRECTION('',(1.0,0.0,-0.0));
#9300=DIRECTION('',(0.0,0.382683432365094,0.923879532511285));
#9301=DIRECTION('',(0.0,-0.76040596560001,-0.649448048330208));
#9302=DIRECTION('',(0.0,-0.52249856471591,0.852640164354116));
#9303=CARTESIAN_POINT('',(1.4,0.0,0.0));
#9304=DIRECTION('',(1.0,0.0,-0.0));
#9305=DIRECTION('',(0.0,0.233445363855895,0.972369920397679));
#9306=DIRECTION('',(0.0,-0.649448048330208,-0.76040596560001));
#9307=DIRECTION('',(0.0,-0.649448048330208,0.76040596560001));
#9308=CARTESIAN_POINT('',(1.4,0.0,0.0));
#9309=DIRECTION('',(1.0,0.0,-0.0));
#9310=DIRECTION('',(0.0,0.0784590957278422,0.996917333733128));
#9311=DIRECTION('',(0.0,-0.52249856471591,-0.852640164354116));
#9312=DIRECTION('',(0.0,-0.76040596560001,0.649448048330208));
#9313=CARTESIAN_POINT('',(1.4,0.0,0.0));
#9314=DIRECTION('',(1.0,0.0,0.0));
#9315=DIRECTION('',(0.0,-0.0784590957278422,0.996917333733128));
#9316=DIRECTION('',(0.0,-0.382683432365094,-0.923879532511285));
#9317=DIRECTION('',(0.0,-0.852640164354116,0.52249856471591));
#9318=CARTESIAN_POINT('',(1.4,0.0,0.0));
#9319=DIRECTION('',(1.0,0.0,0.0));
#9320=DIRECTION('',(0.0,-0.233445363855895,0.972369920397679));
#9321=DIRECTION('',(0.0,-0.233445363855895,-0.972369920397679));
#9322=DIRECTION('',(0.0,-0.923879532511285,0.382683432365094));
#9323=CARTESIAN_POINT('',(1.4,0.0,0.0));
#9324=DIRECTION('',(1.0,0.0,0.0));
#9325=DIRECTION('',(0.0,-0.382683432365094,0.923879532511285));
#9326=DIRECTION('',(0.0,-0.0784590957278522,-0.996917333733127));
#9327=DIRECTION('',(0.0,-0.972369920397679,0.233445363855895));
#9328=CARTESIAN_POINT('',(1.4,0.0,0.0));
#9329=DIRECTION('',(1.0,0.0,0.0));
#9330=DIRECTION('',(0.0,-0.52249856471591,0.852640164354116));
#9331=DIRECTION('',(0.0,0.0784590957278422,-0.996917333733128));
#9332=DIRECTION('',(0.0,-0.996917333733128,0.0784590957278422));
#9333=CARTESIAN_POINT('',(1.4,0.0,0.0));
#9334=DIRECTION('',(1.0,0.0,0.0));
#9335=DIRECTION('',(0.0,-0.649448048330208,0.76040596560001));
#9336=DIRECTION('',(0.0,0.233445363855895,-0.972369920397679));
#9337=DIRECTION('',(0.0,-0.996917333733127,-0.0784590957278522));
#9338=CARTESIAN_POINT('',(1.4,0.0,0.0));
#9339=DIRECTION('',(1.0,0.0,0.0));
#9340=DIRECTION('',(0.0,-0.76040596560001,0.649448048330208));
#9341=DIRECTION('',(0.0,0.382683432365094,-0.923879532511285));
#9342=DIRECTION('',(0.0,-0.972369920397679,-0.233445363855895));
#9343=CARTESIAN_POINT('',(1.4,0.0,0.0));
#9344=DIRECTION('',(1.0,0.0,0.0));
#9345=DIRECTION('',(0.0,-0.852640164354116,0.52249856471591));
#9346=DIRECTION('',(0.0,0.52249856471591,-0.852640164354116));
#9347=DIRECTION('',(0.0,-0.923879532511285,-0.382683432365094));
#9348=CARTESIAN_POINT('',(1.4,0.0,0.0));
#9349=DIRECTION('',(1.0,0.0,0.0));
#9350=DIRECTION('',(0.0,-0.923879532511285,0.382683432365094));
#9351=DIRECTION('',(0.0,0.649448048330208,-0.76040596560001));
#9352=DIRECTION('',(0.0,-0.852640164354116,-0.52249856471591));
#9353=CARTESIAN_POINT('',(1.4,0.0,0.0));
#9354=DIRECTION('',(1.0,0.0,0.0));
#9355=DIRECTION('',(0.0,-0.972369920397679,0.233445363855895));
#9356=DIRECTION('',(0.0,0.76040596560001,-0.649448048330208));
#9357=DIRECTION('',(0.0,-0.76040596560001,-0.649448048330208));
#9358=CARTESIAN_POINT('',(1.4,0.0,0.0));
#9359=DIRECTION('',(-1.0,-0.0,0.0));
#9360=DIRECTION('',(0.0,-0.996917333733128,-0.0784590957278422));
#9361=DIRECTION('',(0.0,0.852640164354116,-0.52249856471591));
#9362=DIRECTION('',(0.0,-0.649448048330208,-0.76040596560001));
#9363=DIRECTION('',(0.0,0.923879532511285,-0.382683432365094));
#9364=DIRECTION('',(0.0,-0.52249856471591,-0.852640164354116));
#9365=DIRECTION('',(0.0,0.972369920397679,-0.233445363855895));
#9366=DIRECTION('',(0.0,-0.382683432365094,-0.923879532511285));
#9367=DIRECTION('',(0.0,0.996917333733127,-0.0784590957278522));
#9368=DIRECTION('',(0.0,-0.233445363855895,-0.972369920397679));
#9369=DIRECTION('',(0.0,0.996917333733128,0.0784590957278422));
#9370=DIRECTION('',(0.0,-0.0784590957278522,-0.996917333733127));
#9371=DIRECTION('',(0.0,0.972369920397679,0.233445363855895));
#9372=DIRECTION('',(0.0,0.0784590957278422,-0.996917333733128));
#9373=DIRECTION('',(0.0,0.923879532511285,0.382683432365094));
#9374=DIRECTION('',(0.0,0.233445363855895,-0.972369920397679));
#9375=DIRECTION('',(0.0,0.852640164354116,0.52249856471591));
#9376=DIRECTION('',(0.0,0.382683432365094,-0.923879532511285));
#9377=DIRECTION('',(0.0,0.76040596560001,0.649448048330208));
#9378=DIRECTION('',(0.0,0.52249856471591,-0.852640164354116));
#9379=DIRECTION('',(0.0,0.649448048330208,0.76040596560001));
#9380=DIRECTION('',(0.0,0.649448048330208,-0.76040596560001));
#9381=DIRECTION('',(0.0,0.52249856471591,0.852640164354116));
#9382=DIRECTION('',(0.0,0.76040596560001,-0.649448048330208));
#9383=DIRECTION('',(0.0,0.382683432365094,0.923879532511285));
#9384=DIRECTION('',(0.0,0.852640164354072,-0.522498564715983));
#9385=DIRECTION('',(0.0,0.233445363855895,0.972369920397679));
#9386=DIRECTION('',(0.0,0.923879532511285,-0.382683432365094));
#9387=DIRECTION('',(0.0,0.0784590957278522,0.996917333733127));
#9388=DIRECTION('',(0.0,0.972369920397679,-0.233445363855895));
#9389=DIRECTION('',(0.0,-0.0784590957278422,0.996917333733128));
#9390=DIRECTION('',(0.0,0.996917333733127,-0.0784590957278522));
#9391=DIRECTION('',(0.0,-0.233445363855895,0.972369920397679));
#9392=DIRECTION('',(0.0,0.996917333733127,0.0784590957278522));
#9393=DIRECTION('',(0.0,-0.382683432365094,0.923879532511285));
#9394=DIRECTION('',(0.0,0.972369920397679,0.233445363855895));
#9395=DIRECTION('',(0.0,-0.52249856471591,0.852640164354116));
#9396=DIRECTION('',(0.0,0.923879532511285,0.382683432365094));
#9397=DIRECTION('',(0.0,-0.649448048330208,0.76040596560001));
#9398=DIRECTION('',(0.0,0.852640164354116,0.52249856471591));
#9399=DIRECTION('',(0.0,0.76040596560001,0.649448048330208));
#9400=CARTESIAN_POINT('',(1.4,0.0,0.0));
#9401=DIRECTION('',(1.0,0.0,0.0));
#9402=DIRECTION('',(0.0,1.0,0.0));
#9403=DIRECTION('',(0.0,-0.76040596560001,0.649448048330208));
#9404=CARTESIAN_POINT('',(0.9,0.0,0.0));
#9405=DIRECTION('',(1.0,0.0,0.0));
#9406=DIRECTION('',(0.0,1.0,0.0));
#9407=CARTESIAN_POINT('',(0.9,0.0,0.0));
#9408=DIRECTION('',(-1.0,0.0,0.0));
#9409=DIRECTION('',(0.0,1.0,0.0));
#9410=CARTESIAN_POINT('',(0.6201771635481,0.0,0.0));
#9411=DIRECTION('',(1.0,0.0,0.0));
#9412=DIRECTION('',(0.0,-1.0,0.0));
#9413=CARTESIAN_POINT('',(0.4167895155389,0.0,0.0));
#9414=DIRECTION('',(1.0,0.0,0.0));
#9415=DIRECTION('',(0.0,-1.0,0.0));
#9416=CARTESIAN_POINT('',(0.15,0.0,0.0));
#9417=DIRECTION('',(-1.0,0.0,0.0));
#9418=DIRECTION('',(0.0,1.0,0.0));
#9419=CARTESIAN_POINT('',(0.5,0.0,0.0));
#9420=DIRECTION('',(-1.0,0.0,0.0));
#9421=DIRECTION('',(0.0,1.0,0.0));
#9422=CARTESIAN_POINT('',(0.0,0.0,0.0));
#9423=DIRECTION('',(1.0,0.0,0.0));
#9424=DIRECTION('',(0.0,1.0,0.0));
#9425=CARTESIAN_POINT('',(0.0,0.0,0.0));
#9426=DIRECTION('',(-1.0,0.0,0.0));
#9427=DIRECTION('',(0.0,1.0,0.0));
#9428=CARTESIAN_POINT('',(0.4156921938165,0.0,0.0));
#9429=DIRECTION('',(-1.0,0.0,0.0));
#9430=DIRECTION('',(0.0,1.0,0.0));
#9431=CARTESIAN_POINT('',(4.9,0.0,0.0));
#9432=DIRECTION('',(1.0,0.0,0.0));
#9433=DIRECTION('',(0.0,1.0,0.0));
#9434=DIRECTION('',(0.0,0.649448048330209,0.76040596560001));
#9435=DIRECTION('',(1.0,0.0,0.0));
#9436=DIRECTION('',(0.0,-0.760405965600052,0.649448048330159));
#9437=DIRECTION('',(1.0,0.0,0.0));
#9438=DIRECTION('',(0.0,-0.923879532511285,0.382683432365094));
#9439=DIRECTION('',(0.0,0.382683432365094,0.923879532511285));
#9440=DIRECTION('',(0.0,0.522498564715983,0.852640164354071));
#9441=DIRECTION('',(1.0,0.0,0.0));
#9442=DIRECTION('',(0.0,-0.972369920397679,0.233445363855895));
#9443=DIRECTION('',(0.0,0.233445363855895,0.972369920397679));
#9444=DIRECTION('',(1.0,0.0,0.0));
#9445=DIRECTION('',(0.0,-0.996917333733127,0.0784590957278621));
#9446=DIRECTION('',(0.0,0.078459095727872,0.996917333733126));
#9447=DIRECTION('',(1.0,0.0,0.0));
#9448=DIRECTION('',(0.0,-0.996917333733126,-0.078459095727872));
#9449=DIRECTION('',(0.0,-0.0784590957278521,0.996917333733127));
#9450=DIRECTION('',(1.0,0.0,0.0));
#9451=DIRECTION('',(0.0,-0.972369920397679,-0.233445363855895));
#9452=DIRECTION('',(0.0,-0.233445363855895,0.972369920397679));
#9453=DIRECTION('',(1.0,0.0,0.0));
#9454=DIRECTION('',(0.0,-0.923879532511285,-0.382683432365094));
#9455=DIRECTION('',(0.0,-0.382683432365094,0.923879532511285));
#9456=DIRECTION('',(1.0,0.0,0.0));
#9457=DIRECTION('',(0.0,-0.852640164354071,-0.522498564715983));
#9458=DIRECTION('',(0.0,-0.52249856471591,0.852640164354116));
#9459=DIRECTION('',(1.0,0.0,0.0));
#9460=DIRECTION('',(0.0,-0.76040596560001,-0.649448048330209));
#9461=DIRECTION('',(0.0,-0.649448048330209,0.76040596560001));
#9462=DIRECTION('',(1.0,0.0,0.0));
#9463=DIRECTION('',(0.0,-0.649448048330159,-0.760405965600052));
#9464=DIRECTION('',(0.0,-0.76040596560001,0.649448048330209));
#9465=DIRECTION('',(1.0,0.0,0.0));
#9466=DIRECTION('',(0.0,-0.52249856471591,-0.852640164354116));
#9467=DIRECTION('',(0.0,-0.852640164354071,0.522498564715983));
#9468=DIRECTION('',(1.0,0.0,0.0));
#9469=DIRECTION('',(0.0,-0.382683432365094,-0.923879532511285));
#9470=DIRECTION('',(0.0,-0.923879532511285,0.382683432365094));
#9471=DIRECTION('',(1.0,0.0,0.0));
#9472=DIRECTION('',(0.0,-0.233445363855895,-0.972369920397679));
#9473=DIRECTION('',(0.0,-0.972369920397679,0.233445363855895));
#9474=DIRECTION('',(1.0,0.0,0.0));
#9475=DIRECTION('',(0.0,-0.0784590957278323,-0.996917333733129));
#9476=DIRECTION('',(0.0,-0.996917333733127,0.0784590957278621));
#9477=DIRECTION('',(1.0,0.0,0.0));
#9478=DIRECTION('',(0.0,0.0784590957278621,-0.996917333733127));
#9479=DIRECTION('',(0.0,-0.996917333733127,-0.0784590957278521));
#9480=DIRECTION('',(1.0,0.0,0.0));
#9481=DIRECTION('',(0.0,0.233445363855895,-0.972369920397679));
#9482=DIRECTION('',(0.0,-0.972369920397679,-0.233445363855895));
#9483=DIRECTION('',(1.0,0.0,0.0));
#9484=DIRECTION('',(0.0,0.382683432365094,-0.923879532511285));
#9485=DIRECTION('',(0.0,-0.923879532511285,-0.382683432365094));
#9486=DIRECTION('',(1.0,0.0,0.0));
#9487=DIRECTION('',(0.0,0.522498564715983,-0.852640164354071));
#9488=DIRECTION('',(0.0,-0.852640164354116,-0.52249856471591));
#9489=DIRECTION('',(1.0,0.0,0.0));
#9490=DIRECTION('',(0.0,0.649448048330209,-0.76040596560001));
#9491=DIRECTION('',(0.0,-0.760405965600052,-0.649448048330159));
#9492=DIRECTION('',(1.0,0.0,0.0));
#9493=DIRECTION('',(0.0,0.760405965600052,-0.649448048330159));
#9494=DIRECTION('',(0.0,-0.649448048330209,-0.76040596560001));
#9495=DIRECTION('',(0.0,-0.649448048330209,0.76040596560001));
#9496=DIRECTION('',(0.0,0.76040596560001,0.649448048330209));
#9497=DIRECTION('',(1.0,0.0,0.0));
#9498=DIRECTION('',(0.0,-0.522498564715983,0.852640164354071));
#9499=DIRECTION('',(0.0,0.852640164354116,0.52249856471591));
#9500=DIRECTION('',(1.0,0.0,0.0));
#9501=DIRECTION('',(0.0,-0.382683432365094,0.923879532511285));
#9502=DIRECTION('',(0.0,0.923879532511285,0.382683432365094));
#9503=DIRECTION('',(1.0,0.0,0.0));
#9504=DIRECTION('',(0.0,-0.233445363855895,0.972369920397679));
#9505=DIRECTION('',(0.0,0.972369920397679,0.233445363855895));
#9506=DIRECTION('',(1.0,0.0,0.0));
#9507=DIRECTION('',(0.0,-0.078459095727882,0.996917333733125));
#9508=DIRECTION('',(0.0,0.996917333733129,0.0784590957278323));
#9509=DIRECTION('',(1.0,0.0,0.0));
#9510=DIRECTION('',(0.0,0.0784590957278323,0.996917333733129));
#9511=DIRECTION('',(0.0,0.996917333733129,-0.0784590957278323));
#9512=DIRECTION('',(1.0,0.0,0.0));
#9513=DIRECTION('',(0.0,0.233445363855895,0.972369920397679));
#9514=DIRECTION('',(0.0,0.972369920397679,-0.233445363855895));
#9515=DIRECTION('',(1.0,0.0,0.0));
#9516=DIRECTION('',(0.0,0.382683432365094,0.923879532511285));
#9517=DIRECTION('',(0.0,0.923879532511285,-0.382683432365094));
#9518=DIRECTION('',(1.0,0.0,0.0));
#9519=DIRECTION('',(0.0,0.52249856471591,0.852640164354116));
#9520=DIRECTION('',(0.0,0.852640164354071,-0.522498564715983));
#9521=DIRECTION('',(1.0,0.0,0.0));
#9522=DIRECTION('',(0.0,0.649448048330159,0.760405965600052));
#9523=DIRECTION('',(0.0,0.76040596560001,-0.649448048330209));
#9524=DIRECTION('',(1.0,0.0,0.0));
#9525=DIRECTION('',(0.0,0.76040596560001,0.649448048330209));
#9526=DIRECTION('',(0.0,0.649448048330159,-0.760405965600052));
#9527=DIRECTION('',(1.0,0.0,0.0));
#9528=DIRECTION('',(0.0,0.852640164354071,0.522498564715983));
#9529=DIRECTION('',(0.0,0.52249856471591,-0.852640164354116));
#9530=DIRECTION('',(1.0,0.0,0.0));
#9531=DIRECTION('',(0.0,0.923879532511285,0.382683432365094));
#9532=DIRECTION('',(0.0,0.382683432365094,-0.923879532511285));
#9533=DIRECTION('',(1.0,0.0,0.0));
#9534=DIRECTION('',(0.0,0.972369920397679,0.233445363855895));
#9535=DIRECTION('',(0.0,0.233445363855895,-0.972369920397679));
#9536=DIRECTION('',(1.0,0.0,0.0));
#9537=DIRECTION('',(0.0,0.996917333733131,0.0784590957278123));
#9538=DIRECTION('',(0.0,0.0784590957278323,-0.996917333733129));
#9539=DIRECTION('',(1.0,0.0,0.0));
#9540=DIRECTION('',(0.0,0.996917333733127,-0.0784590957278521));
#9541=DIRECTION('',(0.0,-0.0784590957278621,-0.996917333733127));
#9542=DIRECTION('',(1.0,0.0,0.0));
#9543=DIRECTION('',(0.0,0.972369920397679,-0.233445363855895));
#9544=DIRECTION('',(0.0,-0.233445363855895,-0.972369920397679));
#9545=DIRECTION('',(1.0,0.0,0.0));
#9546=DIRECTION('',(0.0,0.923879532511285,-0.382683432365094));
#9547=DIRECTION('',(0.0,-0.382683432365094,-0.923879532511285));
#9548=DIRECTION('',(1.0,0.0,0.0));
#9549=DIRECTION('',(0.0,0.852640164354071,-0.522498564715983));
#9550=DIRECTION('',(0.0,-0.522498564715983,-0.852640164354071));
#9551=DIRECTION('',(1.0,0.0,0.0));
#9552=DIRECTION('',(0.866025403784439,3.06181922449326E-17,-0.5));
#9553=CARTESIAN_POINT('',(0.45,0.0,0.0));
#9554=DIRECTION('',(1.0,0.0,0.0));
#9555=DIRECTION('',(0.0,0.0358680057388813,-0.999356536059236));
#9556=CARTESIAN_POINT('',(0.6232050807569,0.0,0.0));
#9557=DIRECTION('',(1.0,0.0,0.0));
#9558=DIRECTION('',(0.0,0.0418760469011697,-0.999122813619993));
#9559=DIRECTION('',(1.0,-0.0,-0.0));
#9560=DIRECTION('',(-1.0,0.0,0.0));
#9561=CARTESIAN_POINT('',(1.15,0.0,0.0));
#9562=DIRECTION('',(1.0,0.0,0.0));
#9563=DIRECTION('',(0.0,0.0418760469011697,-0.999122813619993));
#9564=CARTESIAN_POINT('',(1.15,0.0,0.0));
#9565=DIRECTION('',(1.0,0.0,0.0));
#9566=DIRECTION('',(0.0,0.95460496351342,-0.297874744877006));
#9567=CARTESIAN_POINT('',(1.15,0.0,0.0));
#9568=DIRECTION('',(1.0,0.0,-0.0));
#9569=DIRECTION('',(0.0,0.297874744877006,0.95460496351342));
#9570=DIRECTION('',(-1.0,-0.0,-0.0));
#9571=CARTESIAN_POINT('',(1.15,0.0,0.0));
#9572=DIRECTION('',(-1.0,0.0,0.0));
#9573=DIRECTION('',(0.0,-0.297874744877006,0.95460496351342));
#9574=CARTESIAN_POINT('',(1.15,0.0,0.0));
#9575=DIRECTION('',(-1.0,0.0,0.0));
#9576=DIRECTION('',(0.0,0.95460496351342,0.297874744877006));
#9577=CARTESIAN_POINT('',(1.15,0.0,0.0));
#9578=DIRECTION('',(-1.0,0.0,0.0));
#9579=DIRECTION('',(0.0,0.297874744877006,-0.95460496351342));
#9580=DIRECTION('',(-1.0,0.0,0.0));
#9581=CARTESIAN_POINT('',(0.45,0.0,0.0));
#9582=DIRECTION('',(-1.0,-0.0,0.0));
#9583=DIRECTION('',(0.0,-0.0322580645161306,-0.999479573214817));
#9584=DIRECTION('',(0.0,0.297880522031012,0.954603160792238));
#9585=CARTESIAN_POINT('',(1.15,0.0,0.0));
#9586=DIRECTION('',(-1.0,-0.0,0.0));
#9587=DIRECTION('',(0.0,-0.0322580645161306,-0.999479573214817));
#9588=DIRECTION('',(0.0,0.0,-1.0));
#9589=CARTESIAN_POINT('',(1.15,0.0,0.0));
#9590=DIRECTION('',(1.0,0.0,0.0));
#9591=DIRECTION('',(0.0,-0.297874744877006,-0.95460496351342));
#9592=DIRECTION('',(0.0,0.954607619599418,-0.297866232733306));
#9593=CARTESIAN_POINT('',(1.15,0.0,0.0));
#9594=DIRECTION('',(-1.0,-0.0,0.0));
#9595=DIRECTION('',(0.0,-0.95460496351342,-0.297874744877006));
#9596=DIRECTION('',(-0.0,-0.954600567855951,-0.297888831360116));
#9597=CARTESIAN_POINT('',(1.15,0.0,0.0));
#9598=DIRECTION('',(1.0,0.0,0.0));
#9599=DIRECTION('',(0.0,-0.95460496351342,0.297874744877006));
#9600=DIRECTION('',(0.0,0.297888262993613,-0.954600745217941));
#9601=DIRECTION('',(0.0,0.0,1.0));
#9602=DIRECTION('',(0.0,0.954608177772264,0.297864443883989));
#9603=DIRECTION('',(0.0,-0.954608207065163,0.297864350004889));
#9604=DIRECTION('',(-0.0,-0.29786442150809,-0.95460818475417));
#9605=CARTESIAN_POINT('',(1.15,0.0,0.0));
#9606=DIRECTION('',(-1.0,0.0,0.0));
#9607=DIRECTION('',(0.0,-0.297874744877006,0.95460496351342));
#9608=DIRECTION('',(0.0,-0.29787286324499,0.954605550655469));
#9609=CARTESIAN_POINT('',(1.15,0.0,0.0));
#9610=DIRECTION('',(1.0,0.0,-0.0));
#9611=DIRECTION('',(0.0,0.297874744877006,0.95460496351342));
#9612=DIRECTION('',(0.988787185821198,0.0451347581279599,0.1423473033272));
#9613=DIRECTION('',(0.989393729825414,0.0764971003920611,0.123483768219802));
#9614=DIRECTION('',(2.24700600836383E-11,0.700267601161571,0.713880442905827));
#9615=DIRECTION('',(7.62719760400406E-06,-0.713881651359571,-0.700266369172444));
#9616=DIRECTION('',(1.82419314879496E-07,0.707106781188086,-0.707106781184986));
#9617=DIRECTION('',(-4.66299189567706E-06,-0.707106810730909,0.707106751626809));
#9618=DIRECTION('',(0.988787198197554,0.142346995137393,0.0451354589650479));
#9619=CARTESIAN_POINT('',(0.45,0.0,0.0));
#9620=DIRECTION('',(-1.0,-0.0,0.0));
#9621=DIRECTION('',(0.0,-0.0322580645161306,-0.999479573214817));
#9622=DIRECTION('',(-1.0,0.0,0.0));
#9623=DIRECTION('',(1.82419314879496E-07,-0.707106781188086,0.707106781184986));
#9624=DIRECTION('',(0.988787178295936,-0.142347454955305,-0.0451344447767816));
#9625=DIRECTION('',(0.988787181346923,-0.045134476809991,-0.142347423605403));
#9626=DIRECTION('',(2.24700600836383E-11,-0.700267601161571,-0.713880442905827));
#9627=DIRECTION('',(-4.66299189567706E-06,0.707106810730909,-0.707106751626809));
#9628=DIRECTION('',(7.62719760400406E-06,0.713881651359571,0.700266369172444));
#9629=DIRECTION('',(0.989393685252077,-0.123483914721097,-0.0764974404046782));
#9630=DIRECTION('',(0.989393711635055,-0.0764980284208065,-0.123483339057294));
#9631=DIRECTION('',(-1.0,0.0,0.0));
#9632=CARTESIAN_POINT('',(0.6232050807569,0.0,0.0));
#9633=DIRECTION('',(1.0,0.0,0.0));
#9634=DIRECTION('',(0.0,0.0418760469011697,-0.999122813619993));
#9635=DIRECTION('',(0.989393678436022,-0.123483780983403,0.0764977444430917));
#9636=DIRECTION('',(0.989393727647933,-0.0764972127380626,0.123483716069104));
#9637=DIRECTION('',(-4.8922340477319E-06,0.707106811204385,0.707106751151785));
#9638=DIRECTION('',(-7.8212672850662E-06,-0.713881637062412,0.700266383745442));
#9639=DIRECTION('',(-2.24700600836383E-11,0.700267601161571,-0.713880442905827));
#9640=DIRECTION('',(2.96422452393507E-07,-0.707106781189216,-0.707106781183816));
#9641=DIRECTION('',(0.988787197802763,-0.0451354552039883,0.142346999072295));
#9642=DIRECTION('',(0.988787182916033,-0.142347323671105,0.0451347576115015));
#9643=DIRECTION('',(0.0,0.0,1.0));
#9644=CARTESIAN_POINT('',(0.45,0.0,0.0));
#9645=DIRECTION('',(1.0,0.0,0.0));
#9646=DIRECTION('',(0.0,0.0358680057388813,-0.999356536059236));
#9647=DIRECTION('',(-0.0,-2.071572670059E-14,-1.0));
#9648=DIRECTION('',(0.989393699656432,0.123484302557904,0.0764966280429825));
#9649=DIRECTION('',(0.989393673565332,0.123483706412804,-0.0764979278115025));
#9650=DIRECTION('',(0.989393702269914,0.0764985863961411,-0.123483068426502));
#9651=DIRECTION('',(-4.8922340477319E-06,-0.707106811204385,-0.707106751151785));
#9652=DIRECTION('',(-7.8212672850662E-06,0.713881637062412,-0.700266383745442));
#9653=DIRECTION('',(-2.24700600836383E-11,-0.700267601161571,0.713880442905827));
#9654=DIRECTION('',(2.96422452393507E-07,0.707106781189216,0.707106781183816));
#9655=DIRECTION('',(0.988787204739455,0.0451356731784179,-0.142346881772194));
#9656=DIRECTION('',(0.988787189288335,0.142347177240305,-0.0451350798270116));
ENDSEC;
END-ISO-10303-21;
