ISO-10303-21;
HEADER;
/* Generated by software containing ST-Developer
 * from STEP Tools, Inc. (www.steptools.com) 
 */

FILE_DESCRIPTION(
/* description */ (''),
/* implementation_level */ '2;1');

FILE_NAME(
/* name */ 
'\\\\sinsdv020.ap.infineon.com\\DES_S_PS_ACD\\Working Folder\\PG-HSOF-
8-2_for review\\PG-HSOF-8-2_for review.stp',
/* time_stamp */ '2019-11-12T16:34:10+05:00',
/* author */ ('janartha'),
/* organization */ (''),
/* preprocessor_version */ 'ST-DEVELOPER v16.13',
/* originating_system */ 'AutoCAD Mechanical',
/* authorisation */ '');

FILE_SCHEMA (('AUTOMOTIVE_DESIGN { 1 0 10303 214 3 1 1 }'));
ENDSEC;

DATA;
#10=MECHANICAL_DESIGN_GEOMETRIC_PRESENTATION_REPRESENTATION('',(#129,#128,
#130,#131,#125,#126,#124,#120,#118,#115,#116,#119,#117,#121,#122,#123,#127),
#13860);
#11=PRESENTATION_LAYER_ASSIGNMENT('4','3D_Logo',(#142,#143,#144,#145,#146,
#147,#148,#149,#150,#151,#152,#153));
#12=PRESENTATION_LAYER_ASSIGNMENT('2','3D_Mold',(#154));
#13=PRESENTATION_LAYER_ASSIGNMENT('3','3D_Pins',(#155,#156,#157));
#14=PRESENTATION_LAYER_ASSIGNMENT('5','3D_Heatsink',(#158));
#15=SHAPE_REPRESENTATION_RELATIONSHIP('SRR','None',#13866,#16);
#16=ADVANCED_BREP_SHAPE_REPRESENTATION('',(#142,#143,#144,#145,#146,#147,
#148,#149,#150,#151,#152,#153,#154,#155,#156,#157,#158),#13859);
#17=TOROIDAL_SURFACE('',#8664,1.52,0.02);
#18=TOROIDAL_SURFACE('',#8668,1.48,0.02);
#19=SPHERICAL_SURFACE('',#8653,0.1);
#20=SPHERICAL_SURFACE('',#8655,0.1);
#21=SPHERICAL_SURFACE('',#8658,0.1);
#22=SPHERICAL_SURFACE('',#8660,0.099999999999997);
#23=SPHERICAL_SURFACE('',#8674,0.0499999999999998);
#24=SPHERICAL_SURFACE('',#8678,0.05);
#25=SPHERICAL_SURFACE('',#8693,0.0499999999999998);
#26=SPHERICAL_SURFACE('',#8697,0.0500000000000001);
#27=SPHERICAL_SURFACE('',#8712,0.0499999999999998);
#28=SPHERICAL_SURFACE('',#8716,0.05);
#29=SPHERICAL_SURFACE('',#8731,0.0499999999999998);
#30=SPHERICAL_SURFACE('',#8735,0.0500000000000001);
#31=SPHERICAL_SURFACE('',#8750,0.0499999999999998);
#32=SPHERICAL_SURFACE('',#8754,0.05);
#33=SPHERICAL_SURFACE('',#8769,0.0499999999999998);
#34=SPHERICAL_SURFACE('',#8773,0.0499999999999998);
#35=SPHERICAL_SURFACE('',#8845,0.05);
#36=SPHERICAL_SURFACE('',#8846,0.0499999999999998);
#37=SPHERICAL_SURFACE('',#8872,0.05);
#38=SPHERICAL_SURFACE('',#8873,0.05);
#39=ELLIPSE('',#8513,0.213533174805791,0.2);
#40=ELLIPSE('',#8514,0.309186702079246,0.3);
#41=ELLIPSE('',#8516,0.309186702079246,0.3);
#42=ELLIPSE('',#8517,0.213533174805791,0.2);
#43=ELLIPSE('',#8519,0.130683349309783,0.1);
#44=ELLIPSE('',#8520,0.141421356237309,0.1);
#45=ELLIPSE('',#8522,0.141421356237309,0.1);
#46=ELLIPSE('',#8523,0.130683349309781,0.1);
#47=ELLIPSE('',#8525,0.309186702079246,0.3);
#48=ELLIPSE('',#8526,0.309186702079246,0.3);
#49=ELLIPSE('',#8529,0.130683349309782,0.1);
#50=ELLIPSE('',#8532,0.100751192226146,0.1);
#51=ELLIPSE('',#8534,0.141421356237309,0.1);
#52=ELLIPSE('',#8536,0.130683349309782,0.1);
#53=ELLIPSE('',#8538,0.213533174805792,0.200000000000001);
#54=ELLIPSE('',#8542,0.213533174805792,0.199999999999999);
#55=ELLIPSE('',#8544,0.130683349309782,0.1);
#56=ELLIPSE('',#8545,0.141421356237309,0.1);
#57=ELLIPSE('',#8547,0.100751192226146,0.1);
#58=ELLIPSE('',#8548,0.130683349309782,0.1);
#59=ELLIPSE('',#8550,1.15175409662841,0.2);
#60=ELLIPSE('',#8551,0.575877048314203,0.1);
#61=ELLIPSE('',#8553,0.201502384452283,0.2);
#62=ELLIPSE('',#8555,1.15175409662841,0.2);
#63=ELLIPSE('',#8556,1.15175409662841,0.2);
#64=ELLIPSE('',#8558,0.201502384452283,0.2);
#65=ELLIPSE('',#8560,0.575877048314203,0.1);
#66=ELLIPSE('',#8561,1.15175409662841,0.2);
#67=ELLIPSE('',#8563,0.130683349309782,0.1);
#68=ELLIPSE('',#8564,0.100751192226147,0.1);
#69=ELLIPSE('',#8567,0.575877048314203,0.1);
#70=ELLIPSE('',#8582,0.575877048314203,0.1);
#71=ELLIPSE('',#8586,0.575877048314203,0.1);
#72=ELLIPSE('',#8590,0.575877048314203,0.1);
#73=ELLIPSE('',#8593,0.575877048314203,0.1);
#74=ELLIPSE('',#8594,0.100751192226147,0.1);
#75=ELLIPSE('',#8595,0.575877048314203,0.1);
#76=ELLIPSE('',#8597,0.130683349309782,0.1);
#77=ELLIPSE('',#8600,0.575877048314203,0.1);
#78=ELLIPSE('',#8604,0.575877048314203,0.1);
#79=ELLIPSE('',#8605,0.575877048314204,0.1);
#80=ELLIPSE('',#8607,0.575877048314203,0.1);
#81=ELLIPSE('',#8611,1.15175409662841,0.2);
#82=ELLIPSE('',#8612,0.201502384452284,0.2);
#83=ELLIPSE('',#8613,1.15175409662841,0.2);
#84=ELLIPSE('',#8618,1.15175409662841,0.2);
#85=ELLIPSE('',#8619,0.201502384452284,0.2);
#86=ELLIPSE('',#8620,1.15175409662841,0.2);
#87=ELLIPSE('',#8630,0.575877048314273,0.1);
#88=ELLIPSE('',#8631,0.100751192226141,0.1);
#89=ELLIPSE('',#8634,0.575877048314273,0.1);
#90=ELLIPSE('',#8638,0.100751192226142,0.1);
#91=ELLIPSE('',#8642,0.575877048314573,0.1);
#92=ELLIPSE('',#8643,0.100751192226142,0.1);
#93=ELLIPSE('',#8646,0.575877048314573,0.1);
#94=ELLIPSE('',#8650,0.100751192226141,0.1);
#95=ELLIPSE('',#8686,0.0577350269189732,0.05);
#96=ELLIPSE('',#8688,0.0577350269189732,0.05);
#97=ELLIPSE('',#8704,0.0577350269189732,0.05);
#98=ELLIPSE('',#8707,0.0577350269189732,0.05);
#99=ELLIPSE('',#8724,0.0577350269189732,0.05);
#100=ELLIPSE('',#8726,0.0577350269189732,0.05);
#101=ELLIPSE('',#8742,0.0577350269189732,0.05);
#102=ELLIPSE('',#8745,0.0577350269189732,0.05);
#103=ELLIPSE('',#8762,0.0577350269189732,0.05);
#104=ELLIPSE('',#8764,0.0577350269189732,0.05);
#105=ELLIPSE('',#8780,0.0577350269189732,0.05);
#106=ELLIPSE('',#8783,0.0577350269189732,0.05);
#107=ELLIPSE('',#8835,0.0577350269189732,0.05);
#108=ELLIPSE('',#8838,0.0577350269189732,0.05);
#109=ELLIPSE('',#8860,0.0577350269189732,0.05);
#110=ELLIPSE('',#8865,0.0577350269189732,0.05);
#111=B_SPLINE_SURFACE_WITH_KNOTS('',3,3,((#12492,#12493,#12494,#12495,#12496),
(#12497,#12498,#12499,#12500,#12501),(#12502,#12503,#12504,#12505,#12506),
(#12507,#12508,#12509,#12510,#12511),(#12512,#12513,#12514,#12515,#12516)),
 .UNSPECIFIED.,.F.,.F.,.F.,(4,1,4),(4,1,4),(0.,0.571428571428571,1.),(-0.770319032900961,
-0.110045576128709,0.77031903290096),.UNSPECIFIED.);
#112=B_SPLINE_SURFACE_WITH_KNOTS('',3,3,((#12522,#12523,#12524,#12525,#12526),
(#12527,#12528,#12529,#12530,#12531),(#12532,#12533,#12534,#12535,#12536),
(#12537,#12538,#12539,#12540,#12541),(#12542,#12543,#12544,#12545,#12546)),
 .UNSPECIFIED.,.F.,.F.,.F.,(4,1,4),(4,1,4),(0.,0.571428571428571,1.),(-0.77031903290096,
-0.110045576128708,0.770319032900961),.UNSPECIFIED.);
#113=B_SPLINE_SURFACE_WITH_KNOTS('',3,3,((#12612,#12613,#12614,#12615,#12616),
(#12617,#12618,#12619,#12620,#12621),(#12622,#12623,#12624,#12625,#12626),
(#12627,#12628,#12629,#12630,#12631),(#12632,#12633,#12634,#12635,#12636)),
 .UNSPECIFIED.,.F.,.F.,.F.,(4,1,4),(4,1,4),(0.,0.571428571428571,1.),(-0.770319032900957,
-0.110045576128705,0.770319032900964),.UNSPECIFIED.);
#114=B_SPLINE_SURFACE_WITH_KNOTS('',3,3,((#12644,#12645,#12646,#12647,#12648),
(#12649,#12650,#12651,#12652,#12653),(#12654,#12655,#12656,#12657,#12658),
(#12659,#12660,#12661,#12662,#12663),(#12664,#12665,#12666,#12667,#12668)),
 .UNSPECIFIED.,.F.,.F.,.F.,(4,1,4),(4,1,4),(0.,0.571428571428571,1.),(-0.770319032900964,
-0.110045576128711,0.770319032900959),.UNSPECIFIED.);
#115=STYLED_ITEM('',(#13875),#142);
#116=STYLED_ITEM('',(#13875),#143);
#117=STYLED_ITEM('',(#13875),#144);
#118=STYLED_ITEM('',(#13875),#145);
#119=STYLED_ITEM('',(#13875),#146);
#120=STYLED_ITEM('',(#13875),#147);
#121=STYLED_ITEM('',(#13875),#148);
#122=STYLED_ITEM('',(#13875),#149);
#123=STYLED_ITEM('',(#13875),#150);
#124=STYLED_ITEM('',(#13875),#151);
#125=STYLED_ITEM('',(#13875),#152);
#126=STYLED_ITEM('',(#13875),#153);
#127=STYLED_ITEM('',(#13876),#154);
#128=STYLED_ITEM('',(#13877),#155);
#129=STYLED_ITEM('',(#13877),#156);
#130=STYLED_ITEM('',(#13877),#157);
#131=STYLED_ITEM('',(#13877),#158);
#132=FACE_BOUND('',#836,.T.);
#133=FACE_BOUND('',#890,.T.);
#134=FACE_BOUND('',#926,.T.);
#135=FACE_BOUND('',#928,.T.);
#136=FACE_BOUND('',#972,.T.);
#137=FACE_BOUND('',#975,.T.);
#138=FACE_BOUND('',#1016,.T.);
#139=FACE_BOUND('',#1082,.T.);
#140=FACE_BOUND('',#1084,.T.);
#141=FACE_BOUND('',#1086,.T.);
#142=MANIFOLD_SOLID_BREP('55E',#8056);
#143=MANIFOLD_SOLID_BREP('55E',#8057);
#144=MANIFOLD_SOLID_BREP('55E',#8058);
#145=MANIFOLD_SOLID_BREP('55E',#8059);
#146=MANIFOLD_SOLID_BREP('55E',#8060);
#147=MANIFOLD_SOLID_BREP('55E',#8061);
#148=MANIFOLD_SOLID_BREP('55E',#8062);
#149=MANIFOLD_SOLID_BREP('55E',#8063);
#150=MANIFOLD_SOLID_BREP('55E',#8064);
#151=MANIFOLD_SOLID_BREP('572',#8065);
#152=MANIFOLD_SOLID_BREP('572',#8066);
#153=MANIFOLD_SOLID_BREP('572',#8067);
#154=MANIFOLD_SOLID_BREP('646',#8068);
#155=MANIFOLD_SOLID_BREP('684',#8069);
#156=MANIFOLD_SOLID_BREP('684',#8070);
#157=MANIFOLD_SOLID_BREP('684',#8071);
#158=MANIFOLD_SOLID_BREP('902',#8072);
#159=CYLINDRICAL_SURFACE('',#8082,0.121102815697503);
#160=CYLINDRICAL_SURFACE('',#8084,0.103294011176211);
#161=CYLINDRICAL_SURFACE('',#8091,0.226812329390409);
#162=CYLINDRICAL_SURFACE('',#8093,0.228579665012903);
#163=CYLINDRICAL_SURFACE('',#8095,0.15613798851559);
#164=CYLINDRICAL_SURFACE('',#8097,0.159261452230896);
#165=CYLINDRICAL_SURFACE('',#8104,0.191698196012987);
#166=CYLINDRICAL_SURFACE('',#8113,0.121102815705305);
#167=CYLINDRICAL_SURFACE('',#8115,0.103294011181315);
#168=CYLINDRICAL_SURFACE('',#8122,0.22681232938675);
#169=CYLINDRICAL_SURFACE('',#8124,0.228579664994003);
#170=CYLINDRICAL_SURFACE('',#8126,0.156137988525241);
#171=CYLINDRICAL_SURFACE('',#8128,0.159261452213672);
#172=CYLINDRICAL_SURFACE('',#8135,0.191698196004037);
#173=CYLINDRICAL_SURFACE('',#8136,0.106501734831172);
#174=CYLINDRICAL_SURFACE('',#8149,0.226812329375251);
#175=CYLINDRICAL_SURFACE('',#8151,0.228579665033282);
#176=CYLINDRICAL_SURFACE('',#8153,0.156137988510535);
#177=CYLINDRICAL_SURFACE('',#8155,0.159261452213934);
#178=CYLINDRICAL_SURFACE('',#8160,0.191698196004037);
#179=CYLINDRICAL_SURFACE('',#8162,0.121102815714397);
#180=CYLINDRICAL_SURFACE('',#8164,0.103294011171964);
#181=CYLINDRICAL_SURFACE('',#8196,0.212570492647587);
#182=CYLINDRICAL_SURFACE('',#8198,0.198836020171923);
#183=CYLINDRICAL_SURFACE('',#8200,0.207843364839735);
#184=CYLINDRICAL_SURFACE('',#8202,0.295667953897618);
#185=CYLINDRICAL_SURFACE('',#8205,0.144134652159809);
#186=CYLINDRICAL_SURFACE('',#8207,0.0689176687450982);
#187=CYLINDRICAL_SURFACE('',#8209,0.0905626679508697);
#188=CYLINDRICAL_SURFACE('',#8246,0.0956061241035768);
#189=CYLINDRICAL_SURFACE('',#8248,0.142617355509356);
#190=CYLINDRICAL_SURFACE('',#8250,0.393092138000526);
#191=CYLINDRICAL_SURFACE('',#8253,0.252719711765339);
#192=CYLINDRICAL_SURFACE('',#8258,0.329007168378324);
#193=CYLINDRICAL_SURFACE('',#8261,0.260589101648891);
#194=CYLINDRICAL_SURFACE('',#8263,0.283402901726871);
#195=CYLINDRICAL_SURFACE('',#8265,0.312327262725583);
#196=CYLINDRICAL_SURFACE('',#8267,0.24518189931251);
#197=CYLINDRICAL_SURFACE('',#8269,0.687038681451472);
#198=CYLINDRICAL_SURFACE('',#8271,0.82233805025872);
#199=CYLINDRICAL_SURFACE('',#8273,1.17076441747832);
#200=CYLINDRICAL_SURFACE('',#8276,0.258514471753756);
#201=CYLINDRICAL_SURFACE('',#8278,0.096049409180169);
#202=CYLINDRICAL_SURFACE('',#8280,0.126488589561685);
#203=CYLINDRICAL_SURFACE('',#8282,0.57525353574457);
#204=CYLINDRICAL_SURFACE('',#8284,0.250795999884906);
#205=CYLINDRICAL_SURFACE('',#8286,0.306298887716731);
#206=CYLINDRICAL_SURFACE('',#8288,0.251060235139396);
#207=CYLINDRICAL_SURFACE('',#8290,0.315205422081482);
#208=CYLINDRICAL_SURFACE('',#8292,1.0413068121885);
#209=CYLINDRICAL_SURFACE('',#8296,2.24557802079417);
#210=CYLINDRICAL_SURFACE('',#8298,0.295328301483492);
#211=CYLINDRICAL_SURFACE('',#8300,0.114996228435887);
#212=CYLINDRICAL_SURFACE('',#8302,0.104783446476379);
#213=CYLINDRICAL_SURFACE('',#8304,0.0707834045615153);
#214=CYLINDRICAL_SURFACE('',#8346,0.0793600117843436);
#215=CYLINDRICAL_SURFACE('',#8348,0.0835362366660404);
#216=CYLINDRICAL_SURFACE('',#8351,0.242352107776775);
#217=CYLINDRICAL_SURFACE('',#8353,0.738194569996786);
#218=CYLINDRICAL_SURFACE('',#8355,1.02714503509503);
#219=CYLINDRICAL_SURFACE('',#8357,0.937368872099455);
#220=CYLINDRICAL_SURFACE('',#8359,0.495368040128276);
#221=CYLINDRICAL_SURFACE('',#8361,0.161959675586653);
#222=CYLINDRICAL_SURFACE('',#8363,0.132744639729367);
#223=CYLINDRICAL_SURFACE('',#8366,0.337148101258277);
#224=CYLINDRICAL_SURFACE('',#8368,0.734845305440224);
#225=CYLINDRICAL_SURFACE('',#8370,0.859968874359365);
#226=CYLINDRICAL_SURFACE('',#8372,0.91645559478943);
#227=CYLINDRICAL_SURFACE('',#8374,1.18798311822572);
#228=CYLINDRICAL_SURFACE('',#8376,0.546944574792909);
#229=CYLINDRICAL_SURFACE('',#8378,0.28606201170535);
#230=CYLINDRICAL_SURFACE('',#8380,0.208419506110326);
#231=CYLINDRICAL_SURFACE('',#8382,0.33333986893639);
#232=CYLINDRICAL_SURFACE('',#8384,0.333339868991698);
#233=CYLINDRICAL_SURFACE('',#8386,0.132744639751615);
#234=CYLINDRICAL_SURFACE('',#8388,0.161959675586779);
#235=CYLINDRICAL_SURFACE('',#8390,0.495368040127057);
#236=CYLINDRICAL_SURFACE('',#8392,0.93736887210124);
#237=CYLINDRICAL_SURFACE('',#8394,1.02714503509939);
#238=CYLINDRICAL_SURFACE('',#8396,0.738194569992833);
#239=CYLINDRICAL_SURFACE('',#8398,0.242352107726593);
#240=CYLINDRICAL_SURFACE('',#8401,0.0835362366658609);
#241=CYLINDRICAL_SURFACE('',#8403,0.0793600118485286);
#242=CYLINDRICAL_SURFACE('',#8405,0.208419506057828);
#243=CYLINDRICAL_SURFACE('',#8407,0.286062011723766);
#244=CYLINDRICAL_SURFACE('',#8409,0.546944574812025);
#245=CYLINDRICAL_SURFACE('',#8411,1.18798311822572);
#246=CYLINDRICAL_SURFACE('',#8413,0.91645559478943);
#247=CYLINDRICAL_SURFACE('',#8415,0.859968874369411);
#248=CYLINDRICAL_SURFACE('',#8417,0.734845305421374);
#249=CYLINDRICAL_SURFACE('',#8419,0.337148101225257);
#250=CYLINDRICAL_SURFACE('',#8422,0.297484050210606);
#251=CYLINDRICAL_SURFACE('',#8424,0.297484050175667);
#252=CYLINDRICAL_SURFACE('',#8429,0.219731094272721);
#253=CYLINDRICAL_SURFACE('',#8438,0.691639683143581);
#254=CYLINDRICAL_SURFACE('',#8463,0.315701430623256);
#255=CYLINDRICAL_SURFACE('',#8465,0.834610286078783);
#256=CYLINDRICAL_SURFACE('',#8467,0.615220000814092);
#257=CYLINDRICAL_SURFACE('',#8469,0.467954463879392);
#258=CYLINDRICAL_SURFACE('',#8471,0.500192678144397);
#259=CYLINDRICAL_SURFACE('',#8473,0.789350911171302);
#260=CYLINDRICAL_SURFACE('',#8475,1.14872964739866);
#261=CYLINDRICAL_SURFACE('',#8477,1.19747536911396);
#262=CYLINDRICAL_SURFACE('',#8479,1.35592145314429);
#263=CYLINDRICAL_SURFACE('',#8481,0.992616060788111);
#264=CYLINDRICAL_SURFACE('',#8484,1.15662234114178);
#265=CYLINDRICAL_SURFACE('',#8486,0.315701430611536);
#266=CYLINDRICAL_SURFACE('',#8488,2.11500800617312);
#267=CYLINDRICAL_SURFACE('',#8492,0.781514078243587);
#268=CYLINDRICAL_SURFACE('',#8494,0.974358690985006);
#269=CYLINDRICAL_SURFACE('',#8496,1.19005660662057);
#270=CYLINDRICAL_SURFACE('',#8498,0.95870167607026);
#271=CYLINDRICAL_SURFACE('',#8500,0.749690373633075);
#272=CYLINDRICAL_SURFACE('',#8502,0.581032937260093);
#273=CYLINDRICAL_SURFACE('',#8504,0.435919048527325);
#274=CYLINDRICAL_SURFACE('',#8506,0.463883335230382);
#275=CYLINDRICAL_SURFACE('',#8509,0.1);
#276=CYLINDRICAL_SURFACE('',#8518,0.1);
#277=CYLINDRICAL_SURFACE('',#8521,0.1);
#278=CYLINDRICAL_SURFACE('',#8528,0.1);
#279=CYLINDRICAL_SURFACE('',#8531,0.1);
#280=CYLINDRICAL_SURFACE('',#8533,0.1);
#281=CYLINDRICAL_SURFACE('',#8539,0.1);
#282=CYLINDRICAL_SURFACE('',#8543,0.1);
#283=CYLINDRICAL_SURFACE('',#8546,0.1);
#284=CYLINDRICAL_SURFACE('',#8552,0.2);
#285=CYLINDRICAL_SURFACE('',#8557,0.2);
#286=CYLINDRICAL_SURFACE('',#8562,0.1);
#287=CYLINDRICAL_SURFACE('',#8565,0.1);
#288=CYLINDRICAL_SURFACE('',#8583,0.1);
#289=CYLINDRICAL_SURFACE('',#8585,0.1);
#290=CYLINDRICAL_SURFACE('',#8587,0.1);
#291=CYLINDRICAL_SURFACE('',#8592,0.1);
#292=CYLINDRICAL_SURFACE('',#8596,0.1);
#293=CYLINDRICAL_SURFACE('',#8601,0.1);
#294=CYLINDRICAL_SURFACE('',#8603,0.1);
#295=CYLINDRICAL_SURFACE('',#8610,0.2);
#296=CYLINDRICAL_SURFACE('',#8614,0.2);
#297=CYLINDRICAL_SURFACE('',#8617,0.2);
#298=CYLINDRICAL_SURFACE('',#8621,0.2);
#299=CYLINDRICAL_SURFACE('',#8624,0.2);
#300=CYLINDRICAL_SURFACE('',#8626,0.2);
#301=CYLINDRICAL_SURFACE('',#8629,0.1);
#302=CYLINDRICAL_SURFACE('',#8635,0.1);
#303=CYLINDRICAL_SURFACE('',#8637,0.1);
#304=CYLINDRICAL_SURFACE('',#8639,0.1);
#305=CYLINDRICAL_SURFACE('',#8641,0.1);
#306=CYLINDRICAL_SURFACE('',#8647,0.1);
#307=CYLINDRICAL_SURFACE('',#8649,0.1);
#308=CYLINDRICAL_SURFACE('',#8651,0.1);
#309=CYLINDRICAL_SURFACE('',#8657,0.1);
#310=CYLINDRICAL_SURFACE('',#8662,0.1);
#311=CYLINDRICAL_SURFACE('',#8666,1.5);
#312=CYLINDRICAL_SURFACE('',#8682,0.05);
#313=CYLINDRICAL_SURFACE('',#8683,0.05);
#314=CYLINDRICAL_SURFACE('',#8685,0.05);
#315=CYLINDRICAL_SURFACE('',#8687,0.05);
#316=CYLINDRICAL_SURFACE('',#8689,0.05);
#317=CYLINDRICAL_SURFACE('',#8701,0.05);
#318=CYLINDRICAL_SURFACE('',#8703,0.05);
#319=CYLINDRICAL_SURFACE('',#8705,0.05);
#320=CYLINDRICAL_SURFACE('',#8706,0.05);
#321=CYLINDRICAL_SURFACE('',#8708,0.05);
#322=CYLINDRICAL_SURFACE('',#8720,0.05);
#323=CYLINDRICAL_SURFACE('',#8721,0.05);
#324=CYLINDRICAL_SURFACE('',#8723,0.05);
#325=CYLINDRICAL_SURFACE('',#8725,0.05);
#326=CYLINDRICAL_SURFACE('',#8727,0.05);
#327=CYLINDRICAL_SURFACE('',#8739,0.05);
#328=CYLINDRICAL_SURFACE('',#8741,0.05);
#329=CYLINDRICAL_SURFACE('',#8743,0.05);
#330=CYLINDRICAL_SURFACE('',#8744,0.05);
#331=CYLINDRICAL_SURFACE('',#8746,0.05);
#332=CYLINDRICAL_SURFACE('',#8758,0.05);
#333=CYLINDRICAL_SURFACE('',#8759,0.05);
#334=CYLINDRICAL_SURFACE('',#8761,0.05);
#335=CYLINDRICAL_SURFACE('',#8763,0.05);
#336=CYLINDRICAL_SURFACE('',#8765,0.05);
#337=CYLINDRICAL_SURFACE('',#8777,0.05);
#338=CYLINDRICAL_SURFACE('',#8779,0.05);
#339=CYLINDRICAL_SURFACE('',#8781,0.05);
#340=CYLINDRICAL_SURFACE('',#8782,0.05);
#341=CYLINDRICAL_SURFACE('',#8784,0.05);
#342=CYLINDRICAL_SURFACE('',#8832,0.05);
#343=CYLINDRICAL_SURFACE('',#8834,0.05);
#344=CYLINDRICAL_SURFACE('',#8837,0.05);
#345=CYLINDRICAL_SURFACE('',#8840,0.05);
#346=CYLINDRICAL_SURFACE('',#8842,0.05);
#347=CYLINDRICAL_SURFACE('',#8859,0.05);
#348=CYLINDRICAL_SURFACE('',#8862,0.05);
#349=CYLINDRICAL_SURFACE('',#8864,0.05);
#350=CYLINDRICAL_SURFACE('',#8867,0.05);
#351=CYLINDRICAL_SURFACE('',#8870,0.05);
#352=FACE_OUTER_BOUND('',#801,.T.);
#353=FACE_OUTER_BOUND('',#802,.T.);
#354=FACE_OUTER_BOUND('',#803,.T.);
#355=FACE_OUTER_BOUND('',#804,.T.);
#356=FACE_OUTER_BOUND('',#805,.T.);
#357=FACE_OUTER_BOUND('',#806,.T.);
#358=FACE_OUTER_BOUND('',#807,.T.);
#359=FACE_OUTER_BOUND('',#808,.T.);
#360=FACE_OUTER_BOUND('',#809,.T.);
#361=FACE_OUTER_BOUND('',#810,.T.);
#362=FACE_OUTER_BOUND('',#811,.T.);
#363=FACE_OUTER_BOUND('',#812,.T.);
#364=FACE_OUTER_BOUND('',#813,.T.);
#365=FACE_OUTER_BOUND('',#814,.T.);
#366=FACE_OUTER_BOUND('',#815,.T.);
#367=FACE_OUTER_BOUND('',#816,.T.);
#368=FACE_OUTER_BOUND('',#817,.T.);
#369=FACE_OUTER_BOUND('',#818,.T.);
#370=FACE_OUTER_BOUND('',#819,.T.);
#371=FACE_OUTER_BOUND('',#820,.T.);
#372=FACE_OUTER_BOUND('',#821,.T.);
#373=FACE_OUTER_BOUND('',#822,.T.);
#374=FACE_OUTER_BOUND('',#823,.T.);
#375=FACE_OUTER_BOUND('',#824,.T.);
#376=FACE_OUTER_BOUND('',#825,.T.);
#377=FACE_OUTER_BOUND('',#826,.T.);
#378=FACE_OUTER_BOUND('',#827,.T.);
#379=FACE_OUTER_BOUND('',#828,.T.);
#380=FACE_OUTER_BOUND('',#829,.T.);
#381=FACE_OUTER_BOUND('',#830,.T.);
#382=FACE_OUTER_BOUND('',#831,.T.);
#383=FACE_OUTER_BOUND('',#832,.T.);
#384=FACE_OUTER_BOUND('',#833,.T.);
#385=FACE_OUTER_BOUND('',#834,.T.);
#386=FACE_OUTER_BOUND('',#835,.T.);
#387=FACE_OUTER_BOUND('',#837,.T.);
#388=FACE_OUTER_BOUND('',#838,.T.);
#389=FACE_OUTER_BOUND('',#839,.T.);
#390=FACE_OUTER_BOUND('',#840,.T.);
#391=FACE_OUTER_BOUND('',#841,.T.);
#392=FACE_OUTER_BOUND('',#842,.T.);
#393=FACE_OUTER_BOUND('',#843,.T.);
#394=FACE_OUTER_BOUND('',#844,.T.);
#395=FACE_OUTER_BOUND('',#845,.T.);
#396=FACE_OUTER_BOUND('',#846,.T.);
#397=FACE_OUTER_BOUND('',#847,.T.);
#398=FACE_OUTER_BOUND('',#848,.T.);
#399=FACE_OUTER_BOUND('',#849,.T.);
#400=FACE_OUTER_BOUND('',#850,.T.);
#401=FACE_OUTER_BOUND('',#851,.T.);
#402=FACE_OUTER_BOUND('',#852,.T.);
#403=FACE_OUTER_BOUND('',#853,.T.);
#404=FACE_OUTER_BOUND('',#854,.T.);
#405=FACE_OUTER_BOUND('',#855,.T.);
#406=FACE_OUTER_BOUND('',#856,.T.);
#407=FACE_OUTER_BOUND('',#857,.T.);
#408=FACE_OUTER_BOUND('',#858,.T.);
#409=FACE_OUTER_BOUND('',#859,.T.);
#410=FACE_OUTER_BOUND('',#860,.T.);
#411=FACE_OUTER_BOUND('',#861,.T.);
#412=FACE_OUTER_BOUND('',#862,.T.);
#413=FACE_OUTER_BOUND('',#863,.T.);
#414=FACE_OUTER_BOUND('',#864,.T.);
#415=FACE_OUTER_BOUND('',#865,.T.);
#416=FACE_OUTER_BOUND('',#866,.T.);
#417=FACE_OUTER_BOUND('',#867,.T.);
#418=FACE_OUTER_BOUND('',#868,.T.);
#419=FACE_OUTER_BOUND('',#869,.T.);
#420=FACE_OUTER_BOUND('',#870,.T.);
#421=FACE_OUTER_BOUND('',#871,.T.);
#422=FACE_OUTER_BOUND('',#872,.T.);
#423=FACE_OUTER_BOUND('',#873,.T.);
#424=FACE_OUTER_BOUND('',#874,.T.);
#425=FACE_OUTER_BOUND('',#875,.T.);
#426=FACE_OUTER_BOUND('',#876,.T.);
#427=FACE_OUTER_BOUND('',#877,.T.);
#428=FACE_OUTER_BOUND('',#878,.T.);
#429=FACE_OUTER_BOUND('',#879,.T.);
#430=FACE_OUTER_BOUND('',#880,.T.);
#431=FACE_OUTER_BOUND('',#881,.T.);
#432=FACE_OUTER_BOUND('',#882,.T.);
#433=FACE_OUTER_BOUND('',#883,.T.);
#434=FACE_OUTER_BOUND('',#884,.T.);
#435=FACE_OUTER_BOUND('',#885,.T.);
#436=FACE_OUTER_BOUND('',#886,.T.);
#437=FACE_OUTER_BOUND('',#887,.T.);
#438=FACE_OUTER_BOUND('',#888,.T.);
#439=FACE_OUTER_BOUND('',#889,.T.);
#440=FACE_OUTER_BOUND('',#891,.T.);
#441=FACE_OUTER_BOUND('',#892,.T.);
#442=FACE_OUTER_BOUND('',#893,.T.);
#443=FACE_OUTER_BOUND('',#894,.T.);
#444=FACE_OUTER_BOUND('',#895,.T.);
#445=FACE_OUTER_BOUND('',#896,.T.);
#446=FACE_OUTER_BOUND('',#897,.T.);
#447=FACE_OUTER_BOUND('',#898,.T.);
#448=FACE_OUTER_BOUND('',#899,.T.);
#449=FACE_OUTER_BOUND('',#900,.T.);
#450=FACE_OUTER_BOUND('',#901,.T.);
#451=FACE_OUTER_BOUND('',#902,.T.);
#452=FACE_OUTER_BOUND('',#903,.T.);
#453=FACE_OUTER_BOUND('',#904,.T.);
#454=FACE_OUTER_BOUND('',#905,.T.);
#455=FACE_OUTER_BOUND('',#906,.T.);
#456=FACE_OUTER_BOUND('',#907,.T.);
#457=FACE_OUTER_BOUND('',#908,.T.);
#458=FACE_OUTER_BOUND('',#909,.T.);
#459=FACE_OUTER_BOUND('',#910,.T.);
#460=FACE_OUTER_BOUND('',#911,.T.);
#461=FACE_OUTER_BOUND('',#912,.T.);
#462=FACE_OUTER_BOUND('',#913,.T.);
#463=FACE_OUTER_BOUND('',#914,.T.);
#464=FACE_OUTER_BOUND('',#915,.T.);
#465=FACE_OUTER_BOUND('',#916,.T.);
#466=FACE_OUTER_BOUND('',#917,.T.);
#467=FACE_OUTER_BOUND('',#918,.T.);
#468=FACE_OUTER_BOUND('',#919,.T.);
#469=FACE_OUTER_BOUND('',#920,.T.);
#470=FACE_OUTER_BOUND('',#921,.T.);
#471=FACE_OUTER_BOUND('',#922,.T.);
#472=FACE_OUTER_BOUND('',#923,.T.);
#473=FACE_OUTER_BOUND('',#924,.T.);
#474=FACE_OUTER_BOUND('',#925,.T.);
#475=FACE_OUTER_BOUND('',#927,.T.);
#476=FACE_OUTER_BOUND('',#929,.T.);
#477=FACE_OUTER_BOUND('',#930,.T.);
#478=FACE_OUTER_BOUND('',#931,.T.);
#479=FACE_OUTER_BOUND('',#932,.T.);
#480=FACE_OUTER_BOUND('',#933,.T.);
#481=FACE_OUTER_BOUND('',#934,.T.);
#482=FACE_OUTER_BOUND('',#935,.T.);
#483=FACE_OUTER_BOUND('',#936,.T.);
#484=FACE_OUTER_BOUND('',#937,.T.);
#485=FACE_OUTER_BOUND('',#938,.T.);
#486=FACE_OUTER_BOUND('',#939,.T.);
#487=FACE_OUTER_BOUND('',#940,.T.);
#488=FACE_OUTER_BOUND('',#941,.T.);
#489=FACE_OUTER_BOUND('',#942,.T.);
#490=FACE_OUTER_BOUND('',#943,.T.);
#491=FACE_OUTER_BOUND('',#944,.T.);
#492=FACE_OUTER_BOUND('',#945,.T.);
#493=FACE_OUTER_BOUND('',#946,.T.);
#494=FACE_OUTER_BOUND('',#947,.T.);
#495=FACE_OUTER_BOUND('',#948,.T.);
#496=FACE_OUTER_BOUND('',#949,.T.);
#497=FACE_OUTER_BOUND('',#950,.T.);
#498=FACE_OUTER_BOUND('',#951,.T.);
#499=FACE_OUTER_BOUND('',#952,.T.);
#500=FACE_OUTER_BOUND('',#953,.T.);
#501=FACE_OUTER_BOUND('',#954,.T.);
#502=FACE_OUTER_BOUND('',#955,.T.);
#503=FACE_OUTER_BOUND('',#956,.T.);
#504=FACE_OUTER_BOUND('',#957,.T.);
#505=FACE_OUTER_BOUND('',#958,.T.);
#506=FACE_OUTER_BOUND('',#959,.T.);
#507=FACE_OUTER_BOUND('',#960,.T.);
#508=FACE_OUTER_BOUND('',#961,.T.);
#509=FACE_OUTER_BOUND('',#962,.T.);
#510=FACE_OUTER_BOUND('',#963,.T.);
#511=FACE_OUTER_BOUND('',#964,.T.);
#512=FACE_OUTER_BOUND('',#965,.T.);
#513=FACE_OUTER_BOUND('',#966,.T.);
#514=FACE_OUTER_BOUND('',#967,.T.);
#515=FACE_OUTER_BOUND('',#968,.T.);
#516=FACE_OUTER_BOUND('',#969,.T.);
#517=FACE_OUTER_BOUND('',#970,.T.);
#518=FACE_OUTER_BOUND('',#971,.T.);
#519=FACE_OUTER_BOUND('',#973,.T.);
#520=FACE_OUTER_BOUND('',#974,.T.);
#521=FACE_OUTER_BOUND('',#976,.T.);
#522=FACE_OUTER_BOUND('',#977,.T.);
#523=FACE_OUTER_BOUND('',#978,.T.);
#524=FACE_OUTER_BOUND('',#979,.T.);
#525=FACE_OUTER_BOUND('',#980,.T.);
#526=FACE_OUTER_BOUND('',#981,.T.);
#527=FACE_OUTER_BOUND('',#982,.T.);
#528=FACE_OUTER_BOUND('',#983,.T.);
#529=FACE_OUTER_BOUND('',#984,.T.);
#530=FACE_OUTER_BOUND('',#985,.T.);
#531=FACE_OUTER_BOUND('',#986,.T.);
#532=FACE_OUTER_BOUND('',#987,.T.);
#533=FACE_OUTER_BOUND('',#988,.T.);
#534=FACE_OUTER_BOUND('',#989,.T.);
#535=FACE_OUTER_BOUND('',#990,.T.);
#536=FACE_OUTER_BOUND('',#991,.T.);
#537=FACE_OUTER_BOUND('',#992,.T.);
#538=FACE_OUTER_BOUND('',#993,.T.);
#539=FACE_OUTER_BOUND('',#994,.T.);
#540=FACE_OUTER_BOUND('',#995,.T.);
#541=FACE_OUTER_BOUND('',#996,.T.);
#542=FACE_OUTER_BOUND('',#997,.T.);
#543=FACE_OUTER_BOUND('',#998,.T.);
#544=FACE_OUTER_BOUND('',#999,.T.);
#545=FACE_OUTER_BOUND('',#1000,.T.);
#546=FACE_OUTER_BOUND('',#1001,.T.);
#547=FACE_OUTER_BOUND('',#1002,.T.);
#548=FACE_OUTER_BOUND('',#1003,.T.);
#549=FACE_OUTER_BOUND('',#1004,.T.);
#550=FACE_OUTER_BOUND('',#1005,.T.);
#551=FACE_OUTER_BOUND('',#1006,.T.);
#552=FACE_OUTER_BOUND('',#1007,.T.);
#553=FACE_OUTER_BOUND('',#1008,.T.);
#554=FACE_OUTER_BOUND('',#1009,.T.);
#555=FACE_OUTER_BOUND('',#1010,.T.);
#556=FACE_OUTER_BOUND('',#1011,.T.);
#557=FACE_OUTER_BOUND('',#1012,.T.);
#558=FACE_OUTER_BOUND('',#1013,.T.);
#559=FACE_OUTER_BOUND('',#1014,.T.);
#560=FACE_OUTER_BOUND('',#1015,.T.);
#561=FACE_OUTER_BOUND('',#1017,.T.);
#562=FACE_OUTER_BOUND('',#1018,.T.);
#563=FACE_OUTER_BOUND('',#1019,.T.);
#564=FACE_OUTER_BOUND('',#1020,.T.);
#565=FACE_OUTER_BOUND('',#1021,.T.);
#566=FACE_OUTER_BOUND('',#1022,.T.);
#567=FACE_OUTER_BOUND('',#1023,.T.);
#568=FACE_OUTER_BOUND('',#1024,.T.);
#569=FACE_OUTER_BOUND('',#1025,.T.);
#570=FACE_OUTER_BOUND('',#1026,.T.);
#571=FACE_OUTER_BOUND('',#1027,.T.);
#572=FACE_OUTER_BOUND('',#1028,.T.);
#573=FACE_OUTER_BOUND('',#1029,.T.);
#574=FACE_OUTER_BOUND('',#1030,.T.);
#575=FACE_OUTER_BOUND('',#1031,.T.);
#576=FACE_OUTER_BOUND('',#1032,.T.);
#577=FACE_OUTER_BOUND('',#1033,.T.);
#578=FACE_OUTER_BOUND('',#1034,.T.);
#579=FACE_OUTER_BOUND('',#1035,.T.);
#580=FACE_OUTER_BOUND('',#1036,.T.);
#581=FACE_OUTER_BOUND('',#1037,.T.);
#582=FACE_OUTER_BOUND('',#1038,.T.);
#583=FACE_OUTER_BOUND('',#1039,.T.);
#584=FACE_OUTER_BOUND('',#1040,.T.);
#585=FACE_OUTER_BOUND('',#1041,.T.);
#586=FACE_OUTER_BOUND('',#1042,.T.);
#587=FACE_OUTER_BOUND('',#1043,.T.);
#588=FACE_OUTER_BOUND('',#1044,.T.);
#589=FACE_OUTER_BOUND('',#1045,.T.);
#590=FACE_OUTER_BOUND('',#1046,.T.);
#591=FACE_OUTER_BOUND('',#1047,.T.);
#592=FACE_OUTER_BOUND('',#1048,.T.);
#593=FACE_OUTER_BOUND('',#1049,.T.);
#594=FACE_OUTER_BOUND('',#1050,.T.);
#595=FACE_OUTER_BOUND('',#1051,.T.);
#596=FACE_OUTER_BOUND('',#1052,.T.);
#597=FACE_OUTER_BOUND('',#1053,.T.);
#598=FACE_OUTER_BOUND('',#1054,.T.);
#599=FACE_OUTER_BOUND('',#1055,.T.);
#600=FACE_OUTER_BOUND('',#1056,.T.);
#601=FACE_OUTER_BOUND('',#1057,.T.);
#602=FACE_OUTER_BOUND('',#1058,.T.);
#603=FACE_OUTER_BOUND('',#1059,.T.);
#604=FACE_OUTER_BOUND('',#1060,.T.);
#605=FACE_OUTER_BOUND('',#1061,.T.);
#606=FACE_OUTER_BOUND('',#1062,.T.);
#607=FACE_OUTER_BOUND('',#1063,.T.);
#608=FACE_OUTER_BOUND('',#1064,.T.);
#609=FACE_OUTER_BOUND('',#1065,.T.);
#610=FACE_OUTER_BOUND('',#1066,.T.);
#611=FACE_OUTER_BOUND('',#1067,.T.);
#612=FACE_OUTER_BOUND('',#1068,.T.);
#613=FACE_OUTER_BOUND('',#1069,.T.);
#614=FACE_OUTER_BOUND('',#1070,.T.);
#615=FACE_OUTER_BOUND('',#1071,.T.);
#616=FACE_OUTER_BOUND('',#1072,.T.);
#617=FACE_OUTER_BOUND('',#1073,.T.);
#618=FACE_OUTER_BOUND('',#1074,.T.);
#619=FACE_OUTER_BOUND('',#1075,.T.);
#620=FACE_OUTER_BOUND('',#1076,.T.);
#621=FACE_OUTER_BOUND('',#1077,.T.);
#622=FACE_OUTER_BOUND('',#1078,.T.);
#623=FACE_OUTER_BOUND('',#1079,.T.);
#624=FACE_OUTER_BOUND('',#1080,.T.);
#625=FACE_OUTER_BOUND('',#1081,.T.);
#626=FACE_OUTER_BOUND('',#1083,.T.);
#627=FACE_OUTER_BOUND('',#1085,.T.);
#628=FACE_OUTER_BOUND('',#1087,.T.);
#629=FACE_OUTER_BOUND('',#1088,.T.);
#630=FACE_OUTER_BOUND('',#1089,.T.);
#631=FACE_OUTER_BOUND('',#1090,.T.);
#632=FACE_OUTER_BOUND('',#1091,.T.);
#633=FACE_OUTER_BOUND('',#1092,.T.);
#634=FACE_OUTER_BOUND('',#1093,.T.);
#635=FACE_OUTER_BOUND('',#1094,.T.);
#636=FACE_OUTER_BOUND('',#1095,.T.);
#637=FACE_OUTER_BOUND('',#1096,.T.);
#638=FACE_OUTER_BOUND('',#1097,.T.);
#639=FACE_OUTER_BOUND('',#1098,.T.);
#640=FACE_OUTER_BOUND('',#1099,.T.);
#641=FACE_OUTER_BOUND('',#1100,.T.);
#642=FACE_OUTER_BOUND('',#1101,.T.);
#643=FACE_OUTER_BOUND('',#1102,.T.);
#644=FACE_OUTER_BOUND('',#1103,.T.);
#645=FACE_OUTER_BOUND('',#1104,.T.);
#646=FACE_OUTER_BOUND('',#1105,.T.);
#647=FACE_OUTER_BOUND('',#1106,.T.);
#648=FACE_OUTER_BOUND('',#1107,.T.);
#649=FACE_OUTER_BOUND('',#1108,.T.);
#650=FACE_OUTER_BOUND('',#1109,.T.);
#651=FACE_OUTER_BOUND('',#1110,.T.);
#652=FACE_OUTER_BOUND('',#1111,.T.);
#653=FACE_OUTER_BOUND('',#1112,.T.);
#654=FACE_OUTER_BOUND('',#1113,.T.);
#655=FACE_OUTER_BOUND('',#1114,.T.);
#656=FACE_OUTER_BOUND('',#1115,.T.);
#657=FACE_OUTER_BOUND('',#1116,.T.);
#658=FACE_OUTER_BOUND('',#1117,.T.);
#659=FACE_OUTER_BOUND('',#1118,.T.);
#660=FACE_OUTER_BOUND('',#1119,.T.);
#661=FACE_OUTER_BOUND('',#1120,.T.);
#662=FACE_OUTER_BOUND('',#1121,.T.);
#663=FACE_OUTER_BOUND('',#1122,.T.);
#664=FACE_OUTER_BOUND('',#1123,.T.);
#665=FACE_OUTER_BOUND('',#1124,.T.);
#666=FACE_OUTER_BOUND('',#1125,.T.);
#667=FACE_OUTER_BOUND('',#1126,.T.);
#668=FACE_OUTER_BOUND('',#1127,.T.);
#669=FACE_OUTER_BOUND('',#1128,.T.);
#670=FACE_OUTER_BOUND('',#1129,.T.);
#671=FACE_OUTER_BOUND('',#1130,.T.);
#672=FACE_OUTER_BOUND('',#1131,.T.);
#673=FACE_OUTER_BOUND('',#1132,.T.);
#674=FACE_OUTER_BOUND('',#1133,.T.);
#675=FACE_OUTER_BOUND('',#1134,.T.);
#676=FACE_OUTER_BOUND('',#1135,.T.);
#677=FACE_OUTER_BOUND('',#1136,.T.);
#678=FACE_OUTER_BOUND('',#1137,.T.);
#679=FACE_OUTER_BOUND('',#1138,.T.);
#680=FACE_OUTER_BOUND('',#1139,.T.);
#681=FACE_OUTER_BOUND('',#1140,.T.);
#682=FACE_OUTER_BOUND('',#1141,.T.);
#683=FACE_OUTER_BOUND('',#1142,.T.);
#684=FACE_OUTER_BOUND('',#1143,.T.);
#685=FACE_OUTER_BOUND('',#1144,.T.);
#686=FACE_OUTER_BOUND('',#1145,.T.);
#687=FACE_OUTER_BOUND('',#1146,.T.);
#688=FACE_OUTER_BOUND('',#1147,.T.);
#689=FACE_OUTER_BOUND('',#1148,.T.);
#690=FACE_OUTER_BOUND('',#1149,.T.);
#691=FACE_OUTER_BOUND('',#1150,.T.);
#692=FACE_OUTER_BOUND('',#1151,.T.);
#693=FACE_OUTER_BOUND('',#1152,.T.);
#694=FACE_OUTER_BOUND('',#1153,.T.);
#695=FACE_OUTER_BOUND('',#1154,.T.);
#696=FACE_OUTER_BOUND('',#1155,.T.);
#697=FACE_OUTER_BOUND('',#1156,.T.);
#698=FACE_OUTER_BOUND('',#1157,.T.);
#699=FACE_OUTER_BOUND('',#1158,.T.);
#700=FACE_OUTER_BOUND('',#1159,.T.);
#701=FACE_OUTER_BOUND('',#1160,.T.);
#702=FACE_OUTER_BOUND('',#1161,.T.);
#703=FACE_OUTER_BOUND('',#1162,.T.);
#704=FACE_OUTER_BOUND('',#1163,.T.);
#705=FACE_OUTER_BOUND('',#1164,.T.);
#706=FACE_OUTER_BOUND('',#1165,.T.);
#707=FACE_OUTER_BOUND('',#1166,.T.);
#708=FACE_OUTER_BOUND('',#1167,.T.);
#709=FACE_OUTER_BOUND('',#1168,.T.);
#710=FACE_OUTER_BOUND('',#1169,.T.);
#711=FACE_OUTER_BOUND('',#1170,.T.);
#712=FACE_OUTER_BOUND('',#1171,.T.);
#713=FACE_OUTER_BOUND('',#1172,.T.);
#714=FACE_OUTER_BOUND('',#1173,.T.);
#715=FACE_OUTER_BOUND('',#1174,.T.);
#716=FACE_OUTER_BOUND('',#1175,.T.);
#717=FACE_OUTER_BOUND('',#1176,.T.);
#718=FACE_OUTER_BOUND('',#1177,.T.);
#719=FACE_OUTER_BOUND('',#1178,.T.);
#720=FACE_OUTER_BOUND('',#1179,.T.);
#721=FACE_OUTER_BOUND('',#1180,.T.);
#722=FACE_OUTER_BOUND('',#1181,.T.);
#723=FACE_OUTER_BOUND('',#1182,.T.);
#724=FACE_OUTER_BOUND('',#1183,.T.);
#725=FACE_OUTER_BOUND('',#1184,.T.);
#726=FACE_OUTER_BOUND('',#1185,.T.);
#727=FACE_OUTER_BOUND('',#1186,.T.);
#728=FACE_OUTER_BOUND('',#1187,.T.);
#729=FACE_OUTER_BOUND('',#1188,.T.);
#730=FACE_OUTER_BOUND('',#1189,.T.);
#731=FACE_OUTER_BOUND('',#1190,.T.);
#732=FACE_OUTER_BOUND('',#1191,.T.);
#733=FACE_OUTER_BOUND('',#1192,.T.);
#734=FACE_OUTER_BOUND('',#1193,.T.);
#735=FACE_OUTER_BOUND('',#1194,.T.);
#736=FACE_OUTER_BOUND('',#1195,.T.);
#737=FACE_OUTER_BOUND('',#1196,.T.);
#738=FACE_OUTER_BOUND('',#1197,.T.);
#739=FACE_OUTER_BOUND('',#1198,.T.);
#740=FACE_OUTER_BOUND('',#1199,.T.);
#741=FACE_OUTER_BOUND('',#1200,.T.);
#742=FACE_OUTER_BOUND('',#1201,.T.);
#743=FACE_OUTER_BOUND('',#1202,.T.);
#744=FACE_OUTER_BOUND('',#1203,.T.);
#745=FACE_OUTER_BOUND('',#1204,.T.);
#746=FACE_OUTER_BOUND('',#1205,.T.);
#747=FACE_OUTER_BOUND('',#1206,.T.);
#748=FACE_OUTER_BOUND('',#1207,.T.);
#749=FACE_OUTER_BOUND('',#1208,.T.);
#750=FACE_OUTER_BOUND('',#1209,.T.);
#751=FACE_OUTER_BOUND('',#1210,.T.);
#752=FACE_OUTER_BOUND('',#1211,.T.);
#753=FACE_OUTER_BOUND('',#1212,.T.);
#754=FACE_OUTER_BOUND('',#1213,.T.);
#755=FACE_OUTER_BOUND('',#1214,.T.);
#756=FACE_OUTER_BOUND('',#1215,.T.);
#757=FACE_OUTER_BOUND('',#1216,.T.);
#758=FACE_OUTER_BOUND('',#1217,.T.);
#759=FACE_OUTER_BOUND('',#1218,.T.);
#760=FACE_OUTER_BOUND('',#1219,.T.);
#761=FACE_OUTER_BOUND('',#1220,.T.);
#762=FACE_OUTER_BOUND('',#1221,.T.);
#763=FACE_OUTER_BOUND('',#1222,.T.);
#764=FACE_OUTER_BOUND('',#1223,.T.);
#765=FACE_OUTER_BOUND('',#1224,.T.);
#766=FACE_OUTER_BOUND('',#1225,.T.);
#767=FACE_OUTER_BOUND('',#1226,.T.);
#768=FACE_OUTER_BOUND('',#1227,.T.);
#769=FACE_OUTER_BOUND('',#1228,.T.);
#770=FACE_OUTER_BOUND('',#1229,.T.);
#771=FACE_OUTER_BOUND('',#1230,.T.);
#772=FACE_OUTER_BOUND('',#1231,.T.);
#773=FACE_OUTER_BOUND('',#1232,.T.);
#774=FACE_OUTER_BOUND('',#1233,.T.);
#775=FACE_OUTER_BOUND('',#1234,.T.);
#776=FACE_OUTER_BOUND('',#1235,.T.);
#777=FACE_OUTER_BOUND('',#1236,.T.);
#778=FACE_OUTER_BOUND('',#1237,.T.);
#779=FACE_OUTER_BOUND('',#1238,.T.);
#780=FACE_OUTER_BOUND('',#1239,.T.);
#781=FACE_OUTER_BOUND('',#1240,.T.);
#782=FACE_OUTER_BOUND('',#1241,.T.);
#783=FACE_OUTER_BOUND('',#1242,.T.);
#784=FACE_OUTER_BOUND('',#1243,.T.);
#785=FACE_OUTER_BOUND('',#1244,.T.);
#786=FACE_OUTER_BOUND('',#1245,.T.);
#787=FACE_OUTER_BOUND('',#1246,.T.);
#788=FACE_OUTER_BOUND('',#1247,.T.);
#789=FACE_OUTER_BOUND('',#1248,.T.);
#790=FACE_OUTER_BOUND('',#1249,.T.);
#791=FACE_OUTER_BOUND('',#1250,.T.);
#792=FACE_OUTER_BOUND('',#1251,.T.);
#793=FACE_OUTER_BOUND('',#1252,.T.);
#794=FACE_OUTER_BOUND('',#1253,.T.);
#795=FACE_OUTER_BOUND('',#1254,.T.);
#796=FACE_OUTER_BOUND('',#1255,.T.);
#797=FACE_OUTER_BOUND('',#1256,.T.);
#798=FACE_OUTER_BOUND('',#1257,.T.);
#799=FACE_OUTER_BOUND('',#1258,.T.);
#800=FACE_OUTER_BOUND('',#1259,.T.);
#801=EDGE_LOOP('',(#5043,#5044,#5045,#5046,#5047,#5048,#5049,#5050,#5051,
#5052,#5053,#5054,#5055,#5056,#5057));
#802=EDGE_LOOP('',(#5058,#5059,#5060,#5061));
#803=EDGE_LOOP('',(#5062,#5063,#5064,#5065));
#804=EDGE_LOOP('',(#5066,#5067,#5068,#5069));
#805=EDGE_LOOP('',(#5070,#5071,#5072,#5073));
#806=EDGE_LOOP('',(#5074,#5075,#5076,#5077));
#807=EDGE_LOOP('',(#5078,#5079,#5080,#5081));
#808=EDGE_LOOP('',(#5082,#5083,#5084,#5085));
#809=EDGE_LOOP('',(#5086,#5087,#5088,#5089));
#810=EDGE_LOOP('',(#5090,#5091,#5092,#5093));
#811=EDGE_LOOP('',(#5094,#5095,#5096,#5097));
#812=EDGE_LOOP('',(#5098,#5099,#5100,#5101));
#813=EDGE_LOOP('',(#5102,#5103,#5104,#5105));
#814=EDGE_LOOP('',(#5106,#5107,#5108,#5109));
#815=EDGE_LOOP('',(#5110,#5111,#5112,#5113));
#816=EDGE_LOOP('',(#5114,#5115,#5116,#5117,#5118,#5119,#5120,#5121,#5122,
#5123,#5124,#5125,#5126,#5127,#5128));
#817=EDGE_LOOP('',(#5129,#5130,#5131,#5132));
#818=EDGE_LOOP('',(#5133,#5134,#5135,#5136,#5137,#5138,#5139,#5140,#5141,
#5142,#5143,#5144,#5145,#5146,#5147));
#819=EDGE_LOOP('',(#5148,#5149,#5150,#5151));
#820=EDGE_LOOP('',(#5152,#5153,#5154,#5155));
#821=EDGE_LOOP('',(#5156,#5157,#5158,#5159));
#822=EDGE_LOOP('',(#5160,#5161,#5162,#5163));
#823=EDGE_LOOP('',(#5164,#5165,#5166,#5167));
#824=EDGE_LOOP('',(#5168,#5169,#5170,#5171));
#825=EDGE_LOOP('',(#5172,#5173,#5174,#5175));
#826=EDGE_LOOP('',(#5176,#5177,#5178,#5179));
#827=EDGE_LOOP('',(#5180,#5181,#5182,#5183));
#828=EDGE_LOOP('',(#5184,#5185,#5186,#5187));
#829=EDGE_LOOP('',(#5188,#5189,#5190,#5191));
#830=EDGE_LOOP('',(#5192,#5193,#5194,#5195));
#831=EDGE_LOOP('',(#5196,#5197,#5198,#5199));
#832=EDGE_LOOP('',(#5200,#5201,#5202,#5203));
#833=EDGE_LOOP('',(#5204,#5205,#5206,#5207,#5208,#5209,#5210,#5211,#5212,
#5213,#5214,#5215,#5216,#5217,#5218));
#834=EDGE_LOOP('',(#5219,#5220,#5221,#5222));
#835=EDGE_LOOP('',(#5223));
#836=EDGE_LOOP('',(#5224));
#837=EDGE_LOOP('',(#5225));
#838=EDGE_LOOP('',(#5226));
#839=EDGE_LOOP('',(#5227,#5228,#5229,#5230,#5231,#5232,#5233,#5234,#5235,
#5236,#5237,#5238,#5239,#5240,#5241));
#840=EDGE_LOOP('',(#5242,#5243,#5244,#5245));
#841=EDGE_LOOP('',(#5246,#5247,#5248,#5249));
#842=EDGE_LOOP('',(#5250,#5251,#5252,#5253));
#843=EDGE_LOOP('',(#5254,#5255,#5256,#5257));
#844=EDGE_LOOP('',(#5258,#5259,#5260,#5261));
#845=EDGE_LOOP('',(#5262,#5263,#5264,#5265));
#846=EDGE_LOOP('',(#5266,#5267,#5268,#5269));
#847=EDGE_LOOP('',(#5270,#5271,#5272,#5273));
#848=EDGE_LOOP('',(#5274,#5275,#5276,#5277));
#849=EDGE_LOOP('',(#5278,#5279,#5280,#5281));
#850=EDGE_LOOP('',(#5282,#5283,#5284,#5285));
#851=EDGE_LOOP('',(#5286,#5287,#5288,#5289));
#852=EDGE_LOOP('',(#5290,#5291,#5292,#5293));
#853=EDGE_LOOP('',(#5294,#5295,#5296,#5297));
#854=EDGE_LOOP('',(#5298,#5299,#5300,#5301,#5302,#5303,#5304,#5305,#5306,
#5307,#5308,#5309,#5310,#5311,#5312));
#855=EDGE_LOOP('',(#5313,#5314,#5315,#5316));
#856=EDGE_LOOP('',(#5317,#5318,#5319,#5320));
#857=EDGE_LOOP('',(#5321,#5322,#5323,#5324));
#858=EDGE_LOOP('',(#5325,#5326,#5327,#5328));
#859=EDGE_LOOP('',(#5329,#5330,#5331,#5332));
#860=EDGE_LOOP('',(#5333,#5334,#5335,#5336));
#861=EDGE_LOOP('',(#5337,#5338,#5339,#5340));
#862=EDGE_LOOP('',(#5341,#5342,#5343,#5344,#5345,#5346,#5347,#5348,#5349,
#5350,#5351,#5352,#5353,#5354,#5355,#5356,#5357,#5358,#5359));
#863=EDGE_LOOP('',(#5360,#5361,#5362,#5363));
#864=EDGE_LOOP('',(#5364,#5365,#5366,#5367));
#865=EDGE_LOOP('',(#5368,#5369,#5370,#5371));
#866=EDGE_LOOP('',(#5372,#5373,#5374,#5375));
#867=EDGE_LOOP('',(#5376,#5377,#5378,#5379));
#868=EDGE_LOOP('',(#5380,#5381,#5382,#5383));
#869=EDGE_LOOP('',(#5384,#5385,#5386,#5387));
#870=EDGE_LOOP('',(#5388,#5389,#5390,#5391));
#871=EDGE_LOOP('',(#5392,#5393,#5394,#5395));
#872=EDGE_LOOP('',(#5396,#5397,#5398,#5399));
#873=EDGE_LOOP('',(#5400,#5401,#5402,#5403));
#874=EDGE_LOOP('',(#5404,#5405,#5406,#5407));
#875=EDGE_LOOP('',(#5408,#5409,#5410,#5411));
#876=EDGE_LOOP('',(#5412,#5413,#5414,#5415));
#877=EDGE_LOOP('',(#5416,#5417,#5418,#5419));
#878=EDGE_LOOP('',(#5420,#5421,#5422,#5423));
#879=EDGE_LOOP('',(#5424,#5425,#5426,#5427));
#880=EDGE_LOOP('',(#5428,#5429,#5430,#5431));
#881=EDGE_LOOP('',(#5432,#5433,#5434,#5435,#5436,#5437,#5438,#5439,#5440,
#5441,#5442,#5443,#5444,#5445,#5446,#5447,#5448,#5449,#5450));
#882=EDGE_LOOP('',(#5451,#5452,#5453,#5454));
#883=EDGE_LOOP('',(#5455,#5456,#5457,#5458));
#884=EDGE_LOOP('',(#5459,#5460,#5461,#5462));
#885=EDGE_LOOP('',(#5463,#5464,#5465,#5466));
#886=EDGE_LOOP('',(#5467,#5468,#5469,#5470));
#887=EDGE_LOOP('',(#5471,#5472,#5473,#5474));
#888=EDGE_LOOP('',(#5475,#5476,#5477,#5478));
#889=EDGE_LOOP('',(#5479,#5480,#5481,#5482,#5483,#5484,#5485,#5486,#5487,
#5488,#5489,#5490,#5491,#5492,#5493,#5494,#5495,#5496,#5497,#5498,#5499,
#5500,#5501,#5502,#5503,#5504));
#890=EDGE_LOOP('',(#5505,#5506,#5507,#5508,#5509,#5510,#5511,#5512));
#891=EDGE_LOOP('',(#5513,#5514,#5515,#5516));
#892=EDGE_LOOP('',(#5517,#5518,#5519,#5520));
#893=EDGE_LOOP('',(#5521,#5522,#5523,#5524));
#894=EDGE_LOOP('',(#5525,#5526,#5527,#5528));
#895=EDGE_LOOP('',(#5529,#5530,#5531,#5532));
#896=EDGE_LOOP('',(#5533,#5534,#5535,#5536));
#897=EDGE_LOOP('',(#5537,#5538,#5539,#5540));
#898=EDGE_LOOP('',(#5541,#5542,#5543,#5544));
#899=EDGE_LOOP('',(#5545,#5546,#5547,#5548));
#900=EDGE_LOOP('',(#5549,#5550,#5551,#5552));
#901=EDGE_LOOP('',(#5553,#5554,#5555,#5556));
#902=EDGE_LOOP('',(#5557,#5558,#5559,#5560));
#903=EDGE_LOOP('',(#5561,#5562,#5563,#5564));
#904=EDGE_LOOP('',(#5565,#5566,#5567,#5568));
#905=EDGE_LOOP('',(#5569,#5570,#5571,#5572));
#906=EDGE_LOOP('',(#5573,#5574,#5575,#5576));
#907=EDGE_LOOP('',(#5577,#5578,#5579,#5580));
#908=EDGE_LOOP('',(#5581,#5582,#5583,#5584));
#909=EDGE_LOOP('',(#5585,#5586,#5587,#5588));
#910=EDGE_LOOP('',(#5589,#5590,#5591,#5592));
#911=EDGE_LOOP('',(#5593,#5594,#5595,#5596));
#912=EDGE_LOOP('',(#5597,#5598,#5599,#5600));
#913=EDGE_LOOP('',(#5601,#5602,#5603,#5604));
#914=EDGE_LOOP('',(#5605,#5606,#5607,#5608));
#915=EDGE_LOOP('',(#5609,#5610,#5611,#5612));
#916=EDGE_LOOP('',(#5613,#5614,#5615,#5616));
#917=EDGE_LOOP('',(#5617,#5618,#5619,#5620));
#918=EDGE_LOOP('',(#5621,#5622,#5623,#5624));
#919=EDGE_LOOP('',(#5625,#5626,#5627,#5628));
#920=EDGE_LOOP('',(#5629,#5630,#5631,#5632));
#921=EDGE_LOOP('',(#5633,#5634,#5635,#5636));
#922=EDGE_LOOP('',(#5637,#5638,#5639,#5640));
#923=EDGE_LOOP('',(#5641,#5642,#5643,#5644));
#924=EDGE_LOOP('',(#5645,#5646,#5647,#5648));
#925=EDGE_LOOP('',(#5649,#5650,#5651,#5652,#5653,#5654,#5655,#5656,#5657,
#5658,#5659,#5660,#5661,#5662,#5663,#5664,#5665,#5666,#5667,#5668,#5669,
#5670,#5671,#5672,#5673,#5674));
#926=EDGE_LOOP('',(#5675,#5676,#5677,#5678,#5679,#5680,#5681,#5682));
#927=EDGE_LOOP('',(#5683,#5684,#5685,#5686,#5687,#5688,#5689,#5690,#5691,
#5692,#5693,#5694,#5695,#5696,#5697,#5698,#5699,#5700,#5701,#5702,#5703,
#5704));
#928=EDGE_LOOP('',(#5705,#5706,#5707,#5708,#5709,#5710,#5711,#5712,#5713,
#5714,#5715,#5716,#5717,#5718,#5719,#5720,#5721,#5722,#5723,#5724));
#929=EDGE_LOOP('',(#5725,#5726,#5727,#5728));
#930=EDGE_LOOP('',(#5729,#5730,#5731,#5732));
#931=EDGE_LOOP('',(#5733,#5734,#5735,#5736));
#932=EDGE_LOOP('',(#5737,#5738,#5739,#5740));
#933=EDGE_LOOP('',(#5741,#5742,#5743,#5744));
#934=EDGE_LOOP('',(#5745,#5746,#5747,#5748));
#935=EDGE_LOOP('',(#5749,#5750,#5751,#5752));
#936=EDGE_LOOP('',(#5753,#5754,#5755,#5756));
#937=EDGE_LOOP('',(#5757,#5758,#5759,#5760));
#938=EDGE_LOOP('',(#5761,#5762,#5763,#5764));
#939=EDGE_LOOP('',(#5765,#5766,#5767,#5768));
#940=EDGE_LOOP('',(#5769,#5770,#5771,#5772));
#941=EDGE_LOOP('',(#5773,#5774,#5775,#5776));
#942=EDGE_LOOP('',(#5777,#5778,#5779,#5780));
#943=EDGE_LOOP('',(#5781,#5782,#5783,#5784));
#944=EDGE_LOOP('',(#5785,#5786,#5787,#5788));
#945=EDGE_LOOP('',(#5789,#5790,#5791,#5792));
#946=EDGE_LOOP('',(#5793,#5794,#5795,#5796));
#947=EDGE_LOOP('',(#5797,#5798,#5799,#5800));
#948=EDGE_LOOP('',(#5801,#5802,#5803,#5804));
#949=EDGE_LOOP('',(#5805,#5806,#5807,#5808));
#950=EDGE_LOOP('',(#5809,#5810,#5811,#5812));
#951=EDGE_LOOP('',(#5813,#5814,#5815,#5816));
#952=EDGE_LOOP('',(#5817,#5818,#5819,#5820));
#953=EDGE_LOOP('',(#5821,#5822,#5823,#5824));
#954=EDGE_LOOP('',(#5825,#5826,#5827,#5828));
#955=EDGE_LOOP('',(#5829,#5830,#5831,#5832));
#956=EDGE_LOOP('',(#5833,#5834,#5835,#5836));
#957=EDGE_LOOP('',(#5837,#5838,#5839,#5840));
#958=EDGE_LOOP('',(#5841,#5842,#5843,#5844));
#959=EDGE_LOOP('',(#5845,#5846,#5847,#5848));
#960=EDGE_LOOP('',(#5849,#5850,#5851,#5852));
#961=EDGE_LOOP('',(#5853,#5854,#5855,#5856));
#962=EDGE_LOOP('',(#5857,#5858,#5859,#5860));
#963=EDGE_LOOP('',(#5861,#5862,#5863,#5864));
#964=EDGE_LOOP('',(#5865,#5866,#5867,#5868));
#965=EDGE_LOOP('',(#5869,#5870,#5871,#5872));
#966=EDGE_LOOP('',(#5873,#5874,#5875,#5876));
#967=EDGE_LOOP('',(#5877,#5878,#5879,#5880));
#968=EDGE_LOOP('',(#5881,#5882,#5883,#5884));
#969=EDGE_LOOP('',(#5885,#5886,#5887,#5888));
#970=EDGE_LOOP('',(#5889,#5890,#5891,#5892));
#971=EDGE_LOOP('',(#5893,#5894,#5895,#5896,#5897,#5898,#5899,#5900,#5901,
#5902,#5903,#5904,#5905,#5906,#5907,#5908,#5909,#5910,#5911,#5912,#5913,
#5914));
#972=EDGE_LOOP('',(#5915,#5916,#5917,#5918,#5919,#5920,#5921,#5922,#5923,
#5924,#5925,#5926,#5927,#5928,#5929,#5930,#5931,#5932,#5933,#5934));
#973=EDGE_LOOP('',(#5935));
#974=EDGE_LOOP('',(#5936));
#975=EDGE_LOOP('',(#5937));
#976=EDGE_LOOP('',(#5938));
#977=EDGE_LOOP('',(#5939,#5940,#5941,#5942));
#978=EDGE_LOOP('',(#5943,#5944,#5945,#5946));
#979=EDGE_LOOP('',(#5947,#5948,#5949,#5950));
#980=EDGE_LOOP('',(#5951,#5952,#5953,#5954));
#981=EDGE_LOOP('',(#5955,#5956,#5957,#5958));
#982=EDGE_LOOP('',(#5959,#5960,#5961,#5962));
#983=EDGE_LOOP('',(#5963,#5964,#5965,#5966));
#984=EDGE_LOOP('',(#5967,#5968,#5969,#5970,#5971,#5972,#5973,#5974,#5975,
#5976,#5977,#5978,#5979,#5980,#5981,#5982,#5983,#5984,#5985,#5986,#5987,
#5988,#5989,#5990,#5991));
#985=EDGE_LOOP('',(#5992,#5993,#5994,#5995));
#986=EDGE_LOOP('',(#5996,#5997,#5998,#5999));
#987=EDGE_LOOP('',(#6000,#6001,#6002,#6003));
#988=EDGE_LOOP('',(#6004,#6005,#6006,#6007));
#989=EDGE_LOOP('',(#6008,#6009,#6010,#6011));
#990=EDGE_LOOP('',(#6012,#6013,#6014,#6015));
#991=EDGE_LOOP('',(#6016,#6017,#6018,#6019));
#992=EDGE_LOOP('',(#6020,#6021,#6022,#6023));
#993=EDGE_LOOP('',(#6024,#6025,#6026,#6027));
#994=EDGE_LOOP('',(#6028,#6029,#6030,#6031));
#995=EDGE_LOOP('',(#6032,#6033,#6034,#6035));
#996=EDGE_LOOP('',(#6036,#6037,#6038,#6039));
#997=EDGE_LOOP('',(#6040,#6041,#6042,#6043));
#998=EDGE_LOOP('',(#6044,#6045,#6046,#6047));
#999=EDGE_LOOP('',(#6048,#6049,#6050,#6051));
#1000=EDGE_LOOP('',(#6052,#6053,#6054,#6055));
#1001=EDGE_LOOP('',(#6056,#6057,#6058,#6059));
#1002=EDGE_LOOP('',(#6060,#6061,#6062,#6063));
#1003=EDGE_LOOP('',(#6064,#6065,#6066,#6067));
#1004=EDGE_LOOP('',(#6068,#6069,#6070,#6071));
#1005=EDGE_LOOP('',(#6072,#6073,#6074,#6075));
#1006=EDGE_LOOP('',(#6076,#6077,#6078,#6079));
#1007=EDGE_LOOP('',(#6080,#6081,#6082,#6083));
#1008=EDGE_LOOP('',(#6084,#6085,#6086,#6087));
#1009=EDGE_LOOP('',(#6088,#6089,#6090,#6091,#6092,#6093,#6094,#6095,#6096,
#6097,#6098,#6099,#6100,#6101,#6102,#6103,#6104,#6105,#6106,#6107,#6108,
#6109,#6110,#6111,#6112));
#1010=EDGE_LOOP('',(#6113,#6114,#6115,#6116));
#1011=EDGE_LOOP('',(#6117,#6118,#6119,#6120));
#1012=EDGE_LOOP('',(#6121,#6122,#6123,#6124));
#1013=EDGE_LOOP('',(#6125,#6126,#6127,#6128,#6129));
#1014=EDGE_LOOP('',(#6130,#6131,#6132,#6133,#6134));
#1015=EDGE_LOOP('',(#6135,#6136,#6137,#6138,#6139,#6140,#6141,#6142,#6143,
#6144,#6145,#6146,#6147,#6148,#6149,#6150));
#1016=EDGE_LOOP('',(#6151));
#1017=EDGE_LOOP('',(#6152,#6153,#6154,#6155,#6156));
#1018=EDGE_LOOP('',(#6157,#6158,#6159,#6160,#6161));
#1019=EDGE_LOOP('',(#6162,#6163,#6164,#6165,#6166));
#1020=EDGE_LOOP('',(#6167,#6168,#6169,#6170));
#1021=EDGE_LOOP('',(#6171,#6172,#6173,#6174));
#1022=EDGE_LOOP('',(#6175,#6176,#6177,#6178));
#1023=EDGE_LOOP('',(#6179,#6180,#6181,#6182,#6183));
#1024=EDGE_LOOP('',(#6184,#6185,#6186,#6187,#6188));
#1025=EDGE_LOOP('',(#6189,#6190,#6191,#6192,#6193,#6194));
#1026=EDGE_LOOP('',(#6195,#6196,#6197,#6198));
#1027=EDGE_LOOP('',(#6199,#6200,#6201,#6202,#6203,#6204));
#1028=EDGE_LOOP('',(#6205,#6206,#6207,#6208));
#1029=EDGE_LOOP('',(#6209,#6210,#6211,#6212,#6213,#6214));
#1030=EDGE_LOOP('',(#6215,#6216,#6217,#6218,#6219));
#1031=EDGE_LOOP('',(#6220,#6221,#6222,#6223,#6224,#6225));
#1032=EDGE_LOOP('',(#6226,#6227,#6228,#6229,#6230,#6231,#6232,#6233,#6234,
#6235,#6236,#6237,#6238,#6239,#6240,#6241,#6242,#6243,#6244,#6245,#6246,
#6247,#6248,#6249));
#1033=EDGE_LOOP('',(#6250,#6251,#6252,#6253));
#1034=EDGE_LOOP('',(#6254,#6255,#6256,#6257,#6258,#6259));
#1035=EDGE_LOOP('',(#6260,#6261,#6262,#6263,#6264));
#1036=EDGE_LOOP('',(#6265,#6266,#6267,#6268,#6269,#6270));
#1037=EDGE_LOOP('',(#6271,#6272,#6273,#6274,#6275));
#1038=EDGE_LOOP('',(#6276,#6277,#6278,#6279,#6280,#6281));
#1039=EDGE_LOOP('',(#6282,#6283,#6284,#6285));
#1040=EDGE_LOOP('',(#6286,#6287,#6288,#6289,#6290,#6291));
#1041=EDGE_LOOP('',(#6292,#6293,#6294,#6295,#6296));
#1042=EDGE_LOOP('',(#6297,#6298,#6299,#6300));
#1043=EDGE_LOOP('',(#6301,#6302,#6303,#6304,#6305,#6306));
#1044=EDGE_LOOP('',(#6307,#6308,#6309,#6310,#6311));
#1045=EDGE_LOOP('',(#6312,#6313,#6314,#6315,#6316,#6317));
#1046=EDGE_LOOP('',(#6318,#6319,#6320,#6321,#6322,#6323));
#1047=EDGE_LOOP('',(#6324,#6325,#6326,#6327));
#1048=EDGE_LOOP('',(#6328,#6329,#6330,#6331));
#1049=EDGE_LOOP('',(#6332,#6333,#6334,#6335,#6336,#6337));
#1050=EDGE_LOOP('',(#6338,#6339,#6340,#6341));
#1051=EDGE_LOOP('',(#6342,#6343,#6344,#6345));
#1052=EDGE_LOOP('',(#6346,#6347,#6348,#6349,#6350,#6351));
#1053=EDGE_LOOP('',(#6352,#6353,#6354,#6355,#6356,#6357));
#1054=EDGE_LOOP('',(#6358,#6359,#6360,#6361));
#1055=EDGE_LOOP('',(#6362,#6363,#6364,#6365));
#1056=EDGE_LOOP('',(#6366,#6367,#6368,#6369,#6370,#6371));
#1057=EDGE_LOOP('',(#6372,#6373,#6374,#6375,#6376,#6377));
#1058=EDGE_LOOP('',(#6378,#6379,#6380,#6381));
#1059=EDGE_LOOP('',(#6382,#6383,#6384,#6385,#6386,#6387));
#1060=EDGE_LOOP('',(#6388,#6389,#6390,#6391));
#1061=EDGE_LOOP('',(#6392,#6393,#6394,#6395));
#1062=EDGE_LOOP('',(#6396,#6397,#6398,#6399,#6400,#6401));
#1063=EDGE_LOOP('',(#6402,#6403,#6404,#6405));
#1064=EDGE_LOOP('',(#6406,#6407,#6408,#6409,#6410,#6411));
#1065=EDGE_LOOP('',(#6412,#6413,#6414,#6415));
#1066=EDGE_LOOP('',(#6416,#6417,#6418,#6419,#6420,#6421));
#1067=EDGE_LOOP('',(#6422,#6423,#6424,#6425));
#1068=EDGE_LOOP('',(#6426,#6427,#6428,#6429,#6430,#6431));
#1069=EDGE_LOOP('',(#6432,#6433,#6434,#6435));
#1070=EDGE_LOOP('',(#6436,#6437,#6438,#6439,#6440,#6441));
#1071=EDGE_LOOP('',(#6442,#6443,#6444,#6445));
#1072=EDGE_LOOP('',(#6446,#6447,#6448,#6449,#6450,#6451));
#1073=EDGE_LOOP('',(#6452,#6453,#6454,#6455));
#1074=EDGE_LOOP('',(#6456,#6457,#6458));
#1075=EDGE_LOOP('',(#6459,#6460,#6461));
#1076=EDGE_LOOP('',(#6462,#6463,#6464,#6465));
#1077=EDGE_LOOP('',(#6466,#6467,#6468));
#1078=EDGE_LOOP('',(#6469,#6470,#6471));
#1079=EDGE_LOOP('',(#6472,#6473,#6474,#6475));
#1080=EDGE_LOOP('',(#6476,#6477,#6478,#6479,#6480,#6481));
#1081=EDGE_LOOP('',(#6482));
#1082=EDGE_LOOP('',(#6483));
#1083=EDGE_LOOP('',(#6484));
#1084=EDGE_LOOP('',(#6485));
#1085=EDGE_LOOP('',(#6486));
#1086=EDGE_LOOP('',(#6487));
#1087=EDGE_LOOP('',(#6488));
#1088=EDGE_LOOP('',(#6489,#6490,#6491,#6492));
#1089=EDGE_LOOP('',(#6493,#6494,#6495,#6496));
#1090=EDGE_LOOP('',(#6497,#6498,#6499,#6500,#6501,#6502,#6503,#6504,#6505,
#6506,#6507,#6508,#6509,#6510,#6511,#6512,#6513,#6514,#6515,#6516,#6517,
#6518,#6519,#6520));
#1091=EDGE_LOOP('',(#6521,#6522,#6523));
#1092=EDGE_LOOP('',(#6524,#6525,#6526));
#1093=EDGE_LOOP('',(#6527,#6528,#6529,#6530));
#1094=EDGE_LOOP('',(#6531,#6532,#6533,#6534));
#1095=EDGE_LOOP('',(#6535,#6536,#6537,#6538));
#1096=EDGE_LOOP('',(#6539,#6540,#6541,#6542));
#1097=EDGE_LOOP('',(#6543,#6544,#6545,#6546));
#1098=EDGE_LOOP('',(#6547,#6548,#6549,#6550));
#1099=EDGE_LOOP('',(#6551,#6552,#6553,#6554));
#1100=EDGE_LOOP('',(#6555,#6556,#6557));
#1101=EDGE_LOOP('',(#6558,#6559,#6560));
#1102=EDGE_LOOP('',(#6561,#6562,#6563,#6564));
#1103=EDGE_LOOP('',(#6565,#6566,#6567,#6568));
#1104=EDGE_LOOP('',(#6569,#6570,#6571,#6572));
#1105=EDGE_LOOP('',(#6573,#6574,#6575,#6576));
#1106=EDGE_LOOP('',(#6577,#6578,#6579,#6580));
#1107=EDGE_LOOP('',(#6581,#6582,#6583,#6584));
#1108=EDGE_LOOP('',(#6585,#6586,#6587,#6588));
#1109=EDGE_LOOP('',(#6589,#6590,#6591));
#1110=EDGE_LOOP('',(#6592,#6593,#6594));
#1111=EDGE_LOOP('',(#6595,#6596,#6597,#6598));
#1112=EDGE_LOOP('',(#6599,#6600,#6601,#6602));
#1113=EDGE_LOOP('',(#6603,#6604,#6605,#6606));
#1114=EDGE_LOOP('',(#6607,#6608,#6609,#6610));
#1115=EDGE_LOOP('',(#6611,#6612,#6613,#6614));
#1116=EDGE_LOOP('',(#6615,#6616,#6617,#6618));
#1117=EDGE_LOOP('',(#6619,#6620,#6621,#6622));
#1118=EDGE_LOOP('',(#6623,#6624,#6625));
#1119=EDGE_LOOP('',(#6626,#6627,#6628));
#1120=EDGE_LOOP('',(#6629,#6630,#6631,#6632));
#1121=EDGE_LOOP('',(#6633,#6634,#6635,#6636));
#1122=EDGE_LOOP('',(#6637,#6638,#6639,#6640));
#1123=EDGE_LOOP('',(#6641,#6642,#6643,#6644));
#1124=EDGE_LOOP('',(#6645,#6646,#6647,#6648));
#1125=EDGE_LOOP('',(#6649,#6650,#6651,#6652));
#1126=EDGE_LOOP('',(#6653,#6654,#6655,#6656));
#1127=EDGE_LOOP('',(#6657,#6658,#6659));
#1128=EDGE_LOOP('',(#6660,#6661,#6662));
#1129=EDGE_LOOP('',(#6663,#6664,#6665,#6666));
#1130=EDGE_LOOP('',(#6667,#6668,#6669,#6670));
#1131=EDGE_LOOP('',(#6671,#6672,#6673,#6674));
#1132=EDGE_LOOP('',(#6675,#6676,#6677,#6678));
#1133=EDGE_LOOP('',(#6679,#6680,#6681,#6682));
#1134=EDGE_LOOP('',(#6683,#6684,#6685,#6686));
#1135=EDGE_LOOP('',(#6687,#6688,#6689,#6690));
#1136=EDGE_LOOP('',(#6691,#6692,#6693));
#1137=EDGE_LOOP('',(#6694,#6695,#6696));
#1138=EDGE_LOOP('',(#6697,#6698,#6699,#6700));
#1139=EDGE_LOOP('',(#6701,#6702,#6703,#6704));
#1140=EDGE_LOOP('',(#6705,#6706,#6707,#6708));
#1141=EDGE_LOOP('',(#6709,#6710,#6711,#6712));
#1142=EDGE_LOOP('',(#6713,#6714,#6715,#6716));
#1143=EDGE_LOOP('',(#6717,#6718,#6719,#6720));
#1144=EDGE_LOOP('',(#6721,#6722,#6723,#6724));
#1145=EDGE_LOOP('',(#6725,#6726,#6727,#6728));
#1146=EDGE_LOOP('',(#6729,#6730,#6731,#6732));
#1147=EDGE_LOOP('',(#6733,#6734,#6735,#6736));
#1148=EDGE_LOOP('',(#6737,#6738,#6739,#6740));
#1149=EDGE_LOOP('',(#6741,#6742,#6743,#6744));
#1150=EDGE_LOOP('',(#6745,#6746,#6747,#6748));
#1151=EDGE_LOOP('',(#6749,#6750,#6751,#6752));
#1152=EDGE_LOOP('',(#6753,#6754,#6755,#6756));
#1153=EDGE_LOOP('',(#6757,#6758,#6759,#6760));
#1154=EDGE_LOOP('',(#6761,#6762,#6763,#6764));
#1155=EDGE_LOOP('',(#6765,#6766,#6767,#6768));
#1156=EDGE_LOOP('',(#6769,#6770,#6771,#6772));
#1157=EDGE_LOOP('',(#6773,#6774,#6775,#6776,#6777,#6778,#6779,#6780,#6781,
#6782));
#1158=EDGE_LOOP('',(#6783,#6784,#6785,#6786,#6787,#6788,#6789,#6790,#6791,
#6792));
#1159=EDGE_LOOP('',(#6793,#6794,#6795,#6796,#6797,#6798,#6799,#6800,#6801,
#6802));
#1160=EDGE_LOOP('',(#6803,#6804,#6805,#6806,#6807,#6808,#6809,#6810,#6811,
#6812));
#1161=EDGE_LOOP('',(#6813,#6814,#6815,#6816,#6817,#6818,#6819,#6820,#6821,
#6822));
#1162=EDGE_LOOP('',(#6823,#6824,#6825,#6826,#6827,#6828,#6829,#6830,#6831,
#6832));
#1163=EDGE_LOOP('',(#6833,#6834,#6835,#6836));
#1164=EDGE_LOOP('',(#6837,#6838,#6839,#6840));
#1165=EDGE_LOOP('',(#6841,#6842,#6843,#6844));
#1166=EDGE_LOOP('',(#6845,#6846,#6847,#6848));
#1167=EDGE_LOOP('',(#6849,#6850,#6851,#6852));
#1168=EDGE_LOOP('',(#6853,#6854,#6855,#6856));
#1169=EDGE_LOOP('',(#6857,#6858,#6859,#6860));
#1170=EDGE_LOOP('',(#6861,#6862,#6863,#6864));
#1171=EDGE_LOOP('',(#6865,#6866,#6867,#6868));
#1172=EDGE_LOOP('',(#6869,#6870,#6871,#6872));
#1173=EDGE_LOOP('',(#6873,#6874,#6875,#6876));
#1174=EDGE_LOOP('',(#6877,#6878,#6879,#6880));
#1175=EDGE_LOOP('',(#6881,#6882,#6883,#6884));
#1176=EDGE_LOOP('',(#6885,#6886,#6887,#6888));
#1177=EDGE_LOOP('',(#6889,#6890,#6891,#6892));
#1178=EDGE_LOOP('',(#6893,#6894,#6895,#6896));
#1179=EDGE_LOOP('',(#6897,#6898,#6899,#6900,#6901,#6902,#6903,#6904,#6905,
#6906,#6907,#6908,#6909,#6910,#6911,#6912,#6913,#6914,#6915,#6916,#6917,
#6918,#6919,#6920,#6921,#6922,#6923,#6924,#6925,#6926,#6927,#6928,#6929,
#6930,#6931,#6932,#6933,#6934,#6935,#6936,#6937,#6938,#6939,#6940,#6941,
#6942,#6943,#6944,#6945,#6946,#6947,#6948,#6949,#6950,#6951,#6952,#6953,
#6954,#6955,#6956));
#1180=EDGE_LOOP('',(#6957,#6958,#6959,#6960));
#1181=EDGE_LOOP('',(#6961,#6962,#6963,#6964));
#1182=EDGE_LOOP('',(#6965,#6966,#6967,#6968,#6969,#6970,#6971,#6972,#6973,
#6974));
#1183=EDGE_LOOP('',(#6975,#6976,#6977,#6978));
#1184=EDGE_LOOP('',(#6979,#6980,#6981,#6982));
#1185=EDGE_LOOP('',(#6983,#6984,#6985,#6986));
#1186=EDGE_LOOP('',(#6987,#6988,#6989,#6990));
#1187=EDGE_LOOP('',(#6991,#6992,#6993,#6994));
#1188=EDGE_LOOP('',(#6995,#6996,#6997,#6998));
#1189=EDGE_LOOP('',(#6999,#7000,#7001,#7002));
#1190=EDGE_LOOP('',(#7003,#7004,#7005,#7006));
#1191=EDGE_LOOP('',(#7007,#7008,#7009,#7010));
#1192=EDGE_LOOP('',(#7011,#7012,#7013));
#1193=EDGE_LOOP('',(#7014,#7015,#7016));
#1194=EDGE_LOOP('',(#7017,#7018,#7019,#7020));
#1195=EDGE_LOOP('',(#7021,#7022,#7023,#7024));
#1196=EDGE_LOOP('',(#7025,#7026,#7027,#7028,#7029,#7030,#7031,#7032,#7033,
#7034));
#1197=EDGE_LOOP('',(#7035,#7036,#7037,#7038));
#1198=EDGE_LOOP('',(#7039,#7040,#7041,#7042));
#1199=EDGE_LOOP('',(#7043,#7044,#7045,#7046,#7047,#7048,#7049,#7050,#7051,
#7052));
#1200=EDGE_LOOP('',(#7053,#7054,#7055,#7056));
#1201=EDGE_LOOP('',(#7057,#7058,#7059,#7060));
#1202=EDGE_LOOP('',(#7061,#7062,#7063,#7064));
#1203=EDGE_LOOP('',(#7065,#7066,#7067,#7068));
#1204=EDGE_LOOP('',(#7069,#7070,#7071,#7072));
#1205=EDGE_LOOP('',(#7073,#7074,#7075,#7076));
#1206=EDGE_LOOP('',(#7077,#7078,#7079,#7080));
#1207=EDGE_LOOP('',(#7081,#7082,#7083,#7084));
#1208=EDGE_LOOP('',(#7085,#7086,#7087,#7088));
#1209=EDGE_LOOP('',(#7089,#7090,#7091));
#1210=EDGE_LOOP('',(#7092,#7093,#7094));
#1211=EDGE_LOOP('',(#7095,#7096,#7097,#7098,#7099,#7100,#7101,#7102,#7103,
#7104));
#1212=EDGE_LOOP('',(#7105,#7106,#7107,#7108));
#1213=EDGE_LOOP('',(#7109,#7110,#7111,#7112));
#1214=EDGE_LOOP('',(#7113,#7114,#7115,#7116));
#1215=EDGE_LOOP('',(#7117,#7118,#7119,#7120));
#1216=EDGE_LOOP('',(#7121,#7122,#7123,#7124));
#1217=EDGE_LOOP('',(#7125,#7126,#7127,#7128));
#1218=EDGE_LOOP('',(#7129,#7130,#7131,#7132));
#1219=EDGE_LOOP('',(#7133,#7134,#7135,#7136));
#1220=EDGE_LOOP('',(#7137,#7138,#7139,#7140));
#1221=EDGE_LOOP('',(#7141,#7142,#7143,#7144));
#1222=EDGE_LOOP('',(#7145,#7146,#7147,#7148));
#1223=EDGE_LOOP('',(#7149,#7150,#7151,#7152));
#1224=EDGE_LOOP('',(#7153,#7154,#7155,#7156));
#1225=EDGE_LOOP('',(#7157,#7158,#7159,#7160,#7161,#7162,#7163,#7164,#7165,
#7166,#7167,#7168,#7169,#7170,#7171,#7172,#7173,#7174,#7175,#7176,#7177,
#7178,#7179,#7180,#7181,#7182,#7183,#7184,#7185,#7186,#7187,#7188));
#1226=EDGE_LOOP('',(#7189,#7190,#7191,#7192));
#1227=EDGE_LOOP('',(#7193,#7194,#7195,#7196));
#1228=EDGE_LOOP('',(#7197,#7198,#7199,#7200,#7201,#7202,#7203,#7204,#7205,
#7206,#7207,#7208,#7209,#7210,#7211,#7212,#7213,#7214,#7215,#7216,#7217,
#7218,#7219,#7220));
#1229=EDGE_LOOP('',(#7221,#7222,#7223,#7224));
#1230=EDGE_LOOP('',(#7225,#7226,#7227,#7228));
#1231=EDGE_LOOP('',(#7229,#7230,#7231,#7232));
#1232=EDGE_LOOP('',(#7233,#7234,#7235,#7236,#7237,#7238));
#1233=EDGE_LOOP('',(#7239,#7240,#7241,#7242));
#1234=EDGE_LOOP('',(#7243,#7244,#7245,#7246));
#1235=EDGE_LOOP('',(#7247,#7248,#7249,#7250));
#1236=EDGE_LOOP('',(#7251,#7252,#7253,#7254));
#1237=EDGE_LOOP('',(#7255,#7256,#7257,#7258));
#1238=EDGE_LOOP('',(#7259,#7260,#7261,#7262));
#1239=EDGE_LOOP('',(#7263,#7264,#7265,#7266));
#1240=EDGE_LOOP('',(#7267,#7268,#7269,#7270));
#1241=EDGE_LOOP('',(#7271,#7272,#7273,#7274));
#1242=EDGE_LOOP('',(#7275,#7276,#7277,#7278));
#1243=EDGE_LOOP('',(#7279,#7280,#7281,#7282));
#1244=EDGE_LOOP('',(#7283,#7284,#7285,#7286));
#1245=EDGE_LOOP('',(#7287,#7288,#7289,#7290));
#1246=EDGE_LOOP('',(#7291,#7292,#7293,#7294));
#1247=EDGE_LOOP('',(#7295,#7296,#7297,#7298));
#1248=EDGE_LOOP('',(#7299,#7300,#7301,#7302));
#1249=EDGE_LOOP('',(#7303,#7304,#7305,#7306));
#1250=EDGE_LOOP('',(#7307,#7308,#7309,#7310,#7311,#7312));
#1251=EDGE_LOOP('',(#7313,#7314,#7315,#7316));
#1252=EDGE_LOOP('',(#7317,#7318,#7319,#7320));
#1253=EDGE_LOOP('',(#7321,#7322,#7323,#7324));
#1254=EDGE_LOOP('',(#7325,#7326,#7327,#7328));
#1255=EDGE_LOOP('',(#7329,#7330,#7331,#7332));
#1256=EDGE_LOOP('',(#7333,#7334,#7335,#7336));
#1257=EDGE_LOOP('',(#7337,#7338,#7339,#7340));
#1258=EDGE_LOOP('',(#7341,#7342,#7343,#7344));
#1259=EDGE_LOOP('',(#7345,#7346,#7347,#7348,#7349,#7350,#7351,#7352,#7353,
#7354,#7355,#7356,#7357,#7358,#7359,#7360,#7361,#7362,#7363,#7364,#7365,
#7366,#7367,#7368,#7369,#7370,#7371,#7372,#7373,#7374,#7375,#7376));
#1260=LINE('',#11392,#2023);
#1261=LINE('',#11394,#2024);
#1262=LINE('',#11396,#2025);
#1263=LINE('',#11398,#2026);
#1264=LINE('',#11400,#2027);
#1265=LINE('',#11408,#2028);
#1266=LINE('',#11410,#2029);
#1267=LINE('',#11412,#2030);
#1268=LINE('',#11420,#2031);
#1269=LINE('',#11423,#2032);
#1270=LINE('',#11426,#2033);
#1271=LINE('',#11430,#2034);
#1272=LINE('',#11431,#2035);
#1273=LINE('',#11434,#2036);
#1274=LINE('',#11435,#2037);
#1275=LINE('',#11438,#2038);
#1276=LINE('',#11439,#2039);
#1277=LINE('',#11442,#2040);
#1278=LINE('',#11443,#2041);
#1279=LINE('',#11446,#2042);
#1280=LINE('',#11447,#2043);
#1281=LINE('',#11450,#2044);
#1282=LINE('',#11454,#2045);
#1283=LINE('',#11458,#2046);
#1284=LINE('',#11462,#2047);
#1285=LINE('',#11466,#2048);
#1286=LINE('',#11467,#2049);
#1287=LINE('',#11470,#2050);
#1288=LINE('',#11471,#2051);
#1289=LINE('',#11474,#2052);
#1290=LINE('',#11475,#2053);
#1291=LINE('',#11484,#2054);
#1292=LINE('',#11486,#2055);
#1293=LINE('',#11488,#2056);
#1294=LINE('',#11490,#2057);
#1295=LINE('',#11492,#2058);
#1296=LINE('',#11500,#2059);
#1297=LINE('',#11502,#2060);
#1298=LINE('',#11504,#2061);
#1299=LINE('',#11512,#2062);
#1300=LINE('',#11515,#2063);
#1301=LINE('',#11518,#2064);
#1302=LINE('',#11522,#2065);
#1303=LINE('',#11523,#2066);
#1304=LINE('',#11526,#2067);
#1305=LINE('',#11527,#2068);
#1306=LINE('',#11530,#2069);
#1307=LINE('',#11531,#2070);
#1308=LINE('',#11534,#2071);
#1309=LINE('',#11535,#2072);
#1310=LINE('',#11538,#2073);
#1311=LINE('',#11539,#2074);
#1312=LINE('',#11542,#2075);
#1313=LINE('',#11546,#2076);
#1314=LINE('',#11550,#2077);
#1315=LINE('',#11554,#2078);
#1316=LINE('',#11558,#2079);
#1317=LINE('',#11559,#2080);
#1318=LINE('',#11562,#2081);
#1319=LINE('',#11563,#2082);
#1320=LINE('',#11566,#2083);
#1321=LINE('',#11567,#2084);
#1322=LINE('',#11583,#2085);
#1323=LINE('',#11585,#2086);
#1324=LINE('',#11587,#2087);
#1325=LINE('',#11597,#2088);
#1326=LINE('',#11599,#2089);
#1327=LINE('',#11601,#2090);
#1328=LINE('',#11603,#2091);
#1329=LINE('',#11605,#2092);
#1330=LINE('',#11611,#2093);
#1331=LINE('',#11614,#2094);
#1332=LINE('',#11617,#2095);
#1333=LINE('',#11621,#2096);
#1334=LINE('',#11625,#2097);
#1335=LINE('',#11629,#2098);
#1336=LINE('',#11630,#2099);
#1337=LINE('',#11633,#2100);
#1338=LINE('',#11634,#2101);
#1339=LINE('',#11637,#2102);
#1340=LINE('',#11638,#2103);
#1341=LINE('',#11641,#2104);
#1342=LINE('',#11645,#2105);
#1343=LINE('',#11649,#2106);
#1344=LINE('',#11653,#2107);
#1345=LINE('',#11654,#2108);
#1346=LINE('',#11657,#2109);
#1347=LINE('',#11658,#2110);
#1348=LINE('',#11661,#2111);
#1349=LINE('',#11662,#2112);
#1350=LINE('',#11665,#2113);
#1351=LINE('',#11666,#2114);
#1352=LINE('',#11668,#2115);
#1353=LINE('',#11673,#2116);
#1354=LINE('',#11675,#2117);
#1355=LINE('',#11677,#2118);
#1356=LINE('',#11678,#2119);
#1357=LINE('',#11682,#2120);
#1358=LINE('',#11683,#2121);
#1359=LINE('',#11684,#2122);
#1360=LINE('',#11687,#2123);
#1361=LINE('',#11688,#2124);
#1362=LINE('',#11691,#2125);
#1363=LINE('',#11692,#2126);
#1364=LINE('',#11694,#2127);
#1365=LINE('',#11699,#2128);
#1366=LINE('',#11701,#2129);
#1367=LINE('',#11703,#2130);
#1368=LINE('',#11705,#2131);
#1369=LINE('',#11707,#2132);
#1370=LINE('',#11709,#2133);
#1371=LINE('',#11711,#2134);
#1372=LINE('',#11713,#2135);
#1373=LINE('',#11715,#2136);
#1374=LINE('',#11717,#2137);
#1375=LINE('',#11719,#2138);
#1376=LINE('',#11727,#2139);
#1377=LINE('',#11737,#2140);
#1378=LINE('',#11739,#2141);
#1379=LINE('',#11740,#2142);
#1380=LINE('',#11743,#2143);
#1381=LINE('',#11744,#2144);
#1382=LINE('',#11747,#2145);
#1383=LINE('',#11748,#2146);
#1384=LINE('',#11751,#2147);
#1385=LINE('',#11752,#2148);
#1386=LINE('',#11755,#2149);
#1387=LINE('',#11756,#2150);
#1388=LINE('',#11759,#2151);
#1389=LINE('',#11760,#2152);
#1390=LINE('',#11763,#2153);
#1391=LINE('',#11764,#2154);
#1392=LINE('',#11767,#2155);
#1393=LINE('',#11768,#2156);
#1394=LINE('',#11771,#2157);
#1395=LINE('',#11772,#2158);
#1396=LINE('',#11775,#2159);
#1397=LINE('',#11776,#2160);
#1398=LINE('',#11779,#2161);
#1399=LINE('',#11783,#2162);
#1400=LINE('',#11787,#2163);
#1401=LINE('',#11791,#2164);
#1402=LINE('',#11795,#2165);
#1403=LINE('',#11796,#2166);
#1404=LINE('',#11799,#2167);
#1405=LINE('',#11803,#2168);
#1406=LINE('',#11807,#2169);
#1407=LINE('',#11810,#2170);
#1408=LINE('',#11815,#2171);
#1409=LINE('',#11817,#2172);
#1410=LINE('',#11819,#2173);
#1411=LINE('',#11820,#2174);
#1412=LINE('',#11824,#2175);
#1413=LINE('',#11825,#2176);
#1414=LINE('',#11826,#2177);
#1415=LINE('',#11829,#2178);
#1416=LINE('',#11830,#2179);
#1417=LINE('',#11833,#2180);
#1418=LINE('',#11834,#2181);
#1419=LINE('',#11836,#2182);
#1420=LINE('',#11857,#2183);
#1421=LINE('',#11861,#2184);
#1422=LINE('',#11863,#2185);
#1423=LINE('',#11865,#2186);
#1424=LINE('',#11879,#2187);
#1425=LINE('',#11881,#2188);
#1426=LINE('',#11893,#2189);
#1427=LINE('',#11895,#2190);
#1428=LINE('',#11909,#2191);
#1429=LINE('',#11912,#2192);
#1430=LINE('',#11915,#2193);
#1431=LINE('',#11919,#2194);
#1432=LINE('',#11923,#2195);
#1433=LINE('',#11924,#2196);
#1434=LINE('',#11927,#2197);
#1435=LINE('',#11930,#2198);
#1436=LINE('',#11933,#2199);
#1437=LINE('',#11934,#2200);
#1438=LINE('',#11937,#2201);
#1439=LINE('',#11938,#2202);
#1440=LINE('',#11941,#2203);
#1441=LINE('',#11942,#2204);
#1442=LINE('',#11945,#2205);
#1443=LINE('',#11949,#2206);
#1444=LINE('',#11950,#2207);
#1445=LINE('',#11953,#2208);
#1446=LINE('',#11957,#2209);
#1447=LINE('',#11961,#2210);
#1448=LINE('',#11965,#2211);
#1449=LINE('',#11969,#2212);
#1450=LINE('',#11973,#2213);
#1451=LINE('',#11977,#2214);
#1452=LINE('',#11981,#2215);
#1453=LINE('',#11982,#2216);
#1454=LINE('',#11985,#2217);
#1455=LINE('',#11989,#2218);
#1456=LINE('',#11995,#2219);
#1457=LINE('',#11999,#2220);
#1458=LINE('',#12003,#2221);
#1459=LINE('',#12007,#2222);
#1460=LINE('',#12011,#2223);
#1461=LINE('',#12015,#2224);
#1462=LINE('',#12019,#2225);
#1463=LINE('',#12020,#2226);
#1464=LINE('',#12023,#2227);
#1465=LINE('',#12024,#2228);
#1466=LINE('',#12027,#2229);
#1467=LINE('',#12031,#2230);
#1468=LINE('',#12035,#2231);
#1469=LINE('',#12039,#2232);
#1470=LINE('',#12051,#2233);
#1471=LINE('',#12088,#2234);
#1472=LINE('',#12095,#2235);
#1473=LINE('',#12125,#2236);
#1474=LINE('',#12133,#2237);
#1475=LINE('',#12134,#2238);
#1476=LINE('',#12138,#2239);
#1477=LINE('',#12141,#2240);
#1478=LINE('',#12142,#2241);
#1479=LINE('',#12146,#2242);
#1480=LINE('',#12150,#2243);
#1481=LINE('',#12154,#2244);
#1482=LINE('',#12158,#2245);
#1483=LINE('',#12162,#2246);
#1484=LINE('',#12166,#2247);
#1485=LINE('',#12170,#2248);
#1486=LINE('',#12174,#2249);
#1487=LINE('',#12175,#2250);
#1488=LINE('',#12176,#2251);
#1489=LINE('',#12180,#2252);
#1490=LINE('',#12184,#2253);
#1491=LINE('',#12188,#2254);
#1492=LINE('',#12192,#2255);
#1493=LINE('',#12196,#2256);
#1494=LINE('',#12200,#2257);
#1495=LINE('',#12204,#2258);
#1496=LINE('',#12208,#2259);
#1497=LINE('',#12212,#2260);
#1498=LINE('',#12216,#2261);
#1499=LINE('',#12220,#2262);
#1500=LINE('',#12224,#2263);
#1501=LINE('',#12228,#2264);
#1502=LINE('',#12232,#2265);
#1503=LINE('',#12236,#2266);
#1504=LINE('',#12240,#2267);
#1505=LINE('',#12244,#2268);
#1506=LINE('',#12247,#2269);
#1507=LINE('',#12248,#2270);
#1508=LINE('',#12252,#2271);
#1509=LINE('',#12258,#2272);
#1510=LINE('',#12262,#2273);
#1511=LINE('',#12266,#2274);
#1512=LINE('',#12270,#2275);
#1513=LINE('',#12274,#2276);
#1514=LINE('',#12278,#2277);
#1515=LINE('',#12282,#2278);
#1516=LINE('',#12286,#2279);
#1517=LINE('',#12289,#2280);
#1518=LINE('',#12290,#2281);
#1519=LINE('',#12294,#2282);
#1520=LINE('',#12308,#2283);
#1521=LINE('',#12310,#2284);
#1522=LINE('',#12312,#2285);
#1523=LINE('',#12313,#2286);
#1524=LINE('',#12316,#2287);
#1525=LINE('',#12318,#2288);
#1526=LINE('',#12319,#2289);
#1527=LINE('',#12322,#2290);
#1528=LINE('',#12323,#2291);
#1529=LINE('',#12326,#2292);
#1530=LINE('',#12327,#2293);
#1531=LINE('',#12329,#2294);
#1532=LINE('',#12336,#2295);
#1533=LINE('',#12339,#2296);
#1534=LINE('',#12358,#2297);
#1535=LINE('',#12360,#2298);
#1536=LINE('',#12368,#2299);
#1537=LINE('',#12391,#2300);
#1538=LINE('',#12395,#2301);
#1539=LINE('',#12399,#2302);
#1540=LINE('',#12403,#2303);
#1541=LINE('',#12407,#2304);
#1542=LINE('',#12411,#2305);
#1543=LINE('',#12415,#2306);
#1544=LINE('',#12419,#2307);
#1545=LINE('',#12423,#2308);
#1546=LINE('',#12427,#2309);
#1547=LINE('',#12430,#2310);
#1548=LINE('',#12431,#2311);
#1549=LINE('',#12435,#2312);
#1550=LINE('',#12439,#2313);
#1551=LINE('',#12443,#2314);
#1552=LINE('',#12446,#2315);
#1553=LINE('',#12447,#2316);
#1554=LINE('',#12450,#2317);
#1555=LINE('',#12451,#2318);
#1556=LINE('',#12455,#2319);
#1557=LINE('',#12459,#2320);
#1558=LINE('',#12463,#2321);
#1559=LINE('',#12467,#2322);
#1560=LINE('',#12471,#2323);
#1561=LINE('',#12475,#2324);
#1562=LINE('',#12479,#2325);
#1563=LINE('',#12488,#2326);
#1564=LINE('',#12491,#2327);
#1565=LINE('',#12556,#2328);
#1566=LINE('',#12558,#2329);
#1567=LINE('',#12564,#2330);
#1568=LINE('',#12566,#2331);
#1569=LINE('',#12570,#2332);
#1570=LINE('',#12572,#2333);
#1571=LINE('',#12574,#2334);
#1572=LINE('',#12576,#2335);
#1573=LINE('',#12580,#2336);
#1574=LINE('',#12584,#2337);
#1575=LINE('',#12586,#2338);
#1576=LINE('',#12588,#2339);
#1577=LINE('',#12589,#2340);
#1578=LINE('',#12596,#2341);
#1579=LINE('',#12600,#2342);
#1580=LINE('',#12603,#2343);
#1581=LINE('',#12610,#2344);
#1582=LINE('',#12643,#2345);
#1583=LINE('',#12676,#2346);
#1584=LINE('',#12680,#2347);
#1585=LINE('',#12684,#2348);
#1586=LINE('',#12688,#2349);
#1587=LINE('',#12692,#2350);
#1588=LINE('',#12696,#2351);
#1589=LINE('',#12700,#2352);
#1590=LINE('',#12704,#2353);
#1591=LINE('',#12708,#2354);
#1592=LINE('',#12712,#2355);
#1593=LINE('',#12716,#2356);
#1594=LINE('',#12722,#2357);
#1595=LINE('',#12728,#2358);
#1596=LINE('',#12731,#2359);
#1597=LINE('',#12734,#2360);
#1598=LINE('',#12738,#2361);
#1599=LINE('',#12742,#2362);
#1600=LINE('',#12746,#2363);
#1601=LINE('',#12750,#2364);
#1602=LINE('',#12754,#2365);
#1603=LINE('',#12758,#2366);
#1604=LINE('',#12762,#2367);
#1605=LINE('',#12766,#2368);
#1606=LINE('',#12770,#2369);
#1607=LINE('',#12774,#2370);
#1608=LINE('',#12777,#2371);
#1609=LINE('',#12780,#2372);
#1610=LINE('',#12781,#2373);
#1611=LINE('',#12784,#2374);
#1612=LINE('',#12786,#2375);
#1613=LINE('',#12792,#2376);
#1614=LINE('',#12794,#2377);
#1615=LINE('',#12797,#2378);
#1616=LINE('',#12801,#2379);
#1617=LINE('',#12804,#2380);
#1618=LINE('',#12806,#2381);
#1619=LINE('',#12809,#2382);
#1620=LINE('',#12816,#2383);
#1621=LINE('',#12820,#2384);
#1622=LINE('',#12821,#2385);
#1623=LINE('',#12824,#2386);
#1624=LINE('',#12825,#2387);
#1625=LINE('',#12828,#2388);
#1626=LINE('',#12830,#2389);
#1627=LINE('',#12836,#2390);
#1628=LINE('',#12840,#2391);
#1629=LINE('',#12843,#2392);
#1630=LINE('',#12846,#2393);
#1631=LINE('',#12848,#2394);
#1632=LINE('',#12851,#2395);
#1633=LINE('',#12852,#2396);
#1634=LINE('',#12855,#2397);
#1635=LINE('',#12857,#2398);
#1636=LINE('',#12864,#2399);
#1637=LINE('',#12865,#2400);
#1638=LINE('',#12867,#2401);
#1639=LINE('',#12871,#2402);
#1640=LINE('',#12878,#2403);
#1641=LINE('',#12879,#2404);
#1642=LINE('',#12881,#2405);
#1643=LINE('',#12884,#2406);
#1644=LINE('',#12885,#2407);
#1645=LINE('',#12887,#2408);
#1646=LINE('',#12889,#2409);
#1647=LINE('',#12896,#2410);
#1648=LINE('',#12900,#2411);
#1649=LINE('',#12901,#2412);
#1650=LINE('',#12904,#2413);
#1651=LINE('',#12906,#2414);
#1652=LINE('',#12908,#2415);
#1653=LINE('',#12920,#2416);
#1654=LINE('',#12924,#2417);
#1655=LINE('',#12925,#2418);
#1656=LINE('',#12928,#2419);
#1657=LINE('',#12930,#2420);
#1658=LINE('',#12932,#2421);
#1659=LINE('',#12964,#2422);
#1660=LINE('',#12966,#2423);
#1661=LINE('',#12968,#2424);
#1662=LINE('',#12969,#2425);
#1663=LINE('',#12972,#2426);
#1664=LINE('',#12974,#2427);
#1665=LINE('',#12975,#2428);
#1666=LINE('',#12978,#2429);
#1667=LINE('',#12980,#2430);
#1668=LINE('',#12982,#2431);
#1669=LINE('',#12984,#2432);
#1670=LINE('',#12986,#2433);
#1671=LINE('',#12988,#2434);
#1672=LINE('',#12990,#2435);
#1673=LINE('',#12992,#2436);
#1674=LINE('',#12994,#2437);
#1675=LINE('',#12996,#2438);
#1676=LINE('',#12998,#2439);
#1677=LINE('',#13000,#2440);
#1678=LINE('',#13002,#2441);
#1679=LINE('',#13004,#2442);
#1680=LINE('',#13006,#2443);
#1681=LINE('',#13008,#2444);
#1682=LINE('',#13010,#2445);
#1683=LINE('',#13012,#2446);
#1684=LINE('',#13014,#2447);
#1685=LINE('',#13016,#2448);
#1686=LINE('',#13018,#2449);
#1687=LINE('',#13019,#2450);
#1688=LINE('',#13035,#2451);
#1689=LINE('',#13036,#2452);
#1690=LINE('',#13041,#2453);
#1691=LINE('',#13042,#2454);
#1692=LINE('',#13047,#2455);
#1693=LINE('',#13048,#2456);
#1694=LINE('',#13053,#2457);
#1695=LINE('',#13054,#2458);
#1696=LINE('',#13059,#2459);
#1697=LINE('',#13060,#2460);
#1698=LINE('',#13063,#2461);
#1699=LINE('',#13064,#2462);
#1700=LINE('',#13066,#2463);
#1701=LINE('',#13085,#2464);
#1702=LINE('',#13086,#2465);
#1703=LINE('',#13091,#2466);
#1704=LINE('',#13092,#2467);
#1705=LINE('',#13094,#2468);
#1706=LINE('',#13095,#2469);
#1707=LINE('',#13100,#2470);
#1708=LINE('',#13101,#2471);
#1709=LINE('',#13106,#2472);
#1710=LINE('',#13107,#2473);
#1711=LINE('',#13109,#2474);
#1712=LINE('',#13112,#2475);
#1713=LINE('',#13113,#2476);
#1714=LINE('',#13129,#2477);
#1715=LINE('',#13130,#2478);
#1716=LINE('',#13135,#2479);
#1717=LINE('',#13136,#2480);
#1718=LINE('',#13141,#2481);
#1719=LINE('',#13142,#2482);
#1720=LINE('',#13147,#2483);
#1721=LINE('',#13148,#2484);
#1722=LINE('',#13153,#2485);
#1723=LINE('',#13154,#2486);
#1724=LINE('',#13157,#2487);
#1725=LINE('',#13158,#2488);
#1726=LINE('',#13160,#2489);
#1727=LINE('',#13179,#2490);
#1728=LINE('',#13180,#2491);
#1729=LINE('',#13185,#2492);
#1730=LINE('',#13186,#2493);
#1731=LINE('',#13188,#2494);
#1732=LINE('',#13189,#2495);
#1733=LINE('',#13194,#2496);
#1734=LINE('',#13195,#2497);
#1735=LINE('',#13200,#2498);
#1736=LINE('',#13201,#2499);
#1737=LINE('',#13203,#2500);
#1738=LINE('',#13206,#2501);
#1739=LINE('',#13207,#2502);
#1740=LINE('',#13223,#2503);
#1741=LINE('',#13224,#2504);
#1742=LINE('',#13229,#2505);
#1743=LINE('',#13230,#2506);
#1744=LINE('',#13235,#2507);
#1745=LINE('',#13236,#2508);
#1746=LINE('',#13241,#2509);
#1747=LINE('',#13242,#2510);
#1748=LINE('',#13247,#2511);
#1749=LINE('',#13248,#2512);
#1750=LINE('',#13251,#2513);
#1751=LINE('',#13252,#2514);
#1752=LINE('',#13254,#2515);
#1753=LINE('',#13273,#2516);
#1754=LINE('',#13274,#2517);
#1755=LINE('',#13279,#2518);
#1756=LINE('',#13280,#2519);
#1757=LINE('',#13282,#2520);
#1758=LINE('',#13283,#2521);
#1759=LINE('',#13288,#2522);
#1760=LINE('',#13289,#2523);
#1761=LINE('',#13294,#2524);
#1762=LINE('',#13295,#2525);
#1763=LINE('',#13297,#2526);
#1764=LINE('',#13300,#2527);
#1765=LINE('',#13301,#2528);
#1766=LINE('',#13303,#2529);
#1767=LINE('',#13306,#2530);
#1768=LINE('',#13307,#2531);
#1769=LINE('',#13309,#2532);
#1770=LINE('',#13312,#2533);
#1771=LINE('',#13313,#2534);
#1772=LINE('',#13315,#2535);
#1773=LINE('',#13318,#2536);
#1774=LINE('',#13319,#2537);
#1775=LINE('',#13321,#2538);
#1776=LINE('',#13324,#2539);
#1777=LINE('',#13325,#2540);
#1778=LINE('',#13327,#2541);
#1779=LINE('',#13330,#2542);
#1780=LINE('',#13331,#2543);
#1781=LINE('',#13333,#2544);
#1782=LINE('',#13336,#2545);
#1783=LINE('',#13337,#2546);
#1784=LINE('',#13340,#2547);
#1785=LINE('',#13341,#2548);
#1786=LINE('',#13343,#2549);
#1787=LINE('',#13344,#2550);
#1788=LINE('',#13347,#2551);
#1789=LINE('',#13348,#2552);
#1790=LINE('',#13350,#2553);
#1791=LINE('',#13351,#2554);
#1792=LINE('',#13354,#2555);
#1793=LINE('',#13355,#2556);
#1794=LINE('',#13357,#2557);
#1795=LINE('',#13358,#2558);
#1796=LINE('',#13361,#2559);
#1797=LINE('',#13362,#2560);
#1798=LINE('',#13364,#2561);
#1799=LINE('',#13365,#2562);
#1800=LINE('',#13368,#2563);
#1801=LINE('',#13369,#2564);
#1802=LINE('',#13371,#2565);
#1803=LINE('',#13372,#2566);
#1804=LINE('',#13374,#2567);
#1805=LINE('',#13376,#2568);
#1806=LINE('',#13377,#2569);
#1807=LINE('',#13380,#2570);
#1808=LINE('',#13381,#2571);
#1809=LINE('',#13384,#2572);
#1810=LINE('',#13385,#2573);
#1811=LINE('',#13387,#2574);
#1812=LINE('',#13390,#2575);
#1813=LINE('',#13391,#2576);
#1814=LINE('',#13394,#2577);
#1815=LINE('',#13395,#2578);
#1816=LINE('',#13397,#2579);
#1817=LINE('',#13399,#2580);
#1818=LINE('',#13402,#2581);
#1819=LINE('',#13403,#2582);
#1820=LINE('',#13406,#2583);
#1821=LINE('',#13407,#2584);
#1822=LINE('',#13409,#2585);
#1823=LINE('',#13412,#2586);
#1824=LINE('',#13413,#2587);
#1825=LINE('',#13416,#2588);
#1826=LINE('',#13417,#2589);
#1827=LINE('',#13419,#2590);
#1828=LINE('',#13422,#2591);
#1829=LINE('',#13423,#2592);
#1830=LINE('',#13426,#2593);
#1831=LINE('',#13427,#2594);
#1832=LINE('',#13429,#2595);
#1833=LINE('',#13434,#2596);
#1834=LINE('',#13436,#2597);
#1835=LINE('',#13438,#2598);
#1836=LINE('',#13439,#2599);
#1837=LINE('',#13443,#2600);
#1838=LINE('',#13445,#2601);
#1839=LINE('',#13447,#2602);
#1840=LINE('',#13448,#2603);
#1841=LINE('',#13452,#2604);
#1842=LINE('',#13456,#2605);
#1843=LINE('',#13460,#2606);
#1844=LINE('',#13461,#2607);
#1845=LINE('',#13462,#2608);
#1846=LINE('',#13463,#2609);
#1847=LINE('',#13466,#2610);
#1848=LINE('',#13468,#2611);
#1849=LINE('',#13469,#2612);
#1850=LINE('',#13472,#2613);
#1851=LINE('',#13474,#2614);
#1852=LINE('',#13475,#2615);
#1853=LINE('',#13479,#2616);
#1854=LINE('',#13481,#2617);
#1855=LINE('',#13483,#2618);
#1856=LINE('',#13484,#2619);
#1857=LINE('',#13487,#2620);
#1858=LINE('',#13489,#2621);
#1859=LINE('',#13490,#2622);
#1860=LINE('',#13507,#2623);
#1861=LINE('',#13509,#2624);
#1862=LINE('',#13514,#2625);
#1863=LINE('',#13516,#2626);
#1864=LINE('',#13518,#2627);
#1865=LINE('',#13519,#2628);
#1866=LINE('',#13522,#2629);
#1867=LINE('',#13524,#2630);
#1868=LINE('',#13525,#2631);
#1869=LINE('',#13529,#2632);
#1870=LINE('',#13533,#2633);
#1871=LINE('',#13537,#2634);
#1872=LINE('',#13538,#2635);
#1873=LINE('',#13540,#2636);
#1874=LINE('',#13541,#2637);
#1875=LINE('',#13544,#2638);
#1876=LINE('',#13546,#2639);
#1877=LINE('',#13547,#2640);
#1878=LINE('',#13550,#2641);
#1879=LINE('',#13552,#2642);
#1880=LINE('',#13553,#2643);
#1881=LINE('',#13557,#2644);
#1882=LINE('',#13559,#2645);
#1883=LINE('',#13561,#2646);
#1884=LINE('',#13562,#2647);
#1885=LINE('',#13565,#2648);
#1886=LINE('',#13567,#2649);
#1887=LINE('',#13568,#2650);
#1888=LINE('',#13586,#2651);
#1889=LINE('',#13587,#2652);
#1890=LINE('',#13589,#2653);
#1891=LINE('',#13594,#2654);
#1892=LINE('',#13596,#2655);
#1893=LINE('',#13598,#2656);
#1894=LINE('',#13599,#2657);
#1895=LINE('',#13602,#2658);
#1896=LINE('',#13604,#2659);
#1897=LINE('',#13605,#2660);
#1898=LINE('',#13608,#2661);
#1899=LINE('',#13610,#2662);
#1900=LINE('',#13611,#2663);
#1901=LINE('',#13614,#2664);
#1902=LINE('',#13616,#2665);
#1903=LINE('',#13617,#2666);
#1904=LINE('',#13620,#2667);
#1905=LINE('',#13622,#2668);
#1906=LINE('',#13623,#2669);
#1907=LINE('',#13626,#2670);
#1908=LINE('',#13628,#2671);
#1909=LINE('',#13629,#2672);
#1910=LINE('',#13632,#2673);
#1911=LINE('',#13634,#2674);
#1912=LINE('',#13635,#2675);
#1913=LINE('',#13638,#2676);
#1914=LINE('',#13640,#2677);
#1915=LINE('',#13641,#2678);
#1916=LINE('',#13644,#2679);
#1917=LINE('',#13646,#2680);
#1918=LINE('',#13647,#2681);
#1919=LINE('',#13650,#2682);
#1920=LINE('',#13652,#2683);
#1921=LINE('',#13653,#2684);
#1922=LINE('',#13656,#2685);
#1923=LINE('',#13658,#2686);
#1924=LINE('',#13659,#2687);
#1925=LINE('',#13662,#2688);
#1926=LINE('',#13664,#2689);
#1927=LINE('',#13666,#2690);
#1928=LINE('',#13668,#2691);
#1929=LINE('',#13670,#2692);
#1930=LINE('',#13672,#2693);
#1931=LINE('',#13674,#2694);
#1932=LINE('',#13676,#2695);
#1933=LINE('',#13678,#2696);
#1934=LINE('',#13680,#2697);
#1935=LINE('',#13682,#2698);
#1936=LINE('',#13684,#2699);
#1937=LINE('',#13686,#2700);
#1938=LINE('',#13688,#2701);
#1939=LINE('',#13690,#2702);
#1940=LINE('',#13692,#2703);
#1941=LINE('',#13694,#2704);
#1942=LINE('',#13696,#2705);
#1943=LINE('',#13698,#2706);
#1944=LINE('',#13700,#2707);
#1945=LINE('',#13701,#2708);
#1946=LINE('',#13704,#2709);
#1947=LINE('',#13706,#2710);
#1948=LINE('',#13707,#2711);
#1949=LINE('',#13710,#2712);
#1950=LINE('',#13711,#2713);
#1951=LINE('',#13714,#2714);
#1952=LINE('',#13716,#2715);
#1953=LINE('',#13718,#2716);
#1954=LINE('',#13720,#2717);
#1955=LINE('',#13722,#2718);
#1956=LINE('',#13724,#2719);
#1957=LINE('',#13726,#2720);
#1958=LINE('',#13728,#2721);
#1959=LINE('',#13730,#2722);
#1960=LINE('',#13732,#2723);
#1961=LINE('',#13734,#2724);
#1962=LINE('',#13736,#2725);
#1963=LINE('',#13737,#2726);
#1964=LINE('',#13741,#2727);
#1965=LINE('',#13742,#2728);
#1966=LINE('',#13743,#2729);
#1967=LINE('',#13746,#2730);
#1968=LINE('',#13747,#2731);
#1969=LINE('',#13750,#2732);
#1970=LINE('',#13751,#2733);
#1971=LINE('',#13753,#2734);
#1972=LINE('',#13756,#2735);
#1973=LINE('',#13757,#2736);
#1974=LINE('',#13760,#2737);
#1975=LINE('',#13761,#2738);
#1976=LINE('',#13764,#2739);
#1977=LINE('',#13765,#2740);
#1978=LINE('',#13768,#2741);
#1979=LINE('',#13769,#2742);
#1980=LINE('',#13772,#2743);
#1981=LINE('',#13773,#2744);
#1982=LINE('',#13776,#2745);
#1983=LINE('',#13777,#2746);
#1984=LINE('',#13780,#2747);
#1985=LINE('',#13781,#2748);
#1986=LINE('',#13784,#2749);
#1987=LINE('',#13785,#2750);
#1988=LINE('',#13788,#2751);
#1989=LINE('',#13789,#2752);
#1990=LINE('',#13792,#2753);
#1991=LINE('',#13793,#2754);
#1992=LINE('',#13796,#2755);
#1993=LINE('',#13797,#2756);
#1994=LINE('',#13800,#2757);
#1995=LINE('',#13801,#2758);
#1996=LINE('',#13804,#2759);
#1997=LINE('',#13805,#2760);
#1998=LINE('',#13808,#2761);
#1999=LINE('',#13809,#2762);
#2000=LINE('',#13812,#2763);
#2001=LINE('',#13813,#2764);
#2002=LINE('',#13816,#2765);
#2003=LINE('',#13817,#2766);
#2004=LINE('',#13820,#2767);
#2005=LINE('',#13821,#2768);
#2006=LINE('',#13824,#2769);
#2007=LINE('',#13825,#2770);
#2008=LINE('',#13828,#2771);
#2009=LINE('',#13829,#2772);
#2010=LINE('',#13832,#2773);
#2011=LINE('',#13833,#2774);
#2012=LINE('',#13836,#2775);
#2013=LINE('',#13837,#2776);
#2014=LINE('',#13840,#2777);
#2015=LINE('',#13841,#2778);
#2016=LINE('',#13844,#2779);
#2017=LINE('',#13845,#2780);
#2018=LINE('',#13848,#2781);
#2019=LINE('',#13849,#2782);
#2020=LINE('',#13852,#2783);
#2021=LINE('',#13853,#2784);
#2022=LINE('',#13855,#2785);
#2023=VECTOR('',#8929,1.);
#2024=VECTOR('',#8930,1.);
#2025=VECTOR('',#8931,1.);
#2026=VECTOR('',#8932,1.);
#2027=VECTOR('',#8933,1.);
#2028=VECTOR('',#8940,1.);
#2029=VECTOR('',#8941,1.);
#2030=VECTOR('',#8942,1.);
#2031=VECTOR('',#8951,5.07489287765204);
#2032=VECTOR('',#8954,5.07489287765204);
#2033=VECTOR('',#8957,5.07489287765204);
#2034=VECTOR('',#8962,5.07489287765204);
#2035=VECTOR('',#8963,0.696988147928172);
#2036=VECTOR('',#8966,5.07489287765204);
#2037=VECTOR('',#8967,0.696988147928172);
#2038=VECTOR('',#8970,5.07489287765204);
#2039=VECTOR('',#8971,0.696988147928172);
#2040=VECTOR('',#8974,5.07489287765204);
#2041=VECTOR('',#8975,0.696988147928172);
#2042=VECTOR('',#8978,5.07489287765204);
#2043=VECTOR('',#8979,0.696988147928172);
#2044=VECTOR('',#8982,5.07489287765204);
#2045=VECTOR('',#8987,5.07489287765204);
#2046=VECTOR('',#8992,5.07489287765204);
#2047=VECTOR('',#8997,5.07489287765204);
#2048=VECTOR('',#9002,5.07489287765204);
#2049=VECTOR('',#9003,0.696988147928172);
#2050=VECTOR('',#9006,5.07489287765204);
#2051=VECTOR('',#9007,0.696988147928172);
#2052=VECTOR('',#9010,5.07489287765204);
#2053=VECTOR('',#9011,0.696988147928172);
#2054=VECTOR('',#9022,1.);
#2055=VECTOR('',#9023,1.);
#2056=VECTOR('',#9024,1.);
#2057=VECTOR('',#9025,1.);
#2058=VECTOR('',#9026,1.);
#2059=VECTOR('',#9033,1.);
#2060=VECTOR('',#9034,1.);
#2061=VECTOR('',#9035,1.);
#2062=VECTOR('',#9044,5.07489287765204);
#2063=VECTOR('',#9047,5.07489287765204);
#2064=VECTOR('',#9050,5.07489287765204);
#2065=VECTOR('',#9055,5.07489287765204);
#2066=VECTOR('',#9056,0.696988147928172);
#2067=VECTOR('',#9059,5.07489287765204);
#2068=VECTOR('',#9060,0.696988147928172);
#2069=VECTOR('',#9063,5.07489287765204);
#2070=VECTOR('',#9064,0.696988147928172);
#2071=VECTOR('',#9067,5.07489287765204);
#2072=VECTOR('',#9068,0.696988147928172);
#2073=VECTOR('',#9071,5.07489287765204);
#2074=VECTOR('',#9072,0.696988147928172);
#2075=VECTOR('',#9075,5.07489287765204);
#2076=VECTOR('',#9080,5.07489287765204);
#2077=VECTOR('',#9085,5.07489287765204);
#2078=VECTOR('',#9090,5.07489287765204);
#2079=VECTOR('',#9095,5.07489287765204);
#2080=VECTOR('',#9096,0.696988147928172);
#2081=VECTOR('',#9099,5.07489287765204);
#2082=VECTOR('',#9100,0.696988147928172);
#2083=VECTOR('',#9103,5.07489287765204);
#2084=VECTOR('',#9104,0.696988147928172);
#2085=VECTOR('',#9125,1.);
#2086=VECTOR('',#9126,1.);
#2087=VECTOR('',#9127,1.);
#2088=VECTOR('',#9136,1.);
#2089=VECTOR('',#9137,1.);
#2090=VECTOR('',#9138,1.);
#2091=VECTOR('',#9139,1.);
#2092=VECTOR('',#9140,1.);
#2093=VECTOR('',#9147,5.07489287765204);
#2094=VECTOR('',#9150,5.07489287765204);
#2095=VECTOR('',#9153,5.07489287765204);
#2096=VECTOR('',#9158,5.07489287765204);
#2097=VECTOR('',#9163,5.07489287765204);
#2098=VECTOR('',#9168,5.07489287765204);
#2099=VECTOR('',#9169,0.696988147928172);
#2100=VECTOR('',#9172,5.07489287765204);
#2101=VECTOR('',#9173,0.696988147928172);
#2102=VECTOR('',#9176,5.07489287765204);
#2103=VECTOR('',#9177,0.696988147928172);
#2104=VECTOR('',#9180,5.07489287765204);
#2105=VECTOR('',#9185,5.07489287765204);
#2106=VECTOR('',#9190,5.07489287765204);
#2107=VECTOR('',#9195,5.07489287765204);
#2108=VECTOR('',#9196,0.696988147928172);
#2109=VECTOR('',#9199,5.07489287765204);
#2110=VECTOR('',#9200,0.696988147928172);
#2111=VECTOR('',#9203,5.07489287765204);
#2112=VECTOR('',#9204,0.696988147928172);
#2113=VECTOR('',#9207,5.07489287765204);
#2114=VECTOR('',#9208,0.696988147928172);
#2115=VECTOR('',#9211,0.696988147928172);
#2116=VECTOR('',#9216,1.);
#2117=VECTOR('',#9217,5.07489287765204);
#2118=VECTOR('',#9218,0.696988147928172);
#2119=VECTOR('',#9219,5.07489287765204);
#2120=VECTOR('',#9222,0.696988147928172);
#2121=VECTOR('',#9223,0.696988147928172);
#2122=VECTOR('',#9224,0.696988147928172);
#2123=VECTOR('',#9227,1.);
#2124=VECTOR('',#9228,5.07489287765204);
#2125=VECTOR('',#9231,1.);
#2126=VECTOR('',#9232,5.07489287765204);
#2127=VECTOR('',#9235,1.);
#2128=VECTOR('',#9240,1.);
#2129=VECTOR('',#9241,1.);
#2130=VECTOR('',#9242,1.);
#2131=VECTOR('',#9243,1.);
#2132=VECTOR('',#9244,1.);
#2133=VECTOR('',#9245,1.);
#2134=VECTOR('',#9246,1.);
#2135=VECTOR('',#9247,1.);
#2136=VECTOR('',#9248,1.);
#2137=VECTOR('',#9249,1.);
#2138=VECTOR('',#9250,1.);
#2139=VECTOR('',#9257,1.);
#2140=VECTOR('',#9268,5.07489287765204);
#2141=VECTOR('',#9269,0.696988147928172);
#2142=VECTOR('',#9270,5.07489287765204);
#2143=VECTOR('',#9273,5.07489287765204);
#2144=VECTOR('',#9274,0.696988147928172);
#2145=VECTOR('',#9277,5.07489287765204);
#2146=VECTOR('',#9278,0.696988147928172);
#2147=VECTOR('',#9281,5.07489287765204);
#2148=VECTOR('',#9282,0.696988147928172);
#2149=VECTOR('',#9285,5.07489287765204);
#2150=VECTOR('',#9286,0.696988147928172);
#2151=VECTOR('',#9289,5.07489287765204);
#2152=VECTOR('',#9290,0.696988147928172);
#2153=VECTOR('',#9293,5.07489287765204);
#2154=VECTOR('',#9294,0.696988147928172);
#2155=VECTOR('',#9297,5.07489287765204);
#2156=VECTOR('',#9298,0.696988147928172);
#2157=VECTOR('',#9301,5.07489287765204);
#2158=VECTOR('',#9302,0.696988147928172);
#2159=VECTOR('',#9305,5.07489287765204);
#2160=VECTOR('',#9306,0.696988147928172);
#2161=VECTOR('',#9309,5.07489287765204);
#2162=VECTOR('',#9314,5.07489287765204);
#2163=VECTOR('',#9319,5.07489287765204);
#2164=VECTOR('',#9324,5.07489287765204);
#2165=VECTOR('',#9329,5.07489287765204);
#2166=VECTOR('',#9330,0.696988147928172);
#2167=VECTOR('',#9333,5.07489287765204);
#2168=VECTOR('',#9338,5.07489287765204);
#2169=VECTOR('',#9343,5.07489287765204);
#2170=VECTOR('',#9348,0.696988147928172);
#2171=VECTOR('',#9353,0.696988147928172);
#2172=VECTOR('',#9354,0.696988147928172);
#2173=VECTOR('',#9355,0.696988147928172);
#2174=VECTOR('',#9356,0.696988147928172);
#2175=VECTOR('',#9359,1.);
#2176=VECTOR('',#9360,5.07489287765204);
#2177=VECTOR('',#9361,5.07489287765204);
#2178=VECTOR('',#9364,1.);
#2179=VECTOR('',#9365,5.07489287765204);
#2180=VECTOR('',#9368,1.);
#2181=VECTOR('',#9369,5.07489287765204);
#2182=VECTOR('',#9372,1.);
#2183=VECTOR('',#9393,1.);
#2184=VECTOR('',#9396,1.);
#2185=VECTOR('',#9397,1.);
#2186=VECTOR('',#9398,1.);
#2187=VECTOR('',#9411,1.);
#2188=VECTOR('',#9412,1.);
#2189=VECTOR('',#9423,1.);
#2190=VECTOR('',#9424,1.);
#2191=VECTOR('',#9439,5.07489287765204);
#2192=VECTOR('',#9442,5.07489287765204);
#2193=VECTOR('',#9445,5.07489287765204);
#2194=VECTOR('',#9450,5.07489287765204);
#2195=VECTOR('',#9455,5.07489287765204);
#2196=VECTOR('',#9456,0.696988147928172);
#2197=VECTOR('',#9459,5.07489287765204);
#2198=VECTOR('',#9462,5.07489287765204);
#2199=VECTOR('',#9465,5.07489287765204);
#2200=VECTOR('',#9466,0.696988147928172);
#2201=VECTOR('',#9469,5.07489287765204);
#2202=VECTOR('',#9470,0.696988147928172);
#2203=VECTOR('',#9473,5.07489287765204);
#2204=VECTOR('',#9474,0.696988147928172);
#2205=VECTOR('',#9477,5.07489287765204);
#2206=VECTOR('',#9482,5.07489287765204);
#2207=VECTOR('',#9483,0.696988147928172);
#2208=VECTOR('',#9486,5.07489287765204);
#2209=VECTOR('',#9491,5.07489287765204);
#2210=VECTOR('',#9496,5.07489287765204);
#2211=VECTOR('',#9501,5.07489287765204);
#2212=VECTOR('',#9506,5.07489287765204);
#2213=VECTOR('',#9511,5.07489287765204);
#2214=VECTOR('',#9516,5.07489287765204);
#2215=VECTOR('',#9521,5.07489287765204);
#2216=VECTOR('',#9522,0.696988147928172);
#2217=VECTOR('',#9525,5.07489287765204);
#2218=VECTOR('',#9530,5.07489287765204);
#2219=VECTOR('',#9539,5.07489287765204);
#2220=VECTOR('',#9544,5.07489287765204);
#2221=VECTOR('',#9549,5.07489287765204);
#2222=VECTOR('',#9554,5.07489287765204);
#2223=VECTOR('',#9559,5.07489287765204);
#2224=VECTOR('',#9564,5.07489287765204);
#2225=VECTOR('',#9569,5.07489287765204);
#2226=VECTOR('',#9570,0.696988147928172);
#2227=VECTOR('',#9573,5.07489287765204);
#2228=VECTOR('',#9574,0.696988147928172);
#2229=VECTOR('',#9577,5.07489287765204);
#2230=VECTOR('',#9582,5.07489287765204);
#2231=VECTOR('',#9587,5.07489287765204);
#2232=VECTOR('',#9592,5.07489287765204);
#2233=VECTOR('',#9607,0.696988147928172);
#2234=VECTOR('',#9644,0.696988147928172);
#2235=VECTOR('',#9649,0.696988147928172);
#2236=VECTOR('',#9678,0.696988147928172);
#2237=VECTOR('',#9687,5.07489287765204);
#2238=VECTOR('',#9688,5.07489287765204);
#2239=VECTOR('',#9693,5.07489287765204);
#2240=VECTOR('',#9696,1.);
#2241=VECTOR('',#9697,5.07489287765204);
#2242=VECTOR('',#9702,5.07489287765204);
#2243=VECTOR('',#9707,5.07489287765204);
#2244=VECTOR('',#9712,5.07489287765204);
#2245=VECTOR('',#9717,5.07489287765204);
#2246=VECTOR('',#9722,5.07489287765204);
#2247=VECTOR('',#9727,5.07489287765204);
#2248=VECTOR('',#9732,5.07489287765204);
#2249=VECTOR('',#9735,1.);
#2250=VECTOR('',#9736,5.07489287765204);
#2251=VECTOR('',#9737,5.07489287765204);
#2252=VECTOR('',#9742,5.07489287765204);
#2253=VECTOR('',#9747,5.07489287765204);
#2254=VECTOR('',#9752,5.07489287765204);
#2255=VECTOR('',#9757,5.07489287765204);
#2256=VECTOR('',#9762,5.07489287765204);
#2257=VECTOR('',#9767,5.07489287765204);
#2258=VECTOR('',#9772,5.07489287765204);
#2259=VECTOR('',#9777,5.07489287765204);
#2260=VECTOR('',#9782,5.07489287765204);
#2261=VECTOR('',#9787,5.07489287765204);
#2262=VECTOR('',#9792,5.07489287765204);
#2263=VECTOR('',#9797,5.07489287765204);
#2264=VECTOR('',#9802,5.07489287765204);
#2265=VECTOR('',#9807,5.07489287765204);
#2266=VECTOR('',#9812,5.07489287765204);
#2267=VECTOR('',#9817,5.07489287765204);
#2268=VECTOR('',#9822,5.07489287765204);
#2269=VECTOR('',#9825,1.);
#2270=VECTOR('',#9826,5.07489287765204);
#2271=VECTOR('',#9831,5.07489287765204);
#2272=VECTOR('',#9840,5.07489287765204);
#2273=VECTOR('',#9845,5.07489287765204);
#2274=VECTOR('',#9850,5.07489287765204);
#2275=VECTOR('',#9855,5.07489287765204);
#2276=VECTOR('',#9860,5.07489287765204);
#2277=VECTOR('',#9865,5.07489287765204);
#2278=VECTOR('',#9870,5.07489287765204);
#2279=VECTOR('',#9875,5.07489287765204);
#2280=VECTOR('',#9878,1.);
#2281=VECTOR('',#9879,5.07489287765204);
#2282=VECTOR('',#9884,5.07489287765204);
#2283=VECTOR('',#9903,1.);
#2284=VECTOR('',#9904,1.);
#2285=VECTOR('',#9905,1.);
#2286=VECTOR('',#9906,1.);
#2287=VECTOR('',#9909,5.07489287765204);
#2288=VECTOR('',#9910,0.696988147928172);
#2289=VECTOR('',#9911,5.07489287765204);
#2290=VECTOR('',#9914,5.07489287765204);
#2291=VECTOR('',#9915,0.696988147928172);
#2292=VECTOR('',#9918,5.07489287765204);
#2293=VECTOR('',#9919,0.696988147928172);
#2294=VECTOR('',#9922,0.696988147928172);
#2295=VECTOR('',#9929,5.07489287765204);
#2296=VECTOR('',#9932,5.07489287765204);
#2297=VECTOR('',#9951,0.696988147928172);
#2298=VECTOR('',#9952,0.696988147928172);
#2299=VECTOR('',#9959,0.696988147928172);
#2300=VECTOR('',#9984,5.07489287765204);
#2301=VECTOR('',#9989,5.07489287765204);
#2302=VECTOR('',#9994,5.07489287765204);
#2303=VECTOR('',#9999,5.07489287765204);
#2304=VECTOR('',#10004,5.07489287765204);
#2305=VECTOR('',#10009,5.07489287765204);
#2306=VECTOR('',#10014,5.07489287765204);
#2307=VECTOR('',#10019,5.07489287765204);
#2308=VECTOR('',#10024,5.07489287765204);
#2309=VECTOR('',#10029,5.07489287765204);
#2310=VECTOR('',#10032,1.);
#2311=VECTOR('',#10033,5.07489287765204);
#2312=VECTOR('',#10038,5.07489287765204);
#2313=VECTOR('',#10043,5.07489287765204);
#2314=VECTOR('',#10048,5.07489287765204);
#2315=VECTOR('',#10051,1.);
#2316=VECTOR('',#10052,5.07489287765204);
#2317=VECTOR('',#10055,1.);
#2318=VECTOR('',#10056,5.07489287765204);
#2319=VECTOR('',#10061,5.07489287765204);
#2320=VECTOR('',#10066,5.07489287765204);
#2321=VECTOR('',#10071,5.07489287765204);
#2322=VECTOR('',#10076,5.07489287765204);
#2323=VECTOR('',#10081,5.07489287765204);
#2324=VECTOR('',#10086,5.07489287765204);
#2325=VECTOR('',#10091,5.07489287765204);
#2326=VECTOR('',#10102,1.);
#2327=VECTOR('',#10105,1.);
#2328=VECTOR('',#10122,1.);
#2329=VECTOR('',#10123,1.);
#2330=VECTOR('',#10130,1.);
#2331=VECTOR('',#10131,1.);
#2332=VECTOR('',#10136,1.);
#2333=VECTOR('',#10137,1.);
#2334=VECTOR('',#10138,1.);
#2335=VECTOR('',#10139,1.);
#2336=VECTOR('',#10142,1.);
#2337=VECTOR('',#10145,1.);
#2338=VECTOR('',#10146,1.);
#2339=VECTOR('',#10147,1.);
#2340=VECTOR('',#10148,1.);
#2341=VECTOR('',#10155,1.);
#2342=VECTOR('',#10160,1.);
#2343=VECTOR('',#10163,1.);
#2344=VECTOR('',#10170,1.);
#2345=VECTOR('',#10181,1.);
#2346=VECTOR('',#10190,1.);
#2347=VECTOR('',#10195,1.);
#2348=VECTOR('',#10198,1.);
#2349=VECTOR('',#10203,1.);
#2350=VECTOR('',#10206,1.);
#2351=VECTOR('',#10211,1.);
#2352=VECTOR('',#10216,1.);
#2353=VECTOR('',#10219,1.);
#2354=VECTOR('',#10224,1.);
#2355=VECTOR('',#10229,1.);
#2356=VECTOR('',#10232,1.);
#2357=VECTOR('',#10239,1.);
#2358=VECTOR('',#10246,1.);
#2359=VECTOR('',#10249,1.);
#2360=VECTOR('',#10252,1.);
#2361=VECTOR('',#10255,1.);
#2362=VECTOR('',#10258,1.);
#2363=VECTOR('',#10261,1.);
#2364=VECTOR('',#10264,1.);
#2365=VECTOR('',#10267,1.);
#2366=VECTOR('',#10270,1.);
#2367=VECTOR('',#10273,1.);
#2368=VECTOR('',#10276,1.);
#2369=VECTOR('',#10279,1.);
#2370=VECTOR('',#10282,1.);
#2371=VECTOR('',#10285,1.);
#2372=VECTOR('',#10288,1.);
#2373=VECTOR('',#10289,1.);
#2374=VECTOR('',#10292,1.);
#2375=VECTOR('',#10293,1.);
#2376=VECTOR('',#10302,1.);
#2377=VECTOR('',#10305,1.);
#2378=VECTOR('',#10308,1.);
#2379=VECTOR('',#10313,1.);
#2380=VECTOR('',#10316,1.);
#2381=VECTOR('',#10319,1.);
#2382=VECTOR('',#10322,1.);
#2383=VECTOR('',#10329,1.);
#2384=VECTOR('',#10334,1.);
#2385=VECTOR('',#10335,1.);
#2386=VECTOR('',#10338,1.);
#2387=VECTOR('',#10339,1.);
#2388=VECTOR('',#10342,1.);
#2389=VECTOR('',#10343,1.);
#2390=VECTOR('',#10352,1.);
#2391=VECTOR('',#10357,1.);
#2392=VECTOR('',#10360,1.);
#2393=VECTOR('',#10363,1.);
#2394=VECTOR('',#10366,1.);
#2395=VECTOR('',#10369,1.);
#2396=VECTOR('',#10370,1.);
#2397=VECTOR('',#10373,1.);
#2398=VECTOR('',#10374,1.);
#2399=VECTOR('',#10383,1.);
#2400=VECTOR('',#10384,1.);
#2401=VECTOR('',#10387,1.);
#2402=VECTOR('',#10392,1.);
#2403=VECTOR('',#10401,1.);
#2404=VECTOR('',#10402,1.);
#2405=VECTOR('',#10405,1.);
#2406=VECTOR('',#10410,1.);
#2407=VECTOR('',#10411,1.);
#2408=VECTOR('',#10414,1.);
#2409=VECTOR('',#10417,1.);
#2410=VECTOR('',#10426,1.);
#2411=VECTOR('',#10431,1.);
#2412=VECTOR('',#10432,1.);
#2413=VECTOR('',#10435,1.);
#2414=VECTOR('',#10436,1.);
#2415=VECTOR('',#10437,1.);
#2416=VECTOR('',#10456,1.);
#2417=VECTOR('',#10461,1.);
#2418=VECTOR('',#10462,1.);
#2419=VECTOR('',#10465,1.);
#2420=VECTOR('',#10466,1.);
#2421=VECTOR('',#10467,1.);
#2422=VECTOR('',#10520,1.);
#2423=VECTOR('',#10521,1.);
#2424=VECTOR('',#10522,1.);
#2425=VECTOR('',#10523,1.);
#2426=VECTOR('',#10526,1.);
#2427=VECTOR('',#10527,1.);
#2428=VECTOR('',#10528,1.);
#2429=VECTOR('',#10531,1.);
#2430=VECTOR('',#10532,1.);
#2431=VECTOR('',#10533,1.);
#2432=VECTOR('',#10534,1.);
#2433=VECTOR('',#10535,1.);
#2434=VECTOR('',#10536,1.);
#2435=VECTOR('',#10537,1.);
#2436=VECTOR('',#10538,1.);
#2437=VECTOR('',#10539,1.);
#2438=VECTOR('',#10540,1.);
#2439=VECTOR('',#10541,1.);
#2440=VECTOR('',#10542,1.);
#2441=VECTOR('',#10543,1.);
#2442=VECTOR('',#10544,1.);
#2443=VECTOR('',#10545,1.);
#2444=VECTOR('',#10546,1.);
#2445=VECTOR('',#10547,1.);
#2446=VECTOR('',#10548,1.);
#2447=VECTOR('',#10549,1.);
#2448=VECTOR('',#10550,1.);
#2449=VECTOR('',#10551,1.);
#2450=VECTOR('',#10552,1.);
#2451=VECTOR('',#10571,1.);
#2452=VECTOR('',#10572,1.);
#2453=VECTOR('',#10577,1.);
#2454=VECTOR('',#10578,1.);
#2455=VECTOR('',#10583,1.);
#2456=VECTOR('',#10584,1.);
#2457=VECTOR('',#10589,1.);
#2458=VECTOR('',#10590,1.);
#2459=VECTOR('',#10595,1.);
#2460=VECTOR('',#10596,1.);
#2461=VECTOR('',#10599,1.);
#2462=VECTOR('',#10600,1.);
#2463=VECTOR('',#10603,1.);
#2464=VECTOR('',#10624,1.);
#2465=VECTOR('',#10625,1.);
#2466=VECTOR('',#10630,1.);
#2467=VECTOR('',#10631,1.);
#2468=VECTOR('',#10634,1.);
#2469=VECTOR('',#10635,1.);
#2470=VECTOR('',#10640,1.);
#2471=VECTOR('',#10641,1.);
#2472=VECTOR('',#10646,1.);
#2473=VECTOR('',#10647,1.);
#2474=VECTOR('',#10650,1.);
#2475=VECTOR('',#10653,1.);
#2476=VECTOR('',#10654,1.);
#2477=VECTOR('',#10673,1.);
#2478=VECTOR('',#10674,1.);
#2479=VECTOR('',#10679,1.);
#2480=VECTOR('',#10680,1.);
#2481=VECTOR('',#10685,1.);
#2482=VECTOR('',#10686,1.);
#2483=VECTOR('',#10691,1.);
#2484=VECTOR('',#10692,1.);
#2485=VECTOR('',#10697,1.);
#2486=VECTOR('',#10698,1.);
#2487=VECTOR('',#10701,1.);
#2488=VECTOR('',#10702,1.);
#2489=VECTOR('',#10705,1.);
#2490=VECTOR('',#10726,1.);
#2491=VECTOR('',#10727,1.);
#2492=VECTOR('',#10732,1.);
#2493=VECTOR('',#10733,1.);
#2494=VECTOR('',#10736,1.);
#2495=VECTOR('',#10737,1.);
#2496=VECTOR('',#10742,1.);
#2497=VECTOR('',#10743,1.);
#2498=VECTOR('',#10748,1.);
#2499=VECTOR('',#10749,1.);
#2500=VECTOR('',#10752,1.);
#2501=VECTOR('',#10755,1.);
#2502=VECTOR('',#10756,1.);
#2503=VECTOR('',#10775,1.);
#2504=VECTOR('',#10776,1.);
#2505=VECTOR('',#10781,1.);
#2506=VECTOR('',#10782,1.);
#2507=VECTOR('',#10787,1.);
#2508=VECTOR('',#10788,1.);
#2509=VECTOR('',#10793,1.);
#2510=VECTOR('',#10794,1.);
#2511=VECTOR('',#10799,1.);
#2512=VECTOR('',#10800,1.);
#2513=VECTOR('',#10803,1.);
#2514=VECTOR('',#10804,1.);
#2515=VECTOR('',#10807,1.);
#2516=VECTOR('',#10828,1.);
#2517=VECTOR('',#10829,1.);
#2518=VECTOR('',#10834,1.);
#2519=VECTOR('',#10835,1.);
#2520=VECTOR('',#10838,1.);
#2521=VECTOR('',#10839,1.);
#2522=VECTOR('',#10844,1.);
#2523=VECTOR('',#10845,1.);
#2524=VECTOR('',#10850,1.);
#2525=VECTOR('',#10851,1.);
#2526=VECTOR('',#10854,1.);
#2527=VECTOR('',#10857,1.);
#2528=VECTOR('',#10858,1.);
#2529=VECTOR('',#10861,1.);
#2530=VECTOR('',#10864,1.);
#2531=VECTOR('',#10865,1.);
#2532=VECTOR('',#10868,1.);
#2533=VECTOR('',#10871,1.);
#2534=VECTOR('',#10872,1.);
#2535=VECTOR('',#10875,1.);
#2536=VECTOR('',#10878,1.);
#2537=VECTOR('',#10879,1.);
#2538=VECTOR('',#10882,1.);
#2539=VECTOR('',#10885,1.);
#2540=VECTOR('',#10886,1.);
#2541=VECTOR('',#10889,1.);
#2542=VECTOR('',#10892,1.);
#2543=VECTOR('',#10893,1.);
#2544=VECTOR('',#10896,1.);
#2545=VECTOR('',#10899,1.);
#2546=VECTOR('',#10900,1.);
#2547=VECTOR('',#10903,1.);
#2548=VECTOR('',#10904,1.);
#2549=VECTOR('',#10905,1.);
#2550=VECTOR('',#10906,1.);
#2551=VECTOR('',#10909,1.);
#2552=VECTOR('',#10910,1.);
#2553=VECTOR('',#10911,1.);
#2554=VECTOR('',#10912,1.);
#2555=VECTOR('',#10915,1.);
#2556=VECTOR('',#10916,1.);
#2557=VECTOR('',#10917,1.);
#2558=VECTOR('',#10918,1.);
#2559=VECTOR('',#10921,1.);
#2560=VECTOR('',#10922,1.);
#2561=VECTOR('',#10923,1.);
#2562=VECTOR('',#10924,1.);
#2563=VECTOR('',#10927,1.);
#2564=VECTOR('',#10928,1.);
#2565=VECTOR('',#10929,1.);
#2566=VECTOR('',#10930,1.);
#2567=VECTOR('',#10933,1.);
#2568=VECTOR('',#10934,1.);
#2569=VECTOR('',#10935,1.);
#2570=VECTOR('',#10938,1.);
#2571=VECTOR('',#10939,1.);
#2572=VECTOR('',#10942,1.);
#2573=VECTOR('',#10943,1.);
#2574=VECTOR('',#10946,1.);
#2575=VECTOR('',#10949,1.);
#2576=VECTOR('',#10950,1.);
#2577=VECTOR('',#10953,1.);
#2578=VECTOR('',#10954,1.);
#2579=VECTOR('',#10957,1.);
#2580=VECTOR('',#10960,1.);
#2581=VECTOR('',#10963,1.);
#2582=VECTOR('',#10964,1.);
#2583=VECTOR('',#10967,1.);
#2584=VECTOR('',#10968,1.);
#2585=VECTOR('',#10971,1.);
#2586=VECTOR('',#10974,1.);
#2587=VECTOR('',#10975,1.);
#2588=VECTOR('',#10978,1.);
#2589=VECTOR('',#10979,1.);
#2590=VECTOR('',#10982,1.);
#2591=VECTOR('',#10985,1.);
#2592=VECTOR('',#10986,1.);
#2593=VECTOR('',#10989,1.);
#2594=VECTOR('',#10990,1.);
#2595=VECTOR('',#10993,1.);
#2596=VECTOR('',#10998,1.);
#2597=VECTOR('',#10999,1.);
#2598=VECTOR('',#11000,1.);
#2599=VECTOR('',#11001,1.);
#2600=VECTOR('',#11004,1.);
#2601=VECTOR('',#11005,1.);
#2602=VECTOR('',#11006,1.);
#2603=VECTOR('',#11007,1.);
#2604=VECTOR('',#11010,1.);
#2605=VECTOR('',#11013,1.);
#2606=VECTOR('',#11016,1.);
#2607=VECTOR('',#11017,1.);
#2608=VECTOR('',#11018,1.);
#2609=VECTOR('',#11019,1.);
#2610=VECTOR('',#11022,1.);
#2611=VECTOR('',#11023,1.);
#2612=VECTOR('',#11024,1.);
#2613=VECTOR('',#11027,1.);
#2614=VECTOR('',#11028,1.);
#2615=VECTOR('',#11029,1.);
#2616=VECTOR('',#11032,1.);
#2617=VECTOR('',#11033,1.);
#2618=VECTOR('',#11034,1.);
#2619=VECTOR('',#11035,1.);
#2620=VECTOR('',#11038,1.);
#2621=VECTOR('',#11039,1.);
#2622=VECTOR('',#11040,1.);
#2623=VECTOR('',#11073,1.);
#2624=VECTOR('',#11076,1.);
#2625=VECTOR('',#11081,1.);
#2626=VECTOR('',#11082,1.);
#2627=VECTOR('',#11083,1.);
#2628=VECTOR('',#11084,1.);
#2629=VECTOR('',#11087,1.);
#2630=VECTOR('',#11088,1.);
#2631=VECTOR('',#11089,1.);
#2632=VECTOR('',#11092,1.);
#2633=VECTOR('',#11095,1.);
#2634=VECTOR('',#11098,1.);
#2635=VECTOR('',#11099,1.);
#2636=VECTOR('',#11100,1.);
#2637=VECTOR('',#11101,1.);
#2638=VECTOR('',#11104,1.);
#2639=VECTOR('',#11105,1.);
#2640=VECTOR('',#11106,1.);
#2641=VECTOR('',#11109,1.);
#2642=VECTOR('',#11110,1.);
#2643=VECTOR('',#11111,1.);
#2644=VECTOR('',#11114,1.);
#2645=VECTOR('',#11115,1.);
#2646=VECTOR('',#11116,1.);
#2647=VECTOR('',#11117,1.);
#2648=VECTOR('',#11120,1.);
#2649=VECTOR('',#11121,1.);
#2650=VECTOR('',#11122,1.);
#2651=VECTOR('',#11155,1.);
#2652=VECTOR('',#11156,1.);
#2653=VECTOR('',#11159,1.);
#2654=VECTOR('',#11164,1.);
#2655=VECTOR('',#11165,1.);
#2656=VECTOR('',#11166,1.);
#2657=VECTOR('',#11167,1.);
#2658=VECTOR('',#11170,1.);
#2659=VECTOR('',#11171,1.);
#2660=VECTOR('',#11172,1.);
#2661=VECTOR('',#11175,1.);
#2662=VECTOR('',#11176,1.);
#2663=VECTOR('',#11177,1.);
#2664=VECTOR('',#11180,1.);
#2665=VECTOR('',#11181,1.);
#2666=VECTOR('',#11182,1.);
#2667=VECTOR('',#11185,1.);
#2668=VECTOR('',#11186,1.);
#2669=VECTOR('',#11187,1.);
#2670=VECTOR('',#11190,1.);
#2671=VECTOR('',#11191,1.);
#2672=VECTOR('',#11192,1.);
#2673=VECTOR('',#11195,1.);
#2674=VECTOR('',#11196,1.);
#2675=VECTOR('',#11197,1.);
#2676=VECTOR('',#11200,1.);
#2677=VECTOR('',#11201,1.);
#2678=VECTOR('',#11202,1.);
#2679=VECTOR('',#11205,1.);
#2680=VECTOR('',#11206,1.);
#2681=VECTOR('',#11207,1.);
#2682=VECTOR('',#11210,1.);
#2683=VECTOR('',#11211,1.);
#2684=VECTOR('',#11212,1.);
#2685=VECTOR('',#11215,1.);
#2686=VECTOR('',#11216,1.);
#2687=VECTOR('',#11217,1.);
#2688=VECTOR('',#11220,1.);
#2689=VECTOR('',#11221,1.);
#2690=VECTOR('',#11222,1.);
#2691=VECTOR('',#11223,1.);
#2692=VECTOR('',#11224,1.);
#2693=VECTOR('',#11225,1.);
#2694=VECTOR('',#11226,1.);
#2695=VECTOR('',#11227,1.);
#2696=VECTOR('',#11228,1.);
#2697=VECTOR('',#11229,1.);
#2698=VECTOR('',#11230,1.);
#2699=VECTOR('',#11231,1.);
#2700=VECTOR('',#11232,1.);
#2701=VECTOR('',#11233,1.);
#2702=VECTOR('',#11234,1.);
#2703=VECTOR('',#11235,1.);
#2704=VECTOR('',#11236,1.);
#2705=VECTOR('',#11237,1.);
#2706=VECTOR('',#11238,1.);
#2707=VECTOR('',#11239,1.);
#2708=VECTOR('',#11240,1.);
#2709=VECTOR('',#11243,1.);
#2710=VECTOR('',#11244,1.);
#2711=VECTOR('',#11245,1.);
#2712=VECTOR('',#11248,1.);
#2713=VECTOR('',#11249,1.);
#2714=VECTOR('',#11252,1.);
#2715=VECTOR('',#11253,1.);
#2716=VECTOR('',#11254,1.);
#2717=VECTOR('',#11255,1.);
#2718=VECTOR('',#11256,1.);
#2719=VECTOR('',#11257,1.);
#2720=VECTOR('',#11258,1.);
#2721=VECTOR('',#11259,1.);
#2722=VECTOR('',#11260,1.);
#2723=VECTOR('',#11261,1.);
#2724=VECTOR('',#11262,1.);
#2725=VECTOR('',#11263,1.);
#2726=VECTOR('',#11264,1.);
#2727=VECTOR('',#11267,1.);
#2728=VECTOR('',#11268,1.);
#2729=VECTOR('',#11269,1.);
#2730=VECTOR('',#11272,1.);
#2731=VECTOR('',#11273,1.);
#2732=VECTOR('',#11276,1.);
#2733=VECTOR('',#11277,1.);
#2734=VECTOR('',#11280,1.);
#2735=VECTOR('',#11283,1.);
#2736=VECTOR('',#11284,1.);
#2737=VECTOR('',#11287,1.);
#2738=VECTOR('',#11288,1.);
#2739=VECTOR('',#11291,1.);
#2740=VECTOR('',#11292,1.);
#2741=VECTOR('',#11295,1.);
#2742=VECTOR('',#11296,1.);
#2743=VECTOR('',#11299,1.);
#2744=VECTOR('',#11300,1.);
#2745=VECTOR('',#11303,1.);
#2746=VECTOR('',#11304,1.);
#2747=VECTOR('',#11307,1.);
#2748=VECTOR('',#11308,1.);
#2749=VECTOR('',#11311,1.);
#2750=VECTOR('',#11312,1.);
#2751=VECTOR('',#11315,1.);
#2752=VECTOR('',#11316,1.);
#2753=VECTOR('',#11319,1.);
#2754=VECTOR('',#11320,1.);
#2755=VECTOR('',#11323,1.);
#2756=VECTOR('',#11324,1.);
#2757=VECTOR('',#11327,1.);
#2758=VECTOR('',#11328,1.);
#2759=VECTOR('',#11331,1.);
#2760=VECTOR('',#11332,1.);
#2761=VECTOR('',#11335,1.);
#2762=VECTOR('',#11336,1.);
#2763=VECTOR('',#11339,1.);
#2764=VECTOR('',#11340,1.);
#2765=VECTOR('',#11343,1.);
#2766=VECTOR('',#11344,1.);
#2767=VECTOR('',#11347,1.);
#2768=VECTOR('',#11348,1.);
#2769=VECTOR('',#11351,1.);
#2770=VECTOR('',#11352,1.);
#2771=VECTOR('',#11355,1.);
#2772=VECTOR('',#11356,1.);
#2773=VECTOR('',#11359,1.);
#2774=VECTOR('',#11360,1.);
#2775=VECTOR('',#11363,1.);
#2776=VECTOR('',#11364,1.);
#2777=VECTOR('',#11367,1.);
#2778=VECTOR('',#11368,1.);
#2779=VECTOR('',#11371,1.);
#2780=VECTOR('',#11372,1.);
#2781=VECTOR('',#11375,1.);
#2782=VECTOR('',#11376,1.);
#2783=VECTOR('',#11379,1.);
#2784=VECTOR('',#11380,1.);
#2785=VECTOR('',#11383,1.);
#2786=CIRCLE('',#8075,0.226812329390409);
#2787=CIRCLE('',#8076,0.103294011176211);
#2788=CIRCLE('',#8077,0.121102815697503);
#2789=CIRCLE('',#8078,0.191698196012987);
#2790=CIRCLE('',#8079,0.159261452230896);
#2791=CIRCLE('',#8080,0.15613798851559);
#2792=CIRCLE('',#8081,0.228579665012903);
#2793=CIRCLE('',#8083,0.121102815697503);
#2794=CIRCLE('',#8085,0.103294011176211);
#2795=CIRCLE('',#8092,0.226812329390409);
#2796=CIRCLE('',#8094,0.228579665012903);
#2797=CIRCLE('',#8096,0.15613798851559);
#2798=CIRCLE('',#8098,0.159261452230896);
#2799=CIRCLE('',#8103,0.191698196012987);
#2800=CIRCLE('',#8106,0.22681232938675);
#2801=CIRCLE('',#8107,0.103294011181315);
#2802=CIRCLE('',#8108,0.121102815705305);
#2803=CIRCLE('',#8109,0.191698196004037);
#2804=CIRCLE('',#8110,0.159261452213672);
#2805=CIRCLE('',#8111,0.156137988525241);
#2806=CIRCLE('',#8112,0.228579664994003);
#2807=CIRCLE('',#8114,0.121102815705305);
#2808=CIRCLE('',#8116,0.103294011181315);
#2809=CIRCLE('',#8123,0.22681232938675);
#2810=CIRCLE('',#8125,0.228579664994003);
#2811=CIRCLE('',#8127,0.156137988525241);
#2812=CIRCLE('',#8129,0.159261452213672);
#2813=CIRCLE('',#8134,0.191698196004037);
#2814=CIRCLE('',#8137,0.106501734831172);
#2815=CIRCLE('',#8138,0.106501734831172);
#2816=CIRCLE('',#8142,0.191698196004037);
#2817=CIRCLE('',#8143,0.159261452213934);
#2818=CIRCLE('',#8144,0.156137988510535);
#2819=CIRCLE('',#8145,0.228579665033282);
#2820=CIRCLE('',#8146,0.226812329375251);
#2821=CIRCLE('',#8147,0.103294011171964);
#2822=CIRCLE('',#8148,0.121102815714397);
#2823=CIRCLE('',#8150,0.226812329375251);
#2824=CIRCLE('',#8152,0.228579665033282);
#2825=CIRCLE('',#8154,0.156137988510535);
#2826=CIRCLE('',#8156,0.159261452213934);
#2827=CIRCLE('',#8161,0.191698196004037);
#2828=CIRCLE('',#8163,0.121102815714397);
#2829=CIRCLE('',#8165,0.103294011171964);
#2830=CIRCLE('',#8179,0.0905626679508697);
#2831=CIRCLE('',#8180,0.0689176687450982);
#2832=CIRCLE('',#8181,0.144134652159809);
#2833=CIRCLE('',#8182,0.295667953897618);
#2834=CIRCLE('',#8183,0.207843364839735);
#2835=CIRCLE('',#8184,0.198836020171923);
#2836=CIRCLE('',#8185,0.212570492647587);
#2837=CIRCLE('',#8197,0.212570492647587);
#2838=CIRCLE('',#8199,0.198836020171923);
#2839=CIRCLE('',#8201,0.207843364839735);
#2840=CIRCLE('',#8203,0.295667953897618);
#2841=CIRCLE('',#8206,0.144134652159809);
#2842=CIRCLE('',#8208,0.0689176687450982);
#2843=CIRCLE('',#8210,0.0905626679508697);
#2844=CIRCLE('',#8220,0.57525353574457);
#2845=CIRCLE('',#8221,1.17076441747832);
#2846=CIRCLE('',#8222,0.82233805025872);
#2847=CIRCLE('',#8223,0.687038681451472);
#2848=CIRCLE('',#8224,0.24518189931251);
#2849=CIRCLE('',#8225,0.312327262725583);
#2850=CIRCLE('',#8226,0.283402901726871);
#2851=CIRCLE('',#8227,0.260589101648891);
#2852=CIRCLE('',#8228,0.329007168378324);
#2853=CIRCLE('',#8229,0.252719711765339);
#2854=CIRCLE('',#8230,0.0707834045615153);
#2855=CIRCLE('',#8231,0.104783446476379);
#2856=CIRCLE('',#8232,0.114996228435887);
#2857=CIRCLE('',#8233,0.295328301483492);
#2858=CIRCLE('',#8234,2.24557802079417);
#2859=CIRCLE('',#8235,1.0413068121885);
#2860=CIRCLE('',#8236,0.315205422081482);
#2861=CIRCLE('',#8237,0.251060235139396);
#2862=CIRCLE('',#8238,0.306298887716731);
#2863=CIRCLE('',#8239,0.250795999884906);
#2864=CIRCLE('',#8240,0.393092138000526);
#2865=CIRCLE('',#8241,0.142617355509356);
#2866=CIRCLE('',#8242,0.0956061241035768);
#2867=CIRCLE('',#8243,0.126488589561685);
#2868=CIRCLE('',#8244,0.096049409180169);
#2869=CIRCLE('',#8245,0.258514471753756);
#2870=CIRCLE('',#8247,0.0956061241035768);
#2871=CIRCLE('',#8249,0.142617355509356);
#2872=CIRCLE('',#8251,0.393092138000526);
#2873=CIRCLE('',#8254,0.252719711765339);
#2874=CIRCLE('',#8259,0.329007168378324);
#2875=CIRCLE('',#8262,0.260589101648891);
#2876=CIRCLE('',#8264,0.283402901726871);
#2877=CIRCLE('',#8266,0.312327262725583);
#2878=CIRCLE('',#8268,0.24518189931251);
#2879=CIRCLE('',#8270,0.687038681451472);
#2880=CIRCLE('',#8272,0.82233805025872);
#2881=CIRCLE('',#8274,1.17076441747832);
#2882=CIRCLE('',#8277,0.258514471753756);
#2883=CIRCLE('',#8279,0.096049409180169);
#2884=CIRCLE('',#8281,0.126488589561685);
#2885=CIRCLE('',#8283,0.57525353574457);
#2886=CIRCLE('',#8285,0.250795999884906);
#2887=CIRCLE('',#8287,0.306298887716731);
#2888=CIRCLE('',#8289,0.251060235139396);
#2889=CIRCLE('',#8291,0.315205422081482);
#2890=CIRCLE('',#8293,1.0413068121885);
#2891=CIRCLE('',#8297,2.24557802079417);
#2892=CIRCLE('',#8299,0.295328301483492);
#2893=CIRCLE('',#8301,0.114996228435887);
#2894=CIRCLE('',#8303,0.104783446476379);
#2895=CIRCLE('',#8305,0.0707834045615153);
#2896=CIRCLE('',#8308,0.297484050175667);
#2897=CIRCLE('',#8309,0.297484050210606);
#2898=CIRCLE('',#8310,0.337148101225257);
#2899=CIRCLE('',#8311,0.734845305421374);
#2900=CIRCLE('',#8312,0.859968874369411);
#2901=CIRCLE('',#8313,0.91645559478943);
#2902=CIRCLE('',#8314,1.18798311822572);
#2903=CIRCLE('',#8315,0.546944574812025);
#2904=CIRCLE('',#8316,0.286062011723766);
#2905=CIRCLE('',#8317,0.208419506057828);
#2906=CIRCLE('',#8318,0.333339868991698);
#2907=CIRCLE('',#8319,0.33333986893639);
#2908=CIRCLE('',#8320,0.208419506110326);
#2909=CIRCLE('',#8321,0.28606201170535);
#2910=CIRCLE('',#8322,0.546944574792909);
#2911=CIRCLE('',#8323,1.18798311822572);
#2912=CIRCLE('',#8324,0.91645559478943);
#2913=CIRCLE('',#8325,0.859968874359365);
#2914=CIRCLE('',#8326,0.734845305440224);
#2915=CIRCLE('',#8327,0.337148101258277);
#2916=CIRCLE('',#8328,0.0793600118485286);
#2917=CIRCLE('',#8329,0.0835362366658609);
#2918=CIRCLE('',#8330,0.242352107726593);
#2919=CIRCLE('',#8331,0.738194569992833);
#2920=CIRCLE('',#8332,1.02714503509939);
#2921=CIRCLE('',#8333,0.93736887210124);
#2922=CIRCLE('',#8334,0.495368040127057);
#2923=CIRCLE('',#8335,0.161959675586779);
#2924=CIRCLE('',#8336,0.132744639751615);
#2925=CIRCLE('',#8337,0.132744639729367);
#2926=CIRCLE('',#8338,0.161959675586653);
#2927=CIRCLE('',#8339,0.495368040128276);
#2928=CIRCLE('',#8340,0.937368872099455);
#2929=CIRCLE('',#8341,1.02714503509503);
#2930=CIRCLE('',#8342,0.738194569996786);
#2931=CIRCLE('',#8343,0.242352107776775);
#2932=CIRCLE('',#8344,0.0835362366660404);
#2933=CIRCLE('',#8345,0.0793600117843436);
#2934=CIRCLE('',#8347,0.0793600117843436);
#2935=CIRCLE('',#8349,0.0835362366660404);
#2936=CIRCLE('',#8352,0.242352107776775);
#2937=CIRCLE('',#8354,0.738194569996786);
#2938=CIRCLE('',#8356,1.02714503509503);
#2939=CIRCLE('',#8358,0.937368872099455);
#2940=CIRCLE('',#8360,0.495368040128276);
#2941=CIRCLE('',#8362,0.161959675586653);
#2942=CIRCLE('',#8364,0.132744639729367);
#2943=CIRCLE('',#8367,0.337148101258277);
#2944=CIRCLE('',#8369,0.734845305440224);
#2945=CIRCLE('',#8371,0.859968874359365);
#2946=CIRCLE('',#8373,0.91645559478943);
#2947=CIRCLE('',#8375,1.18798311822572);
#2948=CIRCLE('',#8377,0.546944574792909);
#2949=CIRCLE('',#8379,0.28606201170535);
#2950=CIRCLE('',#8381,0.208419506110326);
#2951=CIRCLE('',#8383,0.33333986893639);
#2952=CIRCLE('',#8385,0.333339868991698);
#2953=CIRCLE('',#8387,0.132744639751615);
#2954=CIRCLE('',#8389,0.161959675586779);
#2955=CIRCLE('',#8391,0.495368040127057);
#2956=CIRCLE('',#8393,0.93736887210124);
#2957=CIRCLE('',#8395,1.02714503509939);
#2958=CIRCLE('',#8397,0.738194569992833);
#2959=CIRCLE('',#8399,0.242352107726593);
#2960=CIRCLE('',#8402,0.0835362366658609);
#2961=CIRCLE('',#8404,0.0793600118485286);
#2962=CIRCLE('',#8406,0.208419506057828);
#2963=CIRCLE('',#8408,0.286062011723766);
#2964=CIRCLE('',#8410,0.546944574812025);
#2965=CIRCLE('',#8412,1.18798311822572);
#2966=CIRCLE('',#8414,0.91645559478943);
#2967=CIRCLE('',#8416,0.859968874369411);
#2968=CIRCLE('',#8418,0.734845305421374);
#2969=CIRCLE('',#8420,0.337148101225257);
#2970=CIRCLE('',#8423,0.297484050210606);
#2971=CIRCLE('',#8425,0.297484050175667);
#2972=CIRCLE('',#8428,0.219731094272721);
#2973=CIRCLE('',#8430,0.219731094272721);
#2974=CIRCLE('',#8439,0.691639683143581);
#2975=CIRCLE('',#8440,0.691639683143581);
#2976=CIRCLE('',#8442,0.463883335230382);
#2977=CIRCLE('',#8443,0.435919048527325);
#2978=CIRCLE('',#8444,0.581032937260093);
#2979=CIRCLE('',#8445,0.749690373633075);
#2980=CIRCLE('',#8446,0.95870167607026);
#2981=CIRCLE('',#8447,1.19005660662057);
#2982=CIRCLE('',#8448,0.974358690985006);
#2983=CIRCLE('',#8449,0.781514078243587);
#2984=CIRCLE('',#8450,2.11500800617312);
#2985=CIRCLE('',#8451,0.315701430611536);
#2986=CIRCLE('',#8452,1.15662234114178);
#2987=CIRCLE('',#8453,0.992616060788111);
#2988=CIRCLE('',#8454,1.35592145314429);
#2989=CIRCLE('',#8455,1.19747536911396);
#2990=CIRCLE('',#8456,1.14872964739866);
#2991=CIRCLE('',#8457,0.789350911171302);
#2992=CIRCLE('',#8458,0.500192678144397);
#2993=CIRCLE('',#8459,0.467954463879392);
#2994=CIRCLE('',#8460,0.615220000814092);
#2995=CIRCLE('',#8461,0.834610286078783);
#2996=CIRCLE('',#8462,0.315701430623256);
#2997=CIRCLE('',#8464,0.315701430623256);
#2998=CIRCLE('',#8466,0.834610286078783);
#2999=CIRCLE('',#8468,0.615220000814092);
#3000=CIRCLE('',#8470,0.467954463879392);
#3001=CIRCLE('',#8472,0.500192678144397);
#3002=CIRCLE('',#8474,0.789350911171302);
#3003=CIRCLE('',#8476,1.14872964739866);
#3004=CIRCLE('',#8478,1.19747536911396);
#3005=CIRCLE('',#8480,1.35592145314429);
#3006=CIRCLE('',#8482,0.992616060788111);
#3007=CIRCLE('',#8485,1.15662234114178);
#3008=CIRCLE('',#8487,0.315701430611536);
#3009=CIRCLE('',#8489,2.11500800617312);
#3010=CIRCLE('',#8493,0.781514078243587);
#3011=CIRCLE('',#8495,0.974358690985006);
#3012=CIRCLE('',#8497,1.19005660662057);
#3013=CIRCLE('',#8499,0.95870167607026);
#3014=CIRCLE('',#8501,0.749690373633075);
#3015=CIRCLE('',#8503,0.581032937260093);
#3016=CIRCLE('',#8505,0.435919048527325);
#3017=CIRCLE('',#8507,0.463883335230382);
#3018=CIRCLE('',#8510,0.1);
#3019=CIRCLE('',#8511,0.1);
#3020=CIRCLE('',#8512,0.1);
#3021=CIRCLE('',#8515,0.1);
#3022=CIRCLE('',#8527,1.52);
#3023=CIRCLE('',#8530,0.1);
#3024=CIRCLE('',#8535,0.1);
#3025=CIRCLE('',#8537,0.1);
#3026=CIRCLE('',#8540,0.1);
#3027=CIRCLE('',#8541,0.1);
#3028=CIRCLE('',#8566,0.1);
#3029=CIRCLE('',#8569,0.1);
#3030=CIRCLE('',#8570,0.1);
#3031=CIRCLE('',#8571,0.1);
#3032=CIRCLE('',#8572,0.2);
#3033=CIRCLE('',#8573,0.2);
#3034=CIRCLE('',#8574,0.1);
#3035=CIRCLE('',#8575,0.1);
#3036=CIRCLE('',#8576,0.1);
#3037=CIRCLE('',#8577,0.1);
#3038=CIRCLE('',#8578,0.2);
#3039=CIRCLE('',#8579,0.2);
#3040=CIRCLE('',#8584,0.1);
#3041=CIRCLE('',#8588,0.1);
#3042=CIRCLE('',#8602,0.1);
#3043=CIRCLE('',#8636,0.1);
#3044=CIRCLE('',#8640,0.1);
#3045=CIRCLE('',#8648,0.1);
#3046=CIRCLE('',#8652,0.1);
#3047=CIRCLE('',#8654,0.1);
#3048=CIRCLE('',#8656,0.1);
#3049=CIRCLE('',#8659,0.100000000000001);
#3050=CIRCLE('',#8661,0.099999999999997);
#3051=CIRCLE('',#8665,1.5);
#3052=CIRCLE('',#8667,1.5);
#3053=CIRCLE('',#8669,1.48);
#3054=CIRCLE('',#8675,0.05);
#3055=CIRCLE('',#8676,0.0499999999999997);
#3056=CIRCLE('',#8677,0.05);
#3057=CIRCLE('',#8679,0.05);
#3058=CIRCLE('',#8680,0.05);
#3059=CIRCLE('',#8681,0.05);
#3060=CIRCLE('',#8684,0.05);
#3061=CIRCLE('',#8690,0.05);
#3062=CIRCLE('',#8694,0.05);
#3063=CIRCLE('',#8695,0.0499999999999997);
#3064=CIRCLE('',#8696,0.05);
#3065=CIRCLE('',#8698,0.05);
#3066=CIRCLE('',#8699,0.0500000000000001);
#3067=CIRCLE('',#8700,0.05);
#3068=CIRCLE('',#8702,0.05);
#3069=CIRCLE('',#8709,0.05);
#3070=CIRCLE('',#8713,0.05);
#3071=CIRCLE('',#8714,0.0499999999999997);
#3072=CIRCLE('',#8715,0.05);
#3073=CIRCLE('',#8717,0.05);
#3074=CIRCLE('',#8718,0.05);
#3075=CIRCLE('',#8719,0.05);
#3076=CIRCLE('',#8722,0.05);
#3077=CIRCLE('',#8728,0.05);
#3078=CIRCLE('',#8732,0.05);
#3079=CIRCLE('',#8733,0.0499999999999997);
#3080=CIRCLE('',#8734,0.05);
#3081=CIRCLE('',#8736,0.05);
#3082=CIRCLE('',#8737,0.0500000000000001);
#3083=CIRCLE('',#8738,0.05);
#3084=CIRCLE('',#8740,0.05);
#3085=CIRCLE('',#8747,0.05);
#3086=CIRCLE('',#8751,0.05);
#3087=CIRCLE('',#8752,0.0499999999999997);
#3088=CIRCLE('',#8753,0.05);
#3089=CIRCLE('',#8755,0.05);
#3090=CIRCLE('',#8756,0.05);
#3091=CIRCLE('',#8757,0.05);
#3092=CIRCLE('',#8760,0.05);
#3093=CIRCLE('',#8766,0.05);
#3094=CIRCLE('',#8770,0.05);
#3095=CIRCLE('',#8771,0.0499999999999997);
#3096=CIRCLE('',#8772,0.05);
#3097=CIRCLE('',#8774,0.05);
#3098=CIRCLE('',#8775,0.0499999999999998);
#3099=CIRCLE('',#8776,0.05);
#3100=CIRCLE('',#8778,0.05);
#3101=CIRCLE('',#8785,0.05);
#3102=CIRCLE('',#8826,0.05);
#3103=CIRCLE('',#8827,0.05);
#3104=CIRCLE('',#8833,0.05);
#3105=CIRCLE('',#8836,0.05);
#3106=CIRCLE('',#8839,0.05);
#3107=CIRCLE('',#8841,0.05);
#3108=CIRCLE('',#8843,0.0499999999999997);
#3109=CIRCLE('',#8844,0.05);
#3110=CIRCLE('',#8853,0.05);
#3111=CIRCLE('',#8854,0.05);
#3112=CIRCLE('',#8861,0.05);
#3113=CIRCLE('',#8863,0.05);
#3114=CIRCLE('',#8866,0.05);
#3115=CIRCLE('',#8868,0.05);
#3116=CIRCLE('',#8869,0.05);
#3117=CIRCLE('',#8871,0.05);
#3118=VERTEX_POINT('',#11388);
#3119=VERTEX_POINT('',#11389);
#3120=VERTEX_POINT('',#11391);
#3121=VERTEX_POINT('',#11393);
#3122=VERTEX_POINT('',#11395);
#3123=VERTEX_POINT('',#11397);
#3124=VERTEX_POINT('',#11399);
#3125=VERTEX_POINT('',#11401);
#3126=VERTEX_POINT('',#11403);
#3127=VERTEX_POINT('',#11405);
#3128=VERTEX_POINT('',#11407);
#3129=VERTEX_POINT('',#11409);
#3130=VERTEX_POINT('',#11411);
#3131=VERTEX_POINT('',#11413);
#3132=VERTEX_POINT('',#11415);
#3133=VERTEX_POINT('',#11419);
#3134=VERTEX_POINT('',#11421);
#3135=VERTEX_POINT('',#11425);
#3136=VERTEX_POINT('',#11429);
#3137=VERTEX_POINT('',#11433);
#3138=VERTEX_POINT('',#11437);
#3139=VERTEX_POINT('',#11441);
#3140=VERTEX_POINT('',#11445);
#3141=VERTEX_POINT('',#11449);
#3142=VERTEX_POINT('',#11453);
#3143=VERTEX_POINT('',#11457);
#3144=VERTEX_POINT('',#11461);
#3145=VERTEX_POINT('',#11465);
#3146=VERTEX_POINT('',#11469);
#3147=VERTEX_POINT('',#11473);
#3148=VERTEX_POINT('',#11480);
#3149=VERTEX_POINT('',#11481);
#3150=VERTEX_POINT('',#11483);
#3151=VERTEX_POINT('',#11485);
#3152=VERTEX_POINT('',#11487);
#3153=VERTEX_POINT('',#11489);
#3154=VERTEX_POINT('',#11491);
#3155=VERTEX_POINT('',#11493);
#3156=VERTEX_POINT('',#11495);
#3157=VERTEX_POINT('',#11497);
#3158=VERTEX_POINT('',#11499);
#3159=VERTEX_POINT('',#11501);
#3160=VERTEX_POINT('',#11503);
#3161=VERTEX_POINT('',#11505);
#3162=VERTEX_POINT('',#11507);
#3163=VERTEX_POINT('',#11511);
#3164=VERTEX_POINT('',#11513);
#3165=VERTEX_POINT('',#11517);
#3166=VERTEX_POINT('',#11521);
#3167=VERTEX_POINT('',#11525);
#3168=VERTEX_POINT('',#11529);
#3169=VERTEX_POINT('',#11533);
#3170=VERTEX_POINT('',#11537);
#3171=VERTEX_POINT('',#11541);
#3172=VERTEX_POINT('',#11545);
#3173=VERTEX_POINT('',#11549);
#3174=VERTEX_POINT('',#11553);
#3175=VERTEX_POINT('',#11557);
#3176=VERTEX_POINT('',#11561);
#3177=VERTEX_POINT('',#11565);
#3178=VERTEX_POINT('',#11572);
#3179=VERTEX_POINT('',#11574);
#3180=VERTEX_POINT('',#11579);
#3181=VERTEX_POINT('',#11580);
#3182=VERTEX_POINT('',#11582);
#3183=VERTEX_POINT('',#11584);
#3184=VERTEX_POINT('',#11586);
#3185=VERTEX_POINT('',#11588);
#3186=VERTEX_POINT('',#11590);
#3187=VERTEX_POINT('',#11592);
#3188=VERTEX_POINT('',#11594);
#3189=VERTEX_POINT('',#11596);
#3190=VERTEX_POINT('',#11598);
#3191=VERTEX_POINT('',#11600);
#3192=VERTEX_POINT('',#11602);
#3193=VERTEX_POINT('',#11604);
#3194=VERTEX_POINT('',#11606);
#3195=VERTEX_POINT('',#11610);
#3196=VERTEX_POINT('',#11612);
#3197=VERTEX_POINT('',#11616);
#3198=VERTEX_POINT('',#11620);
#3199=VERTEX_POINT('',#11624);
#3200=VERTEX_POINT('',#11628);
#3201=VERTEX_POINT('',#11632);
#3202=VERTEX_POINT('',#11636);
#3203=VERTEX_POINT('',#11640);
#3204=VERTEX_POINT('',#11644);
#3205=VERTEX_POINT('',#11648);
#3206=VERTEX_POINT('',#11652);
#3207=VERTEX_POINT('',#11656);
#3208=VERTEX_POINT('',#11660);
#3209=VERTEX_POINT('',#11664);
#3210=VERTEX_POINT('',#11671);
#3211=VERTEX_POINT('',#11672);
#3212=VERTEX_POINT('',#11674);
#3213=VERTEX_POINT('',#11676);
#3214=VERTEX_POINT('',#11680);
#3215=VERTEX_POINT('',#11681);
#3216=VERTEX_POINT('',#11686);
#3217=VERTEX_POINT('',#11690);
#3218=VERTEX_POINT('',#11697);
#3219=VERTEX_POINT('',#11698);
#3220=VERTEX_POINT('',#11700);
#3221=VERTEX_POINT('',#11702);
#3222=VERTEX_POINT('',#11704);
#3223=VERTEX_POINT('',#11706);
#3224=VERTEX_POINT('',#11708);
#3225=VERTEX_POINT('',#11710);
#3226=VERTEX_POINT('',#11712);
#3227=VERTEX_POINT('',#11714);
#3228=VERTEX_POINT('',#11716);
#3229=VERTEX_POINT('',#11718);
#3230=VERTEX_POINT('',#11720);
#3231=VERTEX_POINT('',#11722);
#3232=VERTEX_POINT('',#11724);
#3233=VERTEX_POINT('',#11726);
#3234=VERTEX_POINT('',#11728);
#3235=VERTEX_POINT('',#11730);
#3236=VERTEX_POINT('',#11732);
#3237=VERTEX_POINT('',#11736);
#3238=VERTEX_POINT('',#11738);
#3239=VERTEX_POINT('',#11742);
#3240=VERTEX_POINT('',#11746);
#3241=VERTEX_POINT('',#11750);
#3242=VERTEX_POINT('',#11754);
#3243=VERTEX_POINT('',#11758);
#3244=VERTEX_POINT('',#11762);
#3245=VERTEX_POINT('',#11766);
#3246=VERTEX_POINT('',#11770);
#3247=VERTEX_POINT('',#11774);
#3248=VERTEX_POINT('',#11778);
#3249=VERTEX_POINT('',#11782);
#3250=VERTEX_POINT('',#11786);
#3251=VERTEX_POINT('',#11790);
#3252=VERTEX_POINT('',#11794);
#3253=VERTEX_POINT('',#11798);
#3254=VERTEX_POINT('',#11802);
#3255=VERTEX_POINT('',#11806);
#3256=VERTEX_POINT('',#11813);
#3257=VERTEX_POINT('',#11814);
#3258=VERTEX_POINT('',#11816);
#3259=VERTEX_POINT('',#11818);
#3260=VERTEX_POINT('',#11822);
#3261=VERTEX_POINT('',#11823);
#3262=VERTEX_POINT('',#11828);
#3263=VERTEX_POINT('',#11832);
#3264=VERTEX_POINT('',#11839);
#3265=VERTEX_POINT('',#11840);
#3266=VERTEX_POINT('',#11842);
#3267=VERTEX_POINT('',#11844);
#3268=VERTEX_POINT('',#11846);
#3269=VERTEX_POINT('',#11848);
#3270=VERTEX_POINT('',#11850);
#3271=VERTEX_POINT('',#11852);
#3272=VERTEX_POINT('',#11854);
#3273=VERTEX_POINT('',#11856);
#3274=VERTEX_POINT('',#11858);
#3275=VERTEX_POINT('',#11860);
#3276=VERTEX_POINT('',#11862);
#3277=VERTEX_POINT('',#11864);
#3278=VERTEX_POINT('',#11866);
#3279=VERTEX_POINT('',#11868);
#3280=VERTEX_POINT('',#11870);
#3281=VERTEX_POINT('',#11872);
#3282=VERTEX_POINT('',#11874);
#3283=VERTEX_POINT('',#11876);
#3284=VERTEX_POINT('',#11878);
#3285=VERTEX_POINT('',#11880);
#3286=VERTEX_POINT('',#11882);
#3287=VERTEX_POINT('',#11884);
#3288=VERTEX_POINT('',#11886);
#3289=VERTEX_POINT('',#11888);
#3290=VERTEX_POINT('',#11891);
#3291=VERTEX_POINT('',#11892);
#3292=VERTEX_POINT('',#11894);
#3293=VERTEX_POINT('',#11896);
#3294=VERTEX_POINT('',#11898);
#3295=VERTEX_POINT('',#11900);
#3296=VERTEX_POINT('',#11902);
#3297=VERTEX_POINT('',#11904);
#3298=VERTEX_POINT('',#11908);
#3299=VERTEX_POINT('',#11910);
#3300=VERTEX_POINT('',#11914);
#3301=VERTEX_POINT('',#11918);
#3302=VERTEX_POINT('',#11922);
#3303=VERTEX_POINT('',#11926);
#3304=VERTEX_POINT('',#11928);
#3305=VERTEX_POINT('',#11932);
#3306=VERTEX_POINT('',#11936);
#3307=VERTEX_POINT('',#11940);
#3308=VERTEX_POINT('',#11944);
#3309=VERTEX_POINT('',#11948);
#3310=VERTEX_POINT('',#11952);
#3311=VERTEX_POINT('',#11956);
#3312=VERTEX_POINT('',#11960);
#3313=VERTEX_POINT('',#11964);
#3314=VERTEX_POINT('',#11968);
#3315=VERTEX_POINT('',#11972);
#3316=VERTEX_POINT('',#11976);
#3317=VERTEX_POINT('',#11980);
#3318=VERTEX_POINT('',#11984);
#3319=VERTEX_POINT('',#11988);
#3320=VERTEX_POINT('',#11994);
#3321=VERTEX_POINT('',#11998);
#3322=VERTEX_POINT('',#12002);
#3323=VERTEX_POINT('',#12006);
#3324=VERTEX_POINT('',#12010);
#3325=VERTEX_POINT('',#12014);
#3326=VERTEX_POINT('',#12018);
#3327=VERTEX_POINT('',#12022);
#3328=VERTEX_POINT('',#12026);
#3329=VERTEX_POINT('',#12030);
#3330=VERTEX_POINT('',#12034);
#3331=VERTEX_POINT('',#12038);
#3332=VERTEX_POINT('',#12045);
#3333=VERTEX_POINT('',#12046);
#3334=VERTEX_POINT('',#12048);
#3335=VERTEX_POINT('',#12050);
#3336=VERTEX_POINT('',#12052);
#3337=VERTEX_POINT('',#12054);
#3338=VERTEX_POINT('',#12056);
#3339=VERTEX_POINT('',#12058);
#3340=VERTEX_POINT('',#12060);
#3341=VERTEX_POINT('',#12062);
#3342=VERTEX_POINT('',#12064);
#3343=VERTEX_POINT('',#12066);
#3344=VERTEX_POINT('',#12068);
#3345=VERTEX_POINT('',#12070);
#3346=VERTEX_POINT('',#12072);
#3347=VERTEX_POINT('',#12074);
#3348=VERTEX_POINT('',#12076);
#3349=VERTEX_POINT('',#12078);
#3350=VERTEX_POINT('',#12080);
#3351=VERTEX_POINT('',#12082);
#3352=VERTEX_POINT('',#12084);
#3353=VERTEX_POINT('',#12086);
#3354=VERTEX_POINT('',#12089);
#3355=VERTEX_POINT('',#12090);
#3356=VERTEX_POINT('',#12092);
#3357=VERTEX_POINT('',#12094);
#3358=VERTEX_POINT('',#12096);
#3359=VERTEX_POINT('',#12098);
#3360=VERTEX_POINT('',#12100);
#3361=VERTEX_POINT('',#12102);
#3362=VERTEX_POINT('',#12104);
#3363=VERTEX_POINT('',#12106);
#3364=VERTEX_POINT('',#12108);
#3365=VERTEX_POINT('',#12110);
#3366=VERTEX_POINT('',#12112);
#3367=VERTEX_POINT('',#12114);
#3368=VERTEX_POINT('',#12116);
#3369=VERTEX_POINT('',#12118);
#3370=VERTEX_POINT('',#12120);
#3371=VERTEX_POINT('',#12122);
#3372=VERTEX_POINT('',#12124);
#3373=VERTEX_POINT('',#12126);
#3374=VERTEX_POINT('',#12130);
#3375=VERTEX_POINT('',#12131);
#3376=VERTEX_POINT('',#12136);
#3377=VERTEX_POINT('',#12140);
#3378=VERTEX_POINT('',#12144);
#3379=VERTEX_POINT('',#12148);
#3380=VERTEX_POINT('',#12152);
#3381=VERTEX_POINT('',#12156);
#3382=VERTEX_POINT('',#12160);
#3383=VERTEX_POINT('',#12164);
#3384=VERTEX_POINT('',#12168);
#3385=VERTEX_POINT('',#12172);
#3386=VERTEX_POINT('',#12173);
#3387=VERTEX_POINT('',#12178);
#3388=VERTEX_POINT('',#12182);
#3389=VERTEX_POINT('',#12186);
#3390=VERTEX_POINT('',#12190);
#3391=VERTEX_POINT('',#12194);
#3392=VERTEX_POINT('',#12198);
#3393=VERTEX_POINT('',#12202);
#3394=VERTEX_POINT('',#12206);
#3395=VERTEX_POINT('',#12210);
#3396=VERTEX_POINT('',#12214);
#3397=VERTEX_POINT('',#12218);
#3398=VERTEX_POINT('',#12222);
#3399=VERTEX_POINT('',#12226);
#3400=VERTEX_POINT('',#12230);
#3401=VERTEX_POINT('',#12234);
#3402=VERTEX_POINT('',#12238);
#3403=VERTEX_POINT('',#12242);
#3404=VERTEX_POINT('',#12246);
#3405=VERTEX_POINT('',#12250);
#3406=VERTEX_POINT('',#12256);
#3407=VERTEX_POINT('',#12260);
#3408=VERTEX_POINT('',#12264);
#3409=VERTEX_POINT('',#12268);
#3410=VERTEX_POINT('',#12272);
#3411=VERTEX_POINT('',#12276);
#3412=VERTEX_POINT('',#12280);
#3413=VERTEX_POINT('',#12284);
#3414=VERTEX_POINT('',#12288);
#3415=VERTEX_POINT('',#12292);
#3416=VERTEX_POINT('',#12299);
#3417=VERTEX_POINT('',#12302);
#3418=VERTEX_POINT('',#12306);
#3419=VERTEX_POINT('',#12307);
#3420=VERTEX_POINT('',#12309);
#3421=VERTEX_POINT('',#12311);
#3422=VERTEX_POINT('',#12315);
#3423=VERTEX_POINT('',#12317);
#3424=VERTEX_POINT('',#12321);
#3425=VERTEX_POINT('',#12325);
#3426=VERTEX_POINT('',#12332);
#3427=VERTEX_POINT('',#12333);
#3428=VERTEX_POINT('',#12335);
#3429=VERTEX_POINT('',#12337);
#3430=VERTEX_POINT('',#12341);
#3431=VERTEX_POINT('',#12343);
#3432=VERTEX_POINT('',#12345);
#3433=VERTEX_POINT('',#12347);
#3434=VERTEX_POINT('',#12349);
#3435=VERTEX_POINT('',#12351);
#3436=VERTEX_POINT('',#12353);
#3437=VERTEX_POINT('',#12355);
#3438=VERTEX_POINT('',#12357);
#3439=VERTEX_POINT('',#12359);
#3440=VERTEX_POINT('',#12361);
#3441=VERTEX_POINT('',#12363);
#3442=VERTEX_POINT('',#12365);
#3443=VERTEX_POINT('',#12367);
#3444=VERTEX_POINT('',#12369);
#3445=VERTEX_POINT('',#12371);
#3446=VERTEX_POINT('',#12373);
#3447=VERTEX_POINT('',#12375);
#3448=VERTEX_POINT('',#12377);
#3449=VERTEX_POINT('',#12379);
#3450=VERTEX_POINT('',#12381);
#3451=VERTEX_POINT('',#12383);
#3452=VERTEX_POINT('',#12385);
#3453=VERTEX_POINT('',#12389);
#3454=VERTEX_POINT('',#12393);
#3455=VERTEX_POINT('',#12397);
#3456=VERTEX_POINT('',#12401);
#3457=VERTEX_POINT('',#12405);
#3458=VERTEX_POINT('',#12409);
#3459=VERTEX_POINT('',#12413);
#3460=VERTEX_POINT('',#12417);
#3461=VERTEX_POINT('',#12421);
#3462=VERTEX_POINT('',#12425);
#3463=VERTEX_POINT('',#12429);
#3464=VERTEX_POINT('',#12433);
#3465=VERTEX_POINT('',#12437);
#3466=VERTEX_POINT('',#12441);
#3467=VERTEX_POINT('',#12445);
#3468=VERTEX_POINT('',#12449);
#3469=VERTEX_POINT('',#12453);
#3470=VERTEX_POINT('',#12457);
#3471=VERTEX_POINT('',#12461);
#3472=VERTEX_POINT('',#12465);
#3473=VERTEX_POINT('',#12469);
#3474=VERTEX_POINT('',#12473);
#3475=VERTEX_POINT('',#12477);
#3476=VERTEX_POINT('',#12484);
#3477=VERTEX_POINT('',#12485);
#3478=VERTEX_POINT('',#12487);
#3479=VERTEX_POINT('',#12489);
#3480=VERTEX_POINT('',#12517);
#3481=VERTEX_POINT('',#12518);
#3482=VERTEX_POINT('',#12547);
#3483=VERTEX_POINT('',#12548);
#3484=VERTEX_POINT('',#12553);
#3485=VERTEX_POINT('',#12554);
#3486=VERTEX_POINT('',#12557);
#3487=VERTEX_POINT('',#12561);
#3488=VERTEX_POINT('',#12562);
#3489=VERTEX_POINT('',#12565);
#3490=VERTEX_POINT('',#12569);
#3491=VERTEX_POINT('',#12571);
#3492=VERTEX_POINT('',#12573);
#3493=VERTEX_POINT('',#12575);
#3494=VERTEX_POINT('',#12577);
#3495=VERTEX_POINT('',#12579);
#3496=VERTEX_POINT('',#12581);
#3497=VERTEX_POINT('',#12583);
#3498=VERTEX_POINT('',#12585);
#3499=VERTEX_POINT('',#12587);
#3500=VERTEX_POINT('',#12590);
#3501=VERTEX_POINT('',#12593);
#3502=VERTEX_POINT('',#12595);
#3503=VERTEX_POINT('',#12599);
#3504=VERTEX_POINT('',#12601);
#3505=VERTEX_POINT('',#12605);
#3506=VERTEX_POINT('',#12607);
#3507=VERTEX_POINT('',#12609);
#3508=VERTEX_POINT('',#12637);
#3509=VERTEX_POINT('',#12641);
#3510=VERTEX_POINT('',#12669);
#3511=VERTEX_POINT('',#12673);
#3512=VERTEX_POINT('',#12674);
#3513=VERTEX_POINT('',#12679);
#3514=VERTEX_POINT('',#12681);
#3515=VERTEX_POINT('',#12683);
#3516=VERTEX_POINT('',#12687);
#3517=VERTEX_POINT('',#12689);
#3518=VERTEX_POINT('',#12691);
#3519=VERTEX_POINT('',#12695);
#3520=VERTEX_POINT('',#12699);
#3521=VERTEX_POINT('',#12701);
#3522=VERTEX_POINT('',#12703);
#3523=VERTEX_POINT('',#12707);
#3524=VERTEX_POINT('',#12711);
#3525=VERTEX_POINT('',#12713);
#3526=VERTEX_POINT('',#12715);
#3527=VERTEX_POINT('',#12719);
#3528=VERTEX_POINT('',#12721);
#3529=VERTEX_POINT('',#12725);
#3530=VERTEX_POINT('',#12726);
#3531=VERTEX_POINT('',#12729);
#3532=VERTEX_POINT('',#12733);
#3533=VERTEX_POINT('',#12735);
#3534=VERTEX_POINT('',#12737);
#3535=VERTEX_POINT('',#12739);
#3536=VERTEX_POINT('',#12741);
#3537=VERTEX_POINT('',#12743);
#3538=VERTEX_POINT('',#12745);
#3539=VERTEX_POINT('',#12747);
#3540=VERTEX_POINT('',#12749);
#3541=VERTEX_POINT('',#12751);
#3542=VERTEX_POINT('',#12753);
#3543=VERTEX_POINT('',#12755);
#3544=VERTEX_POINT('',#12757);
#3545=VERTEX_POINT('',#12759);
#3546=VERTEX_POINT('',#12761);
#3547=VERTEX_POINT('',#12763);
#3548=VERTEX_POINT('',#12765);
#3549=VERTEX_POINT('',#12767);
#3550=VERTEX_POINT('',#12769);
#3551=VERTEX_POINT('',#12771);
#3552=VERTEX_POINT('',#12773);
#3553=VERTEX_POINT('',#12775);
#3554=VERTEX_POINT('',#12779);
#3555=VERTEX_POINT('',#12783);
#3556=VERTEX_POINT('',#12785);
#3557=VERTEX_POINT('',#12791);
#3558=VERTEX_POINT('',#12796);
#3559=VERTEX_POINT('',#12800);
#3560=VERTEX_POINT('',#12802);
#3561=VERTEX_POINT('',#12808);
#3562=VERTEX_POINT('',#12810);
#3563=VERTEX_POINT('',#12812);
#3564=VERTEX_POINT('',#12814);
#3565=VERTEX_POINT('',#12818);
#3566=VERTEX_POINT('',#12823);
#3567=VERTEX_POINT('',#12827);
#3568=VERTEX_POINT('',#12829);
#3569=VERTEX_POINT('',#12835);
#3570=VERTEX_POINT('',#12838);
#3571=VERTEX_POINT('',#12842);
#3572=VERTEX_POINT('',#12844);
#3573=VERTEX_POINT('',#12850);
#3574=VERTEX_POINT('',#12854);
#3575=VERTEX_POINT('',#12856);
#3576=VERTEX_POINT('',#12858);
#3577=VERTEX_POINT('',#12860);
#3578=VERTEX_POINT('',#12870);
#3579=VERTEX_POINT('',#12872);
#3580=VERTEX_POINT('',#12874);
#3581=VERTEX_POINT('',#12893);
#3582=VERTEX_POINT('',#12894);
#3583=VERTEX_POINT('',#12899);
#3584=VERTEX_POINT('',#12903);
#3585=VERTEX_POINT('',#12905);
#3586=VERTEX_POINT('',#12907);
#3587=VERTEX_POINT('',#12917);
#3588=VERTEX_POINT('',#12918);
#3589=VERTEX_POINT('',#12923);
#3590=VERTEX_POINT('',#12927);
#3591=VERTEX_POINT('',#12929);
#3592=VERTEX_POINT('',#12931);
#3593=VERTEX_POINT('',#12952);
#3594=VERTEX_POINT('',#12955);
#3595=VERTEX_POINT('',#12958);
#3596=VERTEX_POINT('',#12962);
#3597=VERTEX_POINT('',#12963);
#3598=VERTEX_POINT('',#12965);
#3599=VERTEX_POINT('',#12967);
#3600=VERTEX_POINT('',#12971);
#3601=VERTEX_POINT('',#12973);
#3602=VERTEX_POINT('',#12977);
#3603=VERTEX_POINT('',#12979);
#3604=VERTEX_POINT('',#12981);
#3605=VERTEX_POINT('',#12983);
#3606=VERTEX_POINT('',#12985);
#3607=VERTEX_POINT('',#12987);
#3608=VERTEX_POINT('',#12989);
#3609=VERTEX_POINT('',#12991);
#3610=VERTEX_POINT('',#12993);
#3611=VERTEX_POINT('',#12995);
#3612=VERTEX_POINT('',#12997);
#3613=VERTEX_POINT('',#12999);
#3614=VERTEX_POINT('',#13001);
#3615=VERTEX_POINT('',#13003);
#3616=VERTEX_POINT('',#13005);
#3617=VERTEX_POINT('',#13007);
#3618=VERTEX_POINT('',#13009);
#3619=VERTEX_POINT('',#13011);
#3620=VERTEX_POINT('',#13013);
#3621=VERTEX_POINT('',#13015);
#3622=VERTEX_POINT('',#13017);
#3623=VERTEX_POINT('',#13021);
#3624=VERTEX_POINT('',#13022);
#3625=VERTEX_POINT('',#13024);
#3626=VERTEX_POINT('',#13028);
#3627=VERTEX_POINT('',#13029);
#3628=VERTEX_POINT('',#13031);
#3629=VERTEX_POINT('',#13038);
#3630=VERTEX_POINT('',#13039);
#3631=VERTEX_POINT('',#13044);
#3632=VERTEX_POINT('',#13045);
#3633=VERTEX_POINT('',#13050);
#3634=VERTEX_POINT('',#13051);
#3635=VERTEX_POINT('',#13056);
#3636=VERTEX_POINT('',#13057);
#3637=VERTEX_POINT('',#13062);
#3638=VERTEX_POINT('',#13068);
#3639=VERTEX_POINT('',#13069);
#3640=VERTEX_POINT('',#13071);
#3641=VERTEX_POINT('',#13075);
#3642=VERTEX_POINT('',#13076);
#3643=VERTEX_POINT('',#13078);
#3644=VERTEX_POINT('',#13082);
#3645=VERTEX_POINT('',#13083);
#3646=VERTEX_POINT('',#13088);
#3647=VERTEX_POINT('',#13089);
#3648=VERTEX_POINT('',#13097);
#3649=VERTEX_POINT('',#13098);
#3650=VERTEX_POINT('',#13103);
#3651=VERTEX_POINT('',#13104);
#3652=VERTEX_POINT('',#13111);
#3653=VERTEX_POINT('',#13115);
#3654=VERTEX_POINT('',#13116);
#3655=VERTEX_POINT('',#13118);
#3656=VERTEX_POINT('',#13122);
#3657=VERTEX_POINT('',#13123);
#3658=VERTEX_POINT('',#13125);
#3659=VERTEX_POINT('',#13132);
#3660=VERTEX_POINT('',#13133);
#3661=VERTEX_POINT('',#13138);
#3662=VERTEX_POINT('',#13139);
#3663=VERTEX_POINT('',#13144);
#3664=VERTEX_POINT('',#13145);
#3665=VERTEX_POINT('',#13150);
#3666=VERTEX_POINT('',#13151);
#3667=VERTEX_POINT('',#13156);
#3668=VERTEX_POINT('',#13162);
#3669=VERTEX_POINT('',#13163);
#3670=VERTEX_POINT('',#13165);
#3671=VERTEX_POINT('',#13169);
#3672=VERTEX_POINT('',#13170);
#3673=VERTEX_POINT('',#13172);
#3674=VERTEX_POINT('',#13176);
#3675=VERTEX_POINT('',#13177);
#3676=VERTEX_POINT('',#13182);
#3677=VERTEX_POINT('',#13183);
#3678=VERTEX_POINT('',#13191);
#3679=VERTEX_POINT('',#13192);
#3680=VERTEX_POINT('',#13197);
#3681=VERTEX_POINT('',#13198);
#3682=VERTEX_POINT('',#13205);
#3683=VERTEX_POINT('',#13209);
#3684=VERTEX_POINT('',#13210);
#3685=VERTEX_POINT('',#13212);
#3686=VERTEX_POINT('',#13216);
#3687=VERTEX_POINT('',#13217);
#3688=VERTEX_POINT('',#13219);
#3689=VERTEX_POINT('',#13226);
#3690=VERTEX_POINT('',#13227);
#3691=VERTEX_POINT('',#13232);
#3692=VERTEX_POINT('',#13233);
#3693=VERTEX_POINT('',#13238);
#3694=VERTEX_POINT('',#13239);
#3695=VERTEX_POINT('',#13244);
#3696=VERTEX_POINT('',#13245);
#3697=VERTEX_POINT('',#13250);
#3698=VERTEX_POINT('',#13256);
#3699=VERTEX_POINT('',#13257);
#3700=VERTEX_POINT('',#13259);
#3701=VERTEX_POINT('',#13263);
#3702=VERTEX_POINT('',#13264);
#3703=VERTEX_POINT('',#13266);
#3704=VERTEX_POINT('',#13270);
#3705=VERTEX_POINT('',#13271);
#3706=VERTEX_POINT('',#13276);
#3707=VERTEX_POINT('',#13277);
#3708=VERTEX_POINT('',#13285);
#3709=VERTEX_POINT('',#13286);
#3710=VERTEX_POINT('',#13291);
#3711=VERTEX_POINT('',#13292);
#3712=VERTEX_POINT('',#13299);
#3713=VERTEX_POINT('',#13305);
#3714=VERTEX_POINT('',#13311);
#3715=VERTEX_POINT('',#13317);
#3716=VERTEX_POINT('',#13323);
#3717=VERTEX_POINT('',#13329);
#3718=VERTEX_POINT('',#13335);
#3719=VERTEX_POINT('',#13339);
#3720=VERTEX_POINT('',#13342);
#3721=VERTEX_POINT('',#13346);
#3722=VERTEX_POINT('',#13349);
#3723=VERTEX_POINT('',#13353);
#3724=VERTEX_POINT('',#13356);
#3725=VERTEX_POINT('',#13360);
#3726=VERTEX_POINT('',#13363);
#3727=VERTEX_POINT('',#13367);
#3728=VERTEX_POINT('',#13370);
#3729=VERTEX_POINT('',#13375);
#3730=VERTEX_POINT('',#13379);
#3731=VERTEX_POINT('',#13383);
#3732=VERTEX_POINT('',#13389);
#3733=VERTEX_POINT('',#13393);
#3734=VERTEX_POINT('',#13401);
#3735=VERTEX_POINT('',#13405);
#3736=VERTEX_POINT('',#13411);
#3737=VERTEX_POINT('',#13415);
#3738=VERTEX_POINT('',#13421);
#3739=VERTEX_POINT('',#13425);
#3740=VERTEX_POINT('',#13432);
#3741=VERTEX_POINT('',#13433);
#3742=VERTEX_POINT('',#13435);
#3743=VERTEX_POINT('',#13437);
#3744=VERTEX_POINT('',#13441);
#3745=VERTEX_POINT('',#13442);
#3746=VERTEX_POINT('',#13444);
#3747=VERTEX_POINT('',#13446);
#3748=VERTEX_POINT('',#13450);
#3749=VERTEX_POINT('',#13451);
#3750=VERTEX_POINT('',#13453);
#3751=VERTEX_POINT('',#13455);
#3752=VERTEX_POINT('',#13457);
#3753=VERTEX_POINT('',#13459);
#3754=VERTEX_POINT('',#13465);
#3755=VERTEX_POINT('',#13467);
#3756=VERTEX_POINT('',#13471);
#3757=VERTEX_POINT('',#13473);
#3758=VERTEX_POINT('',#13477);
#3759=VERTEX_POINT('',#13478);
#3760=VERTEX_POINT('',#13480);
#3761=VERTEX_POINT('',#13482);
#3762=VERTEX_POINT('',#13486);
#3763=VERTEX_POINT('',#13488);
#3764=VERTEX_POINT('',#13512);
#3765=VERTEX_POINT('',#13513);
#3766=VERTEX_POINT('',#13515);
#3767=VERTEX_POINT('',#13517);
#3768=VERTEX_POINT('',#13521);
#3769=VERTEX_POINT('',#13523);
#3770=VERTEX_POINT('',#13527);
#3771=VERTEX_POINT('',#13528);
#3772=VERTEX_POINT('',#13530);
#3773=VERTEX_POINT('',#13532);
#3774=VERTEX_POINT('',#13534);
#3775=VERTEX_POINT('',#13536);
#3776=VERTEX_POINT('',#13539);
#3777=VERTEX_POINT('',#13543);
#3778=VERTEX_POINT('',#13545);
#3779=VERTEX_POINT('',#13549);
#3780=VERTEX_POINT('',#13551);
#3781=VERTEX_POINT('',#13555);
#3782=VERTEX_POINT('',#13556);
#3783=VERTEX_POINT('',#13558);
#3784=VERTEX_POINT('',#13560);
#3785=VERTEX_POINT('',#13564);
#3786=VERTEX_POINT('',#13566);
#3787=VERTEX_POINT('',#13585);
#3788=VERTEX_POINT('',#13592);
#3789=VERTEX_POINT('',#13593);
#3790=VERTEX_POINT('',#13595);
#3791=VERTEX_POINT('',#13597);
#3792=VERTEX_POINT('',#13601);
#3793=VERTEX_POINT('',#13603);
#3794=VERTEX_POINT('',#13607);
#3795=VERTEX_POINT('',#13609);
#3796=VERTEX_POINT('',#13613);
#3797=VERTEX_POINT('',#13615);
#3798=VERTEX_POINT('',#13619);
#3799=VERTEX_POINT('',#13621);
#3800=VERTEX_POINT('',#13625);
#3801=VERTEX_POINT('',#13627);
#3802=VERTEX_POINT('',#13631);
#3803=VERTEX_POINT('',#13633);
#3804=VERTEX_POINT('',#13637);
#3805=VERTEX_POINT('',#13639);
#3806=VERTEX_POINT('',#13643);
#3807=VERTEX_POINT('',#13645);
#3808=VERTEX_POINT('',#13649);
#3809=VERTEX_POINT('',#13651);
#3810=VERTEX_POINT('',#13655);
#3811=VERTEX_POINT('',#13657);
#3812=VERTEX_POINT('',#13661);
#3813=VERTEX_POINT('',#13663);
#3814=VERTEX_POINT('',#13665);
#3815=VERTEX_POINT('',#13667);
#3816=VERTEX_POINT('',#13669);
#3817=VERTEX_POINT('',#13671);
#3818=VERTEX_POINT('',#13673);
#3819=VERTEX_POINT('',#13675);
#3820=VERTEX_POINT('',#13677);
#3821=VERTEX_POINT('',#13679);
#3822=VERTEX_POINT('',#13681);
#3823=VERTEX_POINT('',#13683);
#3824=VERTEX_POINT('',#13685);
#3825=VERTEX_POINT('',#13687);
#3826=VERTEX_POINT('',#13689);
#3827=VERTEX_POINT('',#13691);
#3828=VERTEX_POINT('',#13693);
#3829=VERTEX_POINT('',#13695);
#3830=VERTEX_POINT('',#13697);
#3831=VERTEX_POINT('',#13699);
#3832=VERTEX_POINT('',#13703);
#3833=VERTEX_POINT('',#13705);
#3834=VERTEX_POINT('',#13709);
#3835=VERTEX_POINT('',#13713);
#3836=VERTEX_POINT('',#13715);
#3837=VERTEX_POINT('',#13717);
#3838=VERTEX_POINT('',#13719);
#3839=VERTEX_POINT('',#13721);
#3840=VERTEX_POINT('',#13723);
#3841=VERTEX_POINT('',#13725);
#3842=VERTEX_POINT('',#13727);
#3843=VERTEX_POINT('',#13729);
#3844=VERTEX_POINT('',#13731);
#3845=VERTEX_POINT('',#13733);
#3846=VERTEX_POINT('',#13735);
#3847=VERTEX_POINT('',#13739);
#3848=VERTEX_POINT('',#13740);
#3849=VERTEX_POINT('',#13745);
#3850=VERTEX_POINT('',#13749);
#3851=VERTEX_POINT('',#13755);
#3852=VERTEX_POINT('',#13759);
#3853=VERTEX_POINT('',#13763);
#3854=VERTEX_POINT('',#13767);
#3855=VERTEX_POINT('',#13771);
#3856=VERTEX_POINT('',#13775);
#3857=VERTEX_POINT('',#13779);
#3858=VERTEX_POINT('',#13783);
#3859=VERTEX_POINT('',#13787);
#3860=VERTEX_POINT('',#13791);
#3861=VERTEX_POINT('',#13795);
#3862=VERTEX_POINT('',#13799);
#3863=VERTEX_POINT('',#13803);
#3864=VERTEX_POINT('',#13807);
#3865=VERTEX_POINT('',#13811);
#3866=VERTEX_POINT('',#13815);
#3867=VERTEX_POINT('',#13819);
#3868=VERTEX_POINT('',#13823);
#3869=VERTEX_POINT('',#13827);
#3870=VERTEX_POINT('',#13831);
#3871=VERTEX_POINT('',#13835);
#3872=VERTEX_POINT('',#13839);
#3873=VERTEX_POINT('',#13843);
#3874=VERTEX_POINT('',#13847);
#3875=VERTEX_POINT('',#13851);
#3876=EDGE_CURVE('',#3118,#3119,#2786,.T.);
#3877=EDGE_CURVE('',#3120,#3118,#1260,.T.);
#3878=EDGE_CURVE('',#3121,#3120,#1261,.T.);
#3879=EDGE_CURVE('',#3122,#3121,#1262,.T.);
#3880=EDGE_CURVE('',#3123,#3122,#1263,.T.);
#3881=EDGE_CURVE('',#3124,#3123,#1264,.T.);
#3882=EDGE_CURVE('',#3125,#3124,#2787,.T.);
#3883=EDGE_CURVE('',#3126,#3125,#2788,.T.);
#3884=EDGE_CURVE('',#3127,#3126,#2789,.T.);
#3885=EDGE_CURVE('',#3128,#3127,#1265,.T.);
#3886=EDGE_CURVE('',#3129,#3128,#1266,.T.);
#3887=EDGE_CURVE('',#3130,#3129,#1267,.T.);
#3888=EDGE_CURVE('',#3131,#3130,#2790,.T.);
#3889=EDGE_CURVE('',#3132,#3131,#2791,.T.);
#3890=EDGE_CURVE('',#3119,#3132,#2792,.T.);
#3891=EDGE_CURVE('',#3125,#3133,#1268,.T.);
#3892=EDGE_CURVE('',#3133,#3134,#2793,.T.);
#3893=EDGE_CURVE('',#3126,#3134,#1269,.T.);
#3894=EDGE_CURVE('',#3124,#3135,#1270,.T.);
#3895=EDGE_CURVE('',#3135,#3133,#2794,.T.);
#3896=EDGE_CURVE('',#3123,#3136,#1271,.T.);
#3897=EDGE_CURVE('',#3136,#3135,#1272,.T.);
#3898=EDGE_CURVE('',#3122,#3137,#1273,.T.);
#3899=EDGE_CURVE('',#3137,#3136,#1274,.T.);
#3900=EDGE_CURVE('',#3121,#3138,#1275,.T.);
#3901=EDGE_CURVE('',#3138,#3137,#1276,.T.);
#3902=EDGE_CURVE('',#3120,#3139,#1277,.T.);
#3903=EDGE_CURVE('',#3139,#3138,#1278,.T.);
#3904=EDGE_CURVE('',#3118,#3140,#1279,.T.);
#3905=EDGE_CURVE('',#3140,#3139,#1280,.T.);
#3906=EDGE_CURVE('',#3119,#3141,#1281,.T.);
#3907=EDGE_CURVE('',#3141,#3140,#2795,.T.);
#3908=EDGE_CURVE('',#3132,#3142,#1282,.T.);
#3909=EDGE_CURVE('',#3142,#3141,#2796,.T.);
#3910=EDGE_CURVE('',#3131,#3143,#1283,.T.);
#3911=EDGE_CURVE('',#3143,#3142,#2797,.T.);
#3912=EDGE_CURVE('',#3130,#3144,#1284,.T.);
#3913=EDGE_CURVE('',#3144,#3143,#2798,.T.);
#3914=EDGE_CURVE('',#3129,#3145,#1285,.T.);
#3915=EDGE_CURVE('',#3145,#3144,#1286,.T.);
#3916=EDGE_CURVE('',#3128,#3146,#1287,.T.);
#3917=EDGE_CURVE('',#3146,#3145,#1288,.T.);
#3918=EDGE_CURVE('',#3127,#3147,#1289,.T.);
#3919=EDGE_CURVE('',#3147,#3146,#1290,.T.);
#3920=EDGE_CURVE('',#3134,#3147,#2799,.T.);
#3921=EDGE_CURVE('',#3148,#3149,#2800,.T.);
#3922=EDGE_CURVE('',#3150,#3148,#1291,.T.);
#3923=EDGE_CURVE('',#3151,#3150,#1292,.T.);
#3924=EDGE_CURVE('',#3152,#3151,#1293,.T.);
#3925=EDGE_CURVE('',#3153,#3152,#1294,.T.);
#3926=EDGE_CURVE('',#3154,#3153,#1295,.T.);
#3927=EDGE_CURVE('',#3155,#3154,#2801,.T.);
#3928=EDGE_CURVE('',#3156,#3155,#2802,.T.);
#3929=EDGE_CURVE('',#3157,#3156,#2803,.T.);
#3930=EDGE_CURVE('',#3158,#3157,#1296,.T.);
#3931=EDGE_CURVE('',#3159,#3158,#1297,.T.);
#3932=EDGE_CURVE('',#3160,#3159,#1298,.T.);
#3933=EDGE_CURVE('',#3161,#3160,#2804,.T.);
#3934=EDGE_CURVE('',#3162,#3161,#2805,.T.);
#3935=EDGE_CURVE('',#3149,#3162,#2806,.T.);
#3936=EDGE_CURVE('',#3155,#3163,#1299,.T.);
#3937=EDGE_CURVE('',#3163,#3164,#2807,.T.);
#3938=EDGE_CURVE('',#3156,#3164,#1300,.T.);
#3939=EDGE_CURVE('',#3154,#3165,#1301,.T.);
#3940=EDGE_CURVE('',#3165,#3163,#2808,.T.);
#3941=EDGE_CURVE('',#3153,#3166,#1302,.T.);
#3942=EDGE_CURVE('',#3166,#3165,#1303,.T.);
#3943=EDGE_CURVE('',#3152,#3167,#1304,.T.);
#3944=EDGE_CURVE('',#3167,#3166,#1305,.T.);
#3945=EDGE_CURVE('',#3151,#3168,#1306,.T.);
#3946=EDGE_CURVE('',#3168,#3167,#1307,.T.);
#3947=EDGE_CURVE('',#3150,#3169,#1308,.T.);
#3948=EDGE_CURVE('',#3169,#3168,#1309,.T.);
#3949=EDGE_CURVE('',#3148,#3170,#1310,.T.);
#3950=EDGE_CURVE('',#3170,#3169,#1311,.T.);
#3951=EDGE_CURVE('',#3149,#3171,#1312,.T.);
#3952=EDGE_CURVE('',#3171,#3170,#2809,.T.);
#3953=EDGE_CURVE('',#3162,#3172,#1313,.T.);
#3954=EDGE_CURVE('',#3172,#3171,#2810,.T.);
#3955=EDGE_CURVE('',#3161,#3173,#1314,.T.);
#3956=EDGE_CURVE('',#3173,#3172,#2811,.T.);
#3957=EDGE_CURVE('',#3160,#3174,#1315,.T.);
#3958=EDGE_CURVE('',#3174,#3173,#2812,.T.);
#3959=EDGE_CURVE('',#3159,#3175,#1316,.T.);
#3960=EDGE_CURVE('',#3175,#3174,#1317,.T.);
#3961=EDGE_CURVE('',#3158,#3176,#1318,.T.);
#3962=EDGE_CURVE('',#3176,#3175,#1319,.T.);
#3963=EDGE_CURVE('',#3157,#3177,#1320,.T.);
#3964=EDGE_CURVE('',#3177,#3176,#1321,.T.);
#3965=EDGE_CURVE('',#3164,#3177,#2813,.T.);
#3966=EDGE_CURVE('',#3178,#3178,#2814,.T.);
#3967=EDGE_CURVE('',#3179,#3179,#2815,.T.);
#3968=EDGE_CURVE('',#3180,#3181,#2816,.T.);
#3969=EDGE_CURVE('',#3182,#3180,#1322,.T.);
#3970=EDGE_CURVE('',#3183,#3182,#1323,.T.);
#3971=EDGE_CURVE('',#3184,#3183,#1324,.T.);
#3972=EDGE_CURVE('',#3185,#3184,#2817,.T.);
#3973=EDGE_CURVE('',#3186,#3185,#2818,.T.);
#3974=EDGE_CURVE('',#3187,#3186,#2819,.T.);
#3975=EDGE_CURVE('',#3188,#3187,#2820,.T.);
#3976=EDGE_CURVE('',#3189,#3188,#1325,.T.);
#3977=EDGE_CURVE('',#3190,#3189,#1326,.T.);
#3978=EDGE_CURVE('',#3191,#3190,#1327,.T.);
#3979=EDGE_CURVE('',#3192,#3191,#1328,.T.);
#3980=EDGE_CURVE('',#3193,#3192,#1329,.T.);
#3981=EDGE_CURVE('',#3194,#3193,#2821,.T.);
#3982=EDGE_CURVE('',#3181,#3194,#2822,.T.);
#3983=EDGE_CURVE('',#3187,#3195,#1330,.T.);
#3984=EDGE_CURVE('',#3195,#3196,#2823,.T.);
#3985=EDGE_CURVE('',#3188,#3196,#1331,.T.);
#3986=EDGE_CURVE('',#3186,#3197,#1332,.T.);
#3987=EDGE_CURVE('',#3197,#3195,#2824,.T.);
#3988=EDGE_CURVE('',#3185,#3198,#1333,.T.);
#3989=EDGE_CURVE('',#3198,#3197,#2825,.T.);
#3990=EDGE_CURVE('',#3184,#3199,#1334,.T.);
#3991=EDGE_CURVE('',#3199,#3198,#2826,.T.);
#3992=EDGE_CURVE('',#3183,#3200,#1335,.T.);
#3993=EDGE_CURVE('',#3200,#3199,#1336,.T.);
#3994=EDGE_CURVE('',#3182,#3201,#1337,.T.);
#3995=EDGE_CURVE('',#3201,#3200,#1338,.T.);
#3996=EDGE_CURVE('',#3180,#3202,#1339,.T.);
#3997=EDGE_CURVE('',#3202,#3201,#1340,.T.);
#3998=EDGE_CURVE('',#3181,#3203,#1341,.T.);
#3999=EDGE_CURVE('',#3203,#3202,#2827,.T.);
#4000=EDGE_CURVE('',#3194,#3204,#1342,.T.);
#4001=EDGE_CURVE('',#3204,#3203,#2828,.T.);
#4002=EDGE_CURVE('',#3193,#3205,#1343,.T.);
#4003=EDGE_CURVE('',#3205,#3204,#2829,.T.);
#4004=EDGE_CURVE('',#3192,#3206,#1344,.T.);
#4005=EDGE_CURVE('',#3206,#3205,#1345,.T.);
#4006=EDGE_CURVE('',#3191,#3207,#1346,.T.);
#4007=EDGE_CURVE('',#3207,#3206,#1347,.T.);
#4008=EDGE_CURVE('',#3190,#3208,#1348,.T.);
#4009=EDGE_CURVE('',#3208,#3207,#1349,.T.);
#4010=EDGE_CURVE('',#3189,#3209,#1350,.T.);
#4011=EDGE_CURVE('',#3209,#3208,#1351,.T.);
#4012=EDGE_CURVE('',#3196,#3209,#1352,.T.);
#4013=EDGE_CURVE('',#3210,#3211,#1353,.T.);
#4014=EDGE_CURVE('',#3211,#3212,#1354,.T.);
#4015=EDGE_CURVE('',#3212,#3213,#1355,.T.);
#4016=EDGE_CURVE('',#3210,#3213,#1356,.T.);
#4017=EDGE_CURVE('',#3214,#3215,#1357,.T.);
#4018=EDGE_CURVE('',#3213,#3214,#1358,.T.);
#4019=EDGE_CURVE('',#3215,#3212,#1359,.T.);
#4020=EDGE_CURVE('',#3216,#3210,#1360,.T.);
#4021=EDGE_CURVE('',#3216,#3214,#1361,.T.);
#4022=EDGE_CURVE('',#3217,#3216,#1362,.T.);
#4023=EDGE_CURVE('',#3217,#3215,#1363,.T.);
#4024=EDGE_CURVE('',#3211,#3217,#1364,.T.);
#4025=EDGE_CURVE('',#3218,#3219,#1365,.T.);
#4026=EDGE_CURVE('',#3220,#3218,#1366,.T.);
#4027=EDGE_CURVE('',#3221,#3220,#1367,.T.);
#4028=EDGE_CURVE('',#3222,#3221,#1368,.T.);
#4029=EDGE_CURVE('',#3223,#3222,#1369,.T.);
#4030=EDGE_CURVE('',#3224,#3223,#1370,.T.);
#4031=EDGE_CURVE('',#3225,#3224,#1371,.T.);
#4032=EDGE_CURVE('',#3226,#3225,#1372,.T.);
#4033=EDGE_CURVE('',#3227,#3226,#1373,.T.);
#4034=EDGE_CURVE('',#3228,#3227,#1374,.T.);
#4035=EDGE_CURVE('',#3229,#3228,#1375,.T.);
#4036=EDGE_CURVE('',#3230,#3229,#2830,.T.);
#4037=EDGE_CURVE('',#3231,#3230,#2831,.T.);
#4038=EDGE_CURVE('',#3232,#3231,#2832,.T.);
#4039=EDGE_CURVE('',#3233,#3232,#1376,.T.);
#4040=EDGE_CURVE('',#3234,#3233,#2833,.T.);
#4041=EDGE_CURVE('',#3235,#3234,#2834,.T.);
#4042=EDGE_CURVE('',#3236,#3235,#2835,.T.);
#4043=EDGE_CURVE('',#3219,#3236,#2836,.T.);
#4044=EDGE_CURVE('',#3227,#3237,#1377,.T.);
#4045=EDGE_CURVE('',#3237,#3238,#1378,.T.);
#4046=EDGE_CURVE('',#3228,#3238,#1379,.T.);
#4047=EDGE_CURVE('',#3226,#3239,#1380,.T.);
#4048=EDGE_CURVE('',#3239,#3237,#1381,.T.);
#4049=EDGE_CURVE('',#3225,#3240,#1382,.T.);
#4050=EDGE_CURVE('',#3240,#3239,#1383,.T.);
#4051=EDGE_CURVE('',#3224,#3241,#1384,.T.);
#4052=EDGE_CURVE('',#3241,#3240,#1385,.T.);
#4053=EDGE_CURVE('',#3223,#3242,#1386,.T.);
#4054=EDGE_CURVE('',#3242,#3241,#1387,.T.);
#4055=EDGE_CURVE('',#3222,#3243,#1388,.T.);
#4056=EDGE_CURVE('',#3243,#3242,#1389,.T.);
#4057=EDGE_CURVE('',#3221,#3244,#1390,.T.);
#4058=EDGE_CURVE('',#3244,#3243,#1391,.T.);
#4059=EDGE_CURVE('',#3220,#3245,#1392,.T.);
#4060=EDGE_CURVE('',#3245,#3244,#1393,.T.);
#4061=EDGE_CURVE('',#3218,#3246,#1394,.T.);
#4062=EDGE_CURVE('',#3246,#3245,#1395,.T.);
#4063=EDGE_CURVE('',#3219,#3247,#1396,.T.);
#4064=EDGE_CURVE('',#3247,#3246,#1397,.T.);
#4065=EDGE_CURVE('',#3236,#3248,#1398,.T.);
#4066=EDGE_CURVE('',#3248,#3247,#2837,.T.);
#4067=EDGE_CURVE('',#3235,#3249,#1399,.T.);
#4068=EDGE_CURVE('',#3249,#3248,#2838,.T.);
#4069=EDGE_CURVE('',#3234,#3250,#1400,.T.);
#4070=EDGE_CURVE('',#3250,#3249,#2839,.T.);
#4071=EDGE_CURVE('',#3233,#3251,#1401,.T.);
#4072=EDGE_CURVE('',#3251,#3250,#2840,.T.);
#4073=EDGE_CURVE('',#3232,#3252,#1402,.T.);
#4074=EDGE_CURVE('',#3252,#3251,#1403,.T.);
#4075=EDGE_CURVE('',#3231,#3253,#1404,.T.);
#4076=EDGE_CURVE('',#3253,#3252,#2841,.T.);
#4077=EDGE_CURVE('',#3230,#3254,#1405,.T.);
#4078=EDGE_CURVE('',#3254,#3253,#2842,.T.);
#4079=EDGE_CURVE('',#3229,#3255,#1406,.T.);
#4080=EDGE_CURVE('',#3255,#3254,#2843,.T.);
#4081=EDGE_CURVE('',#3238,#3255,#1407,.T.);
#4082=EDGE_CURVE('',#3256,#3257,#1408,.T.);
#4083=EDGE_CURVE('',#3258,#3256,#1409,.T.);
#4084=EDGE_CURVE('',#3259,#3258,#1410,.T.);
#4085=EDGE_CURVE('',#3257,#3259,#1411,.T.);
#4086=EDGE_CURVE('',#3260,#3261,#1412,.T.);
#4087=EDGE_CURVE('',#3261,#3257,#1413,.T.);
#4088=EDGE_CURVE('',#3260,#3259,#1414,.T.);
#4089=EDGE_CURVE('',#3262,#3260,#1415,.T.);
#4090=EDGE_CURVE('',#3262,#3258,#1416,.T.);
#4091=EDGE_CURVE('',#3263,#3262,#1417,.T.);
#4092=EDGE_CURVE('',#3263,#3256,#1418,.T.);
#4093=EDGE_CURVE('',#3261,#3263,#1419,.T.);
#4094=EDGE_CURVE('',#3264,#3265,#2844,.T.);
#4095=EDGE_CURVE('',#3266,#3264,#2845,.T.);
#4096=EDGE_CURVE('',#3267,#3266,#2846,.T.);
#4097=EDGE_CURVE('',#3268,#3267,#2847,.T.);
#4098=EDGE_CURVE('',#3269,#3268,#2848,.T.);
#4099=EDGE_CURVE('',#3270,#3269,#2849,.T.);
#4100=EDGE_CURVE('',#3271,#3270,#2850,.T.);
#4101=EDGE_CURVE('',#3272,#3271,#2851,.T.);
#4102=EDGE_CURVE('',#3273,#3272,#1420,.T.);
#4103=EDGE_CURVE('',#3274,#3273,#2852,.T.);
#4104=EDGE_CURVE('',#3275,#3274,#1421,.T.);
#4105=EDGE_CURVE('',#3276,#3275,#1422,.T.);
#4106=EDGE_CURVE('',#3277,#3276,#1423,.T.);
#4107=EDGE_CURVE('',#3278,#3277,#2853,.T.);
#4108=EDGE_CURVE('',#3279,#3278,#2854,.T.);
#4109=EDGE_CURVE('',#3280,#3279,#2855,.T.);
#4110=EDGE_CURVE('',#3281,#3280,#2856,.T.);
#4111=EDGE_CURVE('',#3282,#3281,#2857,.T.);
#4112=EDGE_CURVE('',#3283,#3282,#2858,.T.);
#4113=EDGE_CURVE('',#3284,#3283,#1424,.T.);
#4114=EDGE_CURVE('',#3285,#3284,#1425,.T.);
#4115=EDGE_CURVE('',#3286,#3285,#2859,.T.);
#4116=EDGE_CURVE('',#3287,#3286,#2860,.T.);
#4117=EDGE_CURVE('',#3288,#3287,#2861,.T.);
#4118=EDGE_CURVE('',#3289,#3288,#2862,.T.);
#4119=EDGE_CURVE('',#3265,#3289,#2863,.T.);
#4120=EDGE_CURVE('',#3290,#3291,#1426,.T.);
#4121=EDGE_CURVE('',#3292,#3290,#1427,.T.);
#4122=EDGE_CURVE('',#3293,#3292,#2864,.T.);
#4123=EDGE_CURVE('',#3294,#3293,#2865,.T.);
#4124=EDGE_CURVE('',#3295,#3294,#2866,.T.);
#4125=EDGE_CURVE('',#3296,#3295,#2867,.T.);
#4126=EDGE_CURVE('',#3297,#3296,#2868,.T.);
#4127=EDGE_CURVE('',#3291,#3297,#2869,.T.);
#4128=EDGE_CURVE('',#3294,#3298,#1428,.T.);
#4129=EDGE_CURVE('',#3298,#3299,#2870,.T.);
#4130=EDGE_CURVE('',#3295,#3299,#1429,.T.);
#4131=EDGE_CURVE('',#3293,#3300,#1430,.T.);
#4132=EDGE_CURVE('',#3300,#3298,#2871,.T.);
#4133=EDGE_CURVE('',#3292,#3301,#1431,.T.);
#4134=EDGE_CURVE('',#3301,#3300,#2872,.T.);
#4135=EDGE_CURVE('',#3290,#3302,#1432,.T.);
#4136=EDGE_CURVE('',#3302,#3301,#1433,.T.);
#4137=EDGE_CURVE('',#3277,#3303,#1434,.T.);
#4138=EDGE_CURVE('',#3303,#3304,#2873,.T.);
#4139=EDGE_CURVE('',#3278,#3304,#1435,.T.);
#4140=EDGE_CURVE('',#3276,#3305,#1436,.T.);
#4141=EDGE_CURVE('',#3305,#3303,#1437,.T.);
#4142=EDGE_CURVE('',#3275,#3306,#1438,.T.);
#4143=EDGE_CURVE('',#3306,#3305,#1439,.T.);
#4144=EDGE_CURVE('',#3274,#3307,#1440,.T.);
#4145=EDGE_CURVE('',#3307,#3306,#1441,.T.);
#4146=EDGE_CURVE('',#3273,#3308,#1442,.T.);
#4147=EDGE_CURVE('',#3308,#3307,#2874,.T.);
#4148=EDGE_CURVE('',#3272,#3309,#1443,.T.);
#4149=EDGE_CURVE('',#3309,#3308,#1444,.T.);
#4150=EDGE_CURVE('',#3271,#3310,#1445,.T.);
#4151=EDGE_CURVE('',#3310,#3309,#2875,.T.);
#4152=EDGE_CURVE('',#3270,#3311,#1446,.T.);
#4153=EDGE_CURVE('',#3311,#3310,#2876,.T.);
#4154=EDGE_CURVE('',#3269,#3312,#1447,.T.);
#4155=EDGE_CURVE('',#3312,#3311,#2877,.T.);
#4156=EDGE_CURVE('',#3268,#3313,#1448,.T.);
#4157=EDGE_CURVE('',#3313,#3312,#2878,.T.);
#4158=EDGE_CURVE('',#3267,#3314,#1449,.T.);
#4159=EDGE_CURVE('',#3314,#3313,#2879,.T.);
#4160=EDGE_CURVE('',#3266,#3315,#1450,.T.);
#4161=EDGE_CURVE('',#3315,#3314,#2880,.T.);
#4162=EDGE_CURVE('',#3264,#3316,#1451,.T.);
#4163=EDGE_CURVE('',#3316,#3315,#2881,.T.);
#4164=EDGE_CURVE('',#3291,#3317,#1452,.T.);
#4165=EDGE_CURVE('',#3317,#3302,#1453,.T.);
#4166=EDGE_CURVE('',#3297,#3318,#1454,.T.);
#4167=EDGE_CURVE('',#3318,#3317,#2882,.T.);
#4168=EDGE_CURVE('',#3296,#3319,#1455,.T.);
#4169=EDGE_CURVE('',#3319,#3318,#2883,.T.);
#4170=EDGE_CURVE('',#3299,#3319,#2884,.T.);
#4171=EDGE_CURVE('',#3265,#3320,#1456,.T.);
#4172=EDGE_CURVE('',#3320,#3316,#2885,.T.);
#4173=EDGE_CURVE('',#3289,#3321,#1457,.T.);
#4174=EDGE_CURVE('',#3321,#3320,#2886,.T.);
#4175=EDGE_CURVE('',#3288,#3322,#1458,.T.);
#4176=EDGE_CURVE('',#3322,#3321,#2887,.T.);
#4177=EDGE_CURVE('',#3287,#3323,#1459,.T.);
#4178=EDGE_CURVE('',#3323,#3322,#2888,.T.);
#4179=EDGE_CURVE('',#3286,#3324,#1460,.T.);
#4180=EDGE_CURVE('',#3324,#3323,#2889,.T.);
#4181=EDGE_CURVE('',#3285,#3325,#1461,.T.);
#4182=EDGE_CURVE('',#3325,#3324,#2890,.T.);
#4183=EDGE_CURVE('',#3284,#3326,#1462,.T.);
#4184=EDGE_CURVE('',#3326,#3325,#1463,.T.);
#4185=EDGE_CURVE('',#3283,#3327,#1464,.T.);
#4186=EDGE_CURVE('',#3327,#3326,#1465,.T.);
#4187=EDGE_CURVE('',#3282,#3328,#1466,.T.);
#4188=EDGE_CURVE('',#3328,#3327,#2891,.T.);
#4189=EDGE_CURVE('',#3281,#3329,#1467,.T.);
#4190=EDGE_CURVE('',#3329,#3328,#2892,.T.);
#4191=EDGE_CURVE('',#3280,#3330,#1468,.T.);
#4192=EDGE_CURVE('',#3330,#3329,#2893,.T.);
#4193=EDGE_CURVE('',#3279,#3331,#1469,.T.);
#4194=EDGE_CURVE('',#3331,#3330,#2894,.T.);
#4195=EDGE_CURVE('',#3304,#3331,#2895,.T.);
#4196=EDGE_CURVE('',#3332,#3333,#2896,.T.);
#4197=EDGE_CURVE('',#3334,#3332,#2897,.T.);
#4198=EDGE_CURVE('',#3335,#3334,#1470,.T.);
#4199=EDGE_CURVE('',#3336,#3335,#2898,.T.);
#4200=EDGE_CURVE('',#3337,#3336,#2899,.T.);
#4201=EDGE_CURVE('',#3338,#3337,#2900,.T.);
#4202=EDGE_CURVE('',#3339,#3338,#2901,.T.);
#4203=EDGE_CURVE('',#3340,#3339,#2902,.T.);
#4204=EDGE_CURVE('',#3341,#3340,#2903,.T.);
#4205=EDGE_CURVE('',#3342,#3341,#2904,.T.);
#4206=EDGE_CURVE('',#3343,#3342,#2905,.T.);
#4207=EDGE_CURVE('',#3344,#3343,#2906,.T.);
#4208=EDGE_CURVE('',#3345,#3344,#2907,.T.);
#4209=EDGE_CURVE('',#3346,#3345,#2908,.T.);
#4210=EDGE_CURVE('',#3347,#3346,#2909,.T.);
#4211=EDGE_CURVE('',#3348,#3347,#2910,.T.);
#4212=EDGE_CURVE('',#3349,#3348,#2911,.T.);
#4213=EDGE_CURVE('',#3350,#3349,#2912,.T.);
#4214=EDGE_CURVE('',#3351,#3350,#2913,.T.);
#4215=EDGE_CURVE('',#3352,#3351,#2914,.T.);
#4216=EDGE_CURVE('',#3353,#3352,#2915,.T.);
#4217=EDGE_CURVE('',#3333,#3353,#1471,.T.);
#4218=EDGE_CURVE('',#3354,#3355,#2916,.T.);
#4219=EDGE_CURVE('',#3356,#3354,#2917,.T.);
#4220=EDGE_CURVE('',#3357,#3356,#1472,.T.);
#4221=EDGE_CURVE('',#3358,#3357,#2918,.T.);
#4222=EDGE_CURVE('',#3359,#3358,#2919,.T.);
#4223=EDGE_CURVE('',#3360,#3359,#2920,.T.);
#4224=EDGE_CURVE('',#3361,#3360,#2921,.T.);
#4225=EDGE_CURVE('',#3362,#3361,#2922,.T.);
#4226=EDGE_CURVE('',#3363,#3362,#2923,.T.);
#4227=EDGE_CURVE('',#3364,#3363,#2924,.T.);
#4228=EDGE_CURVE('',#3365,#3364,#2925,.T.);
#4229=EDGE_CURVE('',#3366,#3365,#2926,.T.);
#4230=EDGE_CURVE('',#3367,#3366,#2927,.T.);
#4231=EDGE_CURVE('',#3368,#3367,#2928,.T.);
#4232=EDGE_CURVE('',#3369,#3368,#2929,.T.);
#4233=EDGE_CURVE('',#3370,#3369,#2930,.T.);
#4234=EDGE_CURVE('',#3371,#3370,#2931,.T.);
#4235=EDGE_CURVE('',#3372,#3371,#1473,.T.);
#4236=EDGE_CURVE('',#3373,#3372,#2932,.T.);
#4237=EDGE_CURVE('',#3355,#3373,#2933,.T.);
#4238=EDGE_CURVE('',#3374,#3375,#2934,.T.);
#4239=EDGE_CURVE('',#3375,#3355,#1474,.T.);
#4240=EDGE_CURVE('',#3374,#3373,#1475,.T.);
#4241=EDGE_CURVE('',#3376,#3374,#2935,.T.);
#4242=EDGE_CURVE('',#3376,#3372,#1476,.T.);
#4243=EDGE_CURVE('',#3377,#3376,#1477,.T.);
#4244=EDGE_CURVE('',#3377,#3371,#1478,.T.);
#4245=EDGE_CURVE('',#3378,#3377,#2936,.T.);
#4246=EDGE_CURVE('',#3378,#3370,#1479,.T.);
#4247=EDGE_CURVE('',#3379,#3378,#2937,.T.);
#4248=EDGE_CURVE('',#3379,#3369,#1480,.T.);
#4249=EDGE_CURVE('',#3380,#3379,#2938,.T.);
#4250=EDGE_CURVE('',#3380,#3368,#1481,.T.);
#4251=EDGE_CURVE('',#3381,#3380,#2939,.T.);
#4252=EDGE_CURVE('',#3381,#3367,#1482,.T.);
#4253=EDGE_CURVE('',#3382,#3381,#2940,.T.);
#4254=EDGE_CURVE('',#3382,#3366,#1483,.T.);
#4255=EDGE_CURVE('',#3383,#3382,#2941,.T.);
#4256=EDGE_CURVE('',#3383,#3365,#1484,.T.);
#4257=EDGE_CURVE('',#3384,#3383,#2942,.T.);
#4258=EDGE_CURVE('',#3384,#3364,#1485,.T.);
#4259=EDGE_CURVE('',#3385,#3386,#1486,.T.);
#4260=EDGE_CURVE('',#3386,#3333,#1487,.T.);
#4261=EDGE_CURVE('',#3385,#3353,#1488,.T.);
#4262=EDGE_CURVE('',#3387,#3385,#2943,.T.);
#4263=EDGE_CURVE('',#3387,#3352,#1489,.T.);
#4264=EDGE_CURVE('',#3388,#3387,#2944,.T.);
#4265=EDGE_CURVE('',#3388,#3351,#1490,.T.);
#4266=EDGE_CURVE('',#3389,#3388,#2945,.T.);
#4267=EDGE_CURVE('',#3389,#3350,#1491,.T.);
#4268=EDGE_CURVE('',#3390,#3389,#2946,.T.);
#4269=EDGE_CURVE('',#3390,#3349,#1492,.T.);
#4270=EDGE_CURVE('',#3391,#3390,#2947,.T.);
#4271=EDGE_CURVE('',#3391,#3348,#1493,.T.);
#4272=EDGE_CURVE('',#3392,#3391,#2948,.T.);
#4273=EDGE_CURVE('',#3392,#3347,#1494,.T.);
#4274=EDGE_CURVE('',#3393,#3392,#2949,.T.);
#4275=EDGE_CURVE('',#3393,#3346,#1495,.T.);
#4276=EDGE_CURVE('',#3394,#3393,#2950,.T.);
#4277=EDGE_CURVE('',#3394,#3345,#1496,.T.);
#4278=EDGE_CURVE('',#3395,#3394,#2951,.T.);
#4279=EDGE_CURVE('',#3395,#3344,#1497,.T.);
#4280=EDGE_CURVE('',#3396,#3395,#2952,.T.);
#4281=EDGE_CURVE('',#3396,#3343,#1498,.T.);
#4282=EDGE_CURVE('',#3397,#3384,#2953,.T.);
#4283=EDGE_CURVE('',#3397,#3363,#1499,.T.);
#4284=EDGE_CURVE('',#3398,#3397,#2954,.T.);
#4285=EDGE_CURVE('',#3398,#3362,#1500,.T.);
#4286=EDGE_CURVE('',#3399,#3398,#2955,.T.);
#4287=EDGE_CURVE('',#3399,#3361,#1501,.T.);
#4288=EDGE_CURVE('',#3400,#3399,#2956,.T.);
#4289=EDGE_CURVE('',#3400,#3360,#1502,.T.);
#4290=EDGE_CURVE('',#3401,#3400,#2957,.T.);
#4291=EDGE_CURVE('',#3401,#3359,#1503,.T.);
#4292=EDGE_CURVE('',#3402,#3401,#2958,.T.);
#4293=EDGE_CURVE('',#3402,#3358,#1504,.T.);
#4294=EDGE_CURVE('',#3403,#3402,#2959,.T.);
#4295=EDGE_CURVE('',#3403,#3357,#1505,.T.);
#4296=EDGE_CURVE('',#3404,#3403,#1506,.T.);
#4297=EDGE_CURVE('',#3404,#3356,#1507,.T.);
#4298=EDGE_CURVE('',#3405,#3404,#2960,.T.);
#4299=EDGE_CURVE('',#3405,#3354,#1508,.T.);
#4300=EDGE_CURVE('',#3375,#3405,#2961,.T.);
#4301=EDGE_CURVE('',#3406,#3396,#2962,.T.);
#4302=EDGE_CURVE('',#3406,#3342,#1509,.T.);
#4303=EDGE_CURVE('',#3407,#3406,#2963,.T.);
#4304=EDGE_CURVE('',#3407,#3341,#1510,.T.);
#4305=EDGE_CURVE('',#3408,#3407,#2964,.T.);
#4306=EDGE_CURVE('',#3408,#3340,#1511,.T.);
#4307=EDGE_CURVE('',#3409,#3408,#2965,.T.);
#4308=EDGE_CURVE('',#3409,#3339,#1512,.T.);
#4309=EDGE_CURVE('',#3410,#3409,#2966,.T.);
#4310=EDGE_CURVE('',#3410,#3338,#1513,.T.);
#4311=EDGE_CURVE('',#3411,#3410,#2967,.T.);
#4312=EDGE_CURVE('',#3411,#3337,#1514,.T.);
#4313=EDGE_CURVE('',#3412,#3411,#2968,.T.);
#4314=EDGE_CURVE('',#3412,#3336,#1515,.T.);
#4315=EDGE_CURVE('',#3413,#3412,#2969,.T.);
#4316=EDGE_CURVE('',#3413,#3335,#1516,.T.);
#4317=EDGE_CURVE('',#3414,#3413,#1517,.T.);
#4318=EDGE_CURVE('',#3414,#3334,#1518,.T.);
#4319=EDGE_CURVE('',#3415,#3414,#2970,.T.);
#4320=EDGE_CURVE('',#3415,#3332,#1519,.T.);
#4321=EDGE_CURVE('',#3386,#3415,#2971,.T.);
#4322=EDGE_CURVE('',#3416,#3416,#2972,.T.);
#4323=EDGE_CURVE('',#3417,#3417,#2973,.T.);
#4324=EDGE_CURVE('',#3418,#3419,#1520,.T.);
#4325=EDGE_CURVE('',#3420,#3418,#1521,.T.);
#4326=EDGE_CURVE('',#3421,#3420,#1522,.T.);
#4327=EDGE_CURVE('',#3419,#3421,#1523,.T.);
#4328=EDGE_CURVE('',#3420,#3422,#1524,.T.);
#4329=EDGE_CURVE('',#3422,#3423,#1525,.T.);
#4330=EDGE_CURVE('',#3421,#3423,#1526,.T.);
#4331=EDGE_CURVE('',#3418,#3424,#1527,.T.);
#4332=EDGE_CURVE('',#3424,#3422,#1528,.T.);
#4333=EDGE_CURVE('',#3419,#3425,#1529,.T.);
#4334=EDGE_CURVE('',#3425,#3424,#1530,.T.);
#4335=EDGE_CURVE('',#3423,#3425,#1531,.T.);
#4336=EDGE_CURVE('',#3426,#3427,#2974,.T.);
#4337=EDGE_CURVE('',#3427,#3428,#1532,.T.);
#4338=EDGE_CURVE('',#3428,#3429,#2975,.T.);
#4339=EDGE_CURVE('',#3426,#3429,#1533,.T.);
#4340=EDGE_CURVE('',#3430,#3428,#2976,.T.);
#4341=EDGE_CURVE('',#3431,#3430,#2977,.T.);
#4342=EDGE_CURVE('',#3432,#3431,#2978,.T.);
#4343=EDGE_CURVE('',#3433,#3432,#2979,.T.);
#4344=EDGE_CURVE('',#3434,#3433,#2980,.T.);
#4345=EDGE_CURVE('',#3435,#3434,#2981,.T.);
#4346=EDGE_CURVE('',#3436,#3435,#2982,.T.);
#4347=EDGE_CURVE('',#3437,#3436,#2983,.T.);
#4348=EDGE_CURVE('',#3438,#3437,#1534,.T.);
#4349=EDGE_CURVE('',#3439,#3438,#1535,.T.);
#4350=EDGE_CURVE('',#3440,#3439,#2984,.T.);
#4351=EDGE_CURVE('',#3441,#3440,#2985,.T.);
#4352=EDGE_CURVE('',#3442,#3441,#2986,.T.);
#4353=EDGE_CURVE('',#3443,#3442,#1536,.T.);
#4354=EDGE_CURVE('',#3444,#3443,#2987,.T.);
#4355=EDGE_CURVE('',#3445,#3444,#2988,.T.);
#4356=EDGE_CURVE('',#3446,#3445,#2989,.T.);
#4357=EDGE_CURVE('',#3447,#3446,#2990,.T.);
#4358=EDGE_CURVE('',#3448,#3447,#2991,.T.);
#4359=EDGE_CURVE('',#3449,#3448,#2992,.T.);
#4360=EDGE_CURVE('',#3450,#3449,#2993,.T.);
#4361=EDGE_CURVE('',#3451,#3450,#2994,.T.);
#4362=EDGE_CURVE('',#3452,#3451,#2995,.T.);
#4363=EDGE_CURVE('',#3429,#3452,#2996,.T.);
#4364=EDGE_CURVE('',#3453,#3426,#2997,.T.);
#4365=EDGE_CURVE('',#3453,#3452,#1537,.T.);
#4366=EDGE_CURVE('',#3454,#3453,#2998,.T.);
#4367=EDGE_CURVE('',#3454,#3451,#1538,.T.);
#4368=EDGE_CURVE('',#3455,#3454,#2999,.T.);
#4369=EDGE_CURVE('',#3455,#3450,#1539,.T.);
#4370=EDGE_CURVE('',#3456,#3455,#3000,.T.);
#4371=EDGE_CURVE('',#3456,#3449,#1540,.T.);
#4372=EDGE_CURVE('',#3457,#3456,#3001,.T.);
#4373=EDGE_CURVE('',#3457,#3448,#1541,.T.);
#4374=EDGE_CURVE('',#3458,#3457,#3002,.T.);
#4375=EDGE_CURVE('',#3458,#3447,#1542,.T.);
#4376=EDGE_CURVE('',#3459,#3458,#3003,.T.);
#4377=EDGE_CURVE('',#3459,#3446,#1543,.T.);
#4378=EDGE_CURVE('',#3460,#3459,#3004,.T.);
#4379=EDGE_CURVE('',#3460,#3445,#1544,.T.);
#4380=EDGE_CURVE('',#3461,#3460,#3005,.T.);
#4381=EDGE_CURVE('',#3461,#3444,#1545,.T.);
#4382=EDGE_CURVE('',#3462,#3461,#3006,.T.);
#4383=EDGE_CURVE('',#3462,#3443,#1546,.T.);
#4384=EDGE_CURVE('',#3463,#3462,#1547,.T.);
#4385=EDGE_CURVE('',#3463,#3442,#1548,.T.);
#4386=EDGE_CURVE('',#3464,#3463,#3007,.T.);
#4387=EDGE_CURVE('',#3464,#3441,#1549,.T.);
#4388=EDGE_CURVE('',#3465,#3464,#3008,.T.);
#4389=EDGE_CURVE('',#3465,#3440,#1550,.T.);
#4390=EDGE_CURVE('',#3466,#3465,#3009,.T.);
#4391=EDGE_CURVE('',#3466,#3439,#1551,.T.);
#4392=EDGE_CURVE('',#3467,#3466,#1552,.T.);
#4393=EDGE_CURVE('',#3467,#3438,#1553,.T.);
#4394=EDGE_CURVE('',#3468,#3467,#1554,.T.);
#4395=EDGE_CURVE('',#3468,#3437,#1555,.T.);
#4396=EDGE_CURVE('',#3469,#3468,#3010,.T.);
#4397=EDGE_CURVE('',#3469,#3436,#1556,.T.);
#4398=EDGE_CURVE('',#3470,#3469,#3011,.T.);
#4399=EDGE_CURVE('',#3470,#3435,#1557,.T.);
#4400=EDGE_CURVE('',#3471,#3470,#3012,.T.);
#4401=EDGE_CURVE('',#3471,#3434,#1558,.T.);
#4402=EDGE_CURVE('',#3472,#3471,#3013,.T.);
#4403=EDGE_CURVE('',#3472,#3433,#1559,.T.);
#4404=EDGE_CURVE('',#3473,#3472,#3014,.T.);
#4405=EDGE_CURVE('',#3473,#3432,#1560,.T.);
#4406=EDGE_CURVE('',#3474,#3473,#3015,.T.);
#4407=EDGE_CURVE('',#3474,#3431,#1561,.T.);
#4408=EDGE_CURVE('',#3475,#3474,#3016,.T.);
#4409=EDGE_CURVE('',#3475,#3430,#1562,.T.);
#4410=EDGE_CURVE('',#3427,#3475,#3017,.T.);
#4411=EDGE_CURVE('',#3476,#3477,#3018,.T.);
#4412=EDGE_CURVE('',#3477,#3478,#1563,.T.);
#4413=EDGE_CURVE('',#3478,#3479,#3019,.T.);
#4414=EDGE_CURVE('',#3479,#3476,#1564,.T.);
#4415=EDGE_CURVE('',#3480,#3481,#3020,.T.);
#4416=EDGE_CURVE('',#3481,#3477,#39,.T.);
#4417=EDGE_CURVE('',#3476,#3480,#40,.T.);
#4418=EDGE_CURVE('',#3482,#3483,#3021,.T.);
#4419=EDGE_CURVE('',#3483,#3479,#41,.T.);
#4420=EDGE_CURVE('',#3478,#3482,#42,.T.);
#4421=EDGE_CURVE('',#3484,#3485,#43,.T.);
#4422=EDGE_CURVE('',#3485,#3481,#1565,.T.);
#4423=EDGE_CURVE('',#3480,#3486,#1566,.T.);
#4424=EDGE_CURVE('',#3486,#3484,#44,.T.);
#4425=EDGE_CURVE('',#3487,#3488,#45,.T.);
#4426=EDGE_CURVE('',#3488,#3483,#1567,.T.);
#4427=EDGE_CURVE('',#3482,#3489,#1568,.T.);
#4428=EDGE_CURVE('',#3489,#3487,#46,.T.);
#4429=EDGE_CURVE('',#3490,#3488,#1569,.T.);
#4430=EDGE_CURVE('',#3491,#3490,#1570,.T.);
#4431=EDGE_CURVE('',#3492,#3491,#1571,.T.);
#4432=EDGE_CURVE('',#3493,#3492,#1572,.T.);
#4433=EDGE_CURVE('',#3494,#3493,#47,.T.);
#4434=EDGE_CURVE('',#3495,#3494,#1573,.T.);
#4435=EDGE_CURVE('',#3496,#3495,#48,.T.);
#4436=EDGE_CURVE('',#3497,#3496,#1574,.T.);
#4437=EDGE_CURVE('',#3498,#3497,#1575,.T.);
#4438=EDGE_CURVE('',#3499,#3498,#1576,.T.);
#4439=EDGE_CURVE('',#3486,#3499,#1577,.T.);
#4440=EDGE_CURVE('',#3500,#3500,#3022,.T.);
#4441=EDGE_CURVE('',#3501,#3487,#49,.T.);
#4442=EDGE_CURVE('',#3501,#3502,#1578,.T.);
#4443=EDGE_CURVE('',#3490,#3502,#3023,.T.);
#4444=EDGE_CURVE('',#3489,#3503,#1579,.T.);
#4445=EDGE_CURVE('',#3504,#3503,#50,.T.);
#4446=EDGE_CURVE('',#3504,#3501,#1580,.T.);
#4447=EDGE_CURVE('',#3505,#3497,#51,.T.);
#4448=EDGE_CURVE('',#3496,#3506,#3024,.T.);
#4449=EDGE_CURVE('',#3506,#3507,#1581,.T.);
#4450=EDGE_CURVE('',#3507,#3505,#52,.T.);
#4451=EDGE_CURVE('',#3495,#3508,#3025,.T.);
#4452=EDGE_CURVE('',#3508,#3506,#53,.T.);
#4453=EDGE_CURVE('',#3494,#3509,#3026,.T.);
#4454=EDGE_CURVE('',#3509,#3508,#1582,.T.);
#4455=EDGE_CURVE('',#3493,#3510,#3027,.T.);
#4456=EDGE_CURVE('',#3510,#3509,#54,.T.);
#4457=EDGE_CURVE('',#3511,#3512,#55,.T.);
#4458=EDGE_CURVE('',#3512,#3510,#1583,.T.);
#4459=EDGE_CURVE('',#3492,#3511,#56,.T.);
#4460=EDGE_CURVE('',#3507,#3513,#1584,.T.);
#4461=EDGE_CURVE('',#3514,#3513,#57,.T.);
#4462=EDGE_CURVE('',#3514,#3515,#1585,.T.);
#4463=EDGE_CURVE('',#3515,#3505,#58,.T.);
#4464=EDGE_CURVE('',#3506,#3516,#1586,.T.);
#4465=EDGE_CURVE('',#3517,#3516,#59,.T.);
#4466=EDGE_CURVE('',#3517,#3518,#1587,.T.);
#4467=EDGE_CURVE('',#3513,#3518,#60,.T.);
#4468=EDGE_CURVE('',#3508,#3519,#1588,.T.);
#4469=EDGE_CURVE('',#3516,#3519,#61,.T.);
#4470=EDGE_CURVE('',#3509,#3520,#1589,.T.);
#4471=EDGE_CURVE('',#3521,#3520,#62,.T.);
#4472=EDGE_CURVE('',#3521,#3522,#1590,.T.);
#4473=EDGE_CURVE('',#3519,#3522,#63,.T.);
#4474=EDGE_CURVE('',#3510,#3523,#1591,.T.);
#4475=EDGE_CURVE('',#3520,#3523,#64,.T.);
#4476=EDGE_CURVE('',#3524,#3512,#1592,.T.);
#4477=EDGE_CURVE('',#3525,#3524,#65,.T.);
#4478=EDGE_CURVE('',#3525,#3526,#1593,.T.);
#4479=EDGE_CURVE('',#3523,#3526,#66,.T.);
#4480=EDGE_CURVE('',#3511,#3527,#67,.T.);
#4481=EDGE_CURVE('',#3527,#3528,#1594,.T.);
#4482=EDGE_CURVE('',#3524,#3528,#68,.T.);
#4483=EDGE_CURVE('',#3529,#3530,#3028,.T.);
#4484=EDGE_CURVE('',#3530,#3525,#1595,.T.);
#4485=EDGE_CURVE('',#3528,#3531,#69,.T.);
#4486=EDGE_CURVE('',#3531,#3529,#1596,.T.);
#4487=EDGE_CURVE('',#3529,#3532,#1597,.T.);
#4488=EDGE_CURVE('',#3533,#3532,#3029,.T.);
#4489=EDGE_CURVE('',#3533,#3534,#1598,.T.);
#4490=EDGE_CURVE('',#3535,#3534,#3030,.T.);
#4491=EDGE_CURVE('',#3535,#3536,#1599,.T.);
#4492=EDGE_CURVE('',#3537,#3536,#3031,.T.);
#4493=EDGE_CURVE('',#3537,#3538,#1600,.T.);
#4494=EDGE_CURVE('',#3539,#3538,#3032,.T.);
#4495=EDGE_CURVE('',#3539,#3540,#1601,.T.);
#4496=EDGE_CURVE('',#3541,#3540,#3033,.T.);
#4497=EDGE_CURVE('',#3541,#3542,#1602,.T.);
#4498=EDGE_CURVE('',#3543,#3542,#3034,.T.);
#4499=EDGE_CURVE('',#3543,#3544,#1603,.T.);
#4500=EDGE_CURVE('',#3545,#3544,#3035,.T.);
#4501=EDGE_CURVE('',#3546,#3545,#1604,.T.);
#4502=EDGE_CURVE('',#3547,#3546,#3036,.T.);
#4503=EDGE_CURVE('',#3547,#3548,#1605,.T.);
#4504=EDGE_CURVE('',#3549,#3548,#3037,.T.);
#4505=EDGE_CURVE('',#3549,#3550,#1606,.T.);
#4506=EDGE_CURVE('',#3551,#3550,#3038,.T.);
#4507=EDGE_CURVE('',#3551,#3552,#1607,.T.);
#4508=EDGE_CURVE('',#3553,#3552,#3039,.T.);
#4509=EDGE_CURVE('',#3553,#3530,#1608,.T.);
#4510=EDGE_CURVE('',#3531,#3554,#1609,.T.);
#4511=EDGE_CURVE('',#3532,#3554,#1610,.T.);
#4512=EDGE_CURVE('',#3555,#3527,#1611,.T.);
#4513=EDGE_CURVE('',#3556,#3555,#1612,.T.);
#4514=EDGE_CURVE('',#3554,#3556,#70,.T.);
#4515=EDGE_CURVE('',#3555,#3491,#3040,.T.);
#4516=EDGE_CURVE('',#3548,#3557,#1613,.T.);
#4517=EDGE_CURVE('',#3557,#3514,#71,.T.);
#4518=EDGE_CURVE('',#3518,#3549,#1614,.T.);
#4519=EDGE_CURVE('',#3515,#3558,#1615,.T.);
#4520=EDGE_CURVE('',#3498,#3558,#3041,.T.);
#4521=EDGE_CURVE('',#3559,#3557,#1616,.T.);
#4522=EDGE_CURVE('',#3560,#3559,#72,.T.);
#4523=EDGE_CURVE('',#3558,#3560,#1617,.T.);
#4524=EDGE_CURVE('',#3559,#3547,#1618,.T.);
#4525=EDGE_CURVE('',#3542,#3561,#1619,.T.);
#4526=EDGE_CURVE('',#3561,#3562,#73,.T.);
#4527=EDGE_CURVE('',#3562,#3563,#74,.T.);
#4528=EDGE_CURVE('',#3563,#3564,#75,.T.);
#4529=EDGE_CURVE('',#3564,#3543,#1620,.T.);
#4530=EDGE_CURVE('',#3484,#3565,#76,.T.);
#4531=EDGE_CURVE('',#3565,#3563,#1621,.T.);
#4532=EDGE_CURVE('',#3562,#3485,#1622,.T.);
#4533=EDGE_CURVE('',#3564,#3566,#1623,.T.);
#4534=EDGE_CURVE('',#3544,#3566,#1624,.T.);
#4535=EDGE_CURVE('',#3567,#3565,#1625,.T.);
#4536=EDGE_CURVE('',#3568,#3567,#1626,.T.);
#4537=EDGE_CURVE('',#3566,#3568,#77,.T.);
#4538=EDGE_CURVE('',#3499,#3567,#3042,.F.);
#4539=EDGE_CURVE('',#3536,#3569,#1627,.T.);
#4540=EDGE_CURVE('',#3569,#3504,#78,.T.);
#4541=EDGE_CURVE('',#3503,#3570,#79,.T.);
#4542=EDGE_CURVE('',#3570,#3537,#1628,.T.);
#4543=EDGE_CURVE('',#3571,#3569,#1629,.T.);
#4544=EDGE_CURVE('',#3572,#3571,#80,.T.);
#4545=EDGE_CURVE('',#3502,#3572,#1630,.T.);
#4546=EDGE_CURVE('',#3571,#3535,#1631,.T.);
#4547=EDGE_CURVE('',#3573,#3570,#1632,.T.);
#4548=EDGE_CURVE('',#3538,#3573,#1633,.T.);
#4549=EDGE_CURVE('',#3574,#3541,#1634,.T.);
#4550=EDGE_CURVE('',#3540,#3575,#1635,.T.);
#4551=EDGE_CURVE('',#3575,#3576,#81,.T.);
#4552=EDGE_CURVE('',#3576,#3577,#82,.T.);
#4553=EDGE_CURVE('',#3577,#3574,#83,.T.);
#4554=EDGE_CURVE('',#3481,#3577,#1636,.T.);
#4555=EDGE_CURVE('',#3477,#3576,#1637,.T.);
#4556=EDGE_CURVE('',#3561,#3574,#1638,.T.);
#4557=EDGE_CURVE('',#3578,#3539,#1639,.T.);
#4558=EDGE_CURVE('',#3573,#3579,#84,.T.);
#4559=EDGE_CURVE('',#3579,#3580,#85,.T.);
#4560=EDGE_CURVE('',#3580,#3578,#86,.T.);
#4561=EDGE_CURVE('',#3478,#3580,#1640,.T.);
#4562=EDGE_CURVE('',#3482,#3579,#1641,.T.);
#4563=EDGE_CURVE('',#3575,#3578,#1642,.T.);
#4564=EDGE_CURVE('',#3522,#3551,#1643,.T.);
#4565=EDGE_CURVE('',#3550,#3517,#1644,.T.);
#4566=EDGE_CURVE('',#3552,#3521,#1645,.T.);
#4567=EDGE_CURVE('',#3526,#3553,#1646,.T.);
#4568=EDGE_CURVE('',#3581,#3582,#87,.T.);
#4569=EDGE_CURVE('',#3582,#3533,#1647,.T.);
#4570=EDGE_CURVE('',#3556,#3581,#88,.T.);
#4571=EDGE_CURVE('',#3582,#3583,#1648,.T.);
#4572=EDGE_CURVE('',#3534,#3583,#1649,.T.);
#4573=EDGE_CURVE('',#3584,#3581,#1650,.T.);
#4574=EDGE_CURVE('',#3585,#3584,#1651,.T.);
#4575=EDGE_CURVE('',#3586,#3585,#1652,.T.);
#4576=EDGE_CURVE('',#3583,#3586,#89,.T.);
#4577=EDGE_CURVE('',#3584,#3555,#3043,.T.);
#4578=EDGE_CURVE('',#3586,#3572,#90,.T.);
#4579=EDGE_CURVE('',#3502,#3585,#3044,.T.);
#4580=EDGE_CURVE('',#3587,#3588,#91,.T.);
#4581=EDGE_CURVE('',#3588,#3545,#1653,.T.);
#4582=EDGE_CURVE('',#3568,#3587,#92,.T.);
#4583=EDGE_CURVE('',#3589,#3588,#1654,.T.);
#4584=EDGE_CURVE('',#3546,#3589,#1655,.T.);
#4585=EDGE_CURVE('',#3590,#3587,#1656,.T.);
#4586=EDGE_CURVE('',#3591,#3590,#1657,.T.);
#4587=EDGE_CURVE('',#3592,#3591,#1658,.T.);
#4588=EDGE_CURVE('',#3589,#3592,#93,.T.);
#4589=EDGE_CURVE('',#3590,#3567,#3045,.T.);
#4590=EDGE_CURVE('',#3592,#3560,#94,.T.);
#4591=EDGE_CURVE('',#3558,#3591,#3046,.T.);
#4592=EDGE_CURVE('',#3498,#3591,#3047,.F.);
#4593=EDGE_CURVE('',#3499,#3590,#3048,.T.);
#4594=EDGE_CURVE('',#3490,#3585,#3049,.F.);
#4595=EDGE_CURVE('',#3584,#3491,#3050,.F.);
#4596=EDGE_CURVE('',#3593,#3593,#3051,.T.);
#4597=EDGE_CURVE('',#3594,#3594,#3052,.T.);
#4598=EDGE_CURVE('',#3595,#3595,#3053,.T.);
#4599=EDGE_CURVE('',#3596,#3597,#1659,.T.);
#4600=EDGE_CURVE('',#3598,#3597,#1660,.T.);
#4601=EDGE_CURVE('',#3599,#3598,#1661,.T.);
#4602=EDGE_CURVE('',#3596,#3599,#1662,.T.);
#4603=EDGE_CURVE('',#3598,#3600,#1663,.T.);
#4604=EDGE_CURVE('',#3601,#3600,#1664,.T.);
#4605=EDGE_CURVE('',#3601,#3599,#1665,.T.);
#4606=EDGE_CURVE('',#3597,#3602,#1666,.T.);
#4607=EDGE_CURVE('',#3603,#3602,#1667,.T.);
#4608=EDGE_CURVE('',#3604,#3603,#1668,.T.);
#4609=EDGE_CURVE('',#3605,#3604,#1669,.T.);
#4610=EDGE_CURVE('',#3606,#3605,#1670,.T.);
#4611=EDGE_CURVE('',#3607,#3606,#1671,.T.);
#4612=EDGE_CURVE('',#3608,#3607,#1672,.T.);
#4613=EDGE_CURVE('',#3609,#3608,#1673,.T.);
#4614=EDGE_CURVE('',#3610,#3609,#1674,.T.);
#4615=EDGE_CURVE('',#3611,#3610,#1675,.T.);
#4616=EDGE_CURVE('',#3612,#3611,#1676,.T.);
#4617=EDGE_CURVE('',#3613,#3612,#1677,.T.);
#4618=EDGE_CURVE('',#3614,#3613,#1678,.T.);
#4619=EDGE_CURVE('',#3615,#3614,#1679,.T.);
#4620=EDGE_CURVE('',#3616,#3615,#1680,.T.);
#4621=EDGE_CURVE('',#3617,#3616,#1681,.T.);
#4622=EDGE_CURVE('',#3618,#3617,#1682,.T.);
#4623=EDGE_CURVE('',#3619,#3618,#1683,.T.);
#4624=EDGE_CURVE('',#3620,#3619,#1684,.T.);
#4625=EDGE_CURVE('',#3621,#3620,#1685,.T.);
#4626=EDGE_CURVE('',#3622,#3621,#1686,.T.);
#4627=EDGE_CURVE('',#3600,#3622,#1687,.T.);
#4628=EDGE_CURVE('',#3623,#3624,#3054,.T.);
#4629=EDGE_CURVE('',#3625,#3624,#3055,.F.);
#4630=EDGE_CURVE('',#3625,#3623,#3056,.T.);
#4631=EDGE_CURVE('',#3626,#3627,#3057,.T.);
#4632=EDGE_CURVE('',#3628,#3627,#3058,.F.);
#4633=EDGE_CURVE('',#3628,#3626,#3059,.T.);
#4634=EDGE_CURVE('',#3624,#3628,#1688,.T.);
#4635=EDGE_CURVE('',#3627,#3625,#1689,.T.);
#4636=EDGE_CURVE('',#3629,#3630,#3060,.T.);
#4637=EDGE_CURVE('',#3630,#3626,#1690,.T.);
#4638=EDGE_CURVE('',#3628,#3629,#1691,.T.);
#4639=EDGE_CURVE('',#3631,#3632,#95,.T.);
#4640=EDGE_CURVE('',#3632,#3627,#1692,.T.);
#4641=EDGE_CURVE('',#3626,#3631,#1693,.T.);
#4642=EDGE_CURVE('',#3633,#3634,#96,.T.);
#4643=EDGE_CURVE('',#3634,#3623,#1694,.T.);
#4644=EDGE_CURVE('',#3625,#3633,#1695,.T.);
#4645=EDGE_CURVE('',#3635,#3636,#3061,.T.);
#4646=EDGE_CURVE('',#3636,#3624,#1696,.T.);
#4647=EDGE_CURVE('',#3623,#3635,#1697,.T.);
#4648=EDGE_CURVE('',#3637,#3634,#1698,.T.);
#4649=EDGE_CURVE('',#3635,#3637,#1699,.T.);
#4650=EDGE_CURVE('',#3633,#3632,#1700,.T.);
#4651=EDGE_CURVE('',#3638,#3639,#3062,.T.);
#4652=EDGE_CURVE('',#3640,#3639,#3063,.F.);
#4653=EDGE_CURVE('',#3640,#3638,#3064,.T.);
#4654=EDGE_CURVE('',#3641,#3642,#3065,.T.);
#4655=EDGE_CURVE('',#3643,#3642,#3066,.F.);
#4656=EDGE_CURVE('',#3643,#3641,#3067,.T.);
#4657=EDGE_CURVE('',#3644,#3645,#3068,.T.);
#4658=EDGE_CURVE('',#3645,#3643,#1701,.T.);
#4659=EDGE_CURVE('',#3642,#3644,#1702,.T.);
#4660=EDGE_CURVE('',#3646,#3647,#97,.T.);
#4661=EDGE_CURVE('',#3647,#3641,#1703,.T.);
#4662=EDGE_CURVE('',#3643,#3646,#1704,.T.);
#4663=EDGE_CURVE('',#3639,#3642,#1705,.T.);
#4664=EDGE_CURVE('',#3641,#3640,#1706,.T.);
#4665=EDGE_CURVE('',#3648,#3649,#98,.T.);
#4666=EDGE_CURVE('',#3649,#3638,#1707,.T.);
#4667=EDGE_CURVE('',#3640,#3648,#1708,.T.);
#4668=EDGE_CURVE('',#3650,#3651,#3069,.T.);
#4669=EDGE_CURVE('',#3651,#3639,#1709,.T.);
#4670=EDGE_CURVE('',#3638,#3650,#1710,.T.);
#4671=EDGE_CURVE('',#3648,#3647,#1711,.T.);
#4672=EDGE_CURVE('',#3652,#3645,#1712,.T.);
#4673=EDGE_CURVE('',#3646,#3652,#1713,.T.);
#4674=EDGE_CURVE('',#3653,#3654,#3070,.T.);
#4675=EDGE_CURVE('',#3655,#3654,#3071,.F.);
#4676=EDGE_CURVE('',#3655,#3653,#3072,.T.);
#4677=EDGE_CURVE('',#3656,#3657,#3073,.T.);
#4678=EDGE_CURVE('',#3658,#3657,#3074,.F.);
#4679=EDGE_CURVE('',#3658,#3656,#3075,.T.);
#4680=EDGE_CURVE('',#3654,#3658,#1714,.T.);
#4681=EDGE_CURVE('',#3657,#3655,#1715,.T.);
#4682=EDGE_CURVE('',#3659,#3660,#3076,.T.);
#4683=EDGE_CURVE('',#3660,#3656,#1716,.T.);
#4684=EDGE_CURVE('',#3658,#3659,#1717,.T.);
#4685=EDGE_CURVE('',#3661,#3662,#99,.T.);
#4686=EDGE_CURVE('',#3662,#3657,#1718,.T.);
#4687=EDGE_CURVE('',#3656,#3661,#1719,.T.);
#4688=EDGE_CURVE('',#3663,#3664,#100,.T.);
#4689=EDGE_CURVE('',#3664,#3653,#1720,.T.);
#4690=EDGE_CURVE('',#3655,#3663,#1721,.T.);
#4691=EDGE_CURVE('',#3665,#3666,#3077,.T.);
#4692=EDGE_CURVE('',#3666,#3654,#1722,.T.);
#4693=EDGE_CURVE('',#3653,#3665,#1723,.T.);
#4694=EDGE_CURVE('',#3667,#3664,#1724,.T.);
#4695=EDGE_CURVE('',#3665,#3667,#1725,.T.);
#4696=EDGE_CURVE('',#3663,#3662,#1726,.T.);
#4697=EDGE_CURVE('',#3668,#3669,#3078,.T.);
#4698=EDGE_CURVE('',#3670,#3669,#3079,.F.);
#4699=EDGE_CURVE('',#3670,#3668,#3080,.T.);
#4700=EDGE_CURVE('',#3671,#3672,#3081,.T.);
#4701=EDGE_CURVE('',#3673,#3672,#3082,.F.);
#4702=EDGE_CURVE('',#3673,#3671,#3083,.T.);
#4703=EDGE_CURVE('',#3674,#3675,#3084,.T.);
#4704=EDGE_CURVE('',#3675,#3673,#1727,.T.);
#4705=EDGE_CURVE('',#3672,#3674,#1728,.T.);
#4706=EDGE_CURVE('',#3676,#3677,#101,.T.);
#4707=EDGE_CURVE('',#3677,#3671,#1729,.T.);
#4708=EDGE_CURVE('',#3673,#3676,#1730,.T.);
#4709=EDGE_CURVE('',#3669,#3672,#1731,.T.);
#4710=EDGE_CURVE('',#3671,#3670,#1732,.T.);
#4711=EDGE_CURVE('',#3678,#3679,#102,.T.);
#4712=EDGE_CURVE('',#3679,#3668,#1733,.T.);
#4713=EDGE_CURVE('',#3670,#3678,#1734,.T.);
#4714=EDGE_CURVE('',#3680,#3681,#3085,.T.);
#4715=EDGE_CURVE('',#3681,#3669,#1735,.T.);
#4716=EDGE_CURVE('',#3668,#3680,#1736,.T.);
#4717=EDGE_CURVE('',#3678,#3677,#1737,.T.);
#4718=EDGE_CURVE('',#3682,#3675,#1738,.T.);
#4719=EDGE_CURVE('',#3676,#3682,#1739,.T.);
#4720=EDGE_CURVE('',#3683,#3684,#3086,.T.);
#4721=EDGE_CURVE('',#3685,#3684,#3087,.F.);
#4722=EDGE_CURVE('',#3685,#3683,#3088,.T.);
#4723=EDGE_CURVE('',#3686,#3687,#3089,.T.);
#4724=EDGE_CURVE('',#3688,#3687,#3090,.F.);
#4725=EDGE_CURVE('',#3688,#3686,#3091,.T.);
#4726=EDGE_CURVE('',#3684,#3688,#1740,.T.);
#4727=EDGE_CURVE('',#3687,#3685,#1741,.T.);
#4728=EDGE_CURVE('',#3689,#3690,#3092,.T.);
#4729=EDGE_CURVE('',#3690,#3686,#1742,.T.);
#4730=EDGE_CURVE('',#3688,#3689,#1743,.T.);
#4731=EDGE_CURVE('',#3691,#3692,#103,.T.);
#4732=EDGE_CURVE('',#3692,#3687,#1744,.T.);
#4733=EDGE_CURVE('',#3686,#3691,#1745,.T.);
#4734=EDGE_CURVE('',#3693,#3694,#104,.T.);
#4735=EDGE_CURVE('',#3694,#3683,#1746,.T.);
#4736=EDGE_CURVE('',#3685,#3693,#1747,.T.);
#4737=EDGE_CURVE('',#3695,#3696,#3093,.T.);
#4738=EDGE_CURVE('',#3696,#3684,#1748,.T.);
#4739=EDGE_CURVE('',#3683,#3695,#1749,.T.);
#4740=EDGE_CURVE('',#3697,#3694,#1750,.T.);
#4741=EDGE_CURVE('',#3695,#3697,#1751,.T.);
#4742=EDGE_CURVE('',#3693,#3692,#1752,.T.);
#4743=EDGE_CURVE('',#3698,#3699,#3094,.T.);
#4744=EDGE_CURVE('',#3700,#3699,#3095,.F.);
#4745=EDGE_CURVE('',#3700,#3698,#3096,.T.);
#4746=EDGE_CURVE('',#3701,#3702,#3097,.T.);
#4747=EDGE_CURVE('',#3703,#3702,#3098,.F.);
#4748=EDGE_CURVE('',#3703,#3701,#3099,.T.);
#4749=EDGE_CURVE('',#3704,#3705,#3100,.T.);
#4750=EDGE_CURVE('',#3705,#3703,#1753,.T.);
#4751=EDGE_CURVE('',#3702,#3704,#1754,.T.);
#4752=EDGE_CURVE('',#3706,#3707,#105,.T.);
#4753=EDGE_CURVE('',#3707,#3701,#1755,.T.);
#4754=EDGE_CURVE('',#3703,#3706,#1756,.T.);
#4755=EDGE_CURVE('',#3699,#3702,#1757,.T.);
#4756=EDGE_CURVE('',#3701,#3700,#1758,.T.);
#4757=EDGE_CURVE('',#3708,#3709,#106,.T.);
#4758=EDGE_CURVE('',#3709,#3698,#1759,.T.);
#4759=EDGE_CURVE('',#3700,#3708,#1760,.T.);
#4760=EDGE_CURVE('',#3710,#3711,#3101,.T.);
#4761=EDGE_CURVE('',#3711,#3699,#1761,.T.);
#4762=EDGE_CURVE('',#3698,#3710,#1762,.T.);
#4763=EDGE_CURVE('',#3708,#3707,#1763,.T.);
#4764=EDGE_CURVE('',#3712,#3705,#1764,.T.);
#4765=EDGE_CURVE('',#3706,#3712,#1765,.T.);
#4766=EDGE_CURVE('',#3644,#3651,#1766,.T.);
#4767=EDGE_CURVE('',#3713,#3649,#1767,.T.);
#4768=EDGE_CURVE('',#3650,#3713,#1768,.T.);
#4769=EDGE_CURVE('',#3674,#3681,#1769,.T.);
#4770=EDGE_CURVE('',#3714,#3679,#1770,.T.);
#4771=EDGE_CURVE('',#3680,#3714,#1771,.T.);
#4772=EDGE_CURVE('',#3704,#3711,#1772,.T.);
#4773=EDGE_CURVE('',#3715,#3709,#1773,.T.);
#4774=EDGE_CURVE('',#3710,#3715,#1774,.T.);
#4775=EDGE_CURVE('',#3689,#3696,#1775,.T.);
#4776=EDGE_CURVE('',#3716,#3690,#1776,.T.);
#4777=EDGE_CURVE('',#3691,#3716,#1777,.T.);
#4778=EDGE_CURVE('',#3659,#3666,#1778,.T.);
#4779=EDGE_CURVE('',#3717,#3660,#1779,.T.);
#4780=EDGE_CURVE('',#3661,#3717,#1780,.T.);
#4781=EDGE_CURVE('',#3629,#3636,#1781,.T.);
#4782=EDGE_CURVE('',#3718,#3630,#1782,.T.);
#4783=EDGE_CURVE('',#3631,#3718,#1783,.T.);
#4784=EDGE_CURVE('',#3713,#3719,#1784,.T.);
#4785=EDGE_CURVE('',#3719,#3619,#1785,.T.);
#4786=EDGE_CURVE('',#3720,#3618,#1786,.T.);
#4787=EDGE_CURVE('',#3720,#3652,#1787,.T.);
#4788=EDGE_CURVE('',#3714,#3721,#1788,.T.);
#4789=EDGE_CURVE('',#3721,#3611,#1789,.T.);
#4790=EDGE_CURVE('',#3722,#3610,#1790,.T.);
#4791=EDGE_CURVE('',#3722,#3682,#1791,.T.);
#4792=EDGE_CURVE('',#3715,#3723,#1792,.T.);
#4793=EDGE_CURVE('',#3723,#3603,#1793,.T.);
#4794=EDGE_CURVE('',#3724,#3602,#1794,.T.);
#4795=EDGE_CURVE('',#3724,#3712,#1795,.T.);
#4796=EDGE_CURVE('',#3697,#3725,#1796,.T.);
#4797=EDGE_CURVE('',#3725,#3607,#1797,.T.);
#4798=EDGE_CURVE('',#3726,#3606,#1798,.T.);
#4799=EDGE_CURVE('',#3726,#3716,#1799,.T.);
#4800=EDGE_CURVE('',#3667,#3727,#1800,.T.);
#4801=EDGE_CURVE('',#3727,#3615,#1801,.T.);
#4802=EDGE_CURVE('',#3728,#3614,#1802,.T.);
#4803=EDGE_CURVE('',#3728,#3717,#1803,.T.);
#4804=EDGE_CURVE('',#3637,#3601,#1804,.T.);
#4805=EDGE_CURVE('',#3729,#3622,#1805,.T.);
#4806=EDGE_CURVE('',#3729,#3718,#1806,.T.);
#4807=EDGE_CURVE('',#3730,#3609,#1807,.T.);
#4808=EDGE_CURVE('',#3730,#3722,#1808,.T.);
#4809=EDGE_CURVE('',#3731,#3608,#1809,.T.);
#4810=EDGE_CURVE('',#3731,#3730,#1810,.T.);
#4811=EDGE_CURVE('',#3725,#3731,#1811,.T.);
#4812=EDGE_CURVE('',#3732,#3605,#1812,.T.);
#4813=EDGE_CURVE('',#3732,#3726,#1813,.T.);
#4814=EDGE_CURVE('',#3733,#3604,#1814,.T.);
#4815=EDGE_CURVE('',#3733,#3732,#1815,.T.);
#4816=EDGE_CURVE('',#3723,#3733,#1816,.T.);
#4817=EDGE_CURVE('',#3724,#3596,#1817,.T.);
#4818=EDGE_CURVE('',#3734,#3621,#1818,.T.);
#4819=EDGE_CURVE('',#3734,#3729,#1819,.T.);
#4820=EDGE_CURVE('',#3735,#3620,#1820,.T.);
#4821=EDGE_CURVE('',#3735,#3734,#1821,.T.);
#4822=EDGE_CURVE('',#3719,#3735,#1822,.T.);
#4823=EDGE_CURVE('',#3736,#3617,#1823,.T.);
#4824=EDGE_CURVE('',#3736,#3720,#1824,.T.);
#4825=EDGE_CURVE('',#3737,#3616,#1825,.T.);
#4826=EDGE_CURVE('',#3737,#3736,#1826,.T.);
#4827=EDGE_CURVE('',#3727,#3737,#1827,.T.);
#4828=EDGE_CURVE('',#3738,#3613,#1828,.T.);
#4829=EDGE_CURVE('',#3738,#3728,#1829,.T.);
#4830=EDGE_CURVE('',#3739,#3612,#1830,.T.);
#4831=EDGE_CURVE('',#3739,#3738,#1831,.T.);
#4832=EDGE_CURVE('',#3721,#3739,#1832,.T.);
#4833=EDGE_CURVE('',#3740,#3741,#1833,.T.);
#4834=EDGE_CURVE('',#3741,#3742,#1834,.T.);
#4835=EDGE_CURVE('',#3742,#3743,#1835,.T.);
#4836=EDGE_CURVE('',#3743,#3740,#1836,.T.);
#4837=EDGE_CURVE('',#3744,#3745,#1837,.T.);
#4838=EDGE_CURVE('',#3746,#3745,#1838,.T.);
#4839=EDGE_CURVE('',#3746,#3747,#1839,.T.);
#4840=EDGE_CURVE('',#3744,#3747,#1840,.T.);
#4841=EDGE_CURVE('',#3748,#3749,#1841,.T.);
#4842=EDGE_CURVE('',#3750,#3749,#3102,.T.);
#4843=EDGE_CURVE('',#3750,#3751,#1842,.T.);
#4844=EDGE_CURVE('',#3752,#3751,#3103,.T.);
#4845=EDGE_CURVE('',#3752,#3753,#1843,.T.);
#4846=EDGE_CURVE('',#3753,#3746,#1844,.T.);
#4847=EDGE_CURVE('',#3745,#3743,#1845,.T.);
#4848=EDGE_CURVE('',#3742,#3748,#1846,.T.);
#4849=EDGE_CURVE('',#3749,#3754,#1847,.T.);
#4850=EDGE_CURVE('',#3755,#3748,#1848,.T.);
#4851=EDGE_CURVE('',#3754,#3755,#1849,.T.);
#4852=EDGE_CURVE('',#3751,#3756,#1850,.T.);
#4853=EDGE_CURVE('',#3757,#3750,#1851,.T.);
#4854=EDGE_CURVE('',#3756,#3757,#1852,.T.);
#4855=EDGE_CURVE('',#3758,#3759,#1853,.T.);
#4856=EDGE_CURVE('',#3760,#3758,#1854,.T.);
#4857=EDGE_CURVE('',#3761,#3760,#1855,.T.);
#4858=EDGE_CURVE('',#3759,#3761,#1856,.T.);
#4859=EDGE_CURVE('',#3762,#3752,#1857,.T.);
#4860=EDGE_CURVE('',#3763,#3762,#1858,.T.);
#4861=EDGE_CURVE('',#3753,#3763,#1859,.T.);
#4862=EDGE_CURVE('',#3762,#3756,#3104,.T.);
#4863=EDGE_CURVE('',#3759,#3763,#107,.T.);
#4864=EDGE_CURVE('',#3758,#3762,#3105,.T.);
#4865=EDGE_CURVE('',#3755,#3761,#108,.T.);
#4866=EDGE_CURVE('',#3754,#3760,#3106,.T.);
#4867=EDGE_CURVE('',#3757,#3754,#3107,.T.);
#4868=EDGE_CURVE('',#3758,#3756,#3108,.F.);
#4869=EDGE_CURVE('',#3757,#3760,#3109,.F.);
#4870=EDGE_CURVE('',#3744,#3740,#1860,.T.);
#4871=EDGE_CURVE('',#3741,#3747,#1861,.T.);
#4872=EDGE_CURVE('',#3764,#3765,#1862,.T.);
#4873=EDGE_CURVE('',#3766,#3765,#1863,.T.);
#4874=EDGE_CURVE('',#3767,#3766,#1864,.T.);
#4875=EDGE_CURVE('',#3764,#3767,#1865,.T.);
#4876=EDGE_CURVE('',#3768,#3764,#1866,.T.);
#4877=EDGE_CURVE('',#3769,#3767,#1867,.T.);
#4878=EDGE_CURVE('',#3769,#3768,#1868,.T.);
#4879=EDGE_CURVE('',#3770,#3771,#1869,.T.);
#4880=EDGE_CURVE('',#3772,#3771,#3110,.T.);
#4881=EDGE_CURVE('',#3772,#3773,#1870,.T.);
#4882=EDGE_CURVE('',#3774,#3773,#3111,.T.);
#4883=EDGE_CURVE('',#3774,#3775,#1871,.T.);
#4884=EDGE_CURVE('',#3775,#3769,#1872,.T.);
#4885=EDGE_CURVE('',#3776,#3766,#1873,.T.);
#4886=EDGE_CURVE('',#3776,#3770,#1874,.T.);
#4887=EDGE_CURVE('',#3771,#3777,#1875,.T.);
#4888=EDGE_CURVE('',#3778,#3770,#1876,.T.);
#4889=EDGE_CURVE('',#3777,#3778,#1877,.T.);
#4890=EDGE_CURVE('',#3773,#3779,#1878,.T.);
#4891=EDGE_CURVE('',#3780,#3772,#1879,.T.);
#4892=EDGE_CURVE('',#3779,#3780,#1880,.T.);
#4893=EDGE_CURVE('',#3781,#3782,#1881,.T.);
#4894=EDGE_CURVE('',#3783,#3781,#1882,.T.);
#4895=EDGE_CURVE('',#3784,#3783,#1883,.T.);
#4896=EDGE_CURVE('',#3782,#3784,#1884,.T.);
#4897=EDGE_CURVE('',#3785,#3774,#1885,.T.);
#4898=EDGE_CURVE('',#3786,#3785,#1886,.T.);
#4899=EDGE_CURVE('',#3775,#3786,#1887,.T.);
#4900=EDGE_CURVE('',#3778,#3784,#109,.T.);
#4901=EDGE_CURVE('',#3777,#3783,#3112,.T.);
#4902=EDGE_CURVE('',#3780,#3777,#3113,.T.);
#4903=EDGE_CURVE('',#3782,#3786,#110,.T.);
#4904=EDGE_CURVE('',#3781,#3785,#3114,.T.);
#4905=EDGE_CURVE('',#3779,#3781,#3115,.T.);
#4906=EDGE_CURVE('',#3780,#3783,#3116,.F.);
#4907=EDGE_CURVE('',#3779,#3785,#3117,.F.);
#4908=EDGE_CURVE('',#3787,#3768,#1888,.T.);
#4909=EDGE_CURVE('',#3787,#3776,#1889,.T.);
#4910=EDGE_CURVE('',#3765,#3787,#1890,.T.);
#4911=EDGE_CURVE('',#3788,#3789,#1891,.T.);
#4912=EDGE_CURVE('',#3790,#3788,#1892,.T.);
#4913=EDGE_CURVE('',#3791,#3790,#1893,.T.);
#4914=EDGE_CURVE('',#3791,#3789,#1894,.T.);
#4915=EDGE_CURVE('',#3789,#3792,#1895,.T.);
#4916=EDGE_CURVE('',#3793,#3791,#1896,.T.);
#4917=EDGE_CURVE('',#3793,#3792,#1897,.T.);
#4918=EDGE_CURVE('',#3792,#3794,#1898,.T.);
#4919=EDGE_CURVE('',#3795,#3793,#1899,.T.);
#4920=EDGE_CURVE('',#3795,#3794,#1900,.T.);
#4921=EDGE_CURVE('',#3794,#3796,#1901,.T.);
#4922=EDGE_CURVE('',#3797,#3795,#1902,.T.);
#4923=EDGE_CURVE('',#3797,#3796,#1903,.T.);
#4924=EDGE_CURVE('',#3796,#3798,#1904,.T.);
#4925=EDGE_CURVE('',#3799,#3797,#1905,.T.);
#4926=EDGE_CURVE('',#3799,#3798,#1906,.T.);
#4927=EDGE_CURVE('',#3798,#3800,#1907,.T.);
#4928=EDGE_CURVE('',#3801,#3799,#1908,.T.);
#4929=EDGE_CURVE('',#3801,#3800,#1909,.T.);
#4930=EDGE_CURVE('',#3800,#3802,#1910,.T.);
#4931=EDGE_CURVE('',#3803,#3801,#1911,.T.);
#4932=EDGE_CURVE('',#3803,#3802,#1912,.T.);
#4933=EDGE_CURVE('',#3802,#3804,#1913,.T.);
#4934=EDGE_CURVE('',#3805,#3803,#1914,.T.);
#4935=EDGE_CURVE('',#3805,#3804,#1915,.T.);
#4936=EDGE_CURVE('',#3804,#3806,#1916,.T.);
#4937=EDGE_CURVE('',#3807,#3805,#1917,.T.);
#4938=EDGE_CURVE('',#3807,#3806,#1918,.T.);
#4939=EDGE_CURVE('',#3806,#3808,#1919,.T.);
#4940=EDGE_CURVE('',#3809,#3807,#1920,.T.);
#4941=EDGE_CURVE('',#3809,#3808,#1921,.T.);
#4942=EDGE_CURVE('',#3808,#3810,#1922,.T.);
#4943=EDGE_CURVE('',#3811,#3809,#1923,.T.);
#4944=EDGE_CURVE('',#3811,#3810,#1924,.T.);
#4945=EDGE_CURVE('',#3810,#3812,#1925,.T.);
#4946=EDGE_CURVE('',#3813,#3812,#1926,.T.);
#4947=EDGE_CURVE('',#3814,#3813,#1927,.T.);
#4948=EDGE_CURVE('',#3815,#3814,#1928,.T.);
#4949=EDGE_CURVE('',#3816,#3815,#1929,.T.);
#4950=EDGE_CURVE('',#3817,#3816,#1930,.T.);
#4951=EDGE_CURVE('',#3818,#3817,#1931,.T.);
#4952=EDGE_CURVE('',#3819,#3818,#1932,.T.);
#4953=EDGE_CURVE('',#3820,#3819,#1933,.T.);
#4954=EDGE_CURVE('',#3821,#3820,#1934,.T.);
#4955=EDGE_CURVE('',#3822,#3821,#1935,.T.);
#4956=EDGE_CURVE('',#3823,#3822,#1936,.T.);
#4957=EDGE_CURVE('',#3824,#3823,#1937,.T.);
#4958=EDGE_CURVE('',#3825,#3824,#1938,.T.);
#4959=EDGE_CURVE('',#3826,#3825,#1939,.T.);
#4960=EDGE_CURVE('',#3827,#3826,#1940,.T.);
#4961=EDGE_CURVE('',#3828,#3827,#1941,.T.);
#4962=EDGE_CURVE('',#3829,#3828,#1942,.T.);
#4963=EDGE_CURVE('',#3830,#3829,#1943,.T.);
#4964=EDGE_CURVE('',#3831,#3830,#1944,.T.);
#4965=EDGE_CURVE('',#3831,#3788,#1945,.T.);
#4966=EDGE_CURVE('',#3813,#3832,#1946,.T.);
#4967=EDGE_CURVE('',#3832,#3833,#1947,.T.);
#4968=EDGE_CURVE('',#3814,#3833,#1948,.T.);
#4969=EDGE_CURVE('',#3812,#3834,#1949,.T.);
#4970=EDGE_CURVE('',#3834,#3832,#1950,.T.);
#4971=EDGE_CURVE('',#3835,#3811,#1951,.T.);
#4972=EDGE_CURVE('',#3790,#3836,#1952,.T.);
#4973=EDGE_CURVE('',#3836,#3837,#1953,.T.);
#4974=EDGE_CURVE('',#3837,#3838,#1954,.T.);
#4975=EDGE_CURVE('',#3838,#3839,#1955,.T.);
#4976=EDGE_CURVE('',#3839,#3840,#1956,.T.);
#4977=EDGE_CURVE('',#3840,#3841,#1957,.T.);
#4978=EDGE_CURVE('',#3841,#3842,#1958,.T.);
#4979=EDGE_CURVE('',#3842,#3843,#1959,.T.);
#4980=EDGE_CURVE('',#3843,#3844,#1960,.T.);
#4981=EDGE_CURVE('',#3844,#3845,#1961,.T.);
#4982=EDGE_CURVE('',#3845,#3846,#1962,.T.);
#4983=EDGE_CURVE('',#3846,#3835,#1963,.T.);
#4984=EDGE_CURVE('',#3847,#3848,#1964,.T.);
#4985=EDGE_CURVE('',#3845,#3848,#1965,.T.);
#4986=EDGE_CURVE('',#3844,#3847,#1966,.T.);
#4987=EDGE_CURVE('',#3848,#3849,#1967,.T.);
#4988=EDGE_CURVE('',#3846,#3849,#1968,.T.);
#4989=EDGE_CURVE('',#3849,#3850,#1969,.T.);
#4990=EDGE_CURVE('',#3835,#3850,#1970,.T.);
#4991=EDGE_CURVE('',#3850,#3834,#1971,.T.);
#4992=EDGE_CURVE('',#3833,#3851,#1972,.T.);
#4993=EDGE_CURVE('',#3815,#3851,#1973,.T.);
#4994=EDGE_CURVE('',#3851,#3852,#1974,.T.);
#4995=EDGE_CURVE('',#3816,#3852,#1975,.T.);
#4996=EDGE_CURVE('',#3852,#3853,#1976,.T.);
#4997=EDGE_CURVE('',#3817,#3853,#1977,.T.);
#4998=EDGE_CURVE('',#3853,#3854,#1978,.T.);
#4999=EDGE_CURVE('',#3818,#3854,#1979,.T.);
#5000=EDGE_CURVE('',#3854,#3855,#1980,.T.);
#5001=EDGE_CURVE('',#3819,#3855,#1981,.T.);
#5002=EDGE_CURVE('',#3855,#3856,#1982,.T.);
#5003=EDGE_CURVE('',#3820,#3856,#1983,.T.);
#5004=EDGE_CURVE('',#3856,#3857,#1984,.T.);
#5005=EDGE_CURVE('',#3821,#3857,#1985,.T.);
#5006=EDGE_CURVE('',#3857,#3858,#1986,.T.);
#5007=EDGE_CURVE('',#3822,#3858,#1987,.T.);
#5008=EDGE_CURVE('',#3858,#3859,#1988,.T.);
#5009=EDGE_CURVE('',#3823,#3859,#1989,.T.);
#5010=EDGE_CURVE('',#3859,#3860,#1990,.T.);
#5011=EDGE_CURVE('',#3824,#3860,#1991,.T.);
#5012=EDGE_CURVE('',#3860,#3861,#1992,.T.);
#5013=EDGE_CURVE('',#3825,#3861,#1993,.T.);
#5014=EDGE_CURVE('',#3861,#3862,#1994,.T.);
#5015=EDGE_CURVE('',#3826,#3862,#1995,.T.);
#5016=EDGE_CURVE('',#3862,#3863,#1996,.T.);
#5017=EDGE_CURVE('',#3827,#3863,#1997,.T.);
#5018=EDGE_CURVE('',#3863,#3864,#1998,.T.);
#5019=EDGE_CURVE('',#3828,#3864,#1999,.T.);
#5020=EDGE_CURVE('',#3864,#3865,#2000,.T.);
#5021=EDGE_CURVE('',#3829,#3865,#2001,.T.);
#5022=EDGE_CURVE('',#3865,#3866,#2002,.T.);
#5023=EDGE_CURVE('',#3830,#3866,#2003,.T.);
#5024=EDGE_CURVE('',#3866,#3867,#2004,.T.);
#5025=EDGE_CURVE('',#3831,#3867,#2005,.T.);
#5026=EDGE_CURVE('',#3867,#3868,#2006,.T.);
#5027=EDGE_CURVE('',#3836,#3868,#2007,.T.);
#5028=EDGE_CURVE('',#3868,#3869,#2008,.T.);
#5029=EDGE_CURVE('',#3837,#3869,#2009,.T.);
#5030=EDGE_CURVE('',#3869,#3870,#2010,.T.);
#5031=EDGE_CURVE('',#3838,#3870,#2011,.T.);
#5032=EDGE_CURVE('',#3870,#3871,#2012,.T.);
#5033=EDGE_CURVE('',#3839,#3871,#2013,.T.);
#5034=EDGE_CURVE('',#3871,#3872,#2014,.T.);
#5035=EDGE_CURVE('',#3840,#3872,#2015,.T.);
#5036=EDGE_CURVE('',#3872,#3873,#2016,.T.);
#5037=EDGE_CURVE('',#3841,#3873,#2017,.T.);
#5038=EDGE_CURVE('',#3873,#3874,#2018,.T.);
#5039=EDGE_CURVE('',#3842,#3874,#2019,.T.);
#5040=EDGE_CURVE('',#3874,#3875,#2020,.T.);
#5041=EDGE_CURVE('',#3843,#3875,#2021,.T.);
#5042=EDGE_CURVE('',#3875,#3847,#2022,.T.);
#5043=ORIENTED_EDGE('',*,*,#3876,.F.);
#5044=ORIENTED_EDGE('',*,*,#3877,.F.);
#5045=ORIENTED_EDGE('',*,*,#3878,.F.);
#5046=ORIENTED_EDGE('',*,*,#3879,.F.);
#5047=ORIENTED_EDGE('',*,*,#3880,.F.);
#5048=ORIENTED_EDGE('',*,*,#3881,.F.);
#5049=ORIENTED_EDGE('',*,*,#3882,.F.);
#5050=ORIENTED_EDGE('',*,*,#3883,.F.);
#5051=ORIENTED_EDGE('',*,*,#3884,.F.);
#5052=ORIENTED_EDGE('',*,*,#3885,.F.);
#5053=ORIENTED_EDGE('',*,*,#3886,.F.);
#5054=ORIENTED_EDGE('',*,*,#3887,.F.);
#5055=ORIENTED_EDGE('',*,*,#3888,.F.);
#5056=ORIENTED_EDGE('',*,*,#3889,.F.);
#5057=ORIENTED_EDGE('',*,*,#3890,.F.);
#5058=ORIENTED_EDGE('',*,*,#3883,.T.);
#5059=ORIENTED_EDGE('',*,*,#3891,.T.);
#5060=ORIENTED_EDGE('',*,*,#3892,.T.);
#5061=ORIENTED_EDGE('',*,*,#3893,.F.);
#5062=ORIENTED_EDGE('',*,*,#3882,.T.);
#5063=ORIENTED_EDGE('',*,*,#3894,.T.);
#5064=ORIENTED_EDGE('',*,*,#3895,.T.);
#5065=ORIENTED_EDGE('',*,*,#3891,.F.);
#5066=ORIENTED_EDGE('',*,*,#3881,.T.);
#5067=ORIENTED_EDGE('',*,*,#3896,.T.);
#5068=ORIENTED_EDGE('',*,*,#3897,.T.);
#5069=ORIENTED_EDGE('',*,*,#3894,.F.);
#5070=ORIENTED_EDGE('',*,*,#3880,.T.);
#5071=ORIENTED_EDGE('',*,*,#3898,.T.);
#5072=ORIENTED_EDGE('',*,*,#3899,.T.);
#5073=ORIENTED_EDGE('',*,*,#3896,.F.);
#5074=ORIENTED_EDGE('',*,*,#3879,.T.);
#5075=ORIENTED_EDGE('',*,*,#3900,.T.);
#5076=ORIENTED_EDGE('',*,*,#3901,.T.);
#5077=ORIENTED_EDGE('',*,*,#3898,.F.);
#5078=ORIENTED_EDGE('',*,*,#3878,.T.);
#5079=ORIENTED_EDGE('',*,*,#3902,.T.);
#5080=ORIENTED_EDGE('',*,*,#3903,.T.);
#5081=ORIENTED_EDGE('',*,*,#3900,.F.);
#5082=ORIENTED_EDGE('',*,*,#3877,.T.);
#5083=ORIENTED_EDGE('',*,*,#3904,.T.);
#5084=ORIENTED_EDGE('',*,*,#3905,.T.);
#5085=ORIENTED_EDGE('',*,*,#3902,.F.);
#5086=ORIENTED_EDGE('',*,*,#3876,.T.);
#5087=ORIENTED_EDGE('',*,*,#3906,.T.);
#5088=ORIENTED_EDGE('',*,*,#3907,.T.);
#5089=ORIENTED_EDGE('',*,*,#3904,.F.);
#5090=ORIENTED_EDGE('',*,*,#3890,.T.);
#5091=ORIENTED_EDGE('',*,*,#3908,.T.);
#5092=ORIENTED_EDGE('',*,*,#3909,.T.);
#5093=ORIENTED_EDGE('',*,*,#3906,.F.);
#5094=ORIENTED_EDGE('',*,*,#3889,.T.);
#5095=ORIENTED_EDGE('',*,*,#3910,.T.);
#5096=ORIENTED_EDGE('',*,*,#3911,.T.);
#5097=ORIENTED_EDGE('',*,*,#3908,.F.);
#5098=ORIENTED_EDGE('',*,*,#3888,.T.);
#5099=ORIENTED_EDGE('',*,*,#3912,.T.);
#5100=ORIENTED_EDGE('',*,*,#3913,.T.);
#5101=ORIENTED_EDGE('',*,*,#3910,.F.);
#5102=ORIENTED_EDGE('',*,*,#3887,.T.);
#5103=ORIENTED_EDGE('',*,*,#3914,.T.);
#5104=ORIENTED_EDGE('',*,*,#3915,.T.);
#5105=ORIENTED_EDGE('',*,*,#3912,.F.);
#5106=ORIENTED_EDGE('',*,*,#3886,.T.);
#5107=ORIENTED_EDGE('',*,*,#3916,.T.);
#5108=ORIENTED_EDGE('',*,*,#3917,.T.);
#5109=ORIENTED_EDGE('',*,*,#3914,.F.);
#5110=ORIENTED_EDGE('',*,*,#3885,.T.);
#5111=ORIENTED_EDGE('',*,*,#3918,.T.);
#5112=ORIENTED_EDGE('',*,*,#3919,.T.);
#5113=ORIENTED_EDGE('',*,*,#3916,.F.);
#5114=ORIENTED_EDGE('',*,*,#3905,.F.);
#5115=ORIENTED_EDGE('',*,*,#3907,.F.);
#5116=ORIENTED_EDGE('',*,*,#3909,.F.);
#5117=ORIENTED_EDGE('',*,*,#3911,.F.);
#5118=ORIENTED_EDGE('',*,*,#3913,.F.);
#5119=ORIENTED_EDGE('',*,*,#3915,.F.);
#5120=ORIENTED_EDGE('',*,*,#3917,.F.);
#5121=ORIENTED_EDGE('',*,*,#3919,.F.);
#5122=ORIENTED_EDGE('',*,*,#3920,.F.);
#5123=ORIENTED_EDGE('',*,*,#3892,.F.);
#5124=ORIENTED_EDGE('',*,*,#3895,.F.);
#5125=ORIENTED_EDGE('',*,*,#3897,.F.);
#5126=ORIENTED_EDGE('',*,*,#3899,.F.);
#5127=ORIENTED_EDGE('',*,*,#3901,.F.);
#5128=ORIENTED_EDGE('',*,*,#3903,.F.);
#5129=ORIENTED_EDGE('',*,*,#3884,.T.);
#5130=ORIENTED_EDGE('',*,*,#3893,.T.);
#5131=ORIENTED_EDGE('',*,*,#3920,.T.);
#5132=ORIENTED_EDGE('',*,*,#3918,.F.);
#5133=ORIENTED_EDGE('',*,*,#3921,.F.);
#5134=ORIENTED_EDGE('',*,*,#3922,.F.);
#5135=ORIENTED_EDGE('',*,*,#3923,.F.);
#5136=ORIENTED_EDGE('',*,*,#3924,.F.);
#5137=ORIENTED_EDGE('',*,*,#3925,.F.);
#5138=ORIENTED_EDGE('',*,*,#3926,.F.);
#5139=ORIENTED_EDGE('',*,*,#3927,.F.);
#5140=ORIENTED_EDGE('',*,*,#3928,.F.);
#5141=ORIENTED_EDGE('',*,*,#3929,.F.);
#5142=ORIENTED_EDGE('',*,*,#3930,.F.);
#5143=ORIENTED_EDGE('',*,*,#3931,.F.);
#5144=ORIENTED_EDGE('',*,*,#3932,.F.);
#5145=ORIENTED_EDGE('',*,*,#3933,.F.);
#5146=ORIENTED_EDGE('',*,*,#3934,.F.);
#5147=ORIENTED_EDGE('',*,*,#3935,.F.);
#5148=ORIENTED_EDGE('',*,*,#3928,.T.);
#5149=ORIENTED_EDGE('',*,*,#3936,.T.);
#5150=ORIENTED_EDGE('',*,*,#3937,.T.);
#5151=ORIENTED_EDGE('',*,*,#3938,.F.);
#5152=ORIENTED_EDGE('',*,*,#3927,.T.);
#5153=ORIENTED_EDGE('',*,*,#3939,.T.);
#5154=ORIENTED_EDGE('',*,*,#3940,.T.);
#5155=ORIENTED_EDGE('',*,*,#3936,.F.);
#5156=ORIENTED_EDGE('',*,*,#3926,.T.);
#5157=ORIENTED_EDGE('',*,*,#3941,.T.);
#5158=ORIENTED_EDGE('',*,*,#3942,.T.);
#5159=ORIENTED_EDGE('',*,*,#3939,.F.);
#5160=ORIENTED_EDGE('',*,*,#3925,.T.);
#5161=ORIENTED_EDGE('',*,*,#3943,.T.);
#5162=ORIENTED_EDGE('',*,*,#3944,.T.);
#5163=ORIENTED_EDGE('',*,*,#3941,.F.);
#5164=ORIENTED_EDGE('',*,*,#3924,.T.);
#5165=ORIENTED_EDGE('',*,*,#3945,.T.);
#5166=ORIENTED_EDGE('',*,*,#3946,.T.);
#5167=ORIENTED_EDGE('',*,*,#3943,.F.);
#5168=ORIENTED_EDGE('',*,*,#3923,.T.);
#5169=ORIENTED_EDGE('',*,*,#3947,.T.);
#5170=ORIENTED_EDGE('',*,*,#3948,.T.);
#5171=ORIENTED_EDGE('',*,*,#3945,.F.);
#5172=ORIENTED_EDGE('',*,*,#3922,.T.);
#5173=ORIENTED_EDGE('',*,*,#3949,.T.);
#5174=ORIENTED_EDGE('',*,*,#3950,.T.);
#5175=ORIENTED_EDGE('',*,*,#3947,.F.);
#5176=ORIENTED_EDGE('',*,*,#3921,.T.);
#5177=ORIENTED_EDGE('',*,*,#3951,.T.);
#5178=ORIENTED_EDGE('',*,*,#3952,.T.);
#5179=ORIENTED_EDGE('',*,*,#3949,.F.);
#5180=ORIENTED_EDGE('',*,*,#3935,.T.);
#5181=ORIENTED_EDGE('',*,*,#3953,.T.);
#5182=ORIENTED_EDGE('',*,*,#3954,.T.);
#5183=ORIENTED_EDGE('',*,*,#3951,.F.);
#5184=ORIENTED_EDGE('',*,*,#3934,.T.);
#5185=ORIENTED_EDGE('',*,*,#3955,.T.);
#5186=ORIENTED_EDGE('',*,*,#3956,.T.);
#5187=ORIENTED_EDGE('',*,*,#3953,.F.);
#5188=ORIENTED_EDGE('',*,*,#3933,.T.);
#5189=ORIENTED_EDGE('',*,*,#3957,.T.);
#5190=ORIENTED_EDGE('',*,*,#3958,.T.);
#5191=ORIENTED_EDGE('',*,*,#3955,.F.);
#5192=ORIENTED_EDGE('',*,*,#3932,.T.);
#5193=ORIENTED_EDGE('',*,*,#3959,.T.);
#5194=ORIENTED_EDGE('',*,*,#3960,.T.);
#5195=ORIENTED_EDGE('',*,*,#3957,.F.);
#5196=ORIENTED_EDGE('',*,*,#3931,.T.);
#5197=ORIENTED_EDGE('',*,*,#3961,.T.);
#5198=ORIENTED_EDGE('',*,*,#3962,.T.);
#5199=ORIENTED_EDGE('',*,*,#3959,.F.);
#5200=ORIENTED_EDGE('',*,*,#3930,.T.);
#5201=ORIENTED_EDGE('',*,*,#3963,.T.);
#5202=ORIENTED_EDGE('',*,*,#3964,.T.);
#5203=ORIENTED_EDGE('',*,*,#3961,.F.);
#5204=ORIENTED_EDGE('',*,*,#3950,.F.);
#5205=ORIENTED_EDGE('',*,*,#3952,.F.);
#5206=ORIENTED_EDGE('',*,*,#3954,.F.);
#5207=ORIENTED_EDGE('',*,*,#3956,.F.);
#5208=ORIENTED_EDGE('',*,*,#3958,.F.);
#5209=ORIENTED_EDGE('',*,*,#3960,.F.);
#5210=ORIENTED_EDGE('',*,*,#3962,.F.);
#5211=ORIENTED_EDGE('',*,*,#3964,.F.);
#5212=ORIENTED_EDGE('',*,*,#3965,.F.);
#5213=ORIENTED_EDGE('',*,*,#3937,.F.);
#5214=ORIENTED_EDGE('',*,*,#3940,.F.);
#5215=ORIENTED_EDGE('',*,*,#3942,.F.);
#5216=ORIENTED_EDGE('',*,*,#3944,.F.);
#5217=ORIENTED_EDGE('',*,*,#3946,.F.);
#5218=ORIENTED_EDGE('',*,*,#3948,.F.);
#5219=ORIENTED_EDGE('',*,*,#3929,.T.);
#5220=ORIENTED_EDGE('',*,*,#3938,.T.);
#5221=ORIENTED_EDGE('',*,*,#3965,.T.);
#5222=ORIENTED_EDGE('',*,*,#3963,.F.);
#5223=ORIENTED_EDGE('',*,*,#3966,.T.);
#5224=ORIENTED_EDGE('',*,*,#3967,.T.);
#5225=ORIENTED_EDGE('',*,*,#3967,.F.);
#5226=ORIENTED_EDGE('',*,*,#3966,.F.);
#5227=ORIENTED_EDGE('',*,*,#3968,.F.);
#5228=ORIENTED_EDGE('',*,*,#3969,.F.);
#5229=ORIENTED_EDGE('',*,*,#3970,.F.);
#5230=ORIENTED_EDGE('',*,*,#3971,.F.);
#5231=ORIENTED_EDGE('',*,*,#3972,.F.);
#5232=ORIENTED_EDGE('',*,*,#3973,.F.);
#5233=ORIENTED_EDGE('',*,*,#3974,.F.);
#5234=ORIENTED_EDGE('',*,*,#3975,.F.);
#5235=ORIENTED_EDGE('',*,*,#3976,.F.);
#5236=ORIENTED_EDGE('',*,*,#3977,.F.);
#5237=ORIENTED_EDGE('',*,*,#3978,.F.);
#5238=ORIENTED_EDGE('',*,*,#3979,.F.);
#5239=ORIENTED_EDGE('',*,*,#3980,.F.);
#5240=ORIENTED_EDGE('',*,*,#3981,.F.);
#5241=ORIENTED_EDGE('',*,*,#3982,.F.);
#5242=ORIENTED_EDGE('',*,*,#3975,.T.);
#5243=ORIENTED_EDGE('',*,*,#3983,.T.);
#5244=ORIENTED_EDGE('',*,*,#3984,.T.);
#5245=ORIENTED_EDGE('',*,*,#3985,.F.);
#5246=ORIENTED_EDGE('',*,*,#3974,.T.);
#5247=ORIENTED_EDGE('',*,*,#3986,.T.);
#5248=ORIENTED_EDGE('',*,*,#3987,.T.);
#5249=ORIENTED_EDGE('',*,*,#3983,.F.);
#5250=ORIENTED_EDGE('',*,*,#3973,.T.);
#5251=ORIENTED_EDGE('',*,*,#3988,.T.);
#5252=ORIENTED_EDGE('',*,*,#3989,.T.);
#5253=ORIENTED_EDGE('',*,*,#3986,.F.);
#5254=ORIENTED_EDGE('',*,*,#3972,.T.);
#5255=ORIENTED_EDGE('',*,*,#3990,.T.);
#5256=ORIENTED_EDGE('',*,*,#3991,.T.);
#5257=ORIENTED_EDGE('',*,*,#3988,.F.);
#5258=ORIENTED_EDGE('',*,*,#3971,.T.);
#5259=ORIENTED_EDGE('',*,*,#3992,.T.);
#5260=ORIENTED_EDGE('',*,*,#3993,.T.);
#5261=ORIENTED_EDGE('',*,*,#3990,.F.);
#5262=ORIENTED_EDGE('',*,*,#3970,.T.);
#5263=ORIENTED_EDGE('',*,*,#3994,.T.);
#5264=ORIENTED_EDGE('',*,*,#3995,.T.);
#5265=ORIENTED_EDGE('',*,*,#3992,.F.);
#5266=ORIENTED_EDGE('',*,*,#3969,.T.);
#5267=ORIENTED_EDGE('',*,*,#3996,.T.);
#5268=ORIENTED_EDGE('',*,*,#3997,.T.);
#5269=ORIENTED_EDGE('',*,*,#3994,.F.);
#5270=ORIENTED_EDGE('',*,*,#3968,.T.);
#5271=ORIENTED_EDGE('',*,*,#3998,.T.);
#5272=ORIENTED_EDGE('',*,*,#3999,.T.);
#5273=ORIENTED_EDGE('',*,*,#3996,.F.);
#5274=ORIENTED_EDGE('',*,*,#3982,.T.);
#5275=ORIENTED_EDGE('',*,*,#4000,.T.);
#5276=ORIENTED_EDGE('',*,*,#4001,.T.);
#5277=ORIENTED_EDGE('',*,*,#3998,.F.);
#5278=ORIENTED_EDGE('',*,*,#3981,.T.);
#5279=ORIENTED_EDGE('',*,*,#4002,.T.);
#5280=ORIENTED_EDGE('',*,*,#4003,.T.);
#5281=ORIENTED_EDGE('',*,*,#4000,.F.);
#5282=ORIENTED_EDGE('',*,*,#3980,.T.);
#5283=ORIENTED_EDGE('',*,*,#4004,.T.);
#5284=ORIENTED_EDGE('',*,*,#4005,.T.);
#5285=ORIENTED_EDGE('',*,*,#4002,.F.);
#5286=ORIENTED_EDGE('',*,*,#3979,.T.);
#5287=ORIENTED_EDGE('',*,*,#4006,.T.);
#5288=ORIENTED_EDGE('',*,*,#4007,.T.);
#5289=ORIENTED_EDGE('',*,*,#4004,.F.);
#5290=ORIENTED_EDGE('',*,*,#3978,.T.);
#5291=ORIENTED_EDGE('',*,*,#4008,.T.);
#5292=ORIENTED_EDGE('',*,*,#4009,.T.);
#5293=ORIENTED_EDGE('',*,*,#4006,.F.);
#5294=ORIENTED_EDGE('',*,*,#3977,.T.);
#5295=ORIENTED_EDGE('',*,*,#4010,.T.);
#5296=ORIENTED_EDGE('',*,*,#4011,.T.);
#5297=ORIENTED_EDGE('',*,*,#4008,.F.);
#5298=ORIENTED_EDGE('',*,*,#4012,.F.);
#5299=ORIENTED_EDGE('',*,*,#3984,.F.);
#5300=ORIENTED_EDGE('',*,*,#3987,.F.);
#5301=ORIENTED_EDGE('',*,*,#3989,.F.);
#5302=ORIENTED_EDGE('',*,*,#3991,.F.);
#5303=ORIENTED_EDGE('',*,*,#3993,.F.);
#5304=ORIENTED_EDGE('',*,*,#3995,.F.);
#5305=ORIENTED_EDGE('',*,*,#3997,.F.);
#5306=ORIENTED_EDGE('',*,*,#3999,.F.);
#5307=ORIENTED_EDGE('',*,*,#4001,.F.);
#5308=ORIENTED_EDGE('',*,*,#4003,.F.);
#5309=ORIENTED_EDGE('',*,*,#4005,.F.);
#5310=ORIENTED_EDGE('',*,*,#4007,.F.);
#5311=ORIENTED_EDGE('',*,*,#4009,.F.);
#5312=ORIENTED_EDGE('',*,*,#4011,.F.);
#5313=ORIENTED_EDGE('',*,*,#3976,.T.);
#5314=ORIENTED_EDGE('',*,*,#3985,.T.);
#5315=ORIENTED_EDGE('',*,*,#4012,.T.);
#5316=ORIENTED_EDGE('',*,*,#4010,.F.);
#5317=ORIENTED_EDGE('',*,*,#4013,.T.);
#5318=ORIENTED_EDGE('',*,*,#4014,.T.);
#5319=ORIENTED_EDGE('',*,*,#4015,.T.);
#5320=ORIENTED_EDGE('',*,*,#4016,.F.);
#5321=ORIENTED_EDGE('',*,*,#4017,.F.);
#5322=ORIENTED_EDGE('',*,*,#4018,.F.);
#5323=ORIENTED_EDGE('',*,*,#4015,.F.);
#5324=ORIENTED_EDGE('',*,*,#4019,.F.);
#5325=ORIENTED_EDGE('',*,*,#4020,.T.);
#5326=ORIENTED_EDGE('',*,*,#4016,.T.);
#5327=ORIENTED_EDGE('',*,*,#4018,.T.);
#5328=ORIENTED_EDGE('',*,*,#4021,.F.);
#5329=ORIENTED_EDGE('',*,*,#4022,.T.);
#5330=ORIENTED_EDGE('',*,*,#4021,.T.);
#5331=ORIENTED_EDGE('',*,*,#4017,.T.);
#5332=ORIENTED_EDGE('',*,*,#4023,.F.);
#5333=ORIENTED_EDGE('',*,*,#4024,.T.);
#5334=ORIENTED_EDGE('',*,*,#4023,.T.);
#5335=ORIENTED_EDGE('',*,*,#4019,.T.);
#5336=ORIENTED_EDGE('',*,*,#4014,.F.);
#5337=ORIENTED_EDGE('',*,*,#4020,.F.);
#5338=ORIENTED_EDGE('',*,*,#4022,.F.);
#5339=ORIENTED_EDGE('',*,*,#4024,.F.);
#5340=ORIENTED_EDGE('',*,*,#4013,.F.);
#5341=ORIENTED_EDGE('',*,*,#4025,.F.);
#5342=ORIENTED_EDGE('',*,*,#4026,.F.);
#5343=ORIENTED_EDGE('',*,*,#4027,.F.);
#5344=ORIENTED_EDGE('',*,*,#4028,.F.);
#5345=ORIENTED_EDGE('',*,*,#4029,.F.);
#5346=ORIENTED_EDGE('',*,*,#4030,.F.);
#5347=ORIENTED_EDGE('',*,*,#4031,.F.);
#5348=ORIENTED_EDGE('',*,*,#4032,.F.);
#5349=ORIENTED_EDGE('',*,*,#4033,.F.);
#5350=ORIENTED_EDGE('',*,*,#4034,.F.);
#5351=ORIENTED_EDGE('',*,*,#4035,.F.);
#5352=ORIENTED_EDGE('',*,*,#4036,.F.);
#5353=ORIENTED_EDGE('',*,*,#4037,.F.);
#5354=ORIENTED_EDGE('',*,*,#4038,.F.);
#5355=ORIENTED_EDGE('',*,*,#4039,.F.);
#5356=ORIENTED_EDGE('',*,*,#4040,.F.);
#5357=ORIENTED_EDGE('',*,*,#4041,.F.);
#5358=ORIENTED_EDGE('',*,*,#4042,.F.);
#5359=ORIENTED_EDGE('',*,*,#4043,.F.);
#5360=ORIENTED_EDGE('',*,*,#4034,.T.);
#5361=ORIENTED_EDGE('',*,*,#4044,.T.);
#5362=ORIENTED_EDGE('',*,*,#4045,.T.);
#5363=ORIENTED_EDGE('',*,*,#4046,.F.);
#5364=ORIENTED_EDGE('',*,*,#4033,.T.);
#5365=ORIENTED_EDGE('',*,*,#4047,.T.);
#5366=ORIENTED_EDGE('',*,*,#4048,.T.);
#5367=ORIENTED_EDGE('',*,*,#4044,.F.);
#5368=ORIENTED_EDGE('',*,*,#4032,.T.);
#5369=ORIENTED_EDGE('',*,*,#4049,.T.);
#5370=ORIENTED_EDGE('',*,*,#4050,.T.);
#5371=ORIENTED_EDGE('',*,*,#4047,.F.);
#5372=ORIENTED_EDGE('',*,*,#4031,.T.);
#5373=ORIENTED_EDGE('',*,*,#4051,.T.);
#5374=ORIENTED_EDGE('',*,*,#4052,.T.);
#5375=ORIENTED_EDGE('',*,*,#4049,.F.);
#5376=ORIENTED_EDGE('',*,*,#4030,.T.);
#5377=ORIENTED_EDGE('',*,*,#4053,.T.);
#5378=ORIENTED_EDGE('',*,*,#4054,.T.);
#5379=ORIENTED_EDGE('',*,*,#4051,.F.);
#5380=ORIENTED_EDGE('',*,*,#4029,.T.);
#5381=ORIENTED_EDGE('',*,*,#4055,.T.);
#5382=ORIENTED_EDGE('',*,*,#4056,.T.);
#5383=ORIENTED_EDGE('',*,*,#4053,.F.);
#5384=ORIENTED_EDGE('',*,*,#4028,.T.);
#5385=ORIENTED_EDGE('',*,*,#4057,.T.);
#5386=ORIENTED_EDGE('',*,*,#4058,.T.);
#5387=ORIENTED_EDGE('',*,*,#4055,.F.);
#5388=ORIENTED_EDGE('',*,*,#4027,.T.);
#5389=ORIENTED_EDGE('',*,*,#4059,.T.);
#5390=ORIENTED_EDGE('',*,*,#4060,.T.);
#5391=ORIENTED_EDGE('',*,*,#4057,.F.);
#5392=ORIENTED_EDGE('',*,*,#4026,.T.);
#5393=ORIENTED_EDGE('',*,*,#4061,.T.);
#5394=ORIENTED_EDGE('',*,*,#4062,.T.);
#5395=ORIENTED_EDGE('',*,*,#4059,.F.);
#5396=ORIENTED_EDGE('',*,*,#4025,.T.);
#5397=ORIENTED_EDGE('',*,*,#4063,.T.);
#5398=ORIENTED_EDGE('',*,*,#4064,.T.);
#5399=ORIENTED_EDGE('',*,*,#4061,.F.);
#5400=ORIENTED_EDGE('',*,*,#4043,.T.);
#5401=ORIENTED_EDGE('',*,*,#4065,.T.);
#5402=ORIENTED_EDGE('',*,*,#4066,.T.);
#5403=ORIENTED_EDGE('',*,*,#4063,.F.);
#5404=ORIENTED_EDGE('',*,*,#4042,.T.);
#5405=ORIENTED_EDGE('',*,*,#4067,.T.);
#5406=ORIENTED_EDGE('',*,*,#4068,.T.);
#5407=ORIENTED_EDGE('',*,*,#4065,.F.);
#5408=ORIENTED_EDGE('',*,*,#4041,.T.);
#5409=ORIENTED_EDGE('',*,*,#4069,.T.);
#5410=ORIENTED_EDGE('',*,*,#4070,.T.);
#5411=ORIENTED_EDGE('',*,*,#4067,.F.);
#5412=ORIENTED_EDGE('',*,*,#4040,.T.);
#5413=ORIENTED_EDGE('',*,*,#4071,.T.);
#5414=ORIENTED_EDGE('',*,*,#4072,.T.);
#5415=ORIENTED_EDGE('',*,*,#4069,.F.);
#5416=ORIENTED_EDGE('',*,*,#4039,.T.);
#5417=ORIENTED_EDGE('',*,*,#4073,.T.);
#5418=ORIENTED_EDGE('',*,*,#4074,.T.);
#5419=ORIENTED_EDGE('',*,*,#4071,.F.);
#5420=ORIENTED_EDGE('',*,*,#4038,.T.);
#5421=ORIENTED_EDGE('',*,*,#4075,.T.);
#5422=ORIENTED_EDGE('',*,*,#4076,.T.);
#5423=ORIENTED_EDGE('',*,*,#4073,.F.);
#5424=ORIENTED_EDGE('',*,*,#4037,.T.);
#5425=ORIENTED_EDGE('',*,*,#4077,.T.);
#5426=ORIENTED_EDGE('',*,*,#4078,.T.);
#5427=ORIENTED_EDGE('',*,*,#4075,.F.);
#5428=ORIENTED_EDGE('',*,*,#4036,.T.);
#5429=ORIENTED_EDGE('',*,*,#4079,.T.);
#5430=ORIENTED_EDGE('',*,*,#4080,.T.);
#5431=ORIENTED_EDGE('',*,*,#4077,.F.);
#5432=ORIENTED_EDGE('',*,*,#4062,.F.);
#5433=ORIENTED_EDGE('',*,*,#4064,.F.);
#5434=ORIENTED_EDGE('',*,*,#4066,.F.);
#5435=ORIENTED_EDGE('',*,*,#4068,.F.);
#5436=ORIENTED_EDGE('',*,*,#4070,.F.);
#5437=ORIENTED_EDGE('',*,*,#4072,.F.);
#5438=ORIENTED_EDGE('',*,*,#4074,.F.);
#5439=ORIENTED_EDGE('',*,*,#4076,.F.);
#5440=ORIENTED_EDGE('',*,*,#4078,.F.);
#5441=ORIENTED_EDGE('',*,*,#4080,.F.);
#5442=ORIENTED_EDGE('',*,*,#4081,.F.);
#5443=ORIENTED_EDGE('',*,*,#4045,.F.);
#5444=ORIENTED_EDGE('',*,*,#4048,.F.);
#5445=ORIENTED_EDGE('',*,*,#4050,.F.);
#5446=ORIENTED_EDGE('',*,*,#4052,.F.);
#5447=ORIENTED_EDGE('',*,*,#4054,.F.);
#5448=ORIENTED_EDGE('',*,*,#4056,.F.);
#5449=ORIENTED_EDGE('',*,*,#4058,.F.);
#5450=ORIENTED_EDGE('',*,*,#4060,.F.);
#5451=ORIENTED_EDGE('',*,*,#4035,.T.);
#5452=ORIENTED_EDGE('',*,*,#4046,.T.);
#5453=ORIENTED_EDGE('',*,*,#4081,.T.);
#5454=ORIENTED_EDGE('',*,*,#4079,.F.);
#5455=ORIENTED_EDGE('',*,*,#4082,.F.);
#5456=ORIENTED_EDGE('',*,*,#4083,.F.);
#5457=ORIENTED_EDGE('',*,*,#4084,.F.);
#5458=ORIENTED_EDGE('',*,*,#4085,.F.);
#5459=ORIENTED_EDGE('',*,*,#4086,.T.);
#5460=ORIENTED_EDGE('',*,*,#4087,.T.);
#5461=ORIENTED_EDGE('',*,*,#4085,.T.);
#5462=ORIENTED_EDGE('',*,*,#4088,.F.);
#5463=ORIENTED_EDGE('',*,*,#4089,.T.);
#5464=ORIENTED_EDGE('',*,*,#4088,.T.);
#5465=ORIENTED_EDGE('',*,*,#4084,.T.);
#5466=ORIENTED_EDGE('',*,*,#4090,.F.);
#5467=ORIENTED_EDGE('',*,*,#4091,.T.);
#5468=ORIENTED_EDGE('',*,*,#4090,.T.);
#5469=ORIENTED_EDGE('',*,*,#4083,.T.);
#5470=ORIENTED_EDGE('',*,*,#4092,.F.);
#5471=ORIENTED_EDGE('',*,*,#4093,.T.);
#5472=ORIENTED_EDGE('',*,*,#4092,.T.);
#5473=ORIENTED_EDGE('',*,*,#4082,.T.);
#5474=ORIENTED_EDGE('',*,*,#4087,.F.);
#5475=ORIENTED_EDGE('',*,*,#4089,.F.);
#5476=ORIENTED_EDGE('',*,*,#4091,.F.);
#5477=ORIENTED_EDGE('',*,*,#4093,.F.);
#5478=ORIENTED_EDGE('',*,*,#4086,.F.);
#5479=ORIENTED_EDGE('',*,*,#4094,.F.);
#5480=ORIENTED_EDGE('',*,*,#4095,.F.);
#5481=ORIENTED_EDGE('',*,*,#4096,.F.);
#5482=ORIENTED_EDGE('',*,*,#4097,.F.);
#5483=ORIENTED_EDGE('',*,*,#4098,.F.);
#5484=ORIENTED_EDGE('',*,*,#4099,.F.);
#5485=ORIENTED_EDGE('',*,*,#4100,.F.);
#5486=ORIENTED_EDGE('',*,*,#4101,.F.);
#5487=ORIENTED_EDGE('',*,*,#4102,.F.);
#5488=ORIENTED_EDGE('',*,*,#4103,.F.);
#5489=ORIENTED_EDGE('',*,*,#4104,.F.);
#5490=ORIENTED_EDGE('',*,*,#4105,.F.);
#5491=ORIENTED_EDGE('',*,*,#4106,.F.);
#5492=ORIENTED_EDGE('',*,*,#4107,.F.);
#5493=ORIENTED_EDGE('',*,*,#4108,.F.);
#5494=ORIENTED_EDGE('',*,*,#4109,.F.);
#5495=ORIENTED_EDGE('',*,*,#4110,.F.);
#5496=ORIENTED_EDGE('',*,*,#4111,.F.);
#5497=ORIENTED_EDGE('',*,*,#4112,.F.);
#5498=ORIENTED_EDGE('',*,*,#4113,.F.);
#5499=ORIENTED_EDGE('',*,*,#4114,.F.);
#5500=ORIENTED_EDGE('',*,*,#4115,.F.);
#5501=ORIENTED_EDGE('',*,*,#4116,.F.);
#5502=ORIENTED_EDGE('',*,*,#4117,.F.);
#5503=ORIENTED_EDGE('',*,*,#4118,.F.);
#5504=ORIENTED_EDGE('',*,*,#4119,.F.);
#5505=ORIENTED_EDGE('',*,*,#4120,.F.);
#5506=ORIENTED_EDGE('',*,*,#4121,.F.);
#5507=ORIENTED_EDGE('',*,*,#4122,.F.);
#5508=ORIENTED_EDGE('',*,*,#4123,.F.);
#5509=ORIENTED_EDGE('',*,*,#4124,.F.);
#5510=ORIENTED_EDGE('',*,*,#4125,.F.);
#5511=ORIENTED_EDGE('',*,*,#4126,.F.);
#5512=ORIENTED_EDGE('',*,*,#4127,.F.);
#5513=ORIENTED_EDGE('',*,*,#4124,.T.);
#5514=ORIENTED_EDGE('',*,*,#4128,.T.);
#5515=ORIENTED_EDGE('',*,*,#4129,.T.);
#5516=ORIENTED_EDGE('',*,*,#4130,.F.);
#5517=ORIENTED_EDGE('',*,*,#4123,.T.);
#5518=ORIENTED_EDGE('',*,*,#4131,.T.);
#5519=ORIENTED_EDGE('',*,*,#4132,.T.);
#5520=ORIENTED_EDGE('',*,*,#4128,.F.);
#5521=ORIENTED_EDGE('',*,*,#4122,.T.);
#5522=ORIENTED_EDGE('',*,*,#4133,.T.);
#5523=ORIENTED_EDGE('',*,*,#4134,.T.);
#5524=ORIENTED_EDGE('',*,*,#4131,.F.);
#5525=ORIENTED_EDGE('',*,*,#4121,.T.);
#5526=ORIENTED_EDGE('',*,*,#4135,.T.);
#5527=ORIENTED_EDGE('',*,*,#4136,.T.);
#5528=ORIENTED_EDGE('',*,*,#4133,.F.);
#5529=ORIENTED_EDGE('',*,*,#4107,.T.);
#5530=ORIENTED_EDGE('',*,*,#4137,.T.);
#5531=ORIENTED_EDGE('',*,*,#4138,.T.);
#5532=ORIENTED_EDGE('',*,*,#4139,.F.);
#5533=ORIENTED_EDGE('',*,*,#4106,.T.);
#5534=ORIENTED_EDGE('',*,*,#4140,.T.);
#5535=ORIENTED_EDGE('',*,*,#4141,.T.);
#5536=ORIENTED_EDGE('',*,*,#4137,.F.);
#5537=ORIENTED_EDGE('',*,*,#4105,.T.);
#5538=ORIENTED_EDGE('',*,*,#4142,.T.);
#5539=ORIENTED_EDGE('',*,*,#4143,.T.);
#5540=ORIENTED_EDGE('',*,*,#4140,.F.);
#5541=ORIENTED_EDGE('',*,*,#4104,.T.);
#5542=ORIENTED_EDGE('',*,*,#4144,.T.);
#5543=ORIENTED_EDGE('',*,*,#4145,.T.);
#5544=ORIENTED_EDGE('',*,*,#4142,.F.);
#5545=ORIENTED_EDGE('',*,*,#4103,.T.);
#5546=ORIENTED_EDGE('',*,*,#4146,.T.);
#5547=ORIENTED_EDGE('',*,*,#4147,.T.);
#5548=ORIENTED_EDGE('',*,*,#4144,.F.);
#5549=ORIENTED_EDGE('',*,*,#4102,.T.);
#5550=ORIENTED_EDGE('',*,*,#4148,.T.);
#5551=ORIENTED_EDGE('',*,*,#4149,.T.);
#5552=ORIENTED_EDGE('',*,*,#4146,.F.);
#5553=ORIENTED_EDGE('',*,*,#4101,.T.);
#5554=ORIENTED_EDGE('',*,*,#4150,.T.);
#5555=ORIENTED_EDGE('',*,*,#4151,.T.);
#5556=ORIENTED_EDGE('',*,*,#4148,.F.);
#5557=ORIENTED_EDGE('',*,*,#4100,.T.);
#5558=ORIENTED_EDGE('',*,*,#4152,.T.);
#5559=ORIENTED_EDGE('',*,*,#4153,.T.);
#5560=ORIENTED_EDGE('',*,*,#4150,.F.);
#5561=ORIENTED_EDGE('',*,*,#4099,.T.);
#5562=ORIENTED_EDGE('',*,*,#4154,.T.);
#5563=ORIENTED_EDGE('',*,*,#4155,.T.);
#5564=ORIENTED_EDGE('',*,*,#4152,.F.);
#5565=ORIENTED_EDGE('',*,*,#4098,.T.);
#5566=ORIENTED_EDGE('',*,*,#4156,.T.);
#5567=ORIENTED_EDGE('',*,*,#4157,.T.);
#5568=ORIENTED_EDGE('',*,*,#4154,.F.);
#5569=ORIENTED_EDGE('',*,*,#4097,.T.);
#5570=ORIENTED_EDGE('',*,*,#4158,.T.);
#5571=ORIENTED_EDGE('',*,*,#4159,.T.);
#5572=ORIENTED_EDGE('',*,*,#4156,.F.);
#5573=ORIENTED_EDGE('',*,*,#4096,.T.);
#5574=ORIENTED_EDGE('',*,*,#4160,.T.);
#5575=ORIENTED_EDGE('',*,*,#4161,.T.);
#5576=ORIENTED_EDGE('',*,*,#4158,.F.);
#5577=ORIENTED_EDGE('',*,*,#4095,.T.);
#5578=ORIENTED_EDGE('',*,*,#4162,.T.);
#5579=ORIENTED_EDGE('',*,*,#4163,.T.);
#5580=ORIENTED_EDGE('',*,*,#4160,.F.);
#5581=ORIENTED_EDGE('',*,*,#4120,.T.);
#5582=ORIENTED_EDGE('',*,*,#4164,.T.);
#5583=ORIENTED_EDGE('',*,*,#4165,.T.);
#5584=ORIENTED_EDGE('',*,*,#4135,.F.);
#5585=ORIENTED_EDGE('',*,*,#4127,.T.);
#5586=ORIENTED_EDGE('',*,*,#4166,.T.);
#5587=ORIENTED_EDGE('',*,*,#4167,.T.);
#5588=ORIENTED_EDGE('',*,*,#4164,.F.);
#5589=ORIENTED_EDGE('',*,*,#4126,.T.);
#5590=ORIENTED_EDGE('',*,*,#4168,.T.);
#5591=ORIENTED_EDGE('',*,*,#4169,.T.);
#5592=ORIENTED_EDGE('',*,*,#4166,.F.);
#5593=ORIENTED_EDGE('',*,*,#4125,.T.);
#5594=ORIENTED_EDGE('',*,*,#4130,.T.);
#5595=ORIENTED_EDGE('',*,*,#4170,.T.);
#5596=ORIENTED_EDGE('',*,*,#4168,.F.);
#5597=ORIENTED_EDGE('',*,*,#4094,.T.);
#5598=ORIENTED_EDGE('',*,*,#4171,.T.);
#5599=ORIENTED_EDGE('',*,*,#4172,.T.);
#5600=ORIENTED_EDGE('',*,*,#4162,.F.);
#5601=ORIENTED_EDGE('',*,*,#4119,.T.);
#5602=ORIENTED_EDGE('',*,*,#4173,.T.);
#5603=ORIENTED_EDGE('',*,*,#4174,.T.);
#5604=ORIENTED_EDGE('',*,*,#4171,.F.);
#5605=ORIENTED_EDGE('',*,*,#4118,.T.);
#5606=ORIENTED_EDGE('',*,*,#4175,.T.);
#5607=ORIENTED_EDGE('',*,*,#4176,.T.);
#5608=ORIENTED_EDGE('',*,*,#4173,.F.);
#5609=ORIENTED_EDGE('',*,*,#4117,.T.);
#5610=ORIENTED_EDGE('',*,*,#4177,.T.);
#5611=ORIENTED_EDGE('',*,*,#4178,.T.);
#5612=ORIENTED_EDGE('',*,*,#4175,.F.);
#5613=ORIENTED_EDGE('',*,*,#4116,.T.);
#5614=ORIENTED_EDGE('',*,*,#4179,.T.);
#5615=ORIENTED_EDGE('',*,*,#4180,.T.);
#5616=ORIENTED_EDGE('',*,*,#4177,.F.);
#5617=ORIENTED_EDGE('',*,*,#4115,.T.);
#5618=ORIENTED_EDGE('',*,*,#4181,.T.);
#5619=ORIENTED_EDGE('',*,*,#4182,.T.);
#5620=ORIENTED_EDGE('',*,*,#4179,.F.);
#5621=ORIENTED_EDGE('',*,*,#4114,.T.);
#5622=ORIENTED_EDGE('',*,*,#4183,.T.);
#5623=ORIENTED_EDGE('',*,*,#4184,.T.);
#5624=ORIENTED_EDGE('',*,*,#4181,.F.);
#5625=ORIENTED_EDGE('',*,*,#4113,.T.);
#5626=ORIENTED_EDGE('',*,*,#4185,.T.);
#5627=ORIENTED_EDGE('',*,*,#4186,.T.);
#5628=ORIENTED_EDGE('',*,*,#4183,.F.);
#5629=ORIENTED_EDGE('',*,*,#4112,.T.);
#5630=ORIENTED_EDGE('',*,*,#4187,.T.);
#5631=ORIENTED_EDGE('',*,*,#4188,.T.);
#5632=ORIENTED_EDGE('',*,*,#4185,.F.);
#5633=ORIENTED_EDGE('',*,*,#4111,.T.);
#5634=ORIENTED_EDGE('',*,*,#4189,.T.);
#5635=ORIENTED_EDGE('',*,*,#4190,.T.);
#5636=ORIENTED_EDGE('',*,*,#4187,.F.);
#5637=ORIENTED_EDGE('',*,*,#4110,.T.);
#5638=ORIENTED_EDGE('',*,*,#4191,.T.);
#5639=ORIENTED_EDGE('',*,*,#4192,.T.);
#5640=ORIENTED_EDGE('',*,*,#4189,.F.);
#5641=ORIENTED_EDGE('',*,*,#4109,.T.);
#5642=ORIENTED_EDGE('',*,*,#4193,.T.);
#5643=ORIENTED_EDGE('',*,*,#4194,.T.);
#5644=ORIENTED_EDGE('',*,*,#4191,.F.);
#5645=ORIENTED_EDGE('',*,*,#4108,.T.);
#5646=ORIENTED_EDGE('',*,*,#4139,.T.);
#5647=ORIENTED_EDGE('',*,*,#4195,.T.);
#5648=ORIENTED_EDGE('',*,*,#4193,.F.);
#5649=ORIENTED_EDGE('',*,*,#4138,.F.);
#5650=ORIENTED_EDGE('',*,*,#4141,.F.);
#5651=ORIENTED_EDGE('',*,*,#4143,.F.);
#5652=ORIENTED_EDGE('',*,*,#4145,.F.);
#5653=ORIENTED_EDGE('',*,*,#4147,.F.);
#5654=ORIENTED_EDGE('',*,*,#4149,.F.);
#5655=ORIENTED_EDGE('',*,*,#4151,.F.);
#5656=ORIENTED_EDGE('',*,*,#4153,.F.);
#5657=ORIENTED_EDGE('',*,*,#4155,.F.);
#5658=ORIENTED_EDGE('',*,*,#4157,.F.);
#5659=ORIENTED_EDGE('',*,*,#4159,.F.);
#5660=ORIENTED_EDGE('',*,*,#4161,.F.);
#5661=ORIENTED_EDGE('',*,*,#4163,.F.);
#5662=ORIENTED_EDGE('',*,*,#4172,.F.);
#5663=ORIENTED_EDGE('',*,*,#4174,.F.);
#5664=ORIENTED_EDGE('',*,*,#4176,.F.);
#5665=ORIENTED_EDGE('',*,*,#4178,.F.);
#5666=ORIENTED_EDGE('',*,*,#4180,.F.);
#5667=ORIENTED_EDGE('',*,*,#4182,.F.);
#5668=ORIENTED_EDGE('',*,*,#4184,.F.);
#5669=ORIENTED_EDGE('',*,*,#4186,.F.);
#5670=ORIENTED_EDGE('',*,*,#4188,.F.);
#5671=ORIENTED_EDGE('',*,*,#4190,.F.);
#5672=ORIENTED_EDGE('',*,*,#4192,.F.);
#5673=ORIENTED_EDGE('',*,*,#4194,.F.);
#5674=ORIENTED_EDGE('',*,*,#4195,.F.);
#5675=ORIENTED_EDGE('',*,*,#4129,.F.);
#5676=ORIENTED_EDGE('',*,*,#4132,.F.);
#5677=ORIENTED_EDGE('',*,*,#4134,.F.);
#5678=ORIENTED_EDGE('',*,*,#4136,.F.);
#5679=ORIENTED_EDGE('',*,*,#4165,.F.);
#5680=ORIENTED_EDGE('',*,*,#4167,.F.);
#5681=ORIENTED_EDGE('',*,*,#4169,.F.);
#5682=ORIENTED_EDGE('',*,*,#4170,.F.);
#5683=ORIENTED_EDGE('',*,*,#4196,.F.);
#5684=ORIENTED_EDGE('',*,*,#4197,.F.);
#5685=ORIENTED_EDGE('',*,*,#4198,.F.);
#5686=ORIENTED_EDGE('',*,*,#4199,.F.);
#5687=ORIENTED_EDGE('',*,*,#4200,.F.);
#5688=ORIENTED_EDGE('',*,*,#4201,.F.);
#5689=ORIENTED_EDGE('',*,*,#4202,.F.);
#5690=ORIENTED_EDGE('',*,*,#4203,.F.);
#5691=ORIENTED_EDGE('',*,*,#4204,.F.);
#5692=ORIENTED_EDGE('',*,*,#4205,.F.);
#5693=ORIENTED_EDGE('',*,*,#4206,.F.);
#5694=ORIENTED_EDGE('',*,*,#4207,.F.);
#5695=ORIENTED_EDGE('',*,*,#4208,.F.);
#5696=ORIENTED_EDGE('',*,*,#4209,.F.);
#5697=ORIENTED_EDGE('',*,*,#4210,.F.);
#5698=ORIENTED_EDGE('',*,*,#4211,.F.);
#5699=ORIENTED_EDGE('',*,*,#4212,.F.);
#5700=ORIENTED_EDGE('',*,*,#4213,.F.);
#5701=ORIENTED_EDGE('',*,*,#4214,.F.);
#5702=ORIENTED_EDGE('',*,*,#4215,.F.);
#5703=ORIENTED_EDGE('',*,*,#4216,.F.);
#5704=ORIENTED_EDGE('',*,*,#4217,.F.);
#5705=ORIENTED_EDGE('',*,*,#4218,.F.);
#5706=ORIENTED_EDGE('',*,*,#4219,.F.);
#5707=ORIENTED_EDGE('',*,*,#4220,.F.);
#5708=ORIENTED_EDGE('',*,*,#4221,.F.);
#5709=ORIENTED_EDGE('',*,*,#4222,.F.);
#5710=ORIENTED_EDGE('',*,*,#4223,.F.);
#5711=ORIENTED_EDGE('',*,*,#4224,.F.);
#5712=ORIENTED_EDGE('',*,*,#4225,.F.);
#5713=ORIENTED_EDGE('',*,*,#4226,.F.);
#5714=ORIENTED_EDGE('',*,*,#4227,.F.);
#5715=ORIENTED_EDGE('',*,*,#4228,.F.);
#5716=ORIENTED_EDGE('',*,*,#4229,.F.);
#5717=ORIENTED_EDGE('',*,*,#4230,.F.);
#5718=ORIENTED_EDGE('',*,*,#4231,.F.);
#5719=ORIENTED_EDGE('',*,*,#4232,.F.);
#5720=ORIENTED_EDGE('',*,*,#4233,.F.);
#5721=ORIENTED_EDGE('',*,*,#4234,.F.);
#5722=ORIENTED_EDGE('',*,*,#4235,.F.);
#5723=ORIENTED_EDGE('',*,*,#4236,.F.);
#5724=ORIENTED_EDGE('',*,*,#4237,.F.);
#5725=ORIENTED_EDGE('',*,*,#4238,.T.);
#5726=ORIENTED_EDGE('',*,*,#4239,.T.);
#5727=ORIENTED_EDGE('',*,*,#4237,.T.);
#5728=ORIENTED_EDGE('',*,*,#4240,.F.);
#5729=ORIENTED_EDGE('',*,*,#4241,.T.);
#5730=ORIENTED_EDGE('',*,*,#4240,.T.);
#5731=ORIENTED_EDGE('',*,*,#4236,.T.);
#5732=ORIENTED_EDGE('',*,*,#4242,.F.);
#5733=ORIENTED_EDGE('',*,*,#4243,.T.);
#5734=ORIENTED_EDGE('',*,*,#4242,.T.);
#5735=ORIENTED_EDGE('',*,*,#4235,.T.);
#5736=ORIENTED_EDGE('',*,*,#4244,.F.);
#5737=ORIENTED_EDGE('',*,*,#4245,.T.);
#5738=ORIENTED_EDGE('',*,*,#4244,.T.);
#5739=ORIENTED_EDGE('',*,*,#4234,.T.);
#5740=ORIENTED_EDGE('',*,*,#4246,.F.);
#5741=ORIENTED_EDGE('',*,*,#4247,.T.);
#5742=ORIENTED_EDGE('',*,*,#4246,.T.);
#5743=ORIENTED_EDGE('',*,*,#4233,.T.);
#5744=ORIENTED_EDGE('',*,*,#4248,.F.);
#5745=ORIENTED_EDGE('',*,*,#4249,.T.);
#5746=ORIENTED_EDGE('',*,*,#4248,.T.);
#5747=ORIENTED_EDGE('',*,*,#4232,.T.);
#5748=ORIENTED_EDGE('',*,*,#4250,.F.);
#5749=ORIENTED_EDGE('',*,*,#4251,.T.);
#5750=ORIENTED_EDGE('',*,*,#4250,.T.);
#5751=ORIENTED_EDGE('',*,*,#4231,.T.);
#5752=ORIENTED_EDGE('',*,*,#4252,.F.);
#5753=ORIENTED_EDGE('',*,*,#4253,.T.);
#5754=ORIENTED_EDGE('',*,*,#4252,.T.);
#5755=ORIENTED_EDGE('',*,*,#4230,.T.);
#5756=ORIENTED_EDGE('',*,*,#4254,.F.);
#5757=ORIENTED_EDGE('',*,*,#4255,.T.);
#5758=ORIENTED_EDGE('',*,*,#4254,.T.);
#5759=ORIENTED_EDGE('',*,*,#4229,.T.);
#5760=ORIENTED_EDGE('',*,*,#4256,.F.);
#5761=ORIENTED_EDGE('',*,*,#4257,.T.);
#5762=ORIENTED_EDGE('',*,*,#4256,.T.);
#5763=ORIENTED_EDGE('',*,*,#4228,.T.);
#5764=ORIENTED_EDGE('',*,*,#4258,.F.);
#5765=ORIENTED_EDGE('',*,*,#4259,.T.);
#5766=ORIENTED_EDGE('',*,*,#4260,.T.);
#5767=ORIENTED_EDGE('',*,*,#4217,.T.);
#5768=ORIENTED_EDGE('',*,*,#4261,.F.);
#5769=ORIENTED_EDGE('',*,*,#4262,.T.);
#5770=ORIENTED_EDGE('',*,*,#4261,.T.);
#5771=ORIENTED_EDGE('',*,*,#4216,.T.);
#5772=ORIENTED_EDGE('',*,*,#4263,.F.);
#5773=ORIENTED_EDGE('',*,*,#4264,.T.);
#5774=ORIENTED_EDGE('',*,*,#4263,.T.);
#5775=ORIENTED_EDGE('',*,*,#4215,.T.);
#5776=ORIENTED_EDGE('',*,*,#4265,.F.);
#5777=ORIENTED_EDGE('',*,*,#4266,.T.);
#5778=ORIENTED_EDGE('',*,*,#4265,.T.);
#5779=ORIENTED_EDGE('',*,*,#4214,.T.);
#5780=ORIENTED_EDGE('',*,*,#4267,.F.);
#5781=ORIENTED_EDGE('',*,*,#4268,.T.);
#5782=ORIENTED_EDGE('',*,*,#4267,.T.);
#5783=ORIENTED_EDGE('',*,*,#4213,.T.);
#5784=ORIENTED_EDGE('',*,*,#4269,.F.);
#5785=ORIENTED_EDGE('',*,*,#4270,.T.);
#5786=ORIENTED_EDGE('',*,*,#4269,.T.);
#5787=ORIENTED_EDGE('',*,*,#4212,.T.);
#5788=ORIENTED_EDGE('',*,*,#4271,.F.);
#5789=ORIENTED_EDGE('',*,*,#4272,.T.);
#5790=ORIENTED_EDGE('',*,*,#4271,.T.);
#5791=ORIENTED_EDGE('',*,*,#4211,.T.);
#5792=ORIENTED_EDGE('',*,*,#4273,.F.);
#5793=ORIENTED_EDGE('',*,*,#4274,.T.);
#5794=ORIENTED_EDGE('',*,*,#4273,.T.);
#5795=ORIENTED_EDGE('',*,*,#4210,.T.);
#5796=ORIENTED_EDGE('',*,*,#4275,.F.);
#5797=ORIENTED_EDGE('',*,*,#4276,.T.);
#5798=ORIENTED_EDGE('',*,*,#4275,.T.);
#5799=ORIENTED_EDGE('',*,*,#4209,.T.);
#5800=ORIENTED_EDGE('',*,*,#4277,.F.);
#5801=ORIENTED_EDGE('',*,*,#4278,.T.);
#5802=ORIENTED_EDGE('',*,*,#4277,.T.);
#5803=ORIENTED_EDGE('',*,*,#4208,.T.);
#5804=ORIENTED_EDGE('',*,*,#4279,.F.);
#5805=ORIENTED_EDGE('',*,*,#4280,.T.);
#5806=ORIENTED_EDGE('',*,*,#4279,.T.);
#5807=ORIENTED_EDGE('',*,*,#4207,.T.);
#5808=ORIENTED_EDGE('',*,*,#4281,.F.);
#5809=ORIENTED_EDGE('',*,*,#4282,.T.);
#5810=ORIENTED_EDGE('',*,*,#4258,.T.);
#5811=ORIENTED_EDGE('',*,*,#4227,.T.);
#5812=ORIENTED_EDGE('',*,*,#4283,.F.);
#5813=ORIENTED_EDGE('',*,*,#4284,.T.);
#5814=ORIENTED_EDGE('',*,*,#4283,.T.);
#5815=ORIENTED_EDGE('',*,*,#4226,.T.);
#5816=ORIENTED_EDGE('',*,*,#4285,.F.);
#5817=ORIENTED_EDGE('',*,*,#4286,.T.);
#5818=ORIENTED_EDGE('',*,*,#4285,.T.);
#5819=ORIENTED_EDGE('',*,*,#4225,.T.);
#5820=ORIENTED_EDGE('',*,*,#4287,.F.);
#5821=ORIENTED_EDGE('',*,*,#4288,.T.);
#5822=ORIENTED_EDGE('',*,*,#4287,.T.);
#5823=ORIENTED_EDGE('',*,*,#4224,.T.);
#5824=ORIENTED_EDGE('',*,*,#4289,.F.);
#5825=ORIENTED_EDGE('',*,*,#4290,.T.);
#5826=ORIENTED_EDGE('',*,*,#4289,.T.);
#5827=ORIENTED_EDGE('',*,*,#4223,.T.);
#5828=ORIENTED_EDGE('',*,*,#4291,.F.);
#5829=ORIENTED_EDGE('',*,*,#4292,.T.);
#5830=ORIENTED_EDGE('',*,*,#4291,.T.);
#5831=ORIENTED_EDGE('',*,*,#4222,.T.);
#5832=ORIENTED_EDGE('',*,*,#4293,.F.);
#5833=ORIENTED_EDGE('',*,*,#4294,.T.);
#5834=ORIENTED_EDGE('',*,*,#4293,.T.);
#5835=ORIENTED_EDGE('',*,*,#4221,.T.);
#5836=ORIENTED_EDGE('',*,*,#4295,.F.);
#5837=ORIENTED_EDGE('',*,*,#4296,.T.);
#5838=ORIENTED_EDGE('',*,*,#4295,.T.);
#5839=ORIENTED_EDGE('',*,*,#4220,.T.);
#5840=ORIENTED_EDGE('',*,*,#4297,.F.);
#5841=ORIENTED_EDGE('',*,*,#4298,.T.);
#5842=ORIENTED_EDGE('',*,*,#4297,.T.);
#5843=ORIENTED_EDGE('',*,*,#4219,.T.);
#5844=ORIENTED_EDGE('',*,*,#4299,.F.);
#5845=ORIENTED_EDGE('',*,*,#4300,.T.);
#5846=ORIENTED_EDGE('',*,*,#4299,.T.);
#5847=ORIENTED_EDGE('',*,*,#4218,.T.);
#5848=ORIENTED_EDGE('',*,*,#4239,.F.);
#5849=ORIENTED_EDGE('',*,*,#4301,.T.);
#5850=ORIENTED_EDGE('',*,*,#4281,.T.);
#5851=ORIENTED_EDGE('',*,*,#4206,.T.);
#5852=ORIENTED_EDGE('',*,*,#4302,.F.);
#5853=ORIENTED_EDGE('',*,*,#4303,.T.);
#5854=ORIENTED_EDGE('',*,*,#4302,.T.);
#5855=ORIENTED_EDGE('',*,*,#4205,.T.);
#5856=ORIENTED_EDGE('',*,*,#4304,.F.);
#5857=ORIENTED_EDGE('',*,*,#4305,.T.);
#5858=ORIENTED_EDGE('',*,*,#4304,.T.);
#5859=ORIENTED_EDGE('',*,*,#4204,.T.);
#5860=ORIENTED_EDGE('',*,*,#4306,.F.);
#5861=ORIENTED_EDGE('',*,*,#4307,.T.);
#5862=ORIENTED_EDGE('',*,*,#4306,.T.);
#5863=ORIENTED_EDGE('',*,*,#4203,.T.);
#5864=ORIENTED_EDGE('',*,*,#4308,.F.);
#5865=ORIENTED_EDGE('',*,*,#4309,.T.);
#5866=ORIENTED_EDGE('',*,*,#4308,.T.);
#5867=ORIENTED_EDGE('',*,*,#4202,.T.);
#5868=ORIENTED_EDGE('',*,*,#4310,.F.);
#5869=ORIENTED_EDGE('',*,*,#4311,.T.);
#5870=ORIENTED_EDGE('',*,*,#4310,.T.);
#5871=ORIENTED_EDGE('',*,*,#4201,.T.);
#5872=ORIENTED_EDGE('',*,*,#4312,.F.);
#5873=ORIENTED_EDGE('',*,*,#4313,.T.);
#5874=ORIENTED_EDGE('',*,*,#4312,.T.);
#5875=ORIENTED_EDGE('',*,*,#4200,.T.);
#5876=ORIENTED_EDGE('',*,*,#4314,.F.);
#5877=ORIENTED_EDGE('',*,*,#4315,.T.);
#5878=ORIENTED_EDGE('',*,*,#4314,.T.);
#5879=ORIENTED_EDGE('',*,*,#4199,.T.);
#5880=ORIENTED_EDGE('',*,*,#4316,.F.);
#5881=ORIENTED_EDGE('',*,*,#4317,.T.);
#5882=ORIENTED_EDGE('',*,*,#4316,.T.);
#5883=ORIENTED_EDGE('',*,*,#4198,.T.);
#5884=ORIENTED_EDGE('',*,*,#4318,.F.);
#5885=ORIENTED_EDGE('',*,*,#4319,.T.);
#5886=ORIENTED_EDGE('',*,*,#4318,.T.);
#5887=ORIENTED_EDGE('',*,*,#4197,.T.);
#5888=ORIENTED_EDGE('',*,*,#4320,.F.);
#5889=ORIENTED_EDGE('',*,*,#4321,.T.);
#5890=ORIENTED_EDGE('',*,*,#4320,.T.);
#5891=ORIENTED_EDGE('',*,*,#4196,.T.);
#5892=ORIENTED_EDGE('',*,*,#4260,.F.);
#5893=ORIENTED_EDGE('',*,*,#4280,.F.);
#5894=ORIENTED_EDGE('',*,*,#4301,.F.);
#5895=ORIENTED_EDGE('',*,*,#4303,.F.);
#5896=ORIENTED_EDGE('',*,*,#4305,.F.);
#5897=ORIENTED_EDGE('',*,*,#4307,.F.);
#5898=ORIENTED_EDGE('',*,*,#4309,.F.);
#5899=ORIENTED_EDGE('',*,*,#4311,.F.);
#5900=ORIENTED_EDGE('',*,*,#4313,.F.);
#5901=ORIENTED_EDGE('',*,*,#4315,.F.);
#5902=ORIENTED_EDGE('',*,*,#4317,.F.);
#5903=ORIENTED_EDGE('',*,*,#4319,.F.);
#5904=ORIENTED_EDGE('',*,*,#4321,.F.);
#5905=ORIENTED_EDGE('',*,*,#4259,.F.);
#5906=ORIENTED_EDGE('',*,*,#4262,.F.);
#5907=ORIENTED_EDGE('',*,*,#4264,.F.);
#5908=ORIENTED_EDGE('',*,*,#4266,.F.);
#5909=ORIENTED_EDGE('',*,*,#4268,.F.);
#5910=ORIENTED_EDGE('',*,*,#4270,.F.);
#5911=ORIENTED_EDGE('',*,*,#4272,.F.);
#5912=ORIENTED_EDGE('',*,*,#4274,.F.);
#5913=ORIENTED_EDGE('',*,*,#4276,.F.);
#5914=ORIENTED_EDGE('',*,*,#4278,.F.);
#5915=ORIENTED_EDGE('',*,*,#4257,.F.);
#5916=ORIENTED_EDGE('',*,*,#4282,.F.);
#5917=ORIENTED_EDGE('',*,*,#4284,.F.);
#5918=ORIENTED_EDGE('',*,*,#4286,.F.);
#5919=ORIENTED_EDGE('',*,*,#4288,.F.);
#5920=ORIENTED_EDGE('',*,*,#4290,.F.);
#5921=ORIENTED_EDGE('',*,*,#4292,.F.);
#5922=ORIENTED_EDGE('',*,*,#4294,.F.);
#5923=ORIENTED_EDGE('',*,*,#4296,.F.);
#5924=ORIENTED_EDGE('',*,*,#4298,.F.);
#5925=ORIENTED_EDGE('',*,*,#4300,.F.);
#5926=ORIENTED_EDGE('',*,*,#4238,.F.);
#5927=ORIENTED_EDGE('',*,*,#4241,.F.);
#5928=ORIENTED_EDGE('',*,*,#4243,.F.);
#5929=ORIENTED_EDGE('',*,*,#4245,.F.);
#5930=ORIENTED_EDGE('',*,*,#4247,.F.);
#5931=ORIENTED_EDGE('',*,*,#4249,.F.);
#5932=ORIENTED_EDGE('',*,*,#4251,.F.);
#5933=ORIENTED_EDGE('',*,*,#4253,.F.);
#5934=ORIENTED_EDGE('',*,*,#4255,.F.);
#5935=ORIENTED_EDGE('',*,*,#4322,.F.);
#5936=ORIENTED_EDGE('',*,*,#4322,.T.);
#5937=ORIENTED_EDGE('',*,*,#4323,.T.);
#5938=ORIENTED_EDGE('',*,*,#4323,.F.);
#5939=ORIENTED_EDGE('',*,*,#4324,.F.);
#5940=ORIENTED_EDGE('',*,*,#4325,.F.);
#5941=ORIENTED_EDGE('',*,*,#4326,.F.);
#5942=ORIENTED_EDGE('',*,*,#4327,.F.);
#5943=ORIENTED_EDGE('',*,*,#4326,.T.);
#5944=ORIENTED_EDGE('',*,*,#4328,.T.);
#5945=ORIENTED_EDGE('',*,*,#4329,.T.);
#5946=ORIENTED_EDGE('',*,*,#4330,.F.);
#5947=ORIENTED_EDGE('',*,*,#4325,.T.);
#5948=ORIENTED_EDGE('',*,*,#4331,.T.);
#5949=ORIENTED_EDGE('',*,*,#4332,.T.);
#5950=ORIENTED_EDGE('',*,*,#4328,.F.);
#5951=ORIENTED_EDGE('',*,*,#4324,.T.);
#5952=ORIENTED_EDGE('',*,*,#4333,.T.);
#5953=ORIENTED_EDGE('',*,*,#4334,.T.);
#5954=ORIENTED_EDGE('',*,*,#4331,.F.);
#5955=ORIENTED_EDGE('',*,*,#4327,.T.);
#5956=ORIENTED_EDGE('',*,*,#4330,.T.);
#5957=ORIENTED_EDGE('',*,*,#4335,.T.);
#5958=ORIENTED_EDGE('',*,*,#4333,.F.);
#5959=ORIENTED_EDGE('',*,*,#4329,.F.);
#5960=ORIENTED_EDGE('',*,*,#4332,.F.);
#5961=ORIENTED_EDGE('',*,*,#4334,.F.);
#5962=ORIENTED_EDGE('',*,*,#4335,.F.);
#5963=ORIENTED_EDGE('',*,*,#4336,.T.);
#5964=ORIENTED_EDGE('',*,*,#4337,.T.);
#5965=ORIENTED_EDGE('',*,*,#4338,.T.);
#5966=ORIENTED_EDGE('',*,*,#4339,.F.);
#5967=ORIENTED_EDGE('',*,*,#4338,.F.);
#5968=ORIENTED_EDGE('',*,*,#4340,.F.);
#5969=ORIENTED_EDGE('',*,*,#4341,.F.);
#5970=ORIENTED_EDGE('',*,*,#4342,.F.);
#5971=ORIENTED_EDGE('',*,*,#4343,.F.);
#5972=ORIENTED_EDGE('',*,*,#4344,.F.);
#5973=ORIENTED_EDGE('',*,*,#4345,.F.);
#5974=ORIENTED_EDGE('',*,*,#4346,.F.);
#5975=ORIENTED_EDGE('',*,*,#4347,.F.);
#5976=ORIENTED_EDGE('',*,*,#4348,.F.);
#5977=ORIENTED_EDGE('',*,*,#4349,.F.);
#5978=ORIENTED_EDGE('',*,*,#4350,.F.);
#5979=ORIENTED_EDGE('',*,*,#4351,.F.);
#5980=ORIENTED_EDGE('',*,*,#4352,.F.);
#5981=ORIENTED_EDGE('',*,*,#4353,.F.);
#5982=ORIENTED_EDGE('',*,*,#4354,.F.);
#5983=ORIENTED_EDGE('',*,*,#4355,.F.);
#5984=ORIENTED_EDGE('',*,*,#4356,.F.);
#5985=ORIENTED_EDGE('',*,*,#4357,.F.);
#5986=ORIENTED_EDGE('',*,*,#4358,.F.);
#5987=ORIENTED_EDGE('',*,*,#4359,.F.);
#5988=ORIENTED_EDGE('',*,*,#4360,.F.);
#5989=ORIENTED_EDGE('',*,*,#4361,.F.);
#5990=ORIENTED_EDGE('',*,*,#4362,.F.);
#5991=ORIENTED_EDGE('',*,*,#4363,.F.);
#5992=ORIENTED_EDGE('',*,*,#4364,.T.);
#5993=ORIENTED_EDGE('',*,*,#4339,.T.);
#5994=ORIENTED_EDGE('',*,*,#4363,.T.);
#5995=ORIENTED_EDGE('',*,*,#4365,.F.);
#5996=ORIENTED_EDGE('',*,*,#4366,.T.);
#5997=ORIENTED_EDGE('',*,*,#4365,.T.);
#5998=ORIENTED_EDGE('',*,*,#4362,.T.);
#5999=ORIENTED_EDGE('',*,*,#4367,.F.);
#6000=ORIENTED_EDGE('',*,*,#4368,.T.);
#6001=ORIENTED_EDGE('',*,*,#4367,.T.);
#6002=ORIENTED_EDGE('',*,*,#4361,.T.);
#6003=ORIENTED_EDGE('',*,*,#4369,.F.);
#6004=ORIENTED_EDGE('',*,*,#4370,.T.);
#6005=ORIENTED_EDGE('',*,*,#4369,.T.);
#6006=ORIENTED_EDGE('',*,*,#4360,.T.);
#6007=ORIENTED_EDGE('',*,*,#4371,.F.);
#6008=ORIENTED_EDGE('',*,*,#4372,.T.);
#6009=ORIENTED_EDGE('',*,*,#4371,.T.);
#6010=ORIENTED_EDGE('',*,*,#4359,.T.);
#6011=ORIENTED_EDGE('',*,*,#4373,.F.);
#6012=ORIENTED_EDGE('',*,*,#4374,.T.);
#6013=ORIENTED_EDGE('',*,*,#4373,.T.);
#6014=ORIENTED_EDGE('',*,*,#4358,.T.);
#6015=ORIENTED_EDGE('',*,*,#4375,.F.);
#6016=ORIENTED_EDGE('',*,*,#4376,.T.);
#6017=ORIENTED_EDGE('',*,*,#4375,.T.);
#6018=ORIENTED_EDGE('',*,*,#4357,.T.);
#6019=ORIENTED_EDGE('',*,*,#4377,.F.);
#6020=ORIENTED_EDGE('',*,*,#4378,.T.);
#6021=ORIENTED_EDGE('',*,*,#4377,.T.);
#6022=ORIENTED_EDGE('',*,*,#4356,.T.);
#6023=ORIENTED_EDGE('',*,*,#4379,.F.);
#6024=ORIENTED_EDGE('',*,*,#4380,.T.);
#6025=ORIENTED_EDGE('',*,*,#4379,.T.);
#6026=ORIENTED_EDGE('',*,*,#4355,.T.);
#6027=ORIENTED_EDGE('',*,*,#4381,.F.);
#6028=ORIENTED_EDGE('',*,*,#4382,.T.);
#6029=ORIENTED_EDGE('',*,*,#4381,.T.);
#6030=ORIENTED_EDGE('',*,*,#4354,.T.);
#6031=ORIENTED_EDGE('',*,*,#4383,.F.);
#6032=ORIENTED_EDGE('',*,*,#4384,.T.);
#6033=ORIENTED_EDGE('',*,*,#4383,.T.);
#6034=ORIENTED_EDGE('',*,*,#4353,.T.);
#6035=ORIENTED_EDGE('',*,*,#4385,.F.);
#6036=ORIENTED_EDGE('',*,*,#4386,.T.);
#6037=ORIENTED_EDGE('',*,*,#4385,.T.);
#6038=ORIENTED_EDGE('',*,*,#4352,.T.);
#6039=ORIENTED_EDGE('',*,*,#4387,.F.);
#6040=ORIENTED_EDGE('',*,*,#4388,.T.);
#6041=ORIENTED_EDGE('',*,*,#4387,.T.);
#6042=ORIENTED_EDGE('',*,*,#4351,.T.);
#6043=ORIENTED_EDGE('',*,*,#4389,.F.);
#6044=ORIENTED_EDGE('',*,*,#4390,.T.);
#6045=ORIENTED_EDGE('',*,*,#4389,.T.);
#6046=ORIENTED_EDGE('',*,*,#4350,.T.);
#6047=ORIENTED_EDGE('',*,*,#4391,.F.);
#6048=ORIENTED_EDGE('',*,*,#4392,.T.);
#6049=ORIENTED_EDGE('',*,*,#4391,.T.);
#6050=ORIENTED_EDGE('',*,*,#4349,.T.);
#6051=ORIENTED_EDGE('',*,*,#4393,.F.);
#6052=ORIENTED_EDGE('',*,*,#4394,.T.);
#6053=ORIENTED_EDGE('',*,*,#4393,.T.);
#6054=ORIENTED_EDGE('',*,*,#4348,.T.);
#6055=ORIENTED_EDGE('',*,*,#4395,.F.);
#6056=ORIENTED_EDGE('',*,*,#4396,.T.);
#6057=ORIENTED_EDGE('',*,*,#4395,.T.);
#6058=ORIENTED_EDGE('',*,*,#4347,.T.);
#6059=ORIENTED_EDGE('',*,*,#4397,.F.);
#6060=ORIENTED_EDGE('',*,*,#4398,.T.);
#6061=ORIENTED_EDGE('',*,*,#4397,.T.);
#6062=ORIENTED_EDGE('',*,*,#4346,.T.);
#6063=ORIENTED_EDGE('',*,*,#4399,.F.);
#6064=ORIENTED_EDGE('',*,*,#4400,.T.);
#6065=ORIENTED_EDGE('',*,*,#4399,.T.);
#6066=ORIENTED_EDGE('',*,*,#4345,.T.);
#6067=ORIENTED_EDGE('',*,*,#4401,.F.);
#6068=ORIENTED_EDGE('',*,*,#4402,.T.);
#6069=ORIENTED_EDGE('',*,*,#4401,.T.);
#6070=ORIENTED_EDGE('',*,*,#4344,.T.);
#6071=ORIENTED_EDGE('',*,*,#4403,.F.);
#6072=ORIENTED_EDGE('',*,*,#4404,.T.);
#6073=ORIENTED_EDGE('',*,*,#4403,.T.);
#6074=ORIENTED_EDGE('',*,*,#4343,.T.);
#6075=ORIENTED_EDGE('',*,*,#4405,.F.);
#6076=ORIENTED_EDGE('',*,*,#4406,.T.);
#6077=ORIENTED_EDGE('',*,*,#4405,.T.);
#6078=ORIENTED_EDGE('',*,*,#4342,.T.);
#6079=ORIENTED_EDGE('',*,*,#4407,.F.);
#6080=ORIENTED_EDGE('',*,*,#4408,.T.);
#6081=ORIENTED_EDGE('',*,*,#4407,.T.);
#6082=ORIENTED_EDGE('',*,*,#4341,.T.);
#6083=ORIENTED_EDGE('',*,*,#4409,.F.);
#6084=ORIENTED_EDGE('',*,*,#4410,.T.);
#6085=ORIENTED_EDGE('',*,*,#4409,.T.);
#6086=ORIENTED_EDGE('',*,*,#4340,.T.);
#6087=ORIENTED_EDGE('',*,*,#4337,.F.);
#6088=ORIENTED_EDGE('',*,*,#4386,.F.);
#6089=ORIENTED_EDGE('',*,*,#4388,.F.);
#6090=ORIENTED_EDGE('',*,*,#4390,.F.);
#6091=ORIENTED_EDGE('',*,*,#4392,.F.);
#6092=ORIENTED_EDGE('',*,*,#4394,.F.);
#6093=ORIENTED_EDGE('',*,*,#4396,.F.);
#6094=ORIENTED_EDGE('',*,*,#4398,.F.);
#6095=ORIENTED_EDGE('',*,*,#4400,.F.);
#6096=ORIENTED_EDGE('',*,*,#4402,.F.);
#6097=ORIENTED_EDGE('',*,*,#4404,.F.);
#6098=ORIENTED_EDGE('',*,*,#4406,.F.);
#6099=ORIENTED_EDGE('',*,*,#4408,.F.);
#6100=ORIENTED_EDGE('',*,*,#4410,.F.);
#6101=ORIENTED_EDGE('',*,*,#4336,.F.);
#6102=ORIENTED_EDGE('',*,*,#4364,.F.);
#6103=ORIENTED_EDGE('',*,*,#4366,.F.);
#6104=ORIENTED_EDGE('',*,*,#4368,.F.);
#6105=ORIENTED_EDGE('',*,*,#4370,.F.);
#6106=ORIENTED_EDGE('',*,*,#4372,.F.);
#6107=ORIENTED_EDGE('',*,*,#4374,.F.);
#6108=ORIENTED_EDGE('',*,*,#4376,.F.);
#6109=ORIENTED_EDGE('',*,*,#4378,.F.);
#6110=ORIENTED_EDGE('',*,*,#4380,.F.);
#6111=ORIENTED_EDGE('',*,*,#4382,.F.);
#6112=ORIENTED_EDGE('',*,*,#4384,.F.);
#6113=ORIENTED_EDGE('',*,*,#4411,.T.);
#6114=ORIENTED_EDGE('',*,*,#4412,.T.);
#6115=ORIENTED_EDGE('',*,*,#4413,.T.);
#6116=ORIENTED_EDGE('',*,*,#4414,.T.);
#6117=ORIENTED_EDGE('',*,*,#4415,.T.);
#6118=ORIENTED_EDGE('',*,*,#4416,.T.);
#6119=ORIENTED_EDGE('',*,*,#4411,.F.);
#6120=ORIENTED_EDGE('',*,*,#4417,.T.);
#6121=ORIENTED_EDGE('',*,*,#4418,.T.);
#6122=ORIENTED_EDGE('',*,*,#4419,.T.);
#6123=ORIENTED_EDGE('',*,*,#4413,.F.);
#6124=ORIENTED_EDGE('',*,*,#4420,.T.);
#6125=ORIENTED_EDGE('',*,*,#4421,.T.);
#6126=ORIENTED_EDGE('',*,*,#4422,.T.);
#6127=ORIENTED_EDGE('',*,*,#4415,.F.);
#6128=ORIENTED_EDGE('',*,*,#4423,.T.);
#6129=ORIENTED_EDGE('',*,*,#4424,.T.);
#6130=ORIENTED_EDGE('',*,*,#4425,.T.);
#6131=ORIENTED_EDGE('',*,*,#4426,.T.);
#6132=ORIENTED_EDGE('',*,*,#4418,.F.);
#6133=ORIENTED_EDGE('',*,*,#4427,.T.);
#6134=ORIENTED_EDGE('',*,*,#4428,.T.);
#6135=ORIENTED_EDGE('',*,*,#4423,.F.);
#6136=ORIENTED_EDGE('',*,*,#4417,.F.);
#6137=ORIENTED_EDGE('',*,*,#4414,.F.);
#6138=ORIENTED_EDGE('',*,*,#4419,.F.);
#6139=ORIENTED_EDGE('',*,*,#4426,.F.);
#6140=ORIENTED_EDGE('',*,*,#4429,.F.);
#6141=ORIENTED_EDGE('',*,*,#4430,.F.);
#6142=ORIENTED_EDGE('',*,*,#4431,.F.);
#6143=ORIENTED_EDGE('',*,*,#4432,.F.);
#6144=ORIENTED_EDGE('',*,*,#4433,.F.);
#6145=ORIENTED_EDGE('',*,*,#4434,.F.);
#6146=ORIENTED_EDGE('',*,*,#4435,.F.);
#6147=ORIENTED_EDGE('',*,*,#4436,.F.);
#6148=ORIENTED_EDGE('',*,*,#4437,.F.);
#6149=ORIENTED_EDGE('',*,*,#4438,.F.);
#6150=ORIENTED_EDGE('',*,*,#4439,.F.);
#6151=ORIENTED_EDGE('',*,*,#4440,.F.);
#6152=ORIENTED_EDGE('',*,*,#4425,.F.);
#6153=ORIENTED_EDGE('',*,*,#4441,.F.);
#6154=ORIENTED_EDGE('',*,*,#4442,.T.);
#6155=ORIENTED_EDGE('',*,*,#4443,.F.);
#6156=ORIENTED_EDGE('',*,*,#4429,.T.);
#6157=ORIENTED_EDGE('',*,*,#4428,.F.);
#6158=ORIENTED_EDGE('',*,*,#4444,.T.);
#6159=ORIENTED_EDGE('',*,*,#4445,.F.);
#6160=ORIENTED_EDGE('',*,*,#4446,.T.);
#6161=ORIENTED_EDGE('',*,*,#4441,.T.);
#6162=ORIENTED_EDGE('',*,*,#4447,.T.);
#6163=ORIENTED_EDGE('',*,*,#4436,.T.);
#6164=ORIENTED_EDGE('',*,*,#4448,.T.);
#6165=ORIENTED_EDGE('',*,*,#4449,.T.);
#6166=ORIENTED_EDGE('',*,*,#4450,.T.);
#6167=ORIENTED_EDGE('',*,*,#4451,.T.);
#6168=ORIENTED_EDGE('',*,*,#4452,.T.);
#6169=ORIENTED_EDGE('',*,*,#4448,.F.);
#6170=ORIENTED_EDGE('',*,*,#4435,.T.);
#6171=ORIENTED_EDGE('',*,*,#4453,.T.);
#6172=ORIENTED_EDGE('',*,*,#4454,.T.);
#6173=ORIENTED_EDGE('',*,*,#4451,.F.);
#6174=ORIENTED_EDGE('',*,*,#4434,.T.);
#6175=ORIENTED_EDGE('',*,*,#4455,.T.);
#6176=ORIENTED_EDGE('',*,*,#4456,.T.);
#6177=ORIENTED_EDGE('',*,*,#4453,.F.);
#6178=ORIENTED_EDGE('',*,*,#4433,.T.);
#6179=ORIENTED_EDGE('',*,*,#4457,.T.);
#6180=ORIENTED_EDGE('',*,*,#4458,.T.);
#6181=ORIENTED_EDGE('',*,*,#4455,.F.);
#6182=ORIENTED_EDGE('',*,*,#4432,.T.);
#6183=ORIENTED_EDGE('',*,*,#4459,.T.);
#6184=ORIENTED_EDGE('',*,*,#4450,.F.);
#6185=ORIENTED_EDGE('',*,*,#4460,.T.);
#6186=ORIENTED_EDGE('',*,*,#4461,.F.);
#6187=ORIENTED_EDGE('',*,*,#4462,.T.);
#6188=ORIENTED_EDGE('',*,*,#4463,.T.);
#6189=ORIENTED_EDGE('',*,*,#4449,.F.);
#6190=ORIENTED_EDGE('',*,*,#4464,.T.);
#6191=ORIENTED_EDGE('',*,*,#4465,.F.);
#6192=ORIENTED_EDGE('',*,*,#4466,.T.);
#6193=ORIENTED_EDGE('',*,*,#4467,.F.);
#6194=ORIENTED_EDGE('',*,*,#4460,.F.);
#6195=ORIENTED_EDGE('',*,*,#4452,.F.);
#6196=ORIENTED_EDGE('',*,*,#4468,.T.);
#6197=ORIENTED_EDGE('',*,*,#4469,.F.);
#6198=ORIENTED_EDGE('',*,*,#4464,.F.);
#6199=ORIENTED_EDGE('',*,*,#4454,.F.);
#6200=ORIENTED_EDGE('',*,*,#4470,.T.);
#6201=ORIENTED_EDGE('',*,*,#4471,.F.);
#6202=ORIENTED_EDGE('',*,*,#4472,.T.);
#6203=ORIENTED_EDGE('',*,*,#4473,.F.);
#6204=ORIENTED_EDGE('',*,*,#4468,.F.);
#6205=ORIENTED_EDGE('',*,*,#4456,.F.);
#6206=ORIENTED_EDGE('',*,*,#4474,.T.);
#6207=ORIENTED_EDGE('',*,*,#4475,.F.);
#6208=ORIENTED_EDGE('',*,*,#4470,.F.);
#6209=ORIENTED_EDGE('',*,*,#4458,.F.);
#6210=ORIENTED_EDGE('',*,*,#4476,.F.);
#6211=ORIENTED_EDGE('',*,*,#4477,.F.);
#6212=ORIENTED_EDGE('',*,*,#4478,.T.);
#6213=ORIENTED_EDGE('',*,*,#4479,.F.);
#6214=ORIENTED_EDGE('',*,*,#4474,.F.);
#6215=ORIENTED_EDGE('',*,*,#4457,.F.);
#6216=ORIENTED_EDGE('',*,*,#4480,.T.);
#6217=ORIENTED_EDGE('',*,*,#4481,.T.);
#6218=ORIENTED_EDGE('',*,*,#4482,.F.);
#6219=ORIENTED_EDGE('',*,*,#4476,.T.);
#6220=ORIENTED_EDGE('',*,*,#4483,.T.);
#6221=ORIENTED_EDGE('',*,*,#4484,.T.);
#6222=ORIENTED_EDGE('',*,*,#4477,.T.);
#6223=ORIENTED_EDGE('',*,*,#4482,.T.);
#6224=ORIENTED_EDGE('',*,*,#4485,.T.);
#6225=ORIENTED_EDGE('',*,*,#4486,.T.);
#6226=ORIENTED_EDGE('',*,*,#4483,.F.);
#6227=ORIENTED_EDGE('',*,*,#4487,.T.);
#6228=ORIENTED_EDGE('',*,*,#4488,.F.);
#6229=ORIENTED_EDGE('',*,*,#4489,.T.);
#6230=ORIENTED_EDGE('',*,*,#4490,.F.);
#6231=ORIENTED_EDGE('',*,*,#4491,.T.);
#6232=ORIENTED_EDGE('',*,*,#4492,.F.);
#6233=ORIENTED_EDGE('',*,*,#4493,.T.);
#6234=ORIENTED_EDGE('',*,*,#4494,.F.);
#6235=ORIENTED_EDGE('',*,*,#4495,.T.);
#6236=ORIENTED_EDGE('',*,*,#4496,.F.);
#6237=ORIENTED_EDGE('',*,*,#4497,.T.);
#6238=ORIENTED_EDGE('',*,*,#4498,.F.);
#6239=ORIENTED_EDGE('',*,*,#4499,.T.);
#6240=ORIENTED_EDGE('',*,*,#4500,.F.);
#6241=ORIENTED_EDGE('',*,*,#4501,.F.);
#6242=ORIENTED_EDGE('',*,*,#4502,.F.);
#6243=ORIENTED_EDGE('',*,*,#4503,.T.);
#6244=ORIENTED_EDGE('',*,*,#4504,.F.);
#6245=ORIENTED_EDGE('',*,*,#4505,.T.);
#6246=ORIENTED_EDGE('',*,*,#4506,.F.);
#6247=ORIENTED_EDGE('',*,*,#4507,.T.);
#6248=ORIENTED_EDGE('',*,*,#4508,.F.);
#6249=ORIENTED_EDGE('',*,*,#4509,.T.);
#6250=ORIENTED_EDGE('',*,*,#4486,.F.);
#6251=ORIENTED_EDGE('',*,*,#4510,.T.);
#6252=ORIENTED_EDGE('',*,*,#4511,.F.);
#6253=ORIENTED_EDGE('',*,*,#4487,.F.);
#6254=ORIENTED_EDGE('',*,*,#4485,.F.);
#6255=ORIENTED_EDGE('',*,*,#4481,.F.);
#6256=ORIENTED_EDGE('',*,*,#4512,.F.);
#6257=ORIENTED_EDGE('',*,*,#4513,.F.);
#6258=ORIENTED_EDGE('',*,*,#4514,.F.);
#6259=ORIENTED_EDGE('',*,*,#4510,.F.);
#6260=ORIENTED_EDGE('',*,*,#4459,.F.);
#6261=ORIENTED_EDGE('',*,*,#4431,.T.);
#6262=ORIENTED_EDGE('',*,*,#4515,.F.);
#6263=ORIENTED_EDGE('',*,*,#4512,.T.);
#6264=ORIENTED_EDGE('',*,*,#4480,.F.);
#6265=ORIENTED_EDGE('',*,*,#4504,.T.);
#6266=ORIENTED_EDGE('',*,*,#4516,.T.);
#6267=ORIENTED_EDGE('',*,*,#4517,.T.);
#6268=ORIENTED_EDGE('',*,*,#4461,.T.);
#6269=ORIENTED_EDGE('',*,*,#4467,.T.);
#6270=ORIENTED_EDGE('',*,*,#4518,.T.);
#6271=ORIENTED_EDGE('',*,*,#4447,.F.);
#6272=ORIENTED_EDGE('',*,*,#4463,.F.);
#6273=ORIENTED_EDGE('',*,*,#4519,.T.);
#6274=ORIENTED_EDGE('',*,*,#4520,.F.);
#6275=ORIENTED_EDGE('',*,*,#4437,.T.);
#6276=ORIENTED_EDGE('',*,*,#4462,.F.);
#6277=ORIENTED_EDGE('',*,*,#4517,.F.);
#6278=ORIENTED_EDGE('',*,*,#4521,.F.);
#6279=ORIENTED_EDGE('',*,*,#4522,.F.);
#6280=ORIENTED_EDGE('',*,*,#4523,.F.);
#6281=ORIENTED_EDGE('',*,*,#4519,.F.);
#6282=ORIENTED_EDGE('',*,*,#4516,.F.);
#6283=ORIENTED_EDGE('',*,*,#4503,.F.);
#6284=ORIENTED_EDGE('',*,*,#4524,.F.);
#6285=ORIENTED_EDGE('',*,*,#4521,.T.);
#6286=ORIENTED_EDGE('',*,*,#4498,.T.);
#6287=ORIENTED_EDGE('',*,*,#4525,.T.);
#6288=ORIENTED_EDGE('',*,*,#4526,.T.);
#6289=ORIENTED_EDGE('',*,*,#4527,.T.);
#6290=ORIENTED_EDGE('',*,*,#4528,.T.);
#6291=ORIENTED_EDGE('',*,*,#4529,.T.);
#6292=ORIENTED_EDGE('',*,*,#4421,.F.);
#6293=ORIENTED_EDGE('',*,*,#4530,.T.);
#6294=ORIENTED_EDGE('',*,*,#4531,.T.);
#6295=ORIENTED_EDGE('',*,*,#4527,.F.);
#6296=ORIENTED_EDGE('',*,*,#4532,.T.);
#6297=ORIENTED_EDGE('',*,*,#4529,.F.);
#6298=ORIENTED_EDGE('',*,*,#4533,.T.);
#6299=ORIENTED_EDGE('',*,*,#4534,.F.);
#6300=ORIENTED_EDGE('',*,*,#4499,.F.);
#6301=ORIENTED_EDGE('',*,*,#4528,.F.);
#6302=ORIENTED_EDGE('',*,*,#4531,.F.);
#6303=ORIENTED_EDGE('',*,*,#4535,.F.);
#6304=ORIENTED_EDGE('',*,*,#4536,.F.);
#6305=ORIENTED_EDGE('',*,*,#4537,.F.);
#6306=ORIENTED_EDGE('',*,*,#4533,.F.);
#6307=ORIENTED_EDGE('',*,*,#4424,.F.);
#6308=ORIENTED_EDGE('',*,*,#4439,.T.);
#6309=ORIENTED_EDGE('',*,*,#4538,.T.);
#6310=ORIENTED_EDGE('',*,*,#4535,.T.);
#6311=ORIENTED_EDGE('',*,*,#4530,.F.);
#6312=ORIENTED_EDGE('',*,*,#4492,.T.);
#6313=ORIENTED_EDGE('',*,*,#4539,.T.);
#6314=ORIENTED_EDGE('',*,*,#4540,.T.);
#6315=ORIENTED_EDGE('',*,*,#4445,.T.);
#6316=ORIENTED_EDGE('',*,*,#4541,.T.);
#6317=ORIENTED_EDGE('',*,*,#4542,.T.);
#6318=ORIENTED_EDGE('',*,*,#4446,.F.);
#6319=ORIENTED_EDGE('',*,*,#4540,.F.);
#6320=ORIENTED_EDGE('',*,*,#4543,.F.);
#6321=ORIENTED_EDGE('',*,*,#4544,.F.);
#6322=ORIENTED_EDGE('',*,*,#4545,.F.);
#6323=ORIENTED_EDGE('',*,*,#4442,.F.);
#6324=ORIENTED_EDGE('',*,*,#4539,.F.);
#6325=ORIENTED_EDGE('',*,*,#4491,.F.);
#6326=ORIENTED_EDGE('',*,*,#4546,.F.);
#6327=ORIENTED_EDGE('',*,*,#4543,.T.);
#6328=ORIENTED_EDGE('',*,*,#4542,.F.);
#6329=ORIENTED_EDGE('',*,*,#4547,.F.);
#6330=ORIENTED_EDGE('',*,*,#4548,.F.);
#6331=ORIENTED_EDGE('',*,*,#4493,.F.);
#6332=ORIENTED_EDGE('',*,*,#4549,.T.);
#6333=ORIENTED_EDGE('',*,*,#4496,.T.);
#6334=ORIENTED_EDGE('',*,*,#4550,.T.);
#6335=ORIENTED_EDGE('',*,*,#4551,.T.);
#6336=ORIENTED_EDGE('',*,*,#4552,.T.);
#6337=ORIENTED_EDGE('',*,*,#4553,.T.);
#6338=ORIENTED_EDGE('',*,*,#4416,.F.);
#6339=ORIENTED_EDGE('',*,*,#4554,.T.);
#6340=ORIENTED_EDGE('',*,*,#4552,.F.);
#6341=ORIENTED_EDGE('',*,*,#4555,.F.);
#6342=ORIENTED_EDGE('',*,*,#4525,.F.);
#6343=ORIENTED_EDGE('',*,*,#4497,.F.);
#6344=ORIENTED_EDGE('',*,*,#4549,.F.);
#6345=ORIENTED_EDGE('',*,*,#4556,.F.);
#6346=ORIENTED_EDGE('',*,*,#4422,.F.);
#6347=ORIENTED_EDGE('',*,*,#4532,.F.);
#6348=ORIENTED_EDGE('',*,*,#4526,.F.);
#6349=ORIENTED_EDGE('',*,*,#4556,.T.);
#6350=ORIENTED_EDGE('',*,*,#4553,.F.);
#6351=ORIENTED_EDGE('',*,*,#4554,.F.);
#6352=ORIENTED_EDGE('',*,*,#4557,.T.);
#6353=ORIENTED_EDGE('',*,*,#4494,.T.);
#6354=ORIENTED_EDGE('',*,*,#4548,.T.);
#6355=ORIENTED_EDGE('',*,*,#4558,.T.);
#6356=ORIENTED_EDGE('',*,*,#4559,.T.);
#6357=ORIENTED_EDGE('',*,*,#4560,.T.);
#6358=ORIENTED_EDGE('',*,*,#4420,.F.);
#6359=ORIENTED_EDGE('',*,*,#4561,.T.);
#6360=ORIENTED_EDGE('',*,*,#4559,.F.);
#6361=ORIENTED_EDGE('',*,*,#4562,.F.);
#6362=ORIENTED_EDGE('',*,*,#4550,.F.);
#6363=ORIENTED_EDGE('',*,*,#4495,.F.);
#6364=ORIENTED_EDGE('',*,*,#4557,.F.);
#6365=ORIENTED_EDGE('',*,*,#4563,.F.);
#6366=ORIENTED_EDGE('',*,*,#4412,.F.);
#6367=ORIENTED_EDGE('',*,*,#4555,.T.);
#6368=ORIENTED_EDGE('',*,*,#4551,.F.);
#6369=ORIENTED_EDGE('',*,*,#4563,.T.);
#6370=ORIENTED_EDGE('',*,*,#4560,.F.);
#6371=ORIENTED_EDGE('',*,*,#4561,.F.);
#6372=ORIENTED_EDGE('',*,*,#4564,.T.);
#6373=ORIENTED_EDGE('',*,*,#4506,.T.);
#6374=ORIENTED_EDGE('',*,*,#4565,.T.);
#6375=ORIENTED_EDGE('',*,*,#4465,.T.);
#6376=ORIENTED_EDGE('',*,*,#4469,.T.);
#6377=ORIENTED_EDGE('',*,*,#4473,.T.);
#6378=ORIENTED_EDGE('',*,*,#4564,.F.);
#6379=ORIENTED_EDGE('',*,*,#4472,.F.);
#6380=ORIENTED_EDGE('',*,*,#4566,.F.);
#6381=ORIENTED_EDGE('',*,*,#4507,.F.);
#6382=ORIENTED_EDGE('',*,*,#4567,.T.);
#6383=ORIENTED_EDGE('',*,*,#4508,.T.);
#6384=ORIENTED_EDGE('',*,*,#4566,.T.);
#6385=ORIENTED_EDGE('',*,*,#4471,.T.);
#6386=ORIENTED_EDGE('',*,*,#4475,.T.);
#6387=ORIENTED_EDGE('',*,*,#4479,.T.);
#6388=ORIENTED_EDGE('',*,*,#4484,.F.);
#6389=ORIENTED_EDGE('',*,*,#4509,.F.);
#6390=ORIENTED_EDGE('',*,*,#4567,.F.);
#6391=ORIENTED_EDGE('',*,*,#4478,.F.);
#6392=ORIENTED_EDGE('',*,*,#4518,.F.);
#6393=ORIENTED_EDGE('',*,*,#4466,.F.);
#6394=ORIENTED_EDGE('',*,*,#4565,.F.);
#6395=ORIENTED_EDGE('',*,*,#4505,.F.);
#6396=ORIENTED_EDGE('',*,*,#4568,.T.);
#6397=ORIENTED_EDGE('',*,*,#4569,.T.);
#6398=ORIENTED_EDGE('',*,*,#4488,.T.);
#6399=ORIENTED_EDGE('',*,*,#4511,.T.);
#6400=ORIENTED_EDGE('',*,*,#4514,.T.);
#6401=ORIENTED_EDGE('',*,*,#4570,.T.);
#6402=ORIENTED_EDGE('',*,*,#4569,.F.);
#6403=ORIENTED_EDGE('',*,*,#4571,.T.);
#6404=ORIENTED_EDGE('',*,*,#4572,.F.);
#6405=ORIENTED_EDGE('',*,*,#4489,.F.);
#6406=ORIENTED_EDGE('',*,*,#4568,.F.);
#6407=ORIENTED_EDGE('',*,*,#4573,.F.);
#6408=ORIENTED_EDGE('',*,*,#4574,.F.);
#6409=ORIENTED_EDGE('',*,*,#4575,.F.);
#6410=ORIENTED_EDGE('',*,*,#4576,.F.);
#6411=ORIENTED_EDGE('',*,*,#4571,.F.);
#6412=ORIENTED_EDGE('',*,*,#4570,.F.);
#6413=ORIENTED_EDGE('',*,*,#4513,.T.);
#6414=ORIENTED_EDGE('',*,*,#4577,.F.);
#6415=ORIENTED_EDGE('',*,*,#4573,.T.);
#6416=ORIENTED_EDGE('',*,*,#4490,.T.);
#6417=ORIENTED_EDGE('',*,*,#4572,.T.);
#6418=ORIENTED_EDGE('',*,*,#4576,.T.);
#6419=ORIENTED_EDGE('',*,*,#4578,.T.);
#6420=ORIENTED_EDGE('',*,*,#4544,.T.);
#6421=ORIENTED_EDGE('',*,*,#4546,.T.);
#6422=ORIENTED_EDGE('',*,*,#4578,.F.);
#6423=ORIENTED_EDGE('',*,*,#4575,.T.);
#6424=ORIENTED_EDGE('',*,*,#4579,.F.);
#6425=ORIENTED_EDGE('',*,*,#4545,.T.);
#6426=ORIENTED_EDGE('',*,*,#4580,.T.);
#6427=ORIENTED_EDGE('',*,*,#4581,.T.);
#6428=ORIENTED_EDGE('',*,*,#4500,.T.);
#6429=ORIENTED_EDGE('',*,*,#4534,.T.);
#6430=ORIENTED_EDGE('',*,*,#4537,.T.);
#6431=ORIENTED_EDGE('',*,*,#4582,.T.);
#6432=ORIENTED_EDGE('',*,*,#4581,.F.);
#6433=ORIENTED_EDGE('',*,*,#4583,.F.);
#6434=ORIENTED_EDGE('',*,*,#4584,.F.);
#6435=ORIENTED_EDGE('',*,*,#4501,.T.);
#6436=ORIENTED_EDGE('',*,*,#4580,.F.);
#6437=ORIENTED_EDGE('',*,*,#4585,.F.);
#6438=ORIENTED_EDGE('',*,*,#4586,.F.);
#6439=ORIENTED_EDGE('',*,*,#4587,.F.);
#6440=ORIENTED_EDGE('',*,*,#4588,.F.);
#6441=ORIENTED_EDGE('',*,*,#4583,.T.);
#6442=ORIENTED_EDGE('',*,*,#4582,.F.);
#6443=ORIENTED_EDGE('',*,*,#4536,.T.);
#6444=ORIENTED_EDGE('',*,*,#4589,.F.);
#6445=ORIENTED_EDGE('',*,*,#4585,.T.);
#6446=ORIENTED_EDGE('',*,*,#4502,.T.);
#6447=ORIENTED_EDGE('',*,*,#4584,.T.);
#6448=ORIENTED_EDGE('',*,*,#4588,.T.);
#6449=ORIENTED_EDGE('',*,*,#4590,.T.);
#6450=ORIENTED_EDGE('',*,*,#4522,.T.);
#6451=ORIENTED_EDGE('',*,*,#4524,.T.);
#6452=ORIENTED_EDGE('',*,*,#4590,.F.);
#6453=ORIENTED_EDGE('',*,*,#4587,.T.);
#6454=ORIENTED_EDGE('',*,*,#4591,.F.);
#6455=ORIENTED_EDGE('',*,*,#4523,.T.);
#6456=ORIENTED_EDGE('',*,*,#4591,.T.);
#6457=ORIENTED_EDGE('',*,*,#4592,.F.);
#6458=ORIENTED_EDGE('',*,*,#4520,.T.);
#6459=ORIENTED_EDGE('',*,*,#4589,.T.);
#6460=ORIENTED_EDGE('',*,*,#4538,.F.);
#6461=ORIENTED_EDGE('',*,*,#4593,.T.);
#6462=ORIENTED_EDGE('',*,*,#4593,.F.);
#6463=ORIENTED_EDGE('',*,*,#4438,.T.);
#6464=ORIENTED_EDGE('',*,*,#4592,.T.);
#6465=ORIENTED_EDGE('',*,*,#4586,.T.);
#6466=ORIENTED_EDGE('',*,*,#4579,.T.);
#6467=ORIENTED_EDGE('',*,*,#4594,.F.);
#6468=ORIENTED_EDGE('',*,*,#4443,.T.);
#6469=ORIENTED_EDGE('',*,*,#4515,.T.);
#6470=ORIENTED_EDGE('',*,*,#4595,.F.);
#6471=ORIENTED_EDGE('',*,*,#4577,.T.);
#6472=ORIENTED_EDGE('',*,*,#4594,.T.);
#6473=ORIENTED_EDGE('',*,*,#4574,.T.);
#6474=ORIENTED_EDGE('',*,*,#4595,.T.);
#6475=ORIENTED_EDGE('',*,*,#4430,.T.);
#6476=ORIENTED_EDGE('',*,*,#4427,.F.);
#6477=ORIENTED_EDGE('',*,*,#4562,.T.);
#6478=ORIENTED_EDGE('',*,*,#4558,.F.);
#6479=ORIENTED_EDGE('',*,*,#4547,.T.);
#6480=ORIENTED_EDGE('',*,*,#4541,.F.);
#6481=ORIENTED_EDGE('',*,*,#4444,.F.);
#6482=ORIENTED_EDGE('',*,*,#4596,.T.);
#6483=ORIENTED_EDGE('',*,*,#4440,.T.);
#6484=ORIENTED_EDGE('',*,*,#4597,.F.);
#6485=ORIENTED_EDGE('',*,*,#4596,.F.);
#6486=ORIENTED_EDGE('',*,*,#4597,.T.);
#6487=ORIENTED_EDGE('',*,*,#4598,.T.);
#6488=ORIENTED_EDGE('',*,*,#4598,.F.);
#6489=ORIENTED_EDGE('',*,*,#4599,.T.);
#6490=ORIENTED_EDGE('',*,*,#4600,.F.);
#6491=ORIENTED_EDGE('',*,*,#4601,.F.);
#6492=ORIENTED_EDGE('',*,*,#4602,.F.);
#6493=ORIENTED_EDGE('',*,*,#4601,.T.);
#6494=ORIENTED_EDGE('',*,*,#4603,.T.);
#6495=ORIENTED_EDGE('',*,*,#4604,.F.);
#6496=ORIENTED_EDGE('',*,*,#4605,.T.);
#6497=ORIENTED_EDGE('',*,*,#4606,.T.);
#6498=ORIENTED_EDGE('',*,*,#4607,.F.);
#6499=ORIENTED_EDGE('',*,*,#4608,.F.);
#6500=ORIENTED_EDGE('',*,*,#4609,.F.);
#6501=ORIENTED_EDGE('',*,*,#4610,.F.);
#6502=ORIENTED_EDGE('',*,*,#4611,.F.);
#6503=ORIENTED_EDGE('',*,*,#4612,.F.);
#6504=ORIENTED_EDGE('',*,*,#4613,.F.);
#6505=ORIENTED_EDGE('',*,*,#4614,.F.);
#6506=ORIENTED_EDGE('',*,*,#4615,.F.);
#6507=ORIENTED_EDGE('',*,*,#4616,.F.);
#6508=ORIENTED_EDGE('',*,*,#4617,.F.);
#6509=ORIENTED_EDGE('',*,*,#4618,.F.);
#6510=ORIENTED_EDGE('',*,*,#4619,.F.);
#6511=ORIENTED_EDGE('',*,*,#4620,.F.);
#6512=ORIENTED_EDGE('',*,*,#4621,.F.);
#6513=ORIENTED_EDGE('',*,*,#4622,.F.);
#6514=ORIENTED_EDGE('',*,*,#4623,.F.);
#6515=ORIENTED_EDGE('',*,*,#4624,.F.);
#6516=ORIENTED_EDGE('',*,*,#4625,.F.);
#6517=ORIENTED_EDGE('',*,*,#4626,.F.);
#6518=ORIENTED_EDGE('',*,*,#4627,.F.);
#6519=ORIENTED_EDGE('',*,*,#4603,.F.);
#6520=ORIENTED_EDGE('',*,*,#4600,.T.);
#6521=ORIENTED_EDGE('',*,*,#4628,.T.);
#6522=ORIENTED_EDGE('',*,*,#4629,.F.);
#6523=ORIENTED_EDGE('',*,*,#4630,.T.);
#6524=ORIENTED_EDGE('',*,*,#4631,.T.);
#6525=ORIENTED_EDGE('',*,*,#4632,.F.);
#6526=ORIENTED_EDGE('',*,*,#4633,.T.);
#6527=ORIENTED_EDGE('',*,*,#4629,.T.);
#6528=ORIENTED_EDGE('',*,*,#4634,.T.);
#6529=ORIENTED_EDGE('',*,*,#4632,.T.);
#6530=ORIENTED_EDGE('',*,*,#4635,.T.);
#6531=ORIENTED_EDGE('',*,*,#4636,.T.);
#6532=ORIENTED_EDGE('',*,*,#4637,.T.);
#6533=ORIENTED_EDGE('',*,*,#4633,.F.);
#6534=ORIENTED_EDGE('',*,*,#4638,.T.);
#6535=ORIENTED_EDGE('',*,*,#4639,.T.);
#6536=ORIENTED_EDGE('',*,*,#4640,.T.);
#6537=ORIENTED_EDGE('',*,*,#4631,.F.);
#6538=ORIENTED_EDGE('',*,*,#4641,.T.);
#6539=ORIENTED_EDGE('',*,*,#4642,.T.);
#6540=ORIENTED_EDGE('',*,*,#4643,.T.);
#6541=ORIENTED_EDGE('',*,*,#4630,.F.);
#6542=ORIENTED_EDGE('',*,*,#4644,.T.);
#6543=ORIENTED_EDGE('',*,*,#4645,.T.);
#6544=ORIENTED_EDGE('',*,*,#4646,.T.);
#6545=ORIENTED_EDGE('',*,*,#4628,.F.);
#6546=ORIENTED_EDGE('',*,*,#4647,.T.);
#6547=ORIENTED_EDGE('',*,*,#4647,.F.);
#6548=ORIENTED_EDGE('',*,*,#4643,.F.);
#6549=ORIENTED_EDGE('',*,*,#4648,.F.);
#6550=ORIENTED_EDGE('',*,*,#4649,.F.);
#6551=ORIENTED_EDGE('',*,*,#4644,.F.);
#6552=ORIENTED_EDGE('',*,*,#4635,.F.);
#6553=ORIENTED_EDGE('',*,*,#4640,.F.);
#6554=ORIENTED_EDGE('',*,*,#4650,.F.);
#6555=ORIENTED_EDGE('',*,*,#4651,.T.);
#6556=ORIENTED_EDGE('',*,*,#4652,.F.);
#6557=ORIENTED_EDGE('',*,*,#4653,.T.);
#6558=ORIENTED_EDGE('',*,*,#4654,.T.);
#6559=ORIENTED_EDGE('',*,*,#4655,.F.);
#6560=ORIENTED_EDGE('',*,*,#4656,.T.);
#6561=ORIENTED_EDGE('',*,*,#4657,.T.);
#6562=ORIENTED_EDGE('',*,*,#4658,.T.);
#6563=ORIENTED_EDGE('',*,*,#4655,.T.);
#6564=ORIENTED_EDGE('',*,*,#4659,.T.);
#6565=ORIENTED_EDGE('',*,*,#4660,.T.);
#6566=ORIENTED_EDGE('',*,*,#4661,.T.);
#6567=ORIENTED_EDGE('',*,*,#4656,.F.);
#6568=ORIENTED_EDGE('',*,*,#4662,.T.);
#6569=ORIENTED_EDGE('',*,*,#4652,.T.);
#6570=ORIENTED_EDGE('',*,*,#4663,.T.);
#6571=ORIENTED_EDGE('',*,*,#4654,.F.);
#6572=ORIENTED_EDGE('',*,*,#4664,.T.);
#6573=ORIENTED_EDGE('',*,*,#4665,.T.);
#6574=ORIENTED_EDGE('',*,*,#4666,.T.);
#6575=ORIENTED_EDGE('',*,*,#4653,.F.);
#6576=ORIENTED_EDGE('',*,*,#4667,.T.);
#6577=ORIENTED_EDGE('',*,*,#4668,.T.);
#6578=ORIENTED_EDGE('',*,*,#4669,.T.);
#6579=ORIENTED_EDGE('',*,*,#4651,.F.);
#6580=ORIENTED_EDGE('',*,*,#4670,.T.);
#6581=ORIENTED_EDGE('',*,*,#4667,.F.);
#6582=ORIENTED_EDGE('',*,*,#4664,.F.);
#6583=ORIENTED_EDGE('',*,*,#4661,.F.);
#6584=ORIENTED_EDGE('',*,*,#4671,.F.);
#6585=ORIENTED_EDGE('',*,*,#4662,.F.);
#6586=ORIENTED_EDGE('',*,*,#4658,.F.);
#6587=ORIENTED_EDGE('',*,*,#4672,.F.);
#6588=ORIENTED_EDGE('',*,*,#4673,.F.);
#6589=ORIENTED_EDGE('',*,*,#4674,.T.);
#6590=ORIENTED_EDGE('',*,*,#4675,.F.);
#6591=ORIENTED_EDGE('',*,*,#4676,.T.);
#6592=ORIENTED_EDGE('',*,*,#4677,.T.);
#6593=ORIENTED_EDGE('',*,*,#4678,.F.);
#6594=ORIENTED_EDGE('',*,*,#4679,.T.);
#6595=ORIENTED_EDGE('',*,*,#4675,.T.);
#6596=ORIENTED_EDGE('',*,*,#4680,.T.);
#6597=ORIENTED_EDGE('',*,*,#4678,.T.);
#6598=ORIENTED_EDGE('',*,*,#4681,.T.);
#6599=ORIENTED_EDGE('',*,*,#4682,.T.);
#6600=ORIENTED_EDGE('',*,*,#4683,.T.);
#6601=ORIENTED_EDGE('',*,*,#4679,.F.);
#6602=ORIENTED_EDGE('',*,*,#4684,.T.);
#6603=ORIENTED_EDGE('',*,*,#4685,.T.);
#6604=ORIENTED_EDGE('',*,*,#4686,.T.);
#6605=ORIENTED_EDGE('',*,*,#4677,.F.);
#6606=ORIENTED_EDGE('',*,*,#4687,.T.);
#6607=ORIENTED_EDGE('',*,*,#4688,.T.);
#6608=ORIENTED_EDGE('',*,*,#4689,.T.);
#6609=ORIENTED_EDGE('',*,*,#4676,.F.);
#6610=ORIENTED_EDGE('',*,*,#4690,.T.);
#6611=ORIENTED_EDGE('',*,*,#4691,.T.);
#6612=ORIENTED_EDGE('',*,*,#4692,.T.);
#6613=ORIENTED_EDGE('',*,*,#4674,.F.);
#6614=ORIENTED_EDGE('',*,*,#4693,.T.);
#6615=ORIENTED_EDGE('',*,*,#4693,.F.);
#6616=ORIENTED_EDGE('',*,*,#4689,.F.);
#6617=ORIENTED_EDGE('',*,*,#4694,.F.);
#6618=ORIENTED_EDGE('',*,*,#4695,.F.);
#6619=ORIENTED_EDGE('',*,*,#4690,.F.);
#6620=ORIENTED_EDGE('',*,*,#4681,.F.);
#6621=ORIENTED_EDGE('',*,*,#4686,.F.);
#6622=ORIENTED_EDGE('',*,*,#4696,.F.);
#6623=ORIENTED_EDGE('',*,*,#4697,.T.);
#6624=ORIENTED_EDGE('',*,*,#4698,.F.);
#6625=ORIENTED_EDGE('',*,*,#4699,.T.);
#6626=ORIENTED_EDGE('',*,*,#4700,.T.);
#6627=ORIENTED_EDGE('',*,*,#4701,.F.);
#6628=ORIENTED_EDGE('',*,*,#4702,.T.);
#6629=ORIENTED_EDGE('',*,*,#4703,.T.);
#6630=ORIENTED_EDGE('',*,*,#4704,.T.);
#6631=ORIENTED_EDGE('',*,*,#4701,.T.);
#6632=ORIENTED_EDGE('',*,*,#4705,.T.);
#6633=ORIENTED_EDGE('',*,*,#4706,.T.);
#6634=ORIENTED_EDGE('',*,*,#4707,.T.);
#6635=ORIENTED_EDGE('',*,*,#4702,.F.);
#6636=ORIENTED_EDGE('',*,*,#4708,.T.);
#6637=ORIENTED_EDGE('',*,*,#4698,.T.);
#6638=ORIENTED_EDGE('',*,*,#4709,.T.);
#6639=ORIENTED_EDGE('',*,*,#4700,.F.);
#6640=ORIENTED_EDGE('',*,*,#4710,.T.);
#6641=ORIENTED_EDGE('',*,*,#4711,.T.);
#6642=ORIENTED_EDGE('',*,*,#4712,.T.);
#6643=ORIENTED_EDGE('',*,*,#4699,.F.);
#6644=ORIENTED_EDGE('',*,*,#4713,.T.);
#6645=ORIENTED_EDGE('',*,*,#4714,.T.);
#6646=ORIENTED_EDGE('',*,*,#4715,.T.);
#6647=ORIENTED_EDGE('',*,*,#4697,.F.);
#6648=ORIENTED_EDGE('',*,*,#4716,.T.);
#6649=ORIENTED_EDGE('',*,*,#4713,.F.);
#6650=ORIENTED_EDGE('',*,*,#4710,.F.);
#6651=ORIENTED_EDGE('',*,*,#4707,.F.);
#6652=ORIENTED_EDGE('',*,*,#4717,.F.);
#6653=ORIENTED_EDGE('',*,*,#4708,.F.);
#6654=ORIENTED_EDGE('',*,*,#4704,.F.);
#6655=ORIENTED_EDGE('',*,*,#4718,.F.);
#6656=ORIENTED_EDGE('',*,*,#4719,.F.);
#6657=ORIENTED_EDGE('',*,*,#4720,.T.);
#6658=ORIENTED_EDGE('',*,*,#4721,.F.);
#6659=ORIENTED_EDGE('',*,*,#4722,.T.);
#6660=ORIENTED_EDGE('',*,*,#4723,.T.);
#6661=ORIENTED_EDGE('',*,*,#4724,.F.);
#6662=ORIENTED_EDGE('',*,*,#4725,.T.);
#6663=ORIENTED_EDGE('',*,*,#4721,.T.);
#6664=ORIENTED_EDGE('',*,*,#4726,.T.);
#6665=ORIENTED_EDGE('',*,*,#4724,.T.);
#6666=ORIENTED_EDGE('',*,*,#4727,.T.);
#6667=ORIENTED_EDGE('',*,*,#4728,.T.);
#6668=ORIENTED_EDGE('',*,*,#4729,.T.);
#6669=ORIENTED_EDGE('',*,*,#4725,.F.);
#6670=ORIENTED_EDGE('',*,*,#4730,.T.);
#6671=ORIENTED_EDGE('',*,*,#4731,.T.);
#6672=ORIENTED_EDGE('',*,*,#4732,.T.);
#6673=ORIENTED_EDGE('',*,*,#4723,.F.);
#6674=ORIENTED_EDGE('',*,*,#4733,.T.);
#6675=ORIENTED_EDGE('',*,*,#4734,.T.);
#6676=ORIENTED_EDGE('',*,*,#4735,.T.);
#6677=ORIENTED_EDGE('',*,*,#4722,.F.);
#6678=ORIENTED_EDGE('',*,*,#4736,.T.);
#6679=ORIENTED_EDGE('',*,*,#4737,.T.);
#6680=ORIENTED_EDGE('',*,*,#4738,.T.);
#6681=ORIENTED_EDGE('',*,*,#4720,.F.);
#6682=ORIENTED_EDGE('',*,*,#4739,.T.);
#6683=ORIENTED_EDGE('',*,*,#4739,.F.);
#6684=ORIENTED_EDGE('',*,*,#4735,.F.);
#6685=ORIENTED_EDGE('',*,*,#4740,.F.);
#6686=ORIENTED_EDGE('',*,*,#4741,.F.);
#6687=ORIENTED_EDGE('',*,*,#4736,.F.);
#6688=ORIENTED_EDGE('',*,*,#4727,.F.);
#6689=ORIENTED_EDGE('',*,*,#4732,.F.);
#6690=ORIENTED_EDGE('',*,*,#4742,.F.);
#6691=ORIENTED_EDGE('',*,*,#4743,.T.);
#6692=ORIENTED_EDGE('',*,*,#4744,.F.);
#6693=ORIENTED_EDGE('',*,*,#4745,.T.);
#6694=ORIENTED_EDGE('',*,*,#4746,.T.);
#6695=ORIENTED_EDGE('',*,*,#4747,.F.);
#6696=ORIENTED_EDGE('',*,*,#4748,.T.);
#6697=ORIENTED_EDGE('',*,*,#4749,.T.);
#6698=ORIENTED_EDGE('',*,*,#4750,.T.);
#6699=ORIENTED_EDGE('',*,*,#4747,.T.);
#6700=ORIENTED_EDGE('',*,*,#4751,.T.);
#6701=ORIENTED_EDGE('',*,*,#4752,.T.);
#6702=ORIENTED_EDGE('',*,*,#4753,.T.);
#6703=ORIENTED_EDGE('',*,*,#4748,.F.);
#6704=ORIENTED_EDGE('',*,*,#4754,.T.);
#6705=ORIENTED_EDGE('',*,*,#4744,.T.);
#6706=ORIENTED_EDGE('',*,*,#4755,.T.);
#6707=ORIENTED_EDGE('',*,*,#4746,.F.);
#6708=ORIENTED_EDGE('',*,*,#4756,.T.);
#6709=ORIENTED_EDGE('',*,*,#4757,.T.);
#6710=ORIENTED_EDGE('',*,*,#4758,.T.);
#6711=ORIENTED_EDGE('',*,*,#4745,.F.);
#6712=ORIENTED_EDGE('',*,*,#4759,.T.);
#6713=ORIENTED_EDGE('',*,*,#4760,.T.);
#6714=ORIENTED_EDGE('',*,*,#4761,.T.);
#6715=ORIENTED_EDGE('',*,*,#4743,.F.);
#6716=ORIENTED_EDGE('',*,*,#4762,.T.);
#6717=ORIENTED_EDGE('',*,*,#4759,.F.);
#6718=ORIENTED_EDGE('',*,*,#4756,.F.);
#6719=ORIENTED_EDGE('',*,*,#4753,.F.);
#6720=ORIENTED_EDGE('',*,*,#4763,.F.);
#6721=ORIENTED_EDGE('',*,*,#4754,.F.);
#6722=ORIENTED_EDGE('',*,*,#4750,.F.);
#6723=ORIENTED_EDGE('',*,*,#4764,.F.);
#6724=ORIENTED_EDGE('',*,*,#4765,.F.);
#6725=ORIENTED_EDGE('',*,*,#4669,.F.);
#6726=ORIENTED_EDGE('',*,*,#4766,.F.);
#6727=ORIENTED_EDGE('',*,*,#4659,.F.);
#6728=ORIENTED_EDGE('',*,*,#4663,.F.);
#6729=ORIENTED_EDGE('',*,*,#4666,.F.);
#6730=ORIENTED_EDGE('',*,*,#4767,.F.);
#6731=ORIENTED_EDGE('',*,*,#4768,.F.);
#6732=ORIENTED_EDGE('',*,*,#4670,.F.);
#6733=ORIENTED_EDGE('',*,*,#4715,.F.);
#6734=ORIENTED_EDGE('',*,*,#4769,.F.);
#6735=ORIENTED_EDGE('',*,*,#4705,.F.);
#6736=ORIENTED_EDGE('',*,*,#4709,.F.);
#6737=ORIENTED_EDGE('',*,*,#4712,.F.);
#6738=ORIENTED_EDGE('',*,*,#4770,.F.);
#6739=ORIENTED_EDGE('',*,*,#4771,.F.);
#6740=ORIENTED_EDGE('',*,*,#4716,.F.);
#6741=ORIENTED_EDGE('',*,*,#4761,.F.);
#6742=ORIENTED_EDGE('',*,*,#4772,.F.);
#6743=ORIENTED_EDGE('',*,*,#4751,.F.);
#6744=ORIENTED_EDGE('',*,*,#4755,.F.);
#6745=ORIENTED_EDGE('',*,*,#4758,.F.);
#6746=ORIENTED_EDGE('',*,*,#4773,.F.);
#6747=ORIENTED_EDGE('',*,*,#4774,.F.);
#6748=ORIENTED_EDGE('',*,*,#4762,.F.);
#6749=ORIENTED_EDGE('',*,*,#4738,.F.);
#6750=ORIENTED_EDGE('',*,*,#4775,.F.);
#6751=ORIENTED_EDGE('',*,*,#4730,.F.);
#6752=ORIENTED_EDGE('',*,*,#4726,.F.);
#6753=ORIENTED_EDGE('',*,*,#4729,.F.);
#6754=ORIENTED_EDGE('',*,*,#4776,.F.);
#6755=ORIENTED_EDGE('',*,*,#4777,.F.);
#6756=ORIENTED_EDGE('',*,*,#4733,.F.);
#6757=ORIENTED_EDGE('',*,*,#4692,.F.);
#6758=ORIENTED_EDGE('',*,*,#4778,.F.);
#6759=ORIENTED_EDGE('',*,*,#4684,.F.);
#6760=ORIENTED_EDGE('',*,*,#4680,.F.);
#6761=ORIENTED_EDGE('',*,*,#4683,.F.);
#6762=ORIENTED_EDGE('',*,*,#4779,.F.);
#6763=ORIENTED_EDGE('',*,*,#4780,.F.);
#6764=ORIENTED_EDGE('',*,*,#4687,.F.);
#6765=ORIENTED_EDGE('',*,*,#4646,.F.);
#6766=ORIENTED_EDGE('',*,*,#4781,.F.);
#6767=ORIENTED_EDGE('',*,*,#4638,.F.);
#6768=ORIENTED_EDGE('',*,*,#4634,.F.);
#6769=ORIENTED_EDGE('',*,*,#4637,.F.);
#6770=ORIENTED_EDGE('',*,*,#4782,.F.);
#6771=ORIENTED_EDGE('',*,*,#4783,.F.);
#6772=ORIENTED_EDGE('',*,*,#4641,.F.);
#6773=ORIENTED_EDGE('',*,*,#4672,.T.);
#6774=ORIENTED_EDGE('',*,*,#4657,.F.);
#6775=ORIENTED_EDGE('',*,*,#4766,.T.);
#6776=ORIENTED_EDGE('',*,*,#4668,.F.);
#6777=ORIENTED_EDGE('',*,*,#4768,.T.);
#6778=ORIENTED_EDGE('',*,*,#4784,.T.);
#6779=ORIENTED_EDGE('',*,*,#4785,.T.);
#6780=ORIENTED_EDGE('',*,*,#4623,.T.);
#6781=ORIENTED_EDGE('',*,*,#4786,.F.);
#6782=ORIENTED_EDGE('',*,*,#4787,.T.);
#6783=ORIENTED_EDGE('',*,*,#4718,.T.);
#6784=ORIENTED_EDGE('',*,*,#4703,.F.);
#6785=ORIENTED_EDGE('',*,*,#4769,.T.);
#6786=ORIENTED_EDGE('',*,*,#4714,.F.);
#6787=ORIENTED_EDGE('',*,*,#4771,.T.);
#6788=ORIENTED_EDGE('',*,*,#4788,.T.);
#6789=ORIENTED_EDGE('',*,*,#4789,.T.);
#6790=ORIENTED_EDGE('',*,*,#4615,.T.);
#6791=ORIENTED_EDGE('',*,*,#4790,.F.);
#6792=ORIENTED_EDGE('',*,*,#4791,.T.);
#6793=ORIENTED_EDGE('',*,*,#4764,.T.);
#6794=ORIENTED_EDGE('',*,*,#4749,.F.);
#6795=ORIENTED_EDGE('',*,*,#4772,.T.);
#6796=ORIENTED_EDGE('',*,*,#4760,.F.);
#6797=ORIENTED_EDGE('',*,*,#4774,.T.);
#6798=ORIENTED_EDGE('',*,*,#4792,.T.);
#6799=ORIENTED_EDGE('',*,*,#4793,.T.);
#6800=ORIENTED_EDGE('',*,*,#4607,.T.);
#6801=ORIENTED_EDGE('',*,*,#4794,.F.);
#6802=ORIENTED_EDGE('',*,*,#4795,.T.);
#6803=ORIENTED_EDGE('',*,*,#4776,.T.);
#6804=ORIENTED_EDGE('',*,*,#4728,.F.);
#6805=ORIENTED_EDGE('',*,*,#4775,.T.);
#6806=ORIENTED_EDGE('',*,*,#4737,.F.);
#6807=ORIENTED_EDGE('',*,*,#4741,.T.);
#6808=ORIENTED_EDGE('',*,*,#4796,.T.);
#6809=ORIENTED_EDGE('',*,*,#4797,.T.);
#6810=ORIENTED_EDGE('',*,*,#4611,.T.);
#6811=ORIENTED_EDGE('',*,*,#4798,.F.);
#6812=ORIENTED_EDGE('',*,*,#4799,.T.);
#6813=ORIENTED_EDGE('',*,*,#4779,.T.);
#6814=ORIENTED_EDGE('',*,*,#4682,.F.);
#6815=ORIENTED_EDGE('',*,*,#4778,.T.);
#6816=ORIENTED_EDGE('',*,*,#4691,.F.);
#6817=ORIENTED_EDGE('',*,*,#4695,.T.);
#6818=ORIENTED_EDGE('',*,*,#4800,.T.);
#6819=ORIENTED_EDGE('',*,*,#4801,.T.);
#6820=ORIENTED_EDGE('',*,*,#4619,.T.);
#6821=ORIENTED_EDGE('',*,*,#4802,.F.);
#6822=ORIENTED_EDGE('',*,*,#4803,.T.);
#6823=ORIENTED_EDGE('',*,*,#4782,.T.);
#6824=ORIENTED_EDGE('',*,*,#4636,.F.);
#6825=ORIENTED_EDGE('',*,*,#4781,.T.);
#6826=ORIENTED_EDGE('',*,*,#4645,.F.);
#6827=ORIENTED_EDGE('',*,*,#4649,.T.);
#6828=ORIENTED_EDGE('',*,*,#4804,.T.);
#6829=ORIENTED_EDGE('',*,*,#4604,.T.);
#6830=ORIENTED_EDGE('',*,*,#4627,.T.);
#6831=ORIENTED_EDGE('',*,*,#4805,.F.);
#6832=ORIENTED_EDGE('',*,*,#4806,.T.);
#6833=ORIENTED_EDGE('',*,*,#4614,.T.);
#6834=ORIENTED_EDGE('',*,*,#4807,.F.);
#6835=ORIENTED_EDGE('',*,*,#4808,.T.);
#6836=ORIENTED_EDGE('',*,*,#4790,.T.);
#6837=ORIENTED_EDGE('',*,*,#4613,.T.);
#6838=ORIENTED_EDGE('',*,*,#4809,.F.);
#6839=ORIENTED_EDGE('',*,*,#4810,.T.);
#6840=ORIENTED_EDGE('',*,*,#4807,.T.);
#6841=ORIENTED_EDGE('',*,*,#4612,.T.);
#6842=ORIENTED_EDGE('',*,*,#4797,.F.);
#6843=ORIENTED_EDGE('',*,*,#4811,.T.);
#6844=ORIENTED_EDGE('',*,*,#4809,.T.);
#6845=ORIENTED_EDGE('',*,*,#4610,.T.);
#6846=ORIENTED_EDGE('',*,*,#4812,.F.);
#6847=ORIENTED_EDGE('',*,*,#4813,.T.);
#6848=ORIENTED_EDGE('',*,*,#4798,.T.);
#6849=ORIENTED_EDGE('',*,*,#4609,.T.);
#6850=ORIENTED_EDGE('',*,*,#4814,.F.);
#6851=ORIENTED_EDGE('',*,*,#4815,.T.);
#6852=ORIENTED_EDGE('',*,*,#4812,.T.);
#6853=ORIENTED_EDGE('',*,*,#4608,.T.);
#6854=ORIENTED_EDGE('',*,*,#4793,.F.);
#6855=ORIENTED_EDGE('',*,*,#4816,.T.);
#6856=ORIENTED_EDGE('',*,*,#4814,.T.);
#6857=ORIENTED_EDGE('',*,*,#4606,.F.);
#6858=ORIENTED_EDGE('',*,*,#4599,.F.);
#6859=ORIENTED_EDGE('',*,*,#4817,.F.);
#6860=ORIENTED_EDGE('',*,*,#4794,.T.);
#6861=ORIENTED_EDGE('',*,*,#4626,.T.);
#6862=ORIENTED_EDGE('',*,*,#4818,.F.);
#6863=ORIENTED_EDGE('',*,*,#4819,.T.);
#6864=ORIENTED_EDGE('',*,*,#4805,.T.);
#6865=ORIENTED_EDGE('',*,*,#4625,.T.);
#6866=ORIENTED_EDGE('',*,*,#4820,.F.);
#6867=ORIENTED_EDGE('',*,*,#4821,.T.);
#6868=ORIENTED_EDGE('',*,*,#4818,.T.);
#6869=ORIENTED_EDGE('',*,*,#4624,.T.);
#6870=ORIENTED_EDGE('',*,*,#4785,.F.);
#6871=ORIENTED_EDGE('',*,*,#4822,.T.);
#6872=ORIENTED_EDGE('',*,*,#4820,.T.);
#6873=ORIENTED_EDGE('',*,*,#4622,.T.);
#6874=ORIENTED_EDGE('',*,*,#4823,.F.);
#6875=ORIENTED_EDGE('',*,*,#4824,.T.);
#6876=ORIENTED_EDGE('',*,*,#4786,.T.);
#6877=ORIENTED_EDGE('',*,*,#4621,.T.);
#6878=ORIENTED_EDGE('',*,*,#4825,.F.);
#6879=ORIENTED_EDGE('',*,*,#4826,.T.);
#6880=ORIENTED_EDGE('',*,*,#4823,.T.);
#6881=ORIENTED_EDGE('',*,*,#4620,.T.);
#6882=ORIENTED_EDGE('',*,*,#4801,.F.);
#6883=ORIENTED_EDGE('',*,*,#4827,.T.);
#6884=ORIENTED_EDGE('',*,*,#4825,.T.);
#6885=ORIENTED_EDGE('',*,*,#4618,.T.);
#6886=ORIENTED_EDGE('',*,*,#4828,.F.);
#6887=ORIENTED_EDGE('',*,*,#4829,.T.);
#6888=ORIENTED_EDGE('',*,*,#4802,.T.);
#6889=ORIENTED_EDGE('',*,*,#4617,.T.);
#6890=ORIENTED_EDGE('',*,*,#4830,.F.);
#6891=ORIENTED_EDGE('',*,*,#4831,.T.);
#6892=ORIENTED_EDGE('',*,*,#4828,.T.);
#6893=ORIENTED_EDGE('',*,*,#4616,.T.);
#6894=ORIENTED_EDGE('',*,*,#4789,.F.);
#6895=ORIENTED_EDGE('',*,*,#4832,.T.);
#6896=ORIENTED_EDGE('',*,*,#4830,.T.);
#6897=ORIENTED_EDGE('',*,*,#4817,.T.);
#6898=ORIENTED_EDGE('',*,*,#4602,.T.);
#6899=ORIENTED_EDGE('',*,*,#4605,.F.);
#6900=ORIENTED_EDGE('',*,*,#4804,.F.);
#6901=ORIENTED_EDGE('',*,*,#4648,.T.);
#6902=ORIENTED_EDGE('',*,*,#4642,.F.);
#6903=ORIENTED_EDGE('',*,*,#4650,.T.);
#6904=ORIENTED_EDGE('',*,*,#4639,.F.);
#6905=ORIENTED_EDGE('',*,*,#4783,.T.);
#6906=ORIENTED_EDGE('',*,*,#4806,.F.);
#6907=ORIENTED_EDGE('',*,*,#4819,.F.);
#6908=ORIENTED_EDGE('',*,*,#4821,.F.);
#6909=ORIENTED_EDGE('',*,*,#4822,.F.);
#6910=ORIENTED_EDGE('',*,*,#4784,.F.);
#6911=ORIENTED_EDGE('',*,*,#4767,.T.);
#6912=ORIENTED_EDGE('',*,*,#4665,.F.);
#6913=ORIENTED_EDGE('',*,*,#4671,.T.);
#6914=ORIENTED_EDGE('',*,*,#4660,.F.);
#6915=ORIENTED_EDGE('',*,*,#4673,.T.);
#6916=ORIENTED_EDGE('',*,*,#4787,.F.);
#6917=ORIENTED_EDGE('',*,*,#4824,.F.);
#6918=ORIENTED_EDGE('',*,*,#4826,.F.);
#6919=ORIENTED_EDGE('',*,*,#4827,.F.);
#6920=ORIENTED_EDGE('',*,*,#4800,.F.);
#6921=ORIENTED_EDGE('',*,*,#4694,.T.);
#6922=ORIENTED_EDGE('',*,*,#4688,.F.);
#6923=ORIENTED_EDGE('',*,*,#4696,.T.);
#6924=ORIENTED_EDGE('',*,*,#4685,.F.);
#6925=ORIENTED_EDGE('',*,*,#4780,.T.);
#6926=ORIENTED_EDGE('',*,*,#4803,.F.);
#6927=ORIENTED_EDGE('',*,*,#4829,.F.);
#6928=ORIENTED_EDGE('',*,*,#4831,.F.);
#6929=ORIENTED_EDGE('',*,*,#4832,.F.);
#6930=ORIENTED_EDGE('',*,*,#4788,.F.);
#6931=ORIENTED_EDGE('',*,*,#4770,.T.);
#6932=ORIENTED_EDGE('',*,*,#4711,.F.);
#6933=ORIENTED_EDGE('',*,*,#4717,.T.);
#6934=ORIENTED_EDGE('',*,*,#4706,.F.);
#6935=ORIENTED_EDGE('',*,*,#4719,.T.);
#6936=ORIENTED_EDGE('',*,*,#4791,.F.);
#6937=ORIENTED_EDGE('',*,*,#4808,.F.);
#6938=ORIENTED_EDGE('',*,*,#4810,.F.);
#6939=ORIENTED_EDGE('',*,*,#4811,.F.);
#6940=ORIENTED_EDGE('',*,*,#4796,.F.);
#6941=ORIENTED_EDGE('',*,*,#4740,.T.);
#6942=ORIENTED_EDGE('',*,*,#4734,.F.);
#6943=ORIENTED_EDGE('',*,*,#4742,.T.);
#6944=ORIENTED_EDGE('',*,*,#4731,.F.);
#6945=ORIENTED_EDGE('',*,*,#4777,.T.);
#6946=ORIENTED_EDGE('',*,*,#4799,.F.);
#6947=ORIENTED_EDGE('',*,*,#4813,.F.);
#6948=ORIENTED_EDGE('',*,*,#4815,.F.);
#6949=ORIENTED_EDGE('',*,*,#4816,.F.);
#6950=ORIENTED_EDGE('',*,*,#4792,.F.);
#6951=ORIENTED_EDGE('',*,*,#4773,.T.);
#6952=ORIENTED_EDGE('',*,*,#4757,.F.);
#6953=ORIENTED_EDGE('',*,*,#4763,.T.);
#6954=ORIENTED_EDGE('',*,*,#4752,.F.);
#6955=ORIENTED_EDGE('',*,*,#4765,.T.);
#6956=ORIENTED_EDGE('',*,*,#4795,.F.);
#6957=ORIENTED_EDGE('',*,*,#4833,.T.);
#6958=ORIENTED_EDGE('',*,*,#4834,.T.);
#6959=ORIENTED_EDGE('',*,*,#4835,.T.);
#6960=ORIENTED_EDGE('',*,*,#4836,.T.);
#6961=ORIENTED_EDGE('',*,*,#4837,.T.);
#6962=ORIENTED_EDGE('',*,*,#4838,.F.);
#6963=ORIENTED_EDGE('',*,*,#4839,.T.);
#6964=ORIENTED_EDGE('',*,*,#4840,.F.);
#6965=ORIENTED_EDGE('',*,*,#4841,.T.);
#6966=ORIENTED_EDGE('',*,*,#4842,.F.);
#6967=ORIENTED_EDGE('',*,*,#4843,.T.);
#6968=ORIENTED_EDGE('',*,*,#4844,.F.);
#6969=ORIENTED_EDGE('',*,*,#4845,.T.);
#6970=ORIENTED_EDGE('',*,*,#4846,.T.);
#6971=ORIENTED_EDGE('',*,*,#4838,.T.);
#6972=ORIENTED_EDGE('',*,*,#4847,.T.);
#6973=ORIENTED_EDGE('',*,*,#4835,.F.);
#6974=ORIENTED_EDGE('',*,*,#4848,.T.);
#6975=ORIENTED_EDGE('',*,*,#4849,.F.);
#6976=ORIENTED_EDGE('',*,*,#4841,.F.);
#6977=ORIENTED_EDGE('',*,*,#4850,.F.);
#6978=ORIENTED_EDGE('',*,*,#4851,.F.);
#6979=ORIENTED_EDGE('',*,*,#4852,.F.);
#6980=ORIENTED_EDGE('',*,*,#4843,.F.);
#6981=ORIENTED_EDGE('',*,*,#4853,.F.);
#6982=ORIENTED_EDGE('',*,*,#4854,.F.);
#6983=ORIENTED_EDGE('',*,*,#4855,.F.);
#6984=ORIENTED_EDGE('',*,*,#4856,.F.);
#6985=ORIENTED_EDGE('',*,*,#4857,.F.);
#6986=ORIENTED_EDGE('',*,*,#4858,.F.);
#6987=ORIENTED_EDGE('',*,*,#4859,.F.);
#6988=ORIENTED_EDGE('',*,*,#4860,.F.);
#6989=ORIENTED_EDGE('',*,*,#4861,.F.);
#6990=ORIENTED_EDGE('',*,*,#4845,.F.);
#6991=ORIENTED_EDGE('',*,*,#4844,.T.);
#6992=ORIENTED_EDGE('',*,*,#4852,.T.);
#6993=ORIENTED_EDGE('',*,*,#4862,.F.);
#6994=ORIENTED_EDGE('',*,*,#4859,.T.);
#6995=ORIENTED_EDGE('',*,*,#4863,.T.);
#6996=ORIENTED_EDGE('',*,*,#4860,.T.);
#6997=ORIENTED_EDGE('',*,*,#4864,.F.);
#6998=ORIENTED_EDGE('',*,*,#4855,.T.);
#6999=ORIENTED_EDGE('',*,*,#4865,.T.);
#7000=ORIENTED_EDGE('',*,*,#4857,.T.);
#7001=ORIENTED_EDGE('',*,*,#4866,.F.);
#7002=ORIENTED_EDGE('',*,*,#4851,.T.);
#7003=ORIENTED_EDGE('',*,*,#4842,.T.);
#7004=ORIENTED_EDGE('',*,*,#4849,.T.);
#7005=ORIENTED_EDGE('',*,*,#4867,.F.);
#7006=ORIENTED_EDGE('',*,*,#4853,.T.);
#7007=ORIENTED_EDGE('',*,*,#4868,.T.);
#7008=ORIENTED_EDGE('',*,*,#4854,.T.);
#7009=ORIENTED_EDGE('',*,*,#4869,.T.);
#7010=ORIENTED_EDGE('',*,*,#4856,.T.);
#7011=ORIENTED_EDGE('',*,*,#4866,.T.);
#7012=ORIENTED_EDGE('',*,*,#4869,.F.);
#7013=ORIENTED_EDGE('',*,*,#4867,.T.);
#7014=ORIENTED_EDGE('',*,*,#4862,.T.);
#7015=ORIENTED_EDGE('',*,*,#4868,.F.);
#7016=ORIENTED_EDGE('',*,*,#4864,.T.);
#7017=ORIENTED_EDGE('',*,*,#4837,.F.);
#7018=ORIENTED_EDGE('',*,*,#4870,.T.);
#7019=ORIENTED_EDGE('',*,*,#4836,.F.);
#7020=ORIENTED_EDGE('',*,*,#4847,.F.);
#7021=ORIENTED_EDGE('',*,*,#4840,.T.);
#7022=ORIENTED_EDGE('',*,*,#4871,.F.);
#7023=ORIENTED_EDGE('',*,*,#4833,.F.);
#7024=ORIENTED_EDGE('',*,*,#4870,.F.);
#7025=ORIENTED_EDGE('',*,*,#4839,.F.);
#7026=ORIENTED_EDGE('',*,*,#4846,.F.);
#7027=ORIENTED_EDGE('',*,*,#4861,.T.);
#7028=ORIENTED_EDGE('',*,*,#4863,.F.);
#7029=ORIENTED_EDGE('',*,*,#4858,.T.);
#7030=ORIENTED_EDGE('',*,*,#4865,.F.);
#7031=ORIENTED_EDGE('',*,*,#4850,.T.);
#7032=ORIENTED_EDGE('',*,*,#4848,.F.);
#7033=ORIENTED_EDGE('',*,*,#4834,.F.);
#7034=ORIENTED_EDGE('',*,*,#4871,.T.);
#7035=ORIENTED_EDGE('',*,*,#4872,.T.);
#7036=ORIENTED_EDGE('',*,*,#4873,.F.);
#7037=ORIENTED_EDGE('',*,*,#4874,.F.);
#7038=ORIENTED_EDGE('',*,*,#4875,.F.);
#7039=ORIENTED_EDGE('',*,*,#4876,.T.);
#7040=ORIENTED_EDGE('',*,*,#4875,.T.);
#7041=ORIENTED_EDGE('',*,*,#4877,.F.);
#7042=ORIENTED_EDGE('',*,*,#4878,.T.);
#7043=ORIENTED_EDGE('',*,*,#4879,.T.);
#7044=ORIENTED_EDGE('',*,*,#4880,.F.);
#7045=ORIENTED_EDGE('',*,*,#4881,.T.);
#7046=ORIENTED_EDGE('',*,*,#4882,.F.);
#7047=ORIENTED_EDGE('',*,*,#4883,.T.);
#7048=ORIENTED_EDGE('',*,*,#4884,.T.);
#7049=ORIENTED_EDGE('',*,*,#4877,.T.);
#7050=ORIENTED_EDGE('',*,*,#4874,.T.);
#7051=ORIENTED_EDGE('',*,*,#4885,.F.);
#7052=ORIENTED_EDGE('',*,*,#4886,.T.);
#7053=ORIENTED_EDGE('',*,*,#4887,.F.);
#7054=ORIENTED_EDGE('',*,*,#4879,.F.);
#7055=ORIENTED_EDGE('',*,*,#4888,.F.);
#7056=ORIENTED_EDGE('',*,*,#4889,.F.);
#7057=ORIENTED_EDGE('',*,*,#4890,.F.);
#7058=ORIENTED_EDGE('',*,*,#4881,.F.);
#7059=ORIENTED_EDGE('',*,*,#4891,.F.);
#7060=ORIENTED_EDGE('',*,*,#4892,.F.);
#7061=ORIENTED_EDGE('',*,*,#4893,.F.);
#7062=ORIENTED_EDGE('',*,*,#4894,.F.);
#7063=ORIENTED_EDGE('',*,*,#4895,.F.);
#7064=ORIENTED_EDGE('',*,*,#4896,.F.);
#7065=ORIENTED_EDGE('',*,*,#4897,.F.);
#7066=ORIENTED_EDGE('',*,*,#4898,.F.);
#7067=ORIENTED_EDGE('',*,*,#4899,.F.);
#7068=ORIENTED_EDGE('',*,*,#4883,.F.);
#7069=ORIENTED_EDGE('',*,*,#4900,.T.);
#7070=ORIENTED_EDGE('',*,*,#4895,.T.);
#7071=ORIENTED_EDGE('',*,*,#4901,.F.);
#7072=ORIENTED_EDGE('',*,*,#4889,.T.);
#7073=ORIENTED_EDGE('',*,*,#4880,.T.);
#7074=ORIENTED_EDGE('',*,*,#4887,.T.);
#7075=ORIENTED_EDGE('',*,*,#4902,.F.);
#7076=ORIENTED_EDGE('',*,*,#4891,.T.);
#7077=ORIENTED_EDGE('',*,*,#4903,.T.);
#7078=ORIENTED_EDGE('',*,*,#4898,.T.);
#7079=ORIENTED_EDGE('',*,*,#4904,.F.);
#7080=ORIENTED_EDGE('',*,*,#4893,.T.);
#7081=ORIENTED_EDGE('',*,*,#4905,.F.);
#7082=ORIENTED_EDGE('',*,*,#4892,.T.);
#7083=ORIENTED_EDGE('',*,*,#4906,.T.);
#7084=ORIENTED_EDGE('',*,*,#4894,.T.);
#7085=ORIENTED_EDGE('',*,*,#4882,.T.);
#7086=ORIENTED_EDGE('',*,*,#4890,.T.);
#7087=ORIENTED_EDGE('',*,*,#4907,.T.);
#7088=ORIENTED_EDGE('',*,*,#4897,.T.);
#7089=ORIENTED_EDGE('',*,*,#4904,.T.);
#7090=ORIENTED_EDGE('',*,*,#4907,.F.);
#7091=ORIENTED_EDGE('',*,*,#4905,.T.);
#7092=ORIENTED_EDGE('',*,*,#4901,.T.);
#7093=ORIENTED_EDGE('',*,*,#4906,.F.);
#7094=ORIENTED_EDGE('',*,*,#4902,.T.);
#7095=ORIENTED_EDGE('',*,*,#4908,.T.);
#7096=ORIENTED_EDGE('',*,*,#4878,.F.);
#7097=ORIENTED_EDGE('',*,*,#4884,.F.);
#7098=ORIENTED_EDGE('',*,*,#4899,.T.);
#7099=ORIENTED_EDGE('',*,*,#4903,.F.);
#7100=ORIENTED_EDGE('',*,*,#4896,.T.);
#7101=ORIENTED_EDGE('',*,*,#4900,.F.);
#7102=ORIENTED_EDGE('',*,*,#4888,.T.);
#7103=ORIENTED_EDGE('',*,*,#4886,.F.);
#7104=ORIENTED_EDGE('',*,*,#4909,.F.);
#7105=ORIENTED_EDGE('',*,*,#4910,.T.);
#7106=ORIENTED_EDGE('',*,*,#4909,.T.);
#7107=ORIENTED_EDGE('',*,*,#4885,.T.);
#7108=ORIENTED_EDGE('',*,*,#4873,.T.);
#7109=ORIENTED_EDGE('',*,*,#4872,.F.);
#7110=ORIENTED_EDGE('',*,*,#4876,.F.);
#7111=ORIENTED_EDGE('',*,*,#4908,.F.);
#7112=ORIENTED_EDGE('',*,*,#4910,.F.);
#7113=ORIENTED_EDGE('',*,*,#4911,.F.);
#7114=ORIENTED_EDGE('',*,*,#4912,.F.);
#7115=ORIENTED_EDGE('',*,*,#4913,.F.);
#7116=ORIENTED_EDGE('',*,*,#4914,.T.);
#7117=ORIENTED_EDGE('',*,*,#4915,.F.);
#7118=ORIENTED_EDGE('',*,*,#4914,.F.);
#7119=ORIENTED_EDGE('',*,*,#4916,.F.);
#7120=ORIENTED_EDGE('',*,*,#4917,.T.);
#7121=ORIENTED_EDGE('',*,*,#4918,.F.);
#7122=ORIENTED_EDGE('',*,*,#4917,.F.);
#7123=ORIENTED_EDGE('',*,*,#4919,.F.);
#7124=ORIENTED_EDGE('',*,*,#4920,.T.);
#7125=ORIENTED_EDGE('',*,*,#4921,.F.);
#7126=ORIENTED_EDGE('',*,*,#4920,.F.);
#7127=ORIENTED_EDGE('',*,*,#4922,.F.);
#7128=ORIENTED_EDGE('',*,*,#4923,.T.);
#7129=ORIENTED_EDGE('',*,*,#4924,.F.);
#7130=ORIENTED_EDGE('',*,*,#4923,.F.);
#7131=ORIENTED_EDGE('',*,*,#4925,.F.);
#7132=ORIENTED_EDGE('',*,*,#4926,.T.);
#7133=ORIENTED_EDGE('',*,*,#4927,.F.);
#7134=ORIENTED_EDGE('',*,*,#4926,.F.);
#7135=ORIENTED_EDGE('',*,*,#4928,.F.);
#7136=ORIENTED_EDGE('',*,*,#4929,.T.);
#7137=ORIENTED_EDGE('',*,*,#4930,.F.);
#7138=ORIENTED_EDGE('',*,*,#4929,.F.);
#7139=ORIENTED_EDGE('',*,*,#4931,.F.);
#7140=ORIENTED_EDGE('',*,*,#4932,.T.);
#7141=ORIENTED_EDGE('',*,*,#4933,.F.);
#7142=ORIENTED_EDGE('',*,*,#4932,.F.);
#7143=ORIENTED_EDGE('',*,*,#4934,.F.);
#7144=ORIENTED_EDGE('',*,*,#4935,.T.);
#7145=ORIENTED_EDGE('',*,*,#4936,.F.);
#7146=ORIENTED_EDGE('',*,*,#4935,.F.);
#7147=ORIENTED_EDGE('',*,*,#4937,.F.);
#7148=ORIENTED_EDGE('',*,*,#4938,.T.);
#7149=ORIENTED_EDGE('',*,*,#4939,.F.);
#7150=ORIENTED_EDGE('',*,*,#4938,.F.);
#7151=ORIENTED_EDGE('',*,*,#4940,.F.);
#7152=ORIENTED_EDGE('',*,*,#4941,.T.);
#7153=ORIENTED_EDGE('',*,*,#4942,.F.);
#7154=ORIENTED_EDGE('',*,*,#4941,.F.);
#7155=ORIENTED_EDGE('',*,*,#4943,.F.);
#7156=ORIENTED_EDGE('',*,*,#4944,.T.);
#7157=ORIENTED_EDGE('',*,*,#4911,.T.);
#7158=ORIENTED_EDGE('',*,*,#4915,.T.);
#7159=ORIENTED_EDGE('',*,*,#4918,.T.);
#7160=ORIENTED_EDGE('',*,*,#4921,.T.);
#7161=ORIENTED_EDGE('',*,*,#4924,.T.);
#7162=ORIENTED_EDGE('',*,*,#4927,.T.);
#7163=ORIENTED_EDGE('',*,*,#4930,.T.);
#7164=ORIENTED_EDGE('',*,*,#4933,.T.);
#7165=ORIENTED_EDGE('',*,*,#4936,.T.);
#7166=ORIENTED_EDGE('',*,*,#4939,.T.);
#7167=ORIENTED_EDGE('',*,*,#4942,.T.);
#7168=ORIENTED_EDGE('',*,*,#4945,.T.);
#7169=ORIENTED_EDGE('',*,*,#4946,.F.);
#7170=ORIENTED_EDGE('',*,*,#4947,.F.);
#7171=ORIENTED_EDGE('',*,*,#4948,.F.);
#7172=ORIENTED_EDGE('',*,*,#4949,.F.);
#7173=ORIENTED_EDGE('',*,*,#4950,.F.);
#7174=ORIENTED_EDGE('',*,*,#4951,.F.);
#7175=ORIENTED_EDGE('',*,*,#4952,.F.);
#7176=ORIENTED_EDGE('',*,*,#4953,.F.);
#7177=ORIENTED_EDGE('',*,*,#4954,.F.);
#7178=ORIENTED_EDGE('',*,*,#4955,.F.);
#7179=ORIENTED_EDGE('',*,*,#4956,.F.);
#7180=ORIENTED_EDGE('',*,*,#4957,.F.);
#7181=ORIENTED_EDGE('',*,*,#4958,.F.);
#7182=ORIENTED_EDGE('',*,*,#4959,.F.);
#7183=ORIENTED_EDGE('',*,*,#4960,.F.);
#7184=ORIENTED_EDGE('',*,*,#4961,.F.);
#7185=ORIENTED_EDGE('',*,*,#4962,.F.);
#7186=ORIENTED_EDGE('',*,*,#4963,.F.);
#7187=ORIENTED_EDGE('',*,*,#4964,.F.);
#7188=ORIENTED_EDGE('',*,*,#4965,.T.);
#7189=ORIENTED_EDGE('',*,*,#4947,.T.);
#7190=ORIENTED_EDGE('',*,*,#4966,.T.);
#7191=ORIENTED_EDGE('',*,*,#4967,.T.);
#7192=ORIENTED_EDGE('',*,*,#4968,.F.);
#7193=ORIENTED_EDGE('',*,*,#4946,.T.);
#7194=ORIENTED_EDGE('',*,*,#4969,.T.);
#7195=ORIENTED_EDGE('',*,*,#4970,.T.);
#7196=ORIENTED_EDGE('',*,*,#4966,.F.);
#7197=ORIENTED_EDGE('',*,*,#4971,.T.);
#7198=ORIENTED_EDGE('',*,*,#4943,.T.);
#7199=ORIENTED_EDGE('',*,*,#4940,.T.);
#7200=ORIENTED_EDGE('',*,*,#4937,.T.);
#7201=ORIENTED_EDGE('',*,*,#4934,.T.);
#7202=ORIENTED_EDGE('',*,*,#4931,.T.);
#7203=ORIENTED_EDGE('',*,*,#4928,.T.);
#7204=ORIENTED_EDGE('',*,*,#4925,.T.);
#7205=ORIENTED_EDGE('',*,*,#4922,.T.);
#7206=ORIENTED_EDGE('',*,*,#4919,.T.);
#7207=ORIENTED_EDGE('',*,*,#4916,.T.);
#7208=ORIENTED_EDGE('',*,*,#4913,.T.);
#7209=ORIENTED_EDGE('',*,*,#4972,.T.);
#7210=ORIENTED_EDGE('',*,*,#4973,.T.);
#7211=ORIENTED_EDGE('',*,*,#4974,.T.);
#7212=ORIENTED_EDGE('',*,*,#4975,.T.);
#7213=ORIENTED_EDGE('',*,*,#4976,.T.);
#7214=ORIENTED_EDGE('',*,*,#4977,.T.);
#7215=ORIENTED_EDGE('',*,*,#4978,.T.);
#7216=ORIENTED_EDGE('',*,*,#4979,.T.);
#7217=ORIENTED_EDGE('',*,*,#4980,.T.);
#7218=ORIENTED_EDGE('',*,*,#4981,.T.);
#7219=ORIENTED_EDGE('',*,*,#4982,.T.);
#7220=ORIENTED_EDGE('',*,*,#4983,.T.);
#7221=ORIENTED_EDGE('',*,*,#4984,.T.);
#7222=ORIENTED_EDGE('',*,*,#4985,.F.);
#7223=ORIENTED_EDGE('',*,*,#4981,.F.);
#7224=ORIENTED_EDGE('',*,*,#4986,.T.);
#7225=ORIENTED_EDGE('',*,*,#4987,.T.);
#7226=ORIENTED_EDGE('',*,*,#4988,.F.);
#7227=ORIENTED_EDGE('',*,*,#4982,.F.);
#7228=ORIENTED_EDGE('',*,*,#4985,.T.);
#7229=ORIENTED_EDGE('',*,*,#4989,.T.);
#7230=ORIENTED_EDGE('',*,*,#4990,.F.);
#7231=ORIENTED_EDGE('',*,*,#4983,.F.);
#7232=ORIENTED_EDGE('',*,*,#4988,.T.);
#7233=ORIENTED_EDGE('',*,*,#4991,.T.);
#7234=ORIENTED_EDGE('',*,*,#4969,.F.);
#7235=ORIENTED_EDGE('',*,*,#4945,.F.);
#7236=ORIENTED_EDGE('',*,*,#4944,.F.);
#7237=ORIENTED_EDGE('',*,*,#4971,.F.);
#7238=ORIENTED_EDGE('',*,*,#4990,.T.);
#7239=ORIENTED_EDGE('',*,*,#4948,.T.);
#7240=ORIENTED_EDGE('',*,*,#4968,.T.);
#7241=ORIENTED_EDGE('',*,*,#4992,.T.);
#7242=ORIENTED_EDGE('',*,*,#4993,.F.);
#7243=ORIENTED_EDGE('',*,*,#4949,.T.);
#7244=ORIENTED_EDGE('',*,*,#4993,.T.);
#7245=ORIENTED_EDGE('',*,*,#4994,.T.);
#7246=ORIENTED_EDGE('',*,*,#4995,.F.);
#7247=ORIENTED_EDGE('',*,*,#4950,.T.);
#7248=ORIENTED_EDGE('',*,*,#4995,.T.);
#7249=ORIENTED_EDGE('',*,*,#4996,.T.);
#7250=ORIENTED_EDGE('',*,*,#4997,.F.);
#7251=ORIENTED_EDGE('',*,*,#4951,.T.);
#7252=ORIENTED_EDGE('',*,*,#4997,.T.);
#7253=ORIENTED_EDGE('',*,*,#4998,.T.);
#7254=ORIENTED_EDGE('',*,*,#4999,.F.);
#7255=ORIENTED_EDGE('',*,*,#4952,.T.);
#7256=ORIENTED_EDGE('',*,*,#4999,.T.);
#7257=ORIENTED_EDGE('',*,*,#5000,.T.);
#7258=ORIENTED_EDGE('',*,*,#5001,.F.);
#7259=ORIENTED_EDGE('',*,*,#4953,.T.);
#7260=ORIENTED_EDGE('',*,*,#5001,.T.);
#7261=ORIENTED_EDGE('',*,*,#5002,.T.);
#7262=ORIENTED_EDGE('',*,*,#5003,.F.);
#7263=ORIENTED_EDGE('',*,*,#4954,.T.);
#7264=ORIENTED_EDGE('',*,*,#5003,.T.);
#7265=ORIENTED_EDGE('',*,*,#5004,.T.);
#7266=ORIENTED_EDGE('',*,*,#5005,.F.);
#7267=ORIENTED_EDGE('',*,*,#4955,.T.);
#7268=ORIENTED_EDGE('',*,*,#5005,.T.);
#7269=ORIENTED_EDGE('',*,*,#5006,.T.);
#7270=ORIENTED_EDGE('',*,*,#5007,.F.);
#7271=ORIENTED_EDGE('',*,*,#4956,.T.);
#7272=ORIENTED_EDGE('',*,*,#5007,.T.);
#7273=ORIENTED_EDGE('',*,*,#5008,.T.);
#7274=ORIENTED_EDGE('',*,*,#5009,.F.);
#7275=ORIENTED_EDGE('',*,*,#4957,.T.);
#7276=ORIENTED_EDGE('',*,*,#5009,.T.);
#7277=ORIENTED_EDGE('',*,*,#5010,.T.);
#7278=ORIENTED_EDGE('',*,*,#5011,.F.);
#7279=ORIENTED_EDGE('',*,*,#4958,.T.);
#7280=ORIENTED_EDGE('',*,*,#5011,.T.);
#7281=ORIENTED_EDGE('',*,*,#5012,.T.);
#7282=ORIENTED_EDGE('',*,*,#5013,.F.);
#7283=ORIENTED_EDGE('',*,*,#4959,.T.);
#7284=ORIENTED_EDGE('',*,*,#5013,.T.);
#7285=ORIENTED_EDGE('',*,*,#5014,.T.);
#7286=ORIENTED_EDGE('',*,*,#5015,.F.);
#7287=ORIENTED_EDGE('',*,*,#4960,.T.);
#7288=ORIENTED_EDGE('',*,*,#5015,.T.);
#7289=ORIENTED_EDGE('',*,*,#5016,.T.);
#7290=ORIENTED_EDGE('',*,*,#5017,.F.);
#7291=ORIENTED_EDGE('',*,*,#4961,.T.);
#7292=ORIENTED_EDGE('',*,*,#5017,.T.);
#7293=ORIENTED_EDGE('',*,*,#5018,.T.);
#7294=ORIENTED_EDGE('',*,*,#5019,.F.);
#7295=ORIENTED_EDGE('',*,*,#4962,.T.);
#7296=ORIENTED_EDGE('',*,*,#5019,.T.);
#7297=ORIENTED_EDGE('',*,*,#5020,.T.);
#7298=ORIENTED_EDGE('',*,*,#5021,.F.);
#7299=ORIENTED_EDGE('',*,*,#4963,.T.);
#7300=ORIENTED_EDGE('',*,*,#5021,.T.);
#7301=ORIENTED_EDGE('',*,*,#5022,.T.);
#7302=ORIENTED_EDGE('',*,*,#5023,.F.);
#7303=ORIENTED_EDGE('',*,*,#4964,.T.);
#7304=ORIENTED_EDGE('',*,*,#5023,.T.);
#7305=ORIENTED_EDGE('',*,*,#5024,.T.);
#7306=ORIENTED_EDGE('',*,*,#5025,.F.);
#7307=ORIENTED_EDGE('',*,*,#5026,.T.);
#7308=ORIENTED_EDGE('',*,*,#5027,.F.);
#7309=ORIENTED_EDGE('',*,*,#4972,.F.);
#7310=ORIENTED_EDGE('',*,*,#4912,.T.);
#7311=ORIENTED_EDGE('',*,*,#4965,.F.);
#7312=ORIENTED_EDGE('',*,*,#5025,.T.);
#7313=ORIENTED_EDGE('',*,*,#5028,.T.);
#7314=ORIENTED_EDGE('',*,*,#5029,.F.);
#7315=ORIENTED_EDGE('',*,*,#4973,.F.);
#7316=ORIENTED_EDGE('',*,*,#5027,.T.);
#7317=ORIENTED_EDGE('',*,*,#5030,.T.);
#7318=ORIENTED_EDGE('',*,*,#5031,.F.);
#7319=ORIENTED_EDGE('',*,*,#4974,.F.);
#7320=ORIENTED_EDGE('',*,*,#5029,.T.);
#7321=ORIENTED_EDGE('',*,*,#5032,.T.);
#7322=ORIENTED_EDGE('',*,*,#5033,.F.);
#7323=ORIENTED_EDGE('',*,*,#4975,.F.);
#7324=ORIENTED_EDGE('',*,*,#5031,.T.);
#7325=ORIENTED_EDGE('',*,*,#5034,.T.);
#7326=ORIENTED_EDGE('',*,*,#5035,.F.);
#7327=ORIENTED_EDGE('',*,*,#4976,.F.);
#7328=ORIENTED_EDGE('',*,*,#5033,.T.);
#7329=ORIENTED_EDGE('',*,*,#5036,.T.);
#7330=ORIENTED_EDGE('',*,*,#5037,.F.);
#7331=ORIENTED_EDGE('',*,*,#4977,.F.);
#7332=ORIENTED_EDGE('',*,*,#5035,.T.);
#7333=ORIENTED_EDGE('',*,*,#5038,.T.);
#7334=ORIENTED_EDGE('',*,*,#5039,.F.);
#7335=ORIENTED_EDGE('',*,*,#4978,.F.);
#7336=ORIENTED_EDGE('',*,*,#5037,.T.);
#7337=ORIENTED_EDGE('',*,*,#5040,.T.);
#7338=ORIENTED_EDGE('',*,*,#5041,.F.);
#7339=ORIENTED_EDGE('',*,*,#4979,.F.);
#7340=ORIENTED_EDGE('',*,*,#5039,.T.);
#7341=ORIENTED_EDGE('',*,*,#5042,.T.);
#7342=ORIENTED_EDGE('',*,*,#4986,.F.);
#7343=ORIENTED_EDGE('',*,*,#4980,.F.);
#7344=ORIENTED_EDGE('',*,*,#5041,.T.);
#7345=ORIENTED_EDGE('',*,*,#4984,.F.);
#7346=ORIENTED_EDGE('',*,*,#5042,.F.);
#7347=ORIENTED_EDGE('',*,*,#5040,.F.);
#7348=ORIENTED_EDGE('',*,*,#5038,.F.);
#7349=ORIENTED_EDGE('',*,*,#5036,.F.);
#7350=ORIENTED_EDGE('',*,*,#5034,.F.);
#7351=ORIENTED_EDGE('',*,*,#5032,.F.);
#7352=ORIENTED_EDGE('',*,*,#5030,.F.);
#7353=ORIENTED_EDGE('',*,*,#5028,.F.);
#7354=ORIENTED_EDGE('',*,*,#5026,.F.);
#7355=ORIENTED_EDGE('',*,*,#5024,.F.);
#7356=ORIENTED_EDGE('',*,*,#5022,.F.);
#7357=ORIENTED_EDGE('',*,*,#5020,.F.);
#7358=ORIENTED_EDGE('',*,*,#5018,.F.);
#7359=ORIENTED_EDGE('',*,*,#5016,.F.);
#7360=ORIENTED_EDGE('',*,*,#5014,.F.);
#7361=ORIENTED_EDGE('',*,*,#5012,.F.);
#7362=ORIENTED_EDGE('',*,*,#5010,.F.);
#7363=ORIENTED_EDGE('',*,*,#5008,.F.);
#7364=ORIENTED_EDGE('',*,*,#5006,.F.);
#7365=ORIENTED_EDGE('',*,*,#5004,.F.);
#7366=ORIENTED_EDGE('',*,*,#5002,.F.);
#7367=ORIENTED_EDGE('',*,*,#5000,.F.);
#7368=ORIENTED_EDGE('',*,*,#4998,.F.);
#7369=ORIENTED_EDGE('',*,*,#4996,.F.);
#7370=ORIENTED_EDGE('',*,*,#4994,.F.);
#7371=ORIENTED_EDGE('',*,*,#4992,.F.);
#7372=ORIENTED_EDGE('',*,*,#4967,.F.);
#7373=ORIENTED_EDGE('',*,*,#4970,.F.);
#7374=ORIENTED_EDGE('',*,*,#4991,.F.);
#7375=ORIENTED_EDGE('',*,*,#4989,.F.);
#7376=ORIENTED_EDGE('',*,*,#4987,.F.);
#7377=PLANE('',#8074);
#7378=PLANE('',#8086);
#7379=PLANE('',#8087);
#7380=PLANE('',#8088);
#7381=PLANE('',#8089);
#7382=PLANE('',#8090);
#7383=PLANE('',#8099);
#7384=PLANE('',#8100);
#7385=PLANE('',#8101);
#7386=PLANE('',#8102);
#7387=PLANE('',#8105);
#7388=PLANE('',#8117);
#7389=PLANE('',#8118);
#7390=PLANE('',#8119);
#7391=PLANE('',#8120);
#7392=PLANE('',#8121);
#7393=PLANE('',#8130);
#7394=PLANE('',#8131);
#7395=PLANE('',#8132);
#7396=PLANE('',#8133);
#7397=PLANE('',#8139);
#7398=PLANE('',#8140);
#7399=PLANE('',#8141);
#7400=PLANE('',#8157);
#7401=PLANE('',#8158);
#7402=PLANE('',#8159);
#7403=PLANE('',#8166);
#7404=PLANE('',#8167);
#7405=PLANE('',#8168);
#7406=PLANE('',#8169);
#7407=PLANE('',#8170);
#7408=PLANE('',#8171);
#7409=PLANE('',#8172);
#7410=PLANE('',#8173);
#7411=PLANE('',#8174);
#7412=PLANE('',#8175);
#7413=PLANE('',#8176);
#7414=PLANE('',#8177);
#7415=PLANE('',#8178);
#7416=PLANE('',#8186);
#7417=PLANE('',#8187);
#7418=PLANE('',#8188);
#7419=PLANE('',#8189);
#7420=PLANE('',#8190);
#7421=PLANE('',#8191);
#7422=PLANE('',#8192);
#7423=PLANE('',#8193);
#7424=PLANE('',#8194);
#7425=PLANE('',#8195);
#7426=PLANE('',#8204);
#7427=PLANE('',#8211);
#7428=PLANE('',#8212);
#7429=PLANE('',#8213);
#7430=PLANE('',#8214);
#7431=PLANE('',#8215);
#7432=PLANE('',#8216);
#7433=PLANE('',#8217);
#7434=PLANE('',#8218);
#7435=PLANE('',#8219);
#7436=PLANE('',#8252);
#7437=PLANE('',#8255);
#7438=PLANE('',#8256);
#7439=PLANE('',#8257);
#7440=PLANE('',#8260);
#7441=PLANE('',#8275);
#7442=PLANE('',#8294);
#7443=PLANE('',#8295);
#7444=PLANE('',#8306);
#7445=PLANE('',#8307);
#7446=PLANE('',#8350);
#7447=PLANE('',#8365);
#7448=PLANE('',#8400);
#7449=PLANE('',#8421);
#7450=PLANE('',#8426);
#7451=PLANE('',#8427);
#7452=PLANE('',#8431);
#7453=PLANE('',#8432);
#7454=PLANE('',#8433);
#7455=PLANE('',#8434);
#7456=PLANE('',#8435);
#7457=PLANE('',#8436);
#7458=PLANE('',#8437);
#7459=PLANE('',#8441);
#7460=PLANE('',#8483);
#7461=PLANE('',#8490);
#7462=PLANE('',#8491);
#7463=PLANE('',#8508);
#7464=PLANE('',#8524);
#7465=PLANE('',#8549);
#7466=PLANE('',#8554);
#7467=PLANE('',#8559);
#7468=PLANE('',#8568);
#7469=PLANE('',#8580);
#7470=PLANE('',#8581);
#7471=PLANE('',#8589);
#7472=PLANE('',#8591);
#7473=PLANE('',#8598);
#7474=PLANE('',#8599);
#7475=PLANE('',#8606);
#7476=PLANE('',#8608);
#7477=PLANE('',#8609);
#7478=PLANE('',#8615);
#7479=PLANE('',#8616);
#7480=PLANE('',#8622);
#7481=PLANE('',#8623);
#7482=PLANE('',#8625);
#7483=PLANE('',#8627);
#7484=PLANE('',#8628);
#7485=PLANE('',#8632);
#7486=PLANE('',#8633);
#7487=PLANE('',#8644);
#7488=PLANE('',#8645);
#7489=PLANE('',#8663);
#7490=PLANE('',#8670);
#7491=PLANE('',#8671);
#7492=PLANE('',#8672);
#7493=PLANE('',#8673);
#7494=PLANE('',#8691);
#7495=PLANE('',#8692);
#7496=PLANE('',#8710);
#7497=PLANE('',#8711);
#7498=PLANE('',#8729);
#7499=PLANE('',#8730);
#7500=PLANE('',#8748);
#7501=PLANE('',#8749);
#7502=PLANE('',#8767);
#7503=PLANE('',#8768);
#7504=PLANE('',#8786);
#7505=PLANE('',#8787);
#7506=PLANE('',#8788);
#7507=PLANE('',#8789);
#7508=PLANE('',#8790);
#7509=PLANE('',#8791);
#7510=PLANE('',#8792);
#7511=PLANE('',#8793);
#7512=PLANE('',#8794);
#7513=PLANE('',#8795);
#7514=PLANE('',#8796);
#7515=PLANE('',#8797);
#7516=PLANE('',#8798);
#7517=PLANE('',#8799);
#7518=PLANE('',#8800);
#7519=PLANE('',#8801);
#7520=PLANE('',#8802);
#7521=PLANE('',#8803);
#7522=PLANE('',#8804);
#7523=PLANE('',#8805);
#7524=PLANE('',#8806);
#7525=PLANE('',#8807);
#7526=PLANE('',#8808);
#7527=PLANE('',#8809);
#7528=PLANE('',#8810);
#7529=PLANE('',#8811);
#7530=PLANE('',#8812);
#7531=PLANE('',#8813);
#7532=PLANE('',#8814);
#7533=PLANE('',#8815);
#7534=PLANE('',#8816);
#7535=PLANE('',#8817);
#7536=PLANE('',#8818);
#7537=PLANE('',#8819);
#7538=PLANE('',#8820);
#7539=PLANE('',#8821);
#7540=PLANE('',#8822);
#7541=PLANE('',#8823);
#7542=PLANE('',#8824);
#7543=PLANE('',#8825);
#7544=PLANE('',#8828);
#7545=PLANE('',#8829);
#7546=PLANE('',#8830);
#7547=PLANE('',#8831);
#7548=PLANE('',#8847);
#7549=PLANE('',#8848);
#7550=PLANE('',#8849);
#7551=PLANE('',#8850);
#7552=PLANE('',#8851);
#7553=PLANE('',#8852);
#7554=PLANE('',#8855);
#7555=PLANE('',#8856);
#7556=PLANE('',#8857);
#7557=PLANE('',#8858);
#7558=PLANE('',#8874);
#7559=PLANE('',#8875);
#7560=PLANE('',#8876);
#7561=PLANE('',#8877);
#7562=PLANE('',#8878);
#7563=PLANE('',#8879);
#7564=PLANE('',#8880);
#7565=PLANE('',#8881);
#7566=PLANE('',#8882);
#7567=PLANE('',#8883);
#7568=PLANE('',#8884);
#7569=PLANE('',#8885);
#7570=PLANE('',#8886);
#7571=PLANE('',#8887);
#7572=PLANE('',#8888);
#7573=PLANE('',#8889);
#7574=PLANE('',#8890);
#7575=PLANE('',#8891);
#7576=PLANE('',#8892);
#7577=PLANE('',#8893);
#7578=PLANE('',#8894);
#7579=PLANE('',#8895);
#7580=PLANE('',#8896);
#7581=PLANE('',#8897);
#7582=PLANE('',#8898);
#7583=PLANE('',#8899);
#7584=PLANE('',#8900);
#7585=PLANE('',#8901);
#7586=PLANE('',#8902);
#7587=PLANE('',#8903);
#7588=PLANE('',#8904);
#7589=PLANE('',#8905);
#7590=PLANE('',#8906);
#7591=PLANE('',#8907);
#7592=PLANE('',#8908);
#7593=PLANE('',#8909);
#7594=PLANE('',#8910);
#7595=PLANE('',#8911);
#7596=PLANE('',#8912);
#7597=PLANE('',#8913);
#7598=PLANE('',#8914);
#7599=PLANE('',#8915);
#7600=PLANE('',#8916);
#7601=PLANE('',#8917);
#7602=PLANE('',#8918);
#7603=PLANE('',#8919);
#7604=PLANE('',#8920);
#7605=PLANE('',#8921);
#7606=PLANE('',#8922);
#7607=ADVANCED_FACE('',(#352),#7377,.T.);
#7608=ADVANCED_FACE('',(#353),#159,.F.);
#7609=ADVANCED_FACE('',(#354),#160,.F.);
#7610=ADVANCED_FACE('',(#355),#7378,.T.);
#7611=ADVANCED_FACE('',(#356),#7379,.T.);
#7612=ADVANCED_FACE('',(#357),#7380,.T.);
#7613=ADVANCED_FACE('',(#358),#7381,.T.);
#7614=ADVANCED_FACE('',(#359),#7382,.T.);
#7615=ADVANCED_FACE('',(#360),#161,.T.);
#7616=ADVANCED_FACE('',(#361),#162,.T.);
#7617=ADVANCED_FACE('',(#362),#163,.T.);
#7618=ADVANCED_FACE('',(#363),#164,.T.);
#7619=ADVANCED_FACE('',(#364),#7383,.T.);
#7620=ADVANCED_FACE('',(#365),#7384,.T.);
#7621=ADVANCED_FACE('',(#366),#7385,.T.);
#7622=ADVANCED_FACE('',(#367),#7386,.F.);
#7623=ADVANCED_FACE('',(#368),#165,.F.);
#7624=ADVANCED_FACE('',(#369),#7387,.T.);
#7625=ADVANCED_FACE('',(#370),#166,.F.);
#7626=ADVANCED_FACE('',(#371),#167,.F.);
#7627=ADVANCED_FACE('',(#372),#7388,.T.);
#7628=ADVANCED_FACE('',(#373),#7389,.T.);
#7629=ADVANCED_FACE('',(#374),#7390,.T.);
#7630=ADVANCED_FACE('',(#375),#7391,.T.);
#7631=ADVANCED_FACE('',(#376),#7392,.T.);
#7632=ADVANCED_FACE('',(#377),#168,.T.);
#7633=ADVANCED_FACE('',(#378),#169,.T.);
#7634=ADVANCED_FACE('',(#379),#170,.T.);
#7635=ADVANCED_FACE('',(#380),#171,.T.);
#7636=ADVANCED_FACE('',(#381),#7393,.T.);
#7637=ADVANCED_FACE('',(#382),#7394,.T.);
#7638=ADVANCED_FACE('',(#383),#7395,.T.);
#7639=ADVANCED_FACE('',(#384),#7396,.F.);
#7640=ADVANCED_FACE('',(#385),#172,.F.);
#7641=ADVANCED_FACE('',(#386,#132),#173,.T.);
#7642=ADVANCED_FACE('',(#387),#7397,.F.);
#7643=ADVANCED_FACE('',(#388),#7398,.T.);
#7644=ADVANCED_FACE('',(#389),#7399,.T.);
#7645=ADVANCED_FACE('',(#390),#174,.T.);
#7646=ADVANCED_FACE('',(#391),#175,.T.);
#7647=ADVANCED_FACE('',(#392),#176,.T.);
#7648=ADVANCED_FACE('',(#393),#177,.T.);
#7649=ADVANCED_FACE('',(#394),#7400,.T.);
#7650=ADVANCED_FACE('',(#395),#7401,.T.);
#7651=ADVANCED_FACE('',(#396),#7402,.T.);
#7652=ADVANCED_FACE('',(#397),#178,.F.);
#7653=ADVANCED_FACE('',(#398),#179,.F.);
#7654=ADVANCED_FACE('',(#399),#180,.F.);
#7655=ADVANCED_FACE('',(#400),#7403,.T.);
#7656=ADVANCED_FACE('',(#401),#7404,.T.);
#7657=ADVANCED_FACE('',(#402),#7405,.T.);
#7658=ADVANCED_FACE('',(#403),#7406,.T.);
#7659=ADVANCED_FACE('',(#404),#7407,.F.);
#7660=ADVANCED_FACE('',(#405),#7408,.T.);
#7661=ADVANCED_FACE('',(#406),#7409,.T.);
#7662=ADVANCED_FACE('',(#407),#7410,.F.);
#7663=ADVANCED_FACE('',(#408),#7411,.T.);
#7664=ADVANCED_FACE('',(#409),#7412,.T.);
#7665=ADVANCED_FACE('',(#410),#7413,.T.);
#7666=ADVANCED_FACE('',(#411),#7414,.T.);
#7667=ADVANCED_FACE('',(#412),#7415,.T.);
#7668=ADVANCED_FACE('',(#413),#7416,.T.);
#7669=ADVANCED_FACE('',(#414),#7417,.T.);
#7670=ADVANCED_FACE('',(#415),#7418,.T.);
#7671=ADVANCED_FACE('',(#416),#7419,.T.);
#7672=ADVANCED_FACE('',(#417),#7420,.T.);
#7673=ADVANCED_FACE('',(#418),#7421,.T.);
#7674=ADVANCED_FACE('',(#419),#7422,.T.);
#7675=ADVANCED_FACE('',(#420),#7423,.T.);
#7676=ADVANCED_FACE('',(#421),#7424,.T.);
#7677=ADVANCED_FACE('',(#422),#7425,.T.);
#7678=ADVANCED_FACE('',(#423),#181,.T.);
#7679=ADVANCED_FACE('',(#424),#182,.T.);
#7680=ADVANCED_FACE('',(#425),#183,.T.);
#7681=ADVANCED_FACE('',(#426),#184,.T.);
#7682=ADVANCED_FACE('',(#427),#7426,.T.);
#7683=ADVANCED_FACE('',(#428),#185,.F.);
#7684=ADVANCED_FACE('',(#429),#186,.F.);
#7685=ADVANCED_FACE('',(#430),#187,.F.);
#7686=ADVANCED_FACE('',(#431),#7427,.F.);
#7687=ADVANCED_FACE('',(#432),#7428,.T.);
#7688=ADVANCED_FACE('',(#433),#7429,.F.);
#7689=ADVANCED_FACE('',(#434),#7430,.T.);
#7690=ADVANCED_FACE('',(#435),#7431,.T.);
#7691=ADVANCED_FACE('',(#436),#7432,.T.);
#7692=ADVANCED_FACE('',(#437),#7433,.T.);
#7693=ADVANCED_FACE('',(#438),#7434,.T.);
#7694=ADVANCED_FACE('',(#439,#133),#7435,.T.);
#7695=ADVANCED_FACE('',(#440),#188,.F.);
#7696=ADVANCED_FACE('',(#441),#189,.F.);
#7697=ADVANCED_FACE('',(#442),#190,.F.);
#7698=ADVANCED_FACE('',(#443),#7436,.T.);
#7699=ADVANCED_FACE('',(#444),#191,.F.);
#7700=ADVANCED_FACE('',(#445),#7437,.T.);
#7701=ADVANCED_FACE('',(#446),#7438,.T.);
#7702=ADVANCED_FACE('',(#447),#7439,.T.);
#7703=ADVANCED_FACE('',(#448),#192,.T.);
#7704=ADVANCED_FACE('',(#449),#7440,.T.);
#7705=ADVANCED_FACE('',(#450),#193,.T.);
#7706=ADVANCED_FACE('',(#451),#194,.T.);
#7707=ADVANCED_FACE('',(#452),#195,.T.);
#7708=ADVANCED_FACE('',(#453),#196,.T.);
#7709=ADVANCED_FACE('',(#454),#197,.T.);
#7710=ADVANCED_FACE('',(#455),#198,.T.);
#7711=ADVANCED_FACE('',(#456),#199,.T.);
#7712=ADVANCED_FACE('',(#457),#7441,.T.);
#7713=ADVANCED_FACE('',(#458),#200,.F.);
#7714=ADVANCED_FACE('',(#459),#201,.F.);
#7715=ADVANCED_FACE('',(#460),#202,.F.);
#7716=ADVANCED_FACE('',(#461),#203,.T.);
#7717=ADVANCED_FACE('',(#462),#204,.T.);
#7718=ADVANCED_FACE('',(#463),#205,.T.);
#7719=ADVANCED_FACE('',(#464),#206,.T.);
#7720=ADVANCED_FACE('',(#465),#207,.T.);
#7721=ADVANCED_FACE('',(#466),#208,.T.);
#7722=ADVANCED_FACE('',(#467),#7442,.T.);
#7723=ADVANCED_FACE('',(#468),#7443,.T.);
#7724=ADVANCED_FACE('',(#469),#209,.F.);
#7725=ADVANCED_FACE('',(#470),#210,.F.);
#7726=ADVANCED_FACE('',(#471),#211,.F.);
#7727=ADVANCED_FACE('',(#472),#212,.F.);
#7728=ADVANCED_FACE('',(#473),#213,.F.);
#7729=ADVANCED_FACE('',(#474,#134),#7444,.F.);
#7730=ADVANCED_FACE('',(#475,#135),#7445,.F.);
#7731=ADVANCED_FACE('',(#476),#214,.F.);
#7732=ADVANCED_FACE('',(#477),#215,.F.);
#7733=ADVANCED_FACE('',(#478),#7446,.T.);
#7734=ADVANCED_FACE('',(#479),#216,.F.);
#7735=ADVANCED_FACE('',(#480),#217,.F.);
#7736=ADVANCED_FACE('',(#481),#218,.F.);
#7737=ADVANCED_FACE('',(#482),#219,.F.);
#7738=ADVANCED_FACE('',(#483),#220,.F.);
#7739=ADVANCED_FACE('',(#484),#221,.F.);
#7740=ADVANCED_FACE('',(#485),#222,.F.);
#7741=ADVANCED_FACE('',(#486),#7447,.T.);
#7742=ADVANCED_FACE('',(#487),#223,.T.);
#7743=ADVANCED_FACE('',(#488),#224,.T.);
#7744=ADVANCED_FACE('',(#489),#225,.T.);
#7745=ADVANCED_FACE('',(#490),#226,.T.);
#7746=ADVANCED_FACE('',(#491),#227,.T.);
#7747=ADVANCED_FACE('',(#492),#228,.T.);
#7748=ADVANCED_FACE('',(#493),#229,.T.);
#7749=ADVANCED_FACE('',(#494),#230,.T.);
#7750=ADVANCED_FACE('',(#495),#231,.T.);
#7751=ADVANCED_FACE('',(#496),#232,.T.);
#7752=ADVANCED_FACE('',(#497),#233,.F.);
#7753=ADVANCED_FACE('',(#498),#234,.F.);
#7754=ADVANCED_FACE('',(#499),#235,.F.);
#7755=ADVANCED_FACE('',(#500),#236,.F.);
#7756=ADVANCED_FACE('',(#501),#237,.F.);
#7757=ADVANCED_FACE('',(#502),#238,.F.);
#7758=ADVANCED_FACE('',(#503),#239,.F.);
#7759=ADVANCED_FACE('',(#504),#7448,.T.);
#7760=ADVANCED_FACE('',(#505),#240,.F.);
#7761=ADVANCED_FACE('',(#506),#241,.F.);
#7762=ADVANCED_FACE('',(#507),#242,.T.);
#7763=ADVANCED_FACE('',(#508),#243,.T.);
#7764=ADVANCED_FACE('',(#509),#244,.T.);
#7765=ADVANCED_FACE('',(#510),#245,.T.);
#7766=ADVANCED_FACE('',(#511),#246,.T.);
#7767=ADVANCED_FACE('',(#512),#247,.T.);
#7768=ADVANCED_FACE('',(#513),#248,.T.);
#7769=ADVANCED_FACE('',(#514),#249,.T.);
#7770=ADVANCED_FACE('',(#515),#7449,.T.);
#7771=ADVANCED_FACE('',(#516),#250,.T.);
#7772=ADVANCED_FACE('',(#517),#251,.T.);
#7773=ADVANCED_FACE('',(#518,#136),#7450,.T.);
#7774=ADVANCED_FACE('',(#519),#7451,.T.);
#7775=ADVANCED_FACE('',(#520,#137),#252,.T.);
#7776=ADVANCED_FACE('',(#521),#7452,.F.);
#7777=ADVANCED_FACE('',(#522),#7453,.T.);
#7778=ADVANCED_FACE('',(#523),#7454,.T.);
#7779=ADVANCED_FACE('',(#524),#7455,.T.);
#7780=ADVANCED_FACE('',(#525),#7456,.T.);
#7781=ADVANCED_FACE('',(#526),#7457,.T.);
#7782=ADVANCED_FACE('',(#527),#7458,.F.);
#7783=ADVANCED_FACE('',(#528),#253,.F.);
#7784=ADVANCED_FACE('',(#529),#7459,.F.);
#7785=ADVANCED_FACE('',(#530),#254,.F.);
#7786=ADVANCED_FACE('',(#531),#255,.T.);
#7787=ADVANCED_FACE('',(#532),#256,.T.);
#7788=ADVANCED_FACE('',(#533),#257,.T.);
#7789=ADVANCED_FACE('',(#534),#258,.T.);
#7790=ADVANCED_FACE('',(#535),#259,.T.);
#7791=ADVANCED_FACE('',(#536),#260,.T.);
#7792=ADVANCED_FACE('',(#537),#261,.T.);
#7793=ADVANCED_FACE('',(#538),#262,.T.);
#7794=ADVANCED_FACE('',(#539),#263,.T.);
#7795=ADVANCED_FACE('',(#540),#7460,.T.);
#7796=ADVANCED_FACE('',(#541),#264,.T.);
#7797=ADVANCED_FACE('',(#542),#265,.F.);
#7798=ADVANCED_FACE('',(#543),#266,.F.);
#7799=ADVANCED_FACE('',(#544),#7461,.T.);
#7800=ADVANCED_FACE('',(#545),#7462,.T.);
#7801=ADVANCED_FACE('',(#546),#267,.F.);
#7802=ADVANCED_FACE('',(#547),#268,.F.);
#7803=ADVANCED_FACE('',(#548),#269,.F.);
#7804=ADVANCED_FACE('',(#549),#270,.F.);
#7805=ADVANCED_FACE('',(#550),#271,.F.);
#7806=ADVANCED_FACE('',(#551),#272,.F.);
#7807=ADVANCED_FACE('',(#552),#273,.F.);
#7808=ADVANCED_FACE('',(#553),#274,.F.);
#7809=ADVANCED_FACE('',(#554),#7463,.T.);
#7810=ADVANCED_FACE('',(#555),#275,.T.);
#7811=ADVANCED_FACE('',(#556),#111,.F.);
#7812=ADVANCED_FACE('',(#557),#112,.F.);
#7813=ADVANCED_FACE('',(#558),#276,.T.);
#7814=ADVANCED_FACE('',(#559),#277,.T.);
#7815=ADVANCED_FACE('',(#560,#138),#7464,.T.);
#7816=ADVANCED_FACE('',(#561),#278,.T.);
#7817=ADVANCED_FACE('',(#562),#279,.T.);
#7818=ADVANCED_FACE('',(#563),#280,.T.);
#7819=ADVANCED_FACE('',(#564),#113,.F.);
#7820=ADVANCED_FACE('',(#565),#281,.T.);
#7821=ADVANCED_FACE('',(#566),#114,.F.);
#7822=ADVANCED_FACE('',(#567),#282,.T.);
#7823=ADVANCED_FACE('',(#568),#283,.T.);
#7824=ADVANCED_FACE('',(#569),#7465,.T.);
#7825=ADVANCED_FACE('',(#570),#284,.F.);
#7826=ADVANCED_FACE('',(#571),#7466,.T.);
#7827=ADVANCED_FACE('',(#572),#285,.F.);
#7828=ADVANCED_FACE('',(#573),#7467,.T.);
#7829=ADVANCED_FACE('',(#574),#286,.T.);
#7830=ADVANCED_FACE('',(#575),#287,.T.);
#7831=ADVANCED_FACE('',(#576),#7468,.T.);
#7832=ADVANCED_FACE('',(#577),#7469,.F.);
#7833=ADVANCED_FACE('',(#578),#7470,.F.);
#7834=ADVANCED_FACE('',(#579),#288,.T.);
#7835=ADVANCED_FACE('',(#580),#289,.T.);
#7836=ADVANCED_FACE('',(#581),#290,.T.);
#7837=ADVANCED_FACE('',(#582),#7471,.F.);
#7838=ADVANCED_FACE('',(#583),#7472,.F.);
#7839=ADVANCED_FACE('',(#584),#291,.T.);
#7840=ADVANCED_FACE('',(#585),#292,.T.);
#7841=ADVANCED_FACE('',(#586),#7473,.T.);
#7842=ADVANCED_FACE('',(#587),#7474,.F.);
#7843=ADVANCED_FACE('',(#588),#293,.T.);
#7844=ADVANCED_FACE('',(#589),#294,.T.);
#7845=ADVANCED_FACE('',(#590),#7475,.F.);
#7846=ADVANCED_FACE('',(#591),#7476,.T.);
#7847=ADVANCED_FACE('',(#592),#7477,.F.);
#7848=ADVANCED_FACE('',(#593),#295,.F.);
#7849=ADVANCED_FACE('',(#594),#296,.F.);
#7850=ADVANCED_FACE('',(#595),#7478,.F.);
#7851=ADVANCED_FACE('',(#596),#7479,.T.);
#7852=ADVANCED_FACE('',(#597),#297,.F.);
#7853=ADVANCED_FACE('',(#598),#298,.F.);
#7854=ADVANCED_FACE('',(#599),#7480,.F.);
#7855=ADVANCED_FACE('',(#600),#7481,.F.);
#7856=ADVANCED_FACE('',(#601),#299,.F.);
#7857=ADVANCED_FACE('',(#602),#7482,.F.);
#7858=ADVANCED_FACE('',(#603),#300,.F.);
#7859=ADVANCED_FACE('',(#604),#7483,.F.);
#7860=ADVANCED_FACE('',(#605),#7484,.F.);
#7861=ADVANCED_FACE('',(#606),#301,.T.);
#7862=ADVANCED_FACE('',(#607),#7485,.T.);
#7863=ADVANCED_FACE('',(#608),#7486,.T.);
#7864=ADVANCED_FACE('',(#609),#302,.T.);
#7865=ADVANCED_FACE('',(#610),#303,.T.);
#7866=ADVANCED_FACE('',(#611),#304,.T.);
#7867=ADVANCED_FACE('',(#612),#305,.T.);
#7868=ADVANCED_FACE('',(#613),#7487,.T.);
#7869=ADVANCED_FACE('',(#614),#7488,.T.);
#7870=ADVANCED_FACE('',(#615),#306,.T.);
#7871=ADVANCED_FACE('',(#616),#307,.T.);
#7872=ADVANCED_FACE('',(#617),#308,.T.);
#7873=ADVANCED_FACE('',(#618),#19,.T.);
#7874=ADVANCED_FACE('',(#619),#20,.T.);
#7875=ADVANCED_FACE('',(#620),#309,.T.);
#7876=ADVANCED_FACE('',(#621),#21,.T.);
#7877=ADVANCED_FACE('',(#622),#22,.T.);
#7878=ADVANCED_FACE('',(#623),#310,.T.);
#7879=ADVANCED_FACE('',(#624),#7489,.T.);
#7880=ADVANCED_FACE('',(#625,#139),#17,.T.);
#7881=ADVANCED_FACE('',(#626,#140),#311,.F.);
#7882=ADVANCED_FACE('',(#627,#141),#18,.F.);
#7883=ADVANCED_FACE('',(#628),#7490,.T.);
#7884=ADVANCED_FACE('',(#629),#7491,.F.);
#7885=ADVANCED_FACE('',(#630),#7492,.T.);
#7886=ADVANCED_FACE('',(#631),#7493,.T.);
#7887=ADVANCED_FACE('',(#632),#23,.F.);
#7888=ADVANCED_FACE('',(#633),#24,.F.);
#7889=ADVANCED_FACE('',(#634),#312,.F.);
#7890=ADVANCED_FACE('',(#635),#313,.F.);
#7891=ADVANCED_FACE('',(#636),#314,.F.);
#7892=ADVANCED_FACE('',(#637),#315,.F.);
#7893=ADVANCED_FACE('',(#638),#316,.F.);
#7894=ADVANCED_FACE('',(#639),#7494,.F.);
#7895=ADVANCED_FACE('',(#640),#7495,.F.);
#7896=ADVANCED_FACE('',(#641),#25,.F.);
#7897=ADVANCED_FACE('',(#642),#26,.F.);
#7898=ADVANCED_FACE('',(#643),#317,.F.);
#7899=ADVANCED_FACE('',(#644),#318,.F.);
#7900=ADVANCED_FACE('',(#645),#319,.F.);
#7901=ADVANCED_FACE('',(#646),#320,.F.);
#7902=ADVANCED_FACE('',(#647),#321,.F.);
#7903=ADVANCED_FACE('',(#648),#7496,.F.);
#7904=ADVANCED_FACE('',(#649),#7497,.T.);
#7905=ADVANCED_FACE('',(#650),#27,.F.);
#7906=ADVANCED_FACE('',(#651),#28,.F.);
#7907=ADVANCED_FACE('',(#652),#322,.F.);
#7908=ADVANCED_FACE('',(#653),#323,.F.);
#7909=ADVANCED_FACE('',(#654),#324,.F.);
#7910=ADVANCED_FACE('',(#655),#325,.F.);
#7911=ADVANCED_FACE('',(#656),#326,.F.);
#7912=ADVANCED_FACE('',(#657),#7498,.F.);
#7913=ADVANCED_FACE('',(#658),#7499,.F.);
#7914=ADVANCED_FACE('',(#659),#29,.F.);
#7915=ADVANCED_FACE('',(#660),#30,.F.);
#7916=ADVANCED_FACE('',(#661),#327,.F.);
#7917=ADVANCED_FACE('',(#662),#328,.F.);
#7918=ADVANCED_FACE('',(#663),#329,.F.);
#7919=ADVANCED_FACE('',(#664),#330,.F.);
#7920=ADVANCED_FACE('',(#665),#331,.F.);
#7921=ADVANCED_FACE('',(#666),#7500,.F.);
#7922=ADVANCED_FACE('',(#667),#7501,.T.);
#7923=ADVANCED_FACE('',(#668),#31,.F.);
#7924=ADVANCED_FACE('',(#669),#32,.F.);
#7925=ADVANCED_FACE('',(#670),#332,.F.);
#7926=ADVANCED_FACE('',(#671),#333,.F.);
#7927=ADVANCED_FACE('',(#672),#334,.F.);
#7928=ADVANCED_FACE('',(#673),#335,.F.);
#7929=ADVANCED_FACE('',(#674),#336,.F.);
#7930=ADVANCED_FACE('',(#675),#7502,.F.);
#7931=ADVANCED_FACE('',(#676),#7503,.F.);
#7932=ADVANCED_FACE('',(#677),#33,.F.);
#7933=ADVANCED_FACE('',(#678),#34,.F.);
#7934=ADVANCED_FACE('',(#679),#337,.F.);
#7935=ADVANCED_FACE('',(#680),#338,.F.);
#7936=ADVANCED_FACE('',(#681),#339,.F.);
#7937=ADVANCED_FACE('',(#682),#340,.F.);
#7938=ADVANCED_FACE('',(#683),#341,.F.);
#7939=ADVANCED_FACE('',(#684),#7504,.F.);
#7940=ADVANCED_FACE('',(#685),#7505,.T.);
#7941=ADVANCED_FACE('',(#686),#7506,.F.);
#7942=ADVANCED_FACE('',(#687),#7507,.F.);
#7943=ADVANCED_FACE('',(#688),#7508,.F.);
#7944=ADVANCED_FACE('',(#689),#7509,.F.);
#7945=ADVANCED_FACE('',(#690),#7510,.F.);
#7946=ADVANCED_FACE('',(#691),#7511,.F.);
#7947=ADVANCED_FACE('',(#692),#7512,.F.);
#7948=ADVANCED_FACE('',(#693),#7513,.T.);
#7949=ADVANCED_FACE('',(#694),#7514,.F.);
#7950=ADVANCED_FACE('',(#695),#7515,.T.);
#7951=ADVANCED_FACE('',(#696),#7516,.F.);
#7952=ADVANCED_FACE('',(#697),#7517,.T.);
#7953=ADVANCED_FACE('',(#698),#7518,.T.);
#7954=ADVANCED_FACE('',(#699),#7519,.T.);
#7955=ADVANCED_FACE('',(#700),#7520,.T.);
#7956=ADVANCED_FACE('',(#701),#7521,.T.);
#7957=ADVANCED_FACE('',(#702),#7522,.T.);
#7958=ADVANCED_FACE('',(#703),#7523,.T.);
#7959=ADVANCED_FACE('',(#704),#7524,.T.);
#7960=ADVANCED_FACE('',(#705),#7525,.T.);
#7961=ADVANCED_FACE('',(#706),#7526,.T.);
#7962=ADVANCED_FACE('',(#707),#7527,.T.);
#7963=ADVANCED_FACE('',(#708),#7528,.T.);
#7964=ADVANCED_FACE('',(#709),#7529,.T.);
#7965=ADVANCED_FACE('',(#710),#7530,.T.);
#7966=ADVANCED_FACE('',(#711),#7531,.T.);
#7967=ADVANCED_FACE('',(#712),#7532,.T.);
#7968=ADVANCED_FACE('',(#713),#7533,.T.);
#7969=ADVANCED_FACE('',(#714),#7534,.T.);
#7970=ADVANCED_FACE('',(#715),#7535,.T.);
#7971=ADVANCED_FACE('',(#716),#7536,.T.);
#7972=ADVANCED_FACE('',(#717),#7537,.T.);
#7973=ADVANCED_FACE('',(#718),#7538,.T.);
#7974=ADVANCED_FACE('',(#719),#7539,.T.);
#7975=ADVANCED_FACE('',(#720),#7540,.F.);
#7976=ADVANCED_FACE('',(#721),#7541,.T.);
#7977=ADVANCED_FACE('',(#722),#7542,.T.);
#7978=ADVANCED_FACE('',(#723),#7543,.T.);
#7979=ADVANCED_FACE('',(#724),#7544,.T.);
#7980=ADVANCED_FACE('',(#725),#7545,.F.);
#7981=ADVANCED_FACE('',(#726),#7546,.F.);
#7982=ADVANCED_FACE('',(#727),#7547,.F.);
#7983=ADVANCED_FACE('',(#728),#342,.F.);
#7984=ADVANCED_FACE('',(#729),#343,.F.);
#7985=ADVANCED_FACE('',(#730),#344,.F.);
#7986=ADVANCED_FACE('',(#731),#345,.F.);
#7987=ADVANCED_FACE('',(#732),#346,.F.);
#7988=ADVANCED_FACE('',(#733),#35,.F.);
#7989=ADVANCED_FACE('',(#734),#36,.F.);
#7990=ADVANCED_FACE('',(#735),#7548,.T.);
#7991=ADVANCED_FACE('',(#736),#7549,.F.);
#7992=ADVANCED_FACE('',(#737),#7550,.F.);
#7993=ADVANCED_FACE('',(#738),#7551,.T.);
#7994=ADVANCED_FACE('',(#739),#7552,.T.);
#7995=ADVANCED_FACE('',(#740),#7553,.T.);
#7996=ADVANCED_FACE('',(#741),#7554,.T.);
#7997=ADVANCED_FACE('',(#742),#7555,.F.);
#7998=ADVANCED_FACE('',(#743),#7556,.F.);
#7999=ADVANCED_FACE('',(#744),#7557,.F.);
#8000=ADVANCED_FACE('',(#745),#347,.F.);
#8001=ADVANCED_FACE('',(#746),#348,.F.);
#8002=ADVANCED_FACE('',(#747),#349,.F.);
#8003=ADVANCED_FACE('',(#748),#350,.F.);
#8004=ADVANCED_FACE('',(#749),#351,.F.);
#8005=ADVANCED_FACE('',(#750),#37,.F.);
#8006=ADVANCED_FACE('',(#751),#38,.F.);
#8007=ADVANCED_FACE('',(#752),#7558,.F.);
#8008=ADVANCED_FACE('',(#753),#7559,.T.);
#8009=ADVANCED_FACE('',(#754),#7560,.F.);
#8010=ADVANCED_FACE('',(#755),#7561,.F.);
#8011=ADVANCED_FACE('',(#756),#7562,.F.);
#8012=ADVANCED_FACE('',(#757),#7563,.F.);
#8013=ADVANCED_FACE('',(#758),#7564,.F.);
#8014=ADVANCED_FACE('',(#759),#7565,.F.);
#8015=ADVANCED_FACE('',(#760),#7566,.F.);
#8016=ADVANCED_FACE('',(#761),#7567,.F.);
#8017=ADVANCED_FACE('',(#762),#7568,.F.);
#8018=ADVANCED_FACE('',(#763),#7569,.F.);
#8019=ADVANCED_FACE('',(#764),#7570,.F.);
#8020=ADVANCED_FACE('',(#765),#7571,.F.);
#8021=ADVANCED_FACE('',(#766),#7572,.F.);
#8022=ADVANCED_FACE('',(#767),#7573,.T.);
#8023=ADVANCED_FACE('',(#768),#7574,.T.);
#8024=ADVANCED_FACE('',(#769),#7575,.F.);
#8025=ADVANCED_FACE('',(#770),#7576,.T.);
#8026=ADVANCED_FACE('',(#771),#7577,.T.);
#8027=ADVANCED_FACE('',(#772),#7578,.T.);
#8028=ADVANCED_FACE('',(#773),#7579,.T.);
#8029=ADVANCED_FACE('',(#774),#7580,.T.);
#8030=ADVANCED_FACE('',(#775),#7581,.T.);
#8031=ADVANCED_FACE('',(#776),#7582,.T.);
#8032=ADVANCED_FACE('',(#777),#7583,.T.);
#8033=ADVANCED_FACE('',(#778),#7584,.T.);
#8034=ADVANCED_FACE('',(#779),#7585,.T.);
#8035=ADVANCED_FACE('',(#780),#7586,.T.);
#8036=ADVANCED_FACE('',(#781),#7587,.T.);
#8037=ADVANCED_FACE('',(#782),#7588,.T.);
#8038=ADVANCED_FACE('',(#783),#7589,.T.);
#8039=ADVANCED_FACE('',(#784),#7590,.T.);
#8040=ADVANCED_FACE('',(#785),#7591,.T.);
#8041=ADVANCED_FACE('',(#786),#7592,.T.);
#8042=ADVANCED_FACE('',(#787),#7593,.T.);
#8043=ADVANCED_FACE('',(#788),#7594,.T.);
#8044=ADVANCED_FACE('',(#789),#7595,.T.);
#8045=ADVANCED_FACE('',(#790),#7596,.T.);
#8046=ADVANCED_FACE('',(#791),#7597,.T.);
#8047=ADVANCED_FACE('',(#792),#7598,.T.);
#8048=ADVANCED_FACE('',(#793),#7599,.T.);
#8049=ADVANCED_FACE('',(#794),#7600,.T.);
#8050=ADVANCED_FACE('',(#795),#7601,.T.);
#8051=ADVANCED_FACE('',(#796),#7602,.T.);
#8052=ADVANCED_FACE('',(#797),#7603,.T.);
#8053=ADVANCED_FACE('',(#798),#7604,.T.);
#8054=ADVANCED_FACE('',(#799),#7605,.T.);
#8055=ADVANCED_FACE('',(#800),#7606,.T.);
#8056=CLOSED_SHELL('',(#7607,#7608,#7609,#7610,#7611,#7612,#7613,#7614,
#7615,#7616,#7617,#7618,#7619,#7620,#7621,#7622,#7623));
#8057=CLOSED_SHELL('',(#7624,#7625,#7626,#7627,#7628,#7629,#7630,#7631,
#7632,#7633,#7634,#7635,#7636,#7637,#7638,#7639,#7640));
#8058=CLOSED_SHELL('',(#7641,#7642,#7643));
#8059=CLOSED_SHELL('',(#7644,#7645,#7646,#7647,#7648,#7649,#7650,#7651,
#7652,#7653,#7654,#7655,#7656,#7657,#7658,#7659,#7660));
#8060=CLOSED_SHELL('',(#7661,#7662,#7663,#7664,#7665,#7666));
#8061=CLOSED_SHELL('',(#7667,#7668,#7669,#7670,#7671,#7672,#7673,#7674,
#7675,#7676,#7677,#7678,#7679,#7680,#7681,#7682,#7683,#7684,#7685,#7686,
#7687));
#8062=CLOSED_SHELL('',(#7688,#7689,#7690,#7691,#7692,#7693));
#8063=CLOSED_SHELL('',(#7694,#7695,#7696,#7697,#7698,#7699,#7700,#7701,
#7702,#7703,#7704,#7705,#7706,#7707,#7708,#7709,#7710,#7711,#7712,#7713,
#7714,#7715,#7716,#7717,#7718,#7719,#7720,#7721,#7722,#7723,#7724,#7725,
#7726,#7727,#7728,#7729));
#8064=CLOSED_SHELL('',(#7730,#7731,#7732,#7733,#7734,#7735,#7736,#7737,
#7738,#7739,#7740,#7741,#7742,#7743,#7744,#7745,#7746,#7747,#7748,#7749,
#7750,#7751,#7752,#7753,#7754,#7755,#7756,#7757,#7758,#7759,#7760,#7761,
#7762,#7763,#7764,#7765,#7766,#7767,#7768,#7769,#7770,#7771,#7772,#7773));
#8065=CLOSED_SHELL('',(#7774,#7775,#7776));
#8066=CLOSED_SHELL('',(#7777,#7778,#7779,#7780,#7781,#7782));
#8067=CLOSED_SHELL('',(#7783,#7784,#7785,#7786,#7787,#7788,#7789,#7790,
#7791,#7792,#7793,#7794,#7795,#7796,#7797,#7798,#7799,#7800,#7801,#7802,
#7803,#7804,#7805,#7806,#7807,#7808,#7809));
#8068=CLOSED_SHELL('',(#7810,#7811,#7812,#7813,#7814,#7815,#7816,#7817,
#7818,#7819,#7820,#7821,#7822,#7823,#7824,#7825,#7826,#7827,#7828,#7829,
#7830,#7831,#7832,#7833,#7834,#7835,#7836,#7837,#7838,#7839,#7840,#7841,
#7842,#7843,#7844,#7845,#7846,#7847,#7848,#7849,#7850,#7851,#7852,#7853,
#7854,#7855,#7856,#7857,#7858,#7859,#7860,#7861,#7862,#7863,#7864,#7865,
#7866,#7867,#7868,#7869,#7870,#7871,#7872,#7873,#7874,#7875,#7876,#7877,
#7878,#7879,#7880,#7881,#7882,#7883));
#8069=CLOSED_SHELL('',(#7884,#7885,#7886,#7887,#7888,#7889,#7890,#7891,
#7892,#7893,#7894,#7895,#7896,#7897,#7898,#7899,#7900,#7901,#7902,#7903,
#7904,#7905,#7906,#7907,#7908,#7909,#7910,#7911,#7912,#7913,#7914,#7915,
#7916,#7917,#7918,#7919,#7920,#7921,#7922,#7923,#7924,#7925,#7926,#7927,
#7928,#7929,#7930,#7931,#7932,#7933,#7934,#7935,#7936,#7937,#7938,#7939,
#7940,#7941,#7942,#7943,#7944,#7945,#7946,#7947,#7948,#7949,#7950,#7951,
#7952,#7953,#7954,#7955,#7956,#7957,#7958,#7959,#7960,#7961,#7962,#7963,
#7964,#7965,#7966,#7967,#7968,#7969,#7970,#7971,#7972,#7973,#7974,#7975));
#8070=CLOSED_SHELL('',(#7976,#7977,#7978,#7979,#7980,#7981,#7982,#7983,
#7984,#7985,#7986,#7987,#7988,#7989,#7990,#7991,#7992));
#8071=CLOSED_SHELL('',(#7993,#7994,#7995,#7996,#7997,#7998,#7999,#8000,
#8001,#8002,#8003,#8004,#8005,#8006,#8007,#8008,#8009));
#8072=CLOSED_SHELL('',(#8010,#8011,#8012,#8013,#8014,#8015,#8016,#8017,
#8018,#8019,#8020,#8021,#8022,#8023,#8024,#8025,#8026,#8027,#8028,#8029,
#8030,#8031,#8032,#8033,#8034,#8035,#8036,#8037,#8038,#8039,#8040,#8041,
#8042,#8043,#8044,#8045,#8046,#8047,#8048,#8049,#8050,#8051,#8052,#8053,
#8054,#8055));
#8073=AXIS2_PLACEMENT_3D('placement',#11386,#8923,#8924);
#8074=AXIS2_PLACEMENT_3D('',#11387,#8925,#8926);
#8075=AXIS2_PLACEMENT_3D('',#11390,#8927,#8928);
#8076=AXIS2_PLACEMENT_3D('',#11402,#8934,#8935);
#8077=AXIS2_PLACEMENT_3D('',#11404,#8936,#8937);
#8078=AXIS2_PLACEMENT_3D('',#11406,#8938,#8939);
#8079=AXIS2_PLACEMENT_3D('',#11414,#8943,#8944);
#8080=AXIS2_PLACEMENT_3D('',#11416,#8945,#8946);
#8081=AXIS2_PLACEMENT_3D('',#11417,#8947,#8948);
#8082=AXIS2_PLACEMENT_3D('',#11418,#8949,#8950);
#8083=AXIS2_PLACEMENT_3D('',#11422,#8952,#8953);
#8084=AXIS2_PLACEMENT_3D('',#11424,#8955,#8956);
#8085=AXIS2_PLACEMENT_3D('',#11427,#8958,#8959);
#8086=AXIS2_PLACEMENT_3D('',#11428,#8960,#8961);
#8087=AXIS2_PLACEMENT_3D('',#11432,#8964,#8965);
#8088=AXIS2_PLACEMENT_3D('',#11436,#8968,#8969);
#8089=AXIS2_PLACEMENT_3D('',#11440,#8972,#8973);
#8090=AXIS2_PLACEMENT_3D('',#11444,#8976,#8977);
#8091=AXIS2_PLACEMENT_3D('',#11448,#8980,#8981);
#8092=AXIS2_PLACEMENT_3D('',#11451,#8983,#8984);
#8093=AXIS2_PLACEMENT_3D('',#11452,#8985,#8986);
#8094=AXIS2_PLACEMENT_3D('',#11455,#8988,#8989);
#8095=AXIS2_PLACEMENT_3D('',#11456,#8990,#8991);
#8096=AXIS2_PLACEMENT_3D('',#11459,#8993,#8994);
#8097=AXIS2_PLACEMENT_3D('',#11460,#8995,#8996);
#8098=AXIS2_PLACEMENT_3D('',#11463,#8998,#8999);
#8099=AXIS2_PLACEMENT_3D('',#11464,#9000,#9001);
#8100=AXIS2_PLACEMENT_3D('',#11468,#9004,#9005);
#8101=AXIS2_PLACEMENT_3D('',#11472,#9008,#9009);
#8102=AXIS2_PLACEMENT_3D('',#11476,#9012,#9013);
#8103=AXIS2_PLACEMENT_3D('',#11477,#9014,#9015);
#8104=AXIS2_PLACEMENT_3D('',#11478,#9016,#9017);
#8105=AXIS2_PLACEMENT_3D('',#11479,#9018,#9019);
#8106=AXIS2_PLACEMENT_3D('',#11482,#9020,#9021);
#8107=AXIS2_PLACEMENT_3D('',#11494,#9027,#9028);
#8108=AXIS2_PLACEMENT_3D('',#11496,#9029,#9030);
#8109=AXIS2_PLACEMENT_3D('',#11498,#9031,#9032);
#8110=AXIS2_PLACEMENT_3D('',#11506,#9036,#9037);
#8111=AXIS2_PLACEMENT_3D('',#11508,#9038,#9039);
#8112=AXIS2_PLACEMENT_3D('',#11509,#9040,#9041);
#8113=AXIS2_PLACEMENT_3D('',#11510,#9042,#9043);
#8114=AXIS2_PLACEMENT_3D('',#11514,#9045,#9046);
#8115=AXIS2_PLACEMENT_3D('',#11516,#9048,#9049);
#8116=AXIS2_PLACEMENT_3D('',#11519,#9051,#9052);
#8117=AXIS2_PLACEMENT_3D('',#11520,#9053,#9054);
#8118=AXIS2_PLACEMENT_3D('',#11524,#9057,#9058);
#8119=AXIS2_PLACEMENT_3D('',#11528,#9061,#9062);
#8120=AXIS2_PLACEMENT_3D('',#11532,#9065,#9066);
#8121=AXIS2_PLACEMENT_3D('',#11536,#9069,#9070);
#8122=AXIS2_PLACEMENT_3D('',#11540,#9073,#9074);
#8123=AXIS2_PLACEMENT_3D('',#11543,#9076,#9077);
#8124=AXIS2_PLACEMENT_3D('',#11544,#9078,#9079);
#8125=AXIS2_PLACEMENT_3D('',#11547,#9081,#9082);
#8126=AXIS2_PLACEMENT_3D('',#11548,#9083,#9084);
#8127=AXIS2_PLACEMENT_3D('',#11551,#9086,#9087);
#8128=AXIS2_PLACEMENT_3D('',#11552,#9088,#9089);
#8129=AXIS2_PLACEMENT_3D('',#11555,#9091,#9092);
#8130=AXIS2_PLACEMENT_3D('',#11556,#9093,#9094);
#8131=AXIS2_PLACEMENT_3D('',#11560,#9097,#9098);
#8132=AXIS2_PLACEMENT_3D('',#11564,#9101,#9102);
#8133=AXIS2_PLACEMENT_3D('',#11568,#9105,#9106);
#8134=AXIS2_PLACEMENT_3D('',#11569,#9107,#9108);
#8135=AXIS2_PLACEMENT_3D('',#11570,#9109,#9110);
#8136=AXIS2_PLACEMENT_3D('',#11571,#9111,#9112);
#8137=AXIS2_PLACEMENT_3D('',#11573,#9113,#9114);
#8138=AXIS2_PLACEMENT_3D('',#11575,#9115,#9116);
#8139=AXIS2_PLACEMENT_3D('',#11576,#9117,#9118);
#8140=AXIS2_PLACEMENT_3D('',#11577,#9119,#9120);
#8141=AXIS2_PLACEMENT_3D('',#11578,#9121,#9122);
#8142=AXIS2_PLACEMENT_3D('',#11581,#9123,#9124);
#8143=AXIS2_PLACEMENT_3D('',#11589,#9128,#9129);
#8144=AXIS2_PLACEMENT_3D('',#11591,#9130,#9131);
#8145=AXIS2_PLACEMENT_3D('',#11593,#9132,#9133);
#8146=AXIS2_PLACEMENT_3D('',#11595,#9134,#9135);
#8147=AXIS2_PLACEMENT_3D('',#11607,#9141,#9142);
#8148=AXIS2_PLACEMENT_3D('',#11608,#9143,#9144);
#8149=AXIS2_PLACEMENT_3D('',#11609,#9145,#9146);
#8150=AXIS2_PLACEMENT_3D('',#11613,#9148,#9149);
#8151=AXIS2_PLACEMENT_3D('',#11615,#9151,#9152);
#8152=AXIS2_PLACEMENT_3D('',#11618,#9154,#9155);
#8153=AXIS2_PLACEMENT_3D('',#11619,#9156,#9157);
#8154=AXIS2_PLACEMENT_3D('',#11622,#9159,#9160);
#8155=AXIS2_PLACEMENT_3D('',#11623,#9161,#9162);
#8156=AXIS2_PLACEMENT_3D('',#11626,#9164,#9165);
#8157=AXIS2_PLACEMENT_3D('',#11627,#9166,#9167);
#8158=AXIS2_PLACEMENT_3D('',#11631,#9170,#9171);
#8159=AXIS2_PLACEMENT_3D('',#11635,#9174,#9175);
#8160=AXIS2_PLACEMENT_3D('',#11639,#9178,#9179);
#8161=AXIS2_PLACEMENT_3D('',#11642,#9181,#9182);
#8162=AXIS2_PLACEMENT_3D('',#11643,#9183,#9184);
#8163=AXIS2_PLACEMENT_3D('',#11646,#9186,#9187);
#8164=AXIS2_PLACEMENT_3D('',#11647,#9188,#9189);
#8165=AXIS2_PLACEMENT_3D('',#11650,#9191,#9192);
#8166=AXIS2_PLACEMENT_3D('',#11651,#9193,#9194);
#8167=AXIS2_PLACEMENT_3D('',#11655,#9197,#9198);
#8168=AXIS2_PLACEMENT_3D('',#11659,#9201,#9202);
#8169=AXIS2_PLACEMENT_3D('',#11663,#9205,#9206);
#8170=AXIS2_PLACEMENT_3D('',#11667,#9209,#9210);
#8171=AXIS2_PLACEMENT_3D('',#11669,#9212,#9213);
#8172=AXIS2_PLACEMENT_3D('',#11670,#9214,#9215);
#8173=AXIS2_PLACEMENT_3D('',#11679,#9220,#9221);
#8174=AXIS2_PLACEMENT_3D('',#11685,#9225,#9226);
#8175=AXIS2_PLACEMENT_3D('',#11689,#9229,#9230);
#8176=AXIS2_PLACEMENT_3D('',#11693,#9233,#9234);
#8177=AXIS2_PLACEMENT_3D('',#11695,#9236,#9237);
#8178=AXIS2_PLACEMENT_3D('',#11696,#9238,#9239);
#8179=AXIS2_PLACEMENT_3D('',#11721,#9251,#9252);
#8180=AXIS2_PLACEMENT_3D('',#11723,#9253,#9254);
#8181=AXIS2_PLACEMENT_3D('',#11725,#9255,#9256);
#8182=AXIS2_PLACEMENT_3D('',#11729,#9258,#9259);
#8183=AXIS2_PLACEMENT_3D('',#11731,#9260,#9261);
#8184=AXIS2_PLACEMENT_3D('',#11733,#9262,#9263);
#8185=AXIS2_PLACEMENT_3D('',#11734,#9264,#9265);
#8186=AXIS2_PLACEMENT_3D('',#11735,#9266,#9267);
#8187=AXIS2_PLACEMENT_3D('',#11741,#9271,#9272);
#8188=AXIS2_PLACEMENT_3D('',#11745,#9275,#9276);
#8189=AXIS2_PLACEMENT_3D('',#11749,#9279,#9280);
#8190=AXIS2_PLACEMENT_3D('',#11753,#9283,#9284);
#8191=AXIS2_PLACEMENT_3D('',#11757,#9287,#9288);
#8192=AXIS2_PLACEMENT_3D('',#11761,#9291,#9292);
#8193=AXIS2_PLACEMENT_3D('',#11765,#9295,#9296);
#8194=AXIS2_PLACEMENT_3D('',#11769,#9299,#9300);
#8195=AXIS2_PLACEMENT_3D('',#11773,#9303,#9304);
#8196=AXIS2_PLACEMENT_3D('',#11777,#9307,#9308);
#8197=AXIS2_PLACEMENT_3D('',#11780,#9310,#9311);
#8198=AXIS2_PLACEMENT_3D('',#11781,#9312,#9313);
#8199=AXIS2_PLACEMENT_3D('',#11784,#9315,#9316);
#8200=AXIS2_PLACEMENT_3D('',#11785,#9317,#9318);
#8201=AXIS2_PLACEMENT_3D('',#11788,#9320,#9321);
#8202=AXIS2_PLACEMENT_3D('',#11789,#9322,#9323);
#8203=AXIS2_PLACEMENT_3D('',#11792,#9325,#9326);
#8204=AXIS2_PLACEMENT_3D('',#11793,#9327,#9328);
#8205=AXIS2_PLACEMENT_3D('',#11797,#9331,#9332);
#8206=AXIS2_PLACEMENT_3D('',#11800,#9334,#9335);
#8207=AXIS2_PLACEMENT_3D('',#11801,#9336,#9337);
#8208=AXIS2_PLACEMENT_3D('',#11804,#9339,#9340);
#8209=AXIS2_PLACEMENT_3D('',#11805,#9341,#9342);
#8210=AXIS2_PLACEMENT_3D('',#11808,#9344,#9345);
#8211=AXIS2_PLACEMENT_3D('',#11809,#9346,#9347);
#8212=AXIS2_PLACEMENT_3D('',#11811,#9349,#9350);
#8213=AXIS2_PLACEMENT_3D('',#11812,#9351,#9352);
#8214=AXIS2_PLACEMENT_3D('',#11821,#9357,#9358);
#8215=AXIS2_PLACEMENT_3D('',#11827,#9362,#9363);
#8216=AXIS2_PLACEMENT_3D('',#11831,#9366,#9367);
#8217=AXIS2_PLACEMENT_3D('',#11835,#9370,#9371);
#8218=AXIS2_PLACEMENT_3D('',#11837,#9373,#9374);
#8219=AXIS2_PLACEMENT_3D('',#11838,#9375,#9376);
#8220=AXIS2_PLACEMENT_3D('',#11841,#9377,#9378);
#8221=AXIS2_PLACEMENT_3D('',#11843,#9379,#9380);
#8222=AXIS2_PLACEMENT_3D('',#11845,#9381,#9382);
#8223=AXIS2_PLACEMENT_3D('',#11847,#9383,#9384);
#8224=AXIS2_PLACEMENT_3D('',#11849,#9385,#9386);
#8225=AXIS2_PLACEMENT_3D('',#11851,#9387,#9388);
#8226=AXIS2_PLACEMENT_3D('',#11853,#9389,#9390);
#8227=AXIS2_PLACEMENT_3D('',#11855,#9391,#9392);
#8228=AXIS2_PLACEMENT_3D('',#11859,#9394,#9395);
#8229=AXIS2_PLACEMENT_3D('',#11867,#9399,#9400);
#8230=AXIS2_PLACEMENT_3D('',#11869,#9401,#9402);
#8231=AXIS2_PLACEMENT_3D('',#11871,#9403,#9404);
#8232=AXIS2_PLACEMENT_3D('',#11873,#9405,#9406);
#8233=AXIS2_PLACEMENT_3D('',#11875,#9407,#9408);
#8234=AXIS2_PLACEMENT_3D('',#11877,#9409,#9410);
#8235=AXIS2_PLACEMENT_3D('',#11883,#9413,#9414);
#8236=AXIS2_PLACEMENT_3D('',#11885,#9415,#9416);
#8237=AXIS2_PLACEMENT_3D('',#11887,#9417,#9418);
#8238=AXIS2_PLACEMENT_3D('',#11889,#9419,#9420);
#8239=AXIS2_PLACEMENT_3D('',#11890,#9421,#9422);
#8240=AXIS2_PLACEMENT_3D('',#11897,#9425,#9426);
#8241=AXIS2_PLACEMENT_3D('',#11899,#9427,#9428);
#8242=AXIS2_PLACEMENT_3D('',#11901,#9429,#9430);
#8243=AXIS2_PLACEMENT_3D('',#11903,#9431,#9432);
#8244=AXIS2_PLACEMENT_3D('',#11905,#9433,#9434);
#8245=AXIS2_PLACEMENT_3D('',#11906,#9435,#9436);
#8246=AXIS2_PLACEMENT_3D('',#11907,#9437,#9438);
#8247=AXIS2_PLACEMENT_3D('',#11911,#9440,#9441);
#8248=AXIS2_PLACEMENT_3D('',#11913,#9443,#9444);
#8249=AXIS2_PLACEMENT_3D('',#11916,#9446,#9447);
#8250=AXIS2_PLACEMENT_3D('',#11917,#9448,#9449);
#8251=AXIS2_PLACEMENT_3D('',#11920,#9451,#9452);
#8252=AXIS2_PLACEMENT_3D('',#11921,#9453,#9454);
#8253=AXIS2_PLACEMENT_3D('',#11925,#9457,#9458);
#8254=AXIS2_PLACEMENT_3D('',#11929,#9460,#9461);
#8255=AXIS2_PLACEMENT_3D('',#11931,#9463,#9464);
#8256=AXIS2_PLACEMENT_3D('',#11935,#9467,#9468);
#8257=AXIS2_PLACEMENT_3D('',#11939,#9471,#9472);
#8258=AXIS2_PLACEMENT_3D('',#11943,#9475,#9476);
#8259=AXIS2_PLACEMENT_3D('',#11946,#9478,#9479);
#8260=AXIS2_PLACEMENT_3D('',#11947,#9480,#9481);
#8261=AXIS2_PLACEMENT_3D('',#11951,#9484,#9485);
#8262=AXIS2_PLACEMENT_3D('',#11954,#9487,#9488);
#8263=AXIS2_PLACEMENT_3D('',#11955,#9489,#9490);
#8264=AXIS2_PLACEMENT_3D('',#11958,#9492,#9493);
#8265=AXIS2_PLACEMENT_3D('',#11959,#9494,#9495);
#8266=AXIS2_PLACEMENT_3D('',#11962,#9497,#9498);
#8267=AXIS2_PLACEMENT_3D('',#11963,#9499,#9500);
#8268=AXIS2_PLACEMENT_3D('',#11966,#9502,#9503);
#8269=AXIS2_PLACEMENT_3D('',#11967,#9504,#9505);
#8270=AXIS2_PLACEMENT_3D('',#11970,#9507,#9508);
#8271=AXIS2_PLACEMENT_3D('',#11971,#9509,#9510);
#8272=AXIS2_PLACEMENT_3D('',#11974,#9512,#9513);
#8273=AXIS2_PLACEMENT_3D('',#11975,#9514,#9515);
#8274=AXIS2_PLACEMENT_3D('',#11978,#9517,#9518);
#8275=AXIS2_PLACEMENT_3D('',#11979,#9519,#9520);
#8276=AXIS2_PLACEMENT_3D('',#11983,#9523,#9524);
#8277=AXIS2_PLACEMENT_3D('',#11986,#9526,#9527);
#8278=AXIS2_PLACEMENT_3D('',#11987,#9528,#9529);
#8279=AXIS2_PLACEMENT_3D('',#11990,#9531,#9532);
#8280=AXIS2_PLACEMENT_3D('',#11991,#9533,#9534);
#8281=AXIS2_PLACEMENT_3D('',#11992,#9535,#9536);
#8282=AXIS2_PLACEMENT_3D('',#11993,#9537,#9538);
#8283=AXIS2_PLACEMENT_3D('',#11996,#9540,#9541);
#8284=AXIS2_PLACEMENT_3D('',#11997,#9542,#9543);
#8285=AXIS2_PLACEMENT_3D('',#12000,#9545,#9546);
#8286=AXIS2_PLACEMENT_3D('',#12001,#9547,#9548);
#8287=AXIS2_PLACEMENT_3D('',#12004,#9550,#9551);
#8288=AXIS2_PLACEMENT_3D('',#12005,#9552,#9553);
#8289=AXIS2_PLACEMENT_3D('',#12008,#9555,#9556);
#8290=AXIS2_PLACEMENT_3D('',#12009,#9557,#9558);
#8291=AXIS2_PLACEMENT_3D('',#12012,#9560,#9561);
#8292=AXIS2_PLACEMENT_3D('',#12013,#9562,#9563);
#8293=AXIS2_PLACEMENT_3D('',#12016,#9565,#9566);
#8294=AXIS2_PLACEMENT_3D('',#12017,#9567,#9568);
#8295=AXIS2_PLACEMENT_3D('',#12021,#9571,#9572);
#8296=AXIS2_PLACEMENT_3D('',#12025,#9575,#9576);
#8297=AXIS2_PLACEMENT_3D('',#12028,#9578,#9579);
#8298=AXIS2_PLACEMENT_3D('',#12029,#9580,#9581);
#8299=AXIS2_PLACEMENT_3D('',#12032,#9583,#9584);
#8300=AXIS2_PLACEMENT_3D('',#12033,#9585,#9586);
#8301=AXIS2_PLACEMENT_3D('',#12036,#9588,#9589);
#8302=AXIS2_PLACEMENT_3D('',#12037,#9590,#9591);
#8303=AXIS2_PLACEMENT_3D('',#12040,#9593,#9594);
#8304=AXIS2_PLACEMENT_3D('',#12041,#9595,#9596);
#8305=AXIS2_PLACEMENT_3D('',#12042,#9597,#9598);
#8306=AXIS2_PLACEMENT_3D('',#12043,#9599,#9600);
#8307=AXIS2_PLACEMENT_3D('',#12044,#9601,#9602);
#8308=AXIS2_PLACEMENT_3D('',#12047,#9603,#9604);
#8309=AXIS2_PLACEMENT_3D('',#12049,#9605,#9606);
#8310=AXIS2_PLACEMENT_3D('',#12053,#9608,#9609);
#8311=AXIS2_PLACEMENT_3D('',#12055,#9610,#9611);
#8312=AXIS2_PLACEMENT_3D('',#12057,#9612,#9613);
#8313=AXIS2_PLACEMENT_3D('',#12059,#9614,#9615);
#8314=AXIS2_PLACEMENT_3D('',#12061,#9616,#9617);
#8315=AXIS2_PLACEMENT_3D('',#12063,#9618,#9619);
#8316=AXIS2_PLACEMENT_3D('',#12065,#9620,#9621);
#8317=AXIS2_PLACEMENT_3D('',#12067,#9622,#9623);
#8318=AXIS2_PLACEMENT_3D('',#12069,#9624,#9625);
#8319=AXIS2_PLACEMENT_3D('',#12071,#9626,#9627);
#8320=AXIS2_PLACEMENT_3D('',#12073,#9628,#9629);
#8321=AXIS2_PLACEMENT_3D('',#12075,#9630,#9631);
#8322=AXIS2_PLACEMENT_3D('',#12077,#9632,#9633);
#8323=AXIS2_PLACEMENT_3D('',#12079,#9634,#9635);
#8324=AXIS2_PLACEMENT_3D('',#12081,#9636,#9637);
#8325=AXIS2_PLACEMENT_3D('',#12083,#9638,#9639);
#8326=AXIS2_PLACEMENT_3D('',#12085,#9640,#9641);
#8327=AXIS2_PLACEMENT_3D('',#12087,#9642,#9643);
#8328=AXIS2_PLACEMENT_3D('',#12091,#9645,#9646);
#8329=AXIS2_PLACEMENT_3D('',#12093,#9647,#9648);
#8330=AXIS2_PLACEMENT_3D('',#12097,#9650,#9651);
#8331=AXIS2_PLACEMENT_3D('',#12099,#9652,#9653);
#8332=AXIS2_PLACEMENT_3D('',#12101,#9654,#9655);
#8333=AXIS2_PLACEMENT_3D('',#12103,#9656,#9657);
#8334=AXIS2_PLACEMENT_3D('',#12105,#9658,#9659);
#8335=AXIS2_PLACEMENT_3D('',#12107,#9660,#9661);
#8336=AXIS2_PLACEMENT_3D('',#12109,#9662,#9663);
#8337=AXIS2_PLACEMENT_3D('',#12111,#9664,#9665);
#8338=AXIS2_PLACEMENT_3D('',#12113,#9666,#9667);
#8339=AXIS2_PLACEMENT_3D('',#12115,#9668,#9669);
#8340=AXIS2_PLACEMENT_3D('',#12117,#9670,#9671);
#8341=AXIS2_PLACEMENT_3D('',#12119,#9672,#9673);
#8342=AXIS2_PLACEMENT_3D('',#12121,#9674,#9675);
#8343=AXIS2_PLACEMENT_3D('',#12123,#9676,#9677);
#8344=AXIS2_PLACEMENT_3D('',#12127,#9679,#9680);
#8345=AXIS2_PLACEMENT_3D('',#12128,#9681,#9682);
#8346=AXIS2_PLACEMENT_3D('',#12129,#9683,#9684);
#8347=AXIS2_PLACEMENT_3D('',#12132,#9685,#9686);
#8348=AXIS2_PLACEMENT_3D('',#12135,#9689,#9690);
#8349=AXIS2_PLACEMENT_3D('',#12137,#9691,#9692);
#8350=AXIS2_PLACEMENT_3D('',#12139,#9694,#9695);
#8351=AXIS2_PLACEMENT_3D('',#12143,#9698,#9699);
#8352=AXIS2_PLACEMENT_3D('',#12145,#9700,#9701);
#8353=AXIS2_PLACEMENT_3D('',#12147,#9703,#9704);
#8354=AXIS2_PLACEMENT_3D('',#12149,#9705,#9706);
#8355=AXIS2_PLACEMENT_3D('',#12151,#9708,#9709);
#8356=AXIS2_PLACEMENT_3D('',#12153,#9710,#9711);
#8357=AXIS2_PLACEMENT_3D('',#12155,#9713,#9714);
#8358=AXIS2_PLACEMENT_3D('',#12157,#9715,#9716);
#8359=AXIS2_PLACEMENT_3D('',#12159,#9718,#9719);
#8360=AXIS2_PLACEMENT_3D('',#12161,#9720,#9721);
#8361=AXIS2_PLACEMENT_3D('',#12163,#9723,#9724);
#8362=AXIS2_PLACEMENT_3D('',#12165,#9725,#9726);
#8363=AXIS2_PLACEMENT_3D('',#12167,#9728,#9729);
#8364=AXIS2_PLACEMENT_3D('',#12169,#9730,#9731);
#8365=AXIS2_PLACEMENT_3D('',#12171,#9733,#9734);
#8366=AXIS2_PLACEMENT_3D('',#12177,#9738,#9739);
#8367=AXIS2_PLACEMENT_3D('',#12179,#9740,#9741);
#8368=AXIS2_PLACEMENT_3D('',#12181,#9743,#9744);
#8369=AXIS2_PLACEMENT_3D('',#12183,#9745,#9746);
#8370=AXIS2_PLACEMENT_3D('',#12185,#9748,#9749);
#8371=AXIS2_PLACEMENT_3D('',#12187,#9750,#9751);
#8372=AXIS2_PLACEMENT_3D('',#12189,#9753,#9754);
#8373=AXIS2_PLACEMENT_3D('',#12191,#9755,#9756);
#8374=AXIS2_PLACEMENT_3D('',#12193,#9758,#9759);
#8375=AXIS2_PLACEMENT_3D('',#12195,#9760,#9761);
#8376=AXIS2_PLACEMENT_3D('',#12197,#9763,#9764);
#8377=AXIS2_PLACEMENT_3D('',#12199,#9765,#9766);
#8378=AXIS2_PLACEMENT_3D('',#12201,#9768,#9769);
#8379=AXIS2_PLACEMENT_3D('',#12203,#9770,#9771);
#8380=AXIS2_PLACEMENT_3D('',#12205,#9773,#9774);
#8381=AXIS2_PLACEMENT_3D('',#12207,#9775,#9776);
#8382=AXIS2_PLACEMENT_3D('',#12209,#9778,#9779);
#8383=AXIS2_PLACEMENT_3D('',#12211,#9780,#9781);
#8384=AXIS2_PLACEMENT_3D('',#12213,#9783,#9784);
#8385=AXIS2_PLACEMENT_3D('',#12215,#9785,#9786);
#8386=AXIS2_PLACEMENT_3D('',#12217,#9788,#9789);
#8387=AXIS2_PLACEMENT_3D('',#12219,#9790,#9791);
#8388=AXIS2_PLACEMENT_3D('',#12221,#9793,#9794);
#8389=AXIS2_PLACEMENT_3D('',#12223,#9795,#9796);
#8390=AXIS2_PLACEMENT_3D('',#12225,#9798,#9799);
#8391=AXIS2_PLACEMENT_3D('',#12227,#9800,#9801);
#8392=AXIS2_PLACEMENT_3D('',#12229,#9803,#9804);
#8393=AXIS2_PLACEMENT_3D('',#12231,#9805,#9806);
#8394=AXIS2_PLACEMENT_3D('',#12233,#9808,#9809);
#8395=AXIS2_PLACEMENT_3D('',#12235,#9810,#9811);
#8396=AXIS2_PLACEMENT_3D('',#12237,#9813,#9814);
#8397=AXIS2_PLACEMENT_3D('',#12239,#9815,#9816);
#8398=AXIS2_PLACEMENT_3D('',#12241,#9818,#9819);
#8399=AXIS2_PLACEMENT_3D('',#12243,#9820,#9821);
#8400=AXIS2_PLACEMENT_3D('',#12245,#9823,#9824);
#8401=AXIS2_PLACEMENT_3D('',#12249,#9827,#9828);
#8402=AXIS2_PLACEMENT_3D('',#12251,#9829,#9830);
#8403=AXIS2_PLACEMENT_3D('',#12253,#9832,#9833);
#8404=AXIS2_PLACEMENT_3D('',#12254,#9834,#9835);
#8405=AXIS2_PLACEMENT_3D('',#12255,#9836,#9837);
#8406=AXIS2_PLACEMENT_3D('',#12257,#9838,#9839);
#8407=AXIS2_PLACEMENT_3D('',#12259,#9841,#9842);
#8408=AXIS2_PLACEMENT_3D('',#12261,#9843,#9844);
#8409=AXIS2_PLACEMENT_3D('',#12263,#9846,#9847);
#8410=AXIS2_PLACEMENT_3D('',#12265,#9848,#9849);
#8411=AXIS2_PLACEMENT_3D('',#12267,#9851,#9852);
#8412=AXIS2_PLACEMENT_3D('',#12269,#9853,#9854);
#8413=AXIS2_PLACEMENT_3D('',#12271,#9856,#9857);
#8414=AXIS2_PLACEMENT_3D('',#12273,#9858,#9859);
#8415=AXIS2_PLACEMENT_3D('',#12275,#9861,#9862);
#8416=AXIS2_PLACEMENT_3D('',#12277,#9863,#9864);
#8417=AXIS2_PLACEMENT_3D('',#12279,#9866,#9867);
#8418=AXIS2_PLACEMENT_3D('',#12281,#9868,#9869);
#8419=AXIS2_PLACEMENT_3D('',#12283,#9871,#9872);
#8420=AXIS2_PLACEMENT_3D('',#12285,#9873,#9874);
#8421=AXIS2_PLACEMENT_3D('',#12287,#9876,#9877);
#8422=AXIS2_PLACEMENT_3D('',#12291,#9880,#9881);
#8423=AXIS2_PLACEMENT_3D('',#12293,#9882,#9883);
#8424=AXIS2_PLACEMENT_3D('',#12295,#9885,#9886);
#8425=AXIS2_PLACEMENT_3D('',#12296,#9887,#9888);
#8426=AXIS2_PLACEMENT_3D('',#12297,#9889,#9890);
#8427=AXIS2_PLACEMENT_3D('',#12298,#9891,#9892);
#8428=AXIS2_PLACEMENT_3D('',#12300,#9893,#9894);
#8429=AXIS2_PLACEMENT_3D('',#12301,#9895,#9896);
#8430=AXIS2_PLACEMENT_3D('',#12303,#9897,#9898);
#8431=AXIS2_PLACEMENT_3D('',#12304,#9899,#9900);
#8432=AXIS2_PLACEMENT_3D('',#12305,#9901,#9902);
#8433=AXIS2_PLACEMENT_3D('',#12314,#9907,#9908);
#8434=AXIS2_PLACEMENT_3D('',#12320,#9912,#9913);
#8435=AXIS2_PLACEMENT_3D('',#12324,#9916,#9917);
#8436=AXIS2_PLACEMENT_3D('',#12328,#9920,#9921);
#8437=AXIS2_PLACEMENT_3D('',#12330,#9923,#9924);
#8438=AXIS2_PLACEMENT_3D('',#12331,#9925,#9926);
#8439=AXIS2_PLACEMENT_3D('',#12334,#9927,#9928);
#8440=AXIS2_PLACEMENT_3D('',#12338,#9930,#9931);
#8441=AXIS2_PLACEMENT_3D('',#12340,#9933,#9934);
#8442=AXIS2_PLACEMENT_3D('',#12342,#9935,#9936);
#8443=AXIS2_PLACEMENT_3D('',#12344,#9937,#9938);
#8444=AXIS2_PLACEMENT_3D('',#12346,#9939,#9940);
#8445=AXIS2_PLACEMENT_3D('',#12348,#9941,#9942);
#8446=AXIS2_PLACEMENT_3D('',#12350,#9943,#9944);
#8447=AXIS2_PLACEMENT_3D('',#12352,#9945,#9946);
#8448=AXIS2_PLACEMENT_3D('',#12354,#9947,#9948);
#8449=AXIS2_PLACEMENT_3D('',#12356,#9949,#9950);
#8450=AXIS2_PLACEMENT_3D('',#12362,#9953,#9954);
#8451=AXIS2_PLACEMENT_3D('',#12364,#9955,#9956);
#8452=AXIS2_PLACEMENT_3D('',#12366,#9957,#9958);
#8453=AXIS2_PLACEMENT_3D('',#12370,#9960,#9961);
#8454=AXIS2_PLACEMENT_3D('',#12372,#9962,#9963);
#8455=AXIS2_PLACEMENT_3D('',#12374,#9964,#9965);
#8456=AXIS2_PLACEMENT_3D('',#12376,#9966,#9967);
#8457=AXIS2_PLACEMENT_3D('',#12378,#9968,#9969);
#8458=AXIS2_PLACEMENT_3D('',#12380,#9970,#9971);
#8459=AXIS2_PLACEMENT_3D('',#12382,#9972,#9973);
#8460=AXIS2_PLACEMENT_3D('',#12384,#9974,#9975);
#8461=AXIS2_PLACEMENT_3D('',#12386,#9976,#9977);
#8462=AXIS2_PLACEMENT_3D('',#12387,#9978,#9979);
#8463=AXIS2_PLACEMENT_3D('',#12388,#9980,#9981);
#8464=AXIS2_PLACEMENT_3D('',#12390,#9982,#9983);
#8465=AXIS2_PLACEMENT_3D('',#12392,#9985,#9986);
#8466=AXIS2_PLACEMENT_3D('',#12394,#9987,#9988);
#8467=AXIS2_PLACEMENT_3D('',#12396,#9990,#9991);
#8468=AXIS2_PLACEMENT_3D('',#12398,#9992,#9993);
#8469=AXIS2_PLACEMENT_3D('',#12400,#9995,#9996);
#8470=AXIS2_PLACEMENT_3D('',#12402,#9997,#9998);
#8471=AXIS2_PLACEMENT_3D('',#12404,#10000,#10001);
#8472=AXIS2_PLACEMENT_3D('',#12406,#10002,#10003);
#8473=AXIS2_PLACEMENT_3D('',#12408,#10005,#10006);
#8474=AXIS2_PLACEMENT_3D('',#12410,#10007,#10008);
#8475=AXIS2_PLACEMENT_3D('',#12412,#10010,#10011);
#8476=AXIS2_PLACEMENT_3D('',#12414,#10012,#10013);
#8477=AXIS2_PLACEMENT_3D('',#12416,#10015,#10016);
#8478=AXIS2_PLACEMENT_3D('',#12418,#10017,#10018);
#8479=AXIS2_PLACEMENT_3D('',#12420,#10020,#10021);
#8480=AXIS2_PLACEMENT_3D('',#12422,#10022,#10023);
#8481=AXIS2_PLACEMENT_3D('',#12424,#10025,#10026);
#8482=AXIS2_PLACEMENT_3D('',#12426,#10027,#10028);
#8483=AXIS2_PLACEMENT_3D('',#12428,#10030,#10031);
#8484=AXIS2_PLACEMENT_3D('',#12432,#10034,#10035);
#8485=AXIS2_PLACEMENT_3D('',#12434,#10036,#10037);
#8486=AXIS2_PLACEMENT_3D('',#12436,#10039,#10040);
#8487=AXIS2_PLACEMENT_3D('',#12438,#10041,#10042);
#8488=AXIS2_PLACEMENT_3D('',#12440,#10044,#10045);
#8489=AXIS2_PLACEMENT_3D('',#12442,#10046,#10047);
#8490=AXIS2_PLACEMENT_3D('',#12444,#10049,#10050);
#8491=AXIS2_PLACEMENT_3D('',#12448,#10053,#10054);
#8492=AXIS2_PLACEMENT_3D('',#12452,#10057,#10058);
#8493=AXIS2_PLACEMENT_3D('',#12454,#10059,#10060);
#8494=AXIS2_PLACEMENT_3D('',#12456,#10062,#10063);
#8495=AXIS2_PLACEMENT_3D('',#12458,#10064,#10065);
#8496=AXIS2_PLACEMENT_3D('',#12460,#10067,#10068);
#8497=AXIS2_PLACEMENT_3D('',#12462,#10069,#10070);
#8498=AXIS2_PLACEMENT_3D('',#12464,#10072,#10073);
#8499=AXIS2_PLACEMENT_3D('',#12466,#10074,#10075);
#8500=AXIS2_PLACEMENT_3D('',#12468,#10077,#10078);
#8501=AXIS2_PLACEMENT_3D('',#12470,#10079,#10080);
#8502=AXIS2_PLACEMENT_3D('',#12472,#10082,#10083);
#8503=AXIS2_PLACEMENT_3D('',#12474,#10084,#10085);
#8504=AXIS2_PLACEMENT_3D('',#12476,#10087,#10088);
#8505=AXIS2_PLACEMENT_3D('',#12478,#10089,#10090);
#8506=AXIS2_PLACEMENT_3D('',#12480,#10092,#10093);
#8507=AXIS2_PLACEMENT_3D('',#12481,#10094,#10095);
#8508=AXIS2_PLACEMENT_3D('',#12482,#10096,#10097);
#8509=AXIS2_PLACEMENT_3D('',#12483,#10098,#10099);
#8510=AXIS2_PLACEMENT_3D('',#12486,#10100,#10101);
#8511=AXIS2_PLACEMENT_3D('',#12490,#10103,#10104);
#8512=AXIS2_PLACEMENT_3D('',#12519,#10106,#10107);
#8513=AXIS2_PLACEMENT_3D('',#12520,#10108,#10109);
#8514=AXIS2_PLACEMENT_3D('',#12521,#10110,#10111);
#8515=AXIS2_PLACEMENT_3D('',#12549,#10112,#10113);
#8516=AXIS2_PLACEMENT_3D('',#12550,#10114,#10115);
#8517=AXIS2_PLACEMENT_3D('',#12551,#10116,#10117);
#8518=AXIS2_PLACEMENT_3D('',#12552,#10118,#10119);
#8519=AXIS2_PLACEMENT_3D('',#12555,#10120,#10121);
#8520=AXIS2_PLACEMENT_3D('',#12559,#10124,#10125);
#8521=AXIS2_PLACEMENT_3D('',#12560,#10126,#10127);
#8522=AXIS2_PLACEMENT_3D('',#12563,#10128,#10129);
#8523=AXIS2_PLACEMENT_3D('',#12567,#10132,#10133);
#8524=AXIS2_PLACEMENT_3D('',#12568,#10134,#10135);
#8525=AXIS2_PLACEMENT_3D('',#12578,#10140,#10141);
#8526=AXIS2_PLACEMENT_3D('',#12582,#10143,#10144);
#8527=AXIS2_PLACEMENT_3D('',#12591,#10149,#10150);
#8528=AXIS2_PLACEMENT_3D('',#12592,#10151,#10152);
#8529=AXIS2_PLACEMENT_3D('',#12594,#10153,#10154);
#8530=AXIS2_PLACEMENT_3D('',#12597,#10156,#10157);
#8531=AXIS2_PLACEMENT_3D('',#12598,#10158,#10159);
#8532=AXIS2_PLACEMENT_3D('',#12602,#10161,#10162);
#8533=AXIS2_PLACEMENT_3D('',#12604,#10164,#10165);
#8534=AXIS2_PLACEMENT_3D('',#12606,#10166,#10167);
#8535=AXIS2_PLACEMENT_3D('',#12608,#10168,#10169);
#8536=AXIS2_PLACEMENT_3D('',#12611,#10171,#10172);
#8537=AXIS2_PLACEMENT_3D('',#12638,#10173,#10174);
#8538=AXIS2_PLACEMENT_3D('',#12639,#10175,#10176);
#8539=AXIS2_PLACEMENT_3D('',#12640,#10177,#10178);
#8540=AXIS2_PLACEMENT_3D('',#12642,#10179,#10180);
#8541=AXIS2_PLACEMENT_3D('',#12670,#10182,#10183);
#8542=AXIS2_PLACEMENT_3D('',#12671,#10184,#10185);
#8543=AXIS2_PLACEMENT_3D('',#12672,#10186,#10187);
#8544=AXIS2_PLACEMENT_3D('',#12675,#10188,#10189);
#8545=AXIS2_PLACEMENT_3D('',#12677,#10191,#10192);
#8546=AXIS2_PLACEMENT_3D('',#12678,#10193,#10194);
#8547=AXIS2_PLACEMENT_3D('',#12682,#10196,#10197);
#8548=AXIS2_PLACEMENT_3D('',#12685,#10199,#10200);
#8549=AXIS2_PLACEMENT_3D('',#12686,#10201,#10202);
#8550=AXIS2_PLACEMENT_3D('',#12690,#10204,#10205);
#8551=AXIS2_PLACEMENT_3D('',#12693,#10207,#10208);
#8552=AXIS2_PLACEMENT_3D('',#12694,#10209,#10210);
#8553=AXIS2_PLACEMENT_3D('',#12697,#10212,#10213);
#8554=AXIS2_PLACEMENT_3D('',#12698,#10214,#10215);
#8555=AXIS2_PLACEMENT_3D('',#12702,#10217,#10218);
#8556=AXIS2_PLACEMENT_3D('',#12705,#10220,#10221);
#8557=AXIS2_PLACEMENT_3D('',#12706,#10222,#10223);
#8558=AXIS2_PLACEMENT_3D('',#12709,#10225,#10226);
#8559=AXIS2_PLACEMENT_3D('',#12710,#10227,#10228);
#8560=AXIS2_PLACEMENT_3D('',#12714,#10230,#10231);
#8561=AXIS2_PLACEMENT_3D('',#12717,#10233,#10234);
#8562=AXIS2_PLACEMENT_3D('',#12718,#10235,#10236);
#8563=AXIS2_PLACEMENT_3D('',#12720,#10237,#10238);
#8564=AXIS2_PLACEMENT_3D('',#12723,#10240,#10241);
#8565=AXIS2_PLACEMENT_3D('',#12724,#10242,#10243);
#8566=AXIS2_PLACEMENT_3D('',#12727,#10244,#10245);
#8567=AXIS2_PLACEMENT_3D('',#12730,#10247,#10248);
#8568=AXIS2_PLACEMENT_3D('',#12732,#10250,#10251);
#8569=AXIS2_PLACEMENT_3D('',#12736,#10253,#10254);
#8570=AXIS2_PLACEMENT_3D('',#12740,#10256,#10257);
#8571=AXIS2_PLACEMENT_3D('',#12744,#10259,#10260);
#8572=AXIS2_PLACEMENT_3D('',#12748,#10262,#10263);
#8573=AXIS2_PLACEMENT_3D('',#12752,#10265,#10266);
#8574=AXIS2_PLACEMENT_3D('',#12756,#10268,#10269);
#8575=AXIS2_PLACEMENT_3D('',#12760,#10271,#10272);
#8576=AXIS2_PLACEMENT_3D('',#12764,#10274,#10275);
#8577=AXIS2_PLACEMENT_3D('',#12768,#10277,#10278);
#8578=AXIS2_PLACEMENT_3D('',#12772,#10280,#10281);
#8579=AXIS2_PLACEMENT_3D('',#12776,#10283,#10284);
#8580=AXIS2_PLACEMENT_3D('',#12778,#10286,#10287);
#8581=AXIS2_PLACEMENT_3D('',#12782,#10290,#10291);
#8582=AXIS2_PLACEMENT_3D('',#12787,#10294,#10295);
#8583=AXIS2_PLACEMENT_3D('',#12788,#10296,#10297);
#8584=AXIS2_PLACEMENT_3D('',#12789,#10298,#10299);
#8585=AXIS2_PLACEMENT_3D('',#12790,#10300,#10301);
#8586=AXIS2_PLACEMENT_3D('',#12793,#10303,#10304);
#8587=AXIS2_PLACEMENT_3D('',#12795,#10306,#10307);
#8588=AXIS2_PLACEMENT_3D('',#12798,#10309,#10310);
#8589=AXIS2_PLACEMENT_3D('',#12799,#10311,#10312);
#8590=AXIS2_PLACEMENT_3D('',#12803,#10314,#10315);
#8591=AXIS2_PLACEMENT_3D('',#12805,#10317,#10318);
#8592=AXIS2_PLACEMENT_3D('',#12807,#10320,#10321);
#8593=AXIS2_PLACEMENT_3D('',#12811,#10323,#10324);
#8594=AXIS2_PLACEMENT_3D('',#12813,#10325,#10326);
#8595=AXIS2_PLACEMENT_3D('',#12815,#10327,#10328);
#8596=AXIS2_PLACEMENT_3D('',#12817,#10330,#10331);
#8597=AXIS2_PLACEMENT_3D('',#12819,#10332,#10333);
#8598=AXIS2_PLACEMENT_3D('',#12822,#10336,#10337);
#8599=AXIS2_PLACEMENT_3D('',#12826,#10340,#10341);
#8600=AXIS2_PLACEMENT_3D('',#12831,#10344,#10345);
#8601=AXIS2_PLACEMENT_3D('',#12832,#10346,#10347);
#8602=AXIS2_PLACEMENT_3D('',#12833,#10348,#10349);
#8603=AXIS2_PLACEMENT_3D('',#12834,#10350,#10351);
#8604=AXIS2_PLACEMENT_3D('',#12837,#10353,#10354);
#8605=AXIS2_PLACEMENT_3D('',#12839,#10355,#10356);
#8606=AXIS2_PLACEMENT_3D('',#12841,#10358,#10359);
#8607=AXIS2_PLACEMENT_3D('',#12845,#10361,#10362);
#8608=AXIS2_PLACEMENT_3D('',#12847,#10364,#10365);
#8609=AXIS2_PLACEMENT_3D('',#12849,#10367,#10368);
#8610=AXIS2_PLACEMENT_3D('',#12853,#10371,#10372);
#8611=AXIS2_PLACEMENT_3D('',#12859,#10375,#10376);
#8612=AXIS2_PLACEMENT_3D('',#12861,#10377,#10378);
#8613=AXIS2_PLACEMENT_3D('',#12862,#10379,#10380);
#8614=AXIS2_PLACEMENT_3D('',#12863,#10381,#10382);
#8615=AXIS2_PLACEMENT_3D('',#12866,#10385,#10386);
#8616=AXIS2_PLACEMENT_3D('',#12868,#10388,#10389);
#8617=AXIS2_PLACEMENT_3D('',#12869,#10390,#10391);
#8618=AXIS2_PLACEMENT_3D('',#12873,#10393,#10394);
#8619=AXIS2_PLACEMENT_3D('',#12875,#10395,#10396);
#8620=AXIS2_PLACEMENT_3D('',#12876,#10397,#10398);
#8621=AXIS2_PLACEMENT_3D('',#12877,#10399,#10400);
#8622=AXIS2_PLACEMENT_3D('',#12880,#10403,#10404);
#8623=AXIS2_PLACEMENT_3D('',#12882,#10406,#10407);
#8624=AXIS2_PLACEMENT_3D('',#12883,#10408,#10409);
#8625=AXIS2_PLACEMENT_3D('',#12886,#10412,#10413);
#8626=AXIS2_PLACEMENT_3D('',#12888,#10415,#10416);
#8627=AXIS2_PLACEMENT_3D('',#12890,#10418,#10419);
#8628=AXIS2_PLACEMENT_3D('',#12891,#10420,#10421);
#8629=AXIS2_PLACEMENT_3D('',#12892,#10422,#10423);
#8630=AXIS2_PLACEMENT_3D('',#12895,#10424,#10425);
#8631=AXIS2_PLACEMENT_3D('',#12897,#10427,#10428);
#8632=AXIS2_PLACEMENT_3D('',#12898,#10429,#10430);
#8633=AXIS2_PLACEMENT_3D('',#12902,#10433,#10434);
#8634=AXIS2_PLACEMENT_3D('',#12909,#10438,#10439);
#8635=AXIS2_PLACEMENT_3D('',#12910,#10440,#10441);
#8636=AXIS2_PLACEMENT_3D('',#12911,#10442,#10443);
#8637=AXIS2_PLACEMENT_3D('',#12912,#10444,#10445);
#8638=AXIS2_PLACEMENT_3D('',#12913,#10446,#10447);
#8639=AXIS2_PLACEMENT_3D('',#12914,#10448,#10449);
#8640=AXIS2_PLACEMENT_3D('',#12915,#10450,#10451);
#8641=AXIS2_PLACEMENT_3D('',#12916,#10452,#10453);
#8642=AXIS2_PLACEMENT_3D('',#12919,#10454,#10455);
#8643=AXIS2_PLACEMENT_3D('',#12921,#10457,#10458);
#8644=AXIS2_PLACEMENT_3D('',#12922,#10459,#10460);
#8645=AXIS2_PLACEMENT_3D('',#12926,#10463,#10464);
#8646=AXIS2_PLACEMENT_3D('',#12933,#10468,#10469);
#8647=AXIS2_PLACEMENT_3D('',#12934,#10470,#10471);
#8648=AXIS2_PLACEMENT_3D('',#12935,#10472,#10473);
#8649=AXIS2_PLACEMENT_3D('',#12936,#10474,#10475);
#8650=AXIS2_PLACEMENT_3D('',#12937,#10476,#10477);
#8651=AXIS2_PLACEMENT_3D('',#12938,#10478,#10479);
#8652=AXIS2_PLACEMENT_3D('',#12939,#10480,#10481);
#8653=AXIS2_PLACEMENT_3D('',#12940,#10482,#10483);
#8654=AXIS2_PLACEMENT_3D('',#12941,#10484,#10485);
#8655=AXIS2_PLACEMENT_3D('',#12942,#10486,#10487);
#8656=AXIS2_PLACEMENT_3D('',#12943,#10488,#10489);
#8657=AXIS2_PLACEMENT_3D('',#12944,#10490,#10491);
#8658=AXIS2_PLACEMENT_3D('',#12945,#10492,#10493);
#8659=AXIS2_PLACEMENT_3D('',#12946,#10494,#10495);
#8660=AXIS2_PLACEMENT_3D('',#12947,#10496,#10497);
#8661=AXIS2_PLACEMENT_3D('',#12948,#10498,#10499);
#8662=AXIS2_PLACEMENT_3D('',#12949,#10500,#10501);
#8663=AXIS2_PLACEMENT_3D('',#12950,#10502,#10503);
#8664=AXIS2_PLACEMENT_3D('',#12951,#10504,#10505);
#8665=AXIS2_PLACEMENT_3D('',#12953,#10506,#10507);
#8666=AXIS2_PLACEMENT_3D('',#12954,#10508,#10509);
#8667=AXIS2_PLACEMENT_3D('',#12956,#10510,#10511);
#8668=AXIS2_PLACEMENT_3D('',#12957,#10512,#10513);
#8669=AXIS2_PLACEMENT_3D('',#12959,#10514,#10515);
#8670=AXIS2_PLACEMENT_3D('',#12960,#10516,#10517);
#8671=AXIS2_PLACEMENT_3D('',#12961,#10518,#10519);
#8672=AXIS2_PLACEMENT_3D('',#12970,#10524,#10525);
#8673=AXIS2_PLACEMENT_3D('',#12976,#10529,#10530);
#8674=AXIS2_PLACEMENT_3D('',#13020,#10553,#10554);
#8675=AXIS2_PLACEMENT_3D('',#13023,#10555,#10556);
#8676=AXIS2_PLACEMENT_3D('',#13025,#10557,#10558);
#8677=AXIS2_PLACEMENT_3D('',#13026,#10559,#10560);
#8678=AXIS2_PLACEMENT_3D('',#13027,#10561,#10562);
#8679=AXIS2_PLACEMENT_3D('',#13030,#10563,#10564);
#8680=AXIS2_PLACEMENT_3D('',#13032,#10565,#10566);
#8681=AXIS2_PLACEMENT_3D('',#13033,#10567,#10568);
#8682=AXIS2_PLACEMENT_3D('',#13034,#10569,#10570);
#8683=AXIS2_PLACEMENT_3D('',#13037,#10573,#10574);
#8684=AXIS2_PLACEMENT_3D('',#13040,#10575,#10576);
#8685=AXIS2_PLACEMENT_3D('',#13043,#10579,#10580);
#8686=AXIS2_PLACEMENT_3D('',#13046,#10581,#10582);
#8687=AXIS2_PLACEMENT_3D('',#13049,#10585,#10586);
#8688=AXIS2_PLACEMENT_3D('',#13052,#10587,#10588);
#8689=AXIS2_PLACEMENT_3D('',#13055,#10591,#10592);
#8690=AXIS2_PLACEMENT_3D('',#13058,#10593,#10594);
#8691=AXIS2_PLACEMENT_3D('',#13061,#10597,#10598);
#8692=AXIS2_PLACEMENT_3D('',#13065,#10601,#10602);
#8693=AXIS2_PLACEMENT_3D('',#13067,#10604,#10605);
#8694=AXIS2_PLACEMENT_3D('',#13070,#10606,#10607);
#8695=AXIS2_PLACEMENT_3D('',#13072,#10608,#10609);
#8696=AXIS2_PLACEMENT_3D('',#13073,#10610,#10611);
#8697=AXIS2_PLACEMENT_3D('',#13074,#10612,#10613);
#8698=AXIS2_PLACEMENT_3D('',#13077,#10614,#10615);
#8699=AXIS2_PLACEMENT_3D('',#13079,#10616,#10617);
#8700=AXIS2_PLACEMENT_3D('',#13080,#10618,#10619);
#8701=AXIS2_PLACEMENT_3D('',#13081,#10620,#10621);
#8702=AXIS2_PLACEMENT_3D('',#13084,#10622,#10623);
#8703=AXIS2_PLACEMENT_3D('',#13087,#10626,#10627);
#8704=AXIS2_PLACEMENT_3D('',#13090,#10628,#10629);
#8705=AXIS2_PLACEMENT_3D('',#13093,#10632,#10633);
#8706=AXIS2_PLACEMENT_3D('',#13096,#10636,#10637);
#8707=AXIS2_PLACEMENT_3D('',#13099,#10638,#10639);
#8708=AXIS2_PLACEMENT_3D('',#13102,#10642,#10643);
#8709=AXIS2_PLACEMENT_3D('',#13105,#10644,#10645);
#8710=AXIS2_PLACEMENT_3D('',#13108,#10648,#10649);
#8711=AXIS2_PLACEMENT_3D('',#13110,#10651,#10652);
#8712=AXIS2_PLACEMENT_3D('',#13114,#10655,#10656);
#8713=AXIS2_PLACEMENT_3D('',#13117,#10657,#10658);
#8714=AXIS2_PLACEMENT_3D('',#13119,#10659,#10660);
#8715=AXIS2_PLACEMENT_3D('',#13120,#10661,#10662);
#8716=AXIS2_PLACEMENT_3D('',#13121,#10663,#10664);
#8717=AXIS2_PLACEMENT_3D('',#13124,#10665,#10666);
#8718=AXIS2_PLACEMENT_3D('',#13126,#10667,#10668);
#8719=AXIS2_PLACEMENT_3D('',#13127,#10669,#10670);
#8720=AXIS2_PLACEMENT_3D('',#13128,#10671,#10672);
#8721=AXIS2_PLACEMENT_3D('',#13131,#10675,#10676);
#8722=AXIS2_PLACEMENT_3D('',#13134,#10677,#10678);
#8723=AXIS2_PLACEMENT_3D('',#13137,#10681,#10682);
#8724=AXIS2_PLACEMENT_3D('',#13140,#10683,#10684);
#8725=AXIS2_PLACEMENT_3D('',#13143,#10687,#10688);
#8726=AXIS2_PLACEMENT_3D('',#13146,#10689,#10690);
#8727=AXIS2_PLACEMENT_3D('',#13149,#10693,#10694);
#8728=AXIS2_PLACEMENT_3D('',#13152,#10695,#10696);
#8729=AXIS2_PLACEMENT_3D('',#13155,#10699,#10700);
#8730=AXIS2_PLACEMENT_3D('',#13159,#10703,#10704);
#8731=AXIS2_PLACEMENT_3D('',#13161,#10706,#10707);
#8732=AXIS2_PLACEMENT_3D('',#13164,#10708,#10709);
#8733=AXIS2_PLACEMENT_3D('',#13166,#10710,#10711);
#8734=AXIS2_PLACEMENT_3D('',#13167,#10712,#10713);
#8735=AXIS2_PLACEMENT_3D('',#13168,#10714,#10715);
#8736=AXIS2_PLACEMENT_3D('',#13171,#10716,#10717);
#8737=AXIS2_PLACEMENT_3D('',#13173,#10718,#10719);
#8738=AXIS2_PLACEMENT_3D('',#13174,#10720,#10721);
#8739=AXIS2_PLACEMENT_3D('',#13175,#10722,#10723);
#8740=AXIS2_PLACEMENT_3D('',#13178,#10724,#10725);
#8741=AXIS2_PLACEMENT_3D('',#13181,#10728,#10729);
#8742=AXIS2_PLACEMENT_3D('',#13184,#10730,#10731);
#8743=AXIS2_PLACEMENT_3D('',#13187,#10734,#10735);
#8744=AXIS2_PLACEMENT_3D('',#13190,#10738,#10739);
#8745=AXIS2_PLACEMENT_3D('',#13193,#10740,#10741);
#8746=AXIS2_PLACEMENT_3D('',#13196,#10744,#10745);
#8747=AXIS2_PLACEMENT_3D('',#13199,#10746,#10747);
#8748=AXIS2_PLACEMENT_3D('',#13202,#10750,#10751);
#8749=AXIS2_PLACEMENT_3D('',#13204,#10753,#10754);
#8750=AXIS2_PLACEMENT_3D('',#13208,#10757,#10758);
#8751=AXIS2_PLACEMENT_3D('',#13211,#10759,#10760);
#8752=AXIS2_PLACEMENT_3D('',#13213,#10761,#10762);
#8753=AXIS2_PLACEMENT_3D('',#13214,#10763,#10764);
#8754=AXIS2_PLACEMENT_3D('',#13215,#10765,#10766);
#8755=AXIS2_PLACEMENT_3D('',#13218,#10767,#10768);
#8756=AXIS2_PLACEMENT_3D('',#13220,#10769,#10770);
#8757=AXIS2_PLACEMENT_3D('',#13221,#10771,#10772);
#8758=AXIS2_PLACEMENT_3D('',#13222,#10773,#10774);
#8759=AXIS2_PLACEMENT_3D('',#13225,#10777,#10778);
#8760=AXIS2_PLACEMENT_3D('',#13228,#10779,#10780);
#8761=AXIS2_PLACEMENT_3D('',#13231,#10783,#10784);
#8762=AXIS2_PLACEMENT_3D('',#13234,#10785,#10786);
#8763=AXIS2_PLACEMENT_3D('',#13237,#10789,#10790);
#8764=AXIS2_PLACEMENT_3D('',#13240,#10791,#10792);
#8765=AXIS2_PLACEMENT_3D('',#13243,#10795,#10796);
#8766=AXIS2_PLACEMENT_3D('',#13246,#10797,#10798);
#8767=AXIS2_PLACEMENT_3D('',#13249,#10801,#10802);
#8768=AXIS2_PLACEMENT_3D('',#13253,#10805,#10806);
#8769=AXIS2_PLACEMENT_3D('',#13255,#10808,#10809);
#8770=AXIS2_PLACEMENT_3D('',#13258,#10810,#10811);
#8771=AXIS2_PLACEMENT_3D('',#13260,#10812,#10813);
#8772=AXIS2_PLACEMENT_3D('',#13261,#10814,#10815);
#8773=AXIS2_PLACEMENT_3D('',#13262,#10816,#10817);
#8774=AXIS2_PLACEMENT_3D('',#13265,#10818,#10819);
#8775=AXIS2_PLACEMENT_3D('',#13267,#10820,#10821);
#8776=AXIS2_PLACEMENT_3D('',#13268,#10822,#10823);
#8777=AXIS2_PLACEMENT_3D('',#13269,#10824,#10825);
#8778=AXIS2_PLACEMENT_3D('',#13272,#10826,#10827);
#8779=AXIS2_PLACEMENT_3D('',#13275,#10830,#10831);
#8780=AXIS2_PLACEMENT_3D('',#13278,#10832,#10833);
#8781=AXIS2_PLACEMENT_3D('',#13281,#10836,#10837);
#8782=AXIS2_PLACEMENT_3D('',#13284,#10840,#10841);
#8783=AXIS2_PLACEMENT_3D('',#13287,#10842,#10843);
#8784=AXIS2_PLACEMENT_3D('',#13290,#10846,#10847);
#8785=AXIS2_PLACEMENT_3D('',#13293,#10848,#10849);
#8786=AXIS2_PLACEMENT_3D('',#13296,#10852,#10853);
#8787=AXIS2_PLACEMENT_3D('',#13298,#10855,#10856);
#8788=AXIS2_PLACEMENT_3D('',#13302,#10859,#10860);
#8789=AXIS2_PLACEMENT_3D('',#13304,#10862,#10863);
#8790=AXIS2_PLACEMENT_3D('',#13308,#10866,#10867);
#8791=AXIS2_PLACEMENT_3D('',#13310,#10869,#10870);
#8792=AXIS2_PLACEMENT_3D('',#13314,#10873,#10874);
#8793=AXIS2_PLACEMENT_3D('',#13316,#10876,#10877);
#8794=AXIS2_PLACEMENT_3D('',#13320,#10880,#10881);
#8795=AXIS2_PLACEMENT_3D('',#13322,#10883,#10884);
#8796=AXIS2_PLACEMENT_3D('',#13326,#10887,#10888);
#8797=AXIS2_PLACEMENT_3D('',#13328,#10890,#10891);
#8798=AXIS2_PLACEMENT_3D('',#13332,#10894,#10895);
#8799=AXIS2_PLACEMENT_3D('',#13334,#10897,#10898);
#8800=AXIS2_PLACEMENT_3D('',#13338,#10901,#10902);
#8801=AXIS2_PLACEMENT_3D('',#13345,#10907,#10908);
#8802=AXIS2_PLACEMENT_3D('',#13352,#10913,#10914);
#8803=AXIS2_PLACEMENT_3D('',#13359,#10919,#10920);
#8804=AXIS2_PLACEMENT_3D('',#13366,#10925,#10926);
#8805=AXIS2_PLACEMENT_3D('',#13373,#10931,#10932);
#8806=AXIS2_PLACEMENT_3D('',#13378,#10936,#10937);
#8807=AXIS2_PLACEMENT_3D('',#13382,#10940,#10941);
#8808=AXIS2_PLACEMENT_3D('',#13386,#10944,#10945);
#8809=AXIS2_PLACEMENT_3D('',#13388,#10947,#10948);
#8810=AXIS2_PLACEMENT_3D('',#13392,#10951,#10952);
#8811=AXIS2_PLACEMENT_3D('',#13396,#10955,#10956);
#8812=AXIS2_PLACEMENT_3D('',#13398,#10958,#10959);
#8813=AXIS2_PLACEMENT_3D('',#13400,#10961,#10962);
#8814=AXIS2_PLACEMENT_3D('',#13404,#10965,#10966);
#8815=AXIS2_PLACEMENT_3D('',#13408,#10969,#10970);
#8816=AXIS2_PLACEMENT_3D('',#13410,#10972,#10973);
#8817=AXIS2_PLACEMENT_3D('',#13414,#10976,#10977);
#8818=AXIS2_PLACEMENT_3D('',#13418,#10980,#10981);
#8819=AXIS2_PLACEMENT_3D('',#13420,#10983,#10984);
#8820=AXIS2_PLACEMENT_3D('',#13424,#10987,#10988);
#8821=AXIS2_PLACEMENT_3D('',#13428,#10991,#10992);
#8822=AXIS2_PLACEMENT_3D('',#13430,#10994,#10995);
#8823=AXIS2_PLACEMENT_3D('',#13431,#10996,#10997);
#8824=AXIS2_PLACEMENT_3D('',#13440,#11002,#11003);
#8825=AXIS2_PLACEMENT_3D('',#13449,#11008,#11009);
#8826=AXIS2_PLACEMENT_3D('',#13454,#11011,#11012);
#8827=AXIS2_PLACEMENT_3D('',#13458,#11014,#11015);
#8828=AXIS2_PLACEMENT_3D('',#13464,#11020,#11021);
#8829=AXIS2_PLACEMENT_3D('',#13470,#11025,#11026);
#8830=AXIS2_PLACEMENT_3D('',#13476,#11030,#11031);
#8831=AXIS2_PLACEMENT_3D('',#13485,#11036,#11037);
#8832=AXIS2_PLACEMENT_3D('',#13491,#11041,#11042);
#8833=AXIS2_PLACEMENT_3D('',#13492,#11043,#11044);
#8834=AXIS2_PLACEMENT_3D('',#13493,#11045,#11046);
#8835=AXIS2_PLACEMENT_3D('',#13494,#11047,#11048);
#8836=AXIS2_PLACEMENT_3D('',#13495,#11049,#11050);
#8837=AXIS2_PLACEMENT_3D('',#13496,#11051,#11052);
#8838=AXIS2_PLACEMENT_3D('',#13497,#11053,#11054);
#8839=AXIS2_PLACEMENT_3D('',#13498,#11055,#11056);
#8840=AXIS2_PLACEMENT_3D('',#13499,#11057,#11058);
#8841=AXIS2_PLACEMENT_3D('',#13500,#11059,#11060);
#8842=AXIS2_PLACEMENT_3D('',#13501,#11061,#11062);
#8843=AXIS2_PLACEMENT_3D('',#13502,#11063,#11064);
#8844=AXIS2_PLACEMENT_3D('',#13503,#11065,#11066);
#8845=AXIS2_PLACEMENT_3D('',#13504,#11067,#11068);
#8846=AXIS2_PLACEMENT_3D('',#13505,#11069,#11070);
#8847=AXIS2_PLACEMENT_3D('',#13506,#11071,#11072);
#8848=AXIS2_PLACEMENT_3D('',#13508,#11074,#11075);
#8849=AXIS2_PLACEMENT_3D('',#13510,#11077,#11078);
#8850=AXIS2_PLACEMENT_3D('',#13511,#11079,#11080);
#8851=AXIS2_PLACEMENT_3D('',#13520,#11085,#11086);
#8852=AXIS2_PLACEMENT_3D('',#13526,#11090,#11091);
#8853=AXIS2_PLACEMENT_3D('',#13531,#11093,#11094);
#8854=AXIS2_PLACEMENT_3D('',#13535,#11096,#11097);
#8855=AXIS2_PLACEMENT_3D('',#13542,#11102,#11103);
#8856=AXIS2_PLACEMENT_3D('',#13548,#11107,#11108);
#8857=AXIS2_PLACEMENT_3D('',#13554,#11112,#11113);
#8858=AXIS2_PLACEMENT_3D('',#13563,#11118,#11119);
#8859=AXIS2_PLACEMENT_3D('',#13569,#11123,#11124);
#8860=AXIS2_PLACEMENT_3D('',#13570,#11125,#11126);
#8861=AXIS2_PLACEMENT_3D('',#13571,#11127,#11128);
#8862=AXIS2_PLACEMENT_3D('',#13572,#11129,#11130);
#8863=AXIS2_PLACEMENT_3D('',#13573,#11131,#11132);
#8864=AXIS2_PLACEMENT_3D('',#13574,#11133,#11134);
#8865=AXIS2_PLACEMENT_3D('',#13575,#11135,#11136);
#8866=AXIS2_PLACEMENT_3D('',#13576,#11137,#11138);
#8867=AXIS2_PLACEMENT_3D('',#13577,#11139,#11140);
#8868=AXIS2_PLACEMENT_3D('',#13578,#11141,#11142);
#8869=AXIS2_PLACEMENT_3D('',#13579,#11143,#11144);
#8870=AXIS2_PLACEMENT_3D('',#13580,#11145,#11146);
#8871=AXIS2_PLACEMENT_3D('',#13581,#11147,#11148);
#8872=AXIS2_PLACEMENT_3D('',#13582,#11149,#11150);
#8873=AXIS2_PLACEMENT_3D('',#13583,#11151,#11152);
#8874=AXIS2_PLACEMENT_3D('',#13584,#11153,#11154);
#8875=AXIS2_PLACEMENT_3D('',#13588,#11157,#11158);
#8876=AXIS2_PLACEMENT_3D('',#13590,#11160,#11161);
#8877=AXIS2_PLACEMENT_3D('',#13591,#11162,#11163);
#8878=AXIS2_PLACEMENT_3D('',#13600,#11168,#11169);
#8879=AXIS2_PLACEMENT_3D('',#13606,#11173,#11174);
#8880=AXIS2_PLACEMENT_3D('',#13612,#11178,#11179);
#8881=AXIS2_PLACEMENT_3D('',#13618,#11183,#11184);
#8882=AXIS2_PLACEMENT_3D('',#13624,#11188,#11189);
#8883=AXIS2_PLACEMENT_3D('',#13630,#11193,#11194);
#8884=AXIS2_PLACEMENT_3D('',#13636,#11198,#11199);
#8885=AXIS2_PLACEMENT_3D('',#13642,#11203,#11204);
#8886=AXIS2_PLACEMENT_3D('',#13648,#11208,#11209);
#8887=AXIS2_PLACEMENT_3D('',#13654,#11213,#11214);
#8888=AXIS2_PLACEMENT_3D('',#13660,#11218,#11219);
#8889=AXIS2_PLACEMENT_3D('',#13702,#11241,#11242);
#8890=AXIS2_PLACEMENT_3D('',#13708,#11246,#11247);
#8891=AXIS2_PLACEMENT_3D('',#13712,#11250,#11251);
#8892=AXIS2_PLACEMENT_3D('',#13738,#11265,#11266);
#8893=AXIS2_PLACEMENT_3D('',#13744,#11270,#11271);
#8894=AXIS2_PLACEMENT_3D('',#13748,#11274,#11275);
#8895=AXIS2_PLACEMENT_3D('',#13752,#11278,#11279);
#8896=AXIS2_PLACEMENT_3D('',#13754,#11281,#11282);
#8897=AXIS2_PLACEMENT_3D('',#13758,#11285,#11286);
#8898=AXIS2_PLACEMENT_3D('',#13762,#11289,#11290);
#8899=AXIS2_PLACEMENT_3D('',#13766,#11293,#11294);
#8900=AXIS2_PLACEMENT_3D('',#13770,#11297,#11298);
#8901=AXIS2_PLACEMENT_3D('',#13774,#11301,#11302);
#8902=AXIS2_PLACEMENT_3D('',#13778,#11305,#11306);
#8903=AXIS2_PLACEMENT_3D('',#13782,#11309,#11310);
#8904=AXIS2_PLACEMENT_3D('',#13786,#11313,#11314);
#8905=AXIS2_PLACEMENT_3D('',#13790,#11317,#11318);
#8906=AXIS2_PLACEMENT_3D('',#13794,#11321,#11322);
#8907=AXIS2_PLACEMENT_3D('',#13798,#11325,#11326);
#8908=AXIS2_PLACEMENT_3D('',#13802,#11329,#11330);
#8909=AXIS2_PLACEMENT_3D('',#13806,#11333,#11334);
#8910=AXIS2_PLACEMENT_3D('',#13810,#11337,#11338);
#8911=AXIS2_PLACEMENT_3D('',#13814,#11341,#11342);
#8912=AXIS2_PLACEMENT_3D('',#13818,#11345,#11346);
#8913=AXIS2_PLACEMENT_3D('',#13822,#11349,#11350);
#8914=AXIS2_PLACEMENT_3D('',#13826,#11353,#11354);
#8915=AXIS2_PLACEMENT_3D('',#13830,#11357,#11358);
#8916=AXIS2_PLACEMENT_3D('',#13834,#11361,#11362);
#8917=AXIS2_PLACEMENT_3D('',#13838,#11365,#11366);
#8918=AXIS2_PLACEMENT_3D('',#13842,#11369,#11370);
#8919=AXIS2_PLACEMENT_3D('',#13846,#11373,#11374);
#8920=AXIS2_PLACEMENT_3D('',#13850,#11377,#11378);
#8921=AXIS2_PLACEMENT_3D('',#13854,#11381,#11382);
#8922=AXIS2_PLACEMENT_3D('',#13856,#11384,#11385);
#8923=DIRECTION('axis',(0.,0.,1.));
#8924=DIRECTION('refdir',(1.,0.,0.));
#8925=DIRECTION('center_axis',(2.20273657295567E-30,1.13610222371245E-32,
1.));
#8926=DIRECTION('ref_axis',(1.,-9.79685083057902E-16,-2.20273657295567E-30));
#8927=DIRECTION('center_axis',(-2.20273657295567E-30,-1.13610222371245E-32,
-1.));
#8928=DIRECTION('ref_axis',(0.843661487721128,0.536875492210412,0.));
#8929=DIRECTION('',(-1.,2.0589541356586E-15,2.20273657295567E-30));
#8930=DIRECTION('',(-2.0589541356586E-15,-1.,1.1361022237129E-32));
#8931=DIRECTION('',(1.,-2.0589541356586E-15,-2.20273657295567E-30));
#8932=DIRECTION('',(2.0589541356586E-15,1.,-1.1361022237129E-32));
#8933=DIRECTION('',(-1.,2.0589541356586E-15,2.20273657295567E-30));
#8934=DIRECTION('center_axis',(2.20273657295567E-30,1.13610222371245E-32,
1.));
#8935=DIRECTION('ref_axis',(0.515110309840078,0.857123893434583,0.));
#8936=DIRECTION('center_axis',(2.20273657295567E-30,1.13610222371245E-32,
1.));
#8937=DIRECTION('ref_axis',(0.98672505326738,-0.162399720610863,0.));
#8938=DIRECTION('center_axis',(2.20273657295567E-30,1.13610222371245E-32,
1.));
#8939=DIRECTION('ref_axis',(0.231620527438526,-0.972806214653823,0.));
#8940=DIRECTION('',(1.,-2.0589541356586E-15,-2.20273657295567E-30));
#8941=DIRECTION('',(2.0589541356586E-15,1.,-1.1361022237129E-32));
#8942=DIRECTION('',(-1.,-1.38150889387029E-11,2.20273657295583E-30));
#8943=DIRECTION('center_axis',(-2.20273657295567E-30,-1.13610222371245E-32,
-1.));
#8944=DIRECTION('ref_axis',(0.236812467816128,-0.971555379320621,0.));
#8945=DIRECTION('center_axis',(-2.20273657295567E-30,-1.13610222371245E-32,
-1.));
#8946=DIRECTION('ref_axis',(0.74453191032713,-0.667586874125484,0.));
#8947=DIRECTION('center_axis',(-2.20273657295567E-30,-1.13610222371245E-32,
-1.));
#8948=DIRECTION('ref_axis',(0.99832995840944,-0.0577693183463844,0.));
#8949=DIRECTION('center_axis',(0.,0.,-1.));
#8950=DIRECTION('ref_axis',(0.98672505326738,-0.162399720610863,0.));
#8951=DIRECTION('',(0.,0.,-1.));
#8952=DIRECTION('center_axis',(0.,0.,-1.));
#8953=DIRECTION('ref_axis',(0.98672505326738,-0.162399720610863,0.));
#8954=DIRECTION('',(0.,0.,-1.));
#8955=DIRECTION('center_axis',(0.,0.,-1.));
#8956=DIRECTION('ref_axis',(0.515110309840078,0.857123893434583,0.));
#8957=DIRECTION('',(0.,0.,-1.));
#8958=DIRECTION('center_axis',(0.,0.,-1.));
#8959=DIRECTION('ref_axis',(0.515110309840078,0.857123893434583,0.));
#8960=DIRECTION('center_axis',(-2.0589541356586E-15,-1.,0.));
#8961=DIRECTION('ref_axis',(0.,0.,-1.));
#8962=DIRECTION('',(0.,0.,-1.));
#8963=DIRECTION('',(1.,-2.0589541356586E-15,0.));
#8964=DIRECTION('center_axis',(-1.,2.0589541356586E-15,0.));
#8965=DIRECTION('ref_axis',(0.,0.,-1.));
#8966=DIRECTION('',(0.,0.,-1.));
#8967=DIRECTION('',(-2.0589541356586E-15,-1.,0.));
#8968=DIRECTION('center_axis',(2.0589541356586E-15,1.,0.));
#8969=DIRECTION('ref_axis',(0.,0.,1.));
#8970=DIRECTION('',(0.,0.,-1.));
#8971=DIRECTION('',(-1.,2.0589541356586E-15,0.));
#8972=DIRECTION('center_axis',(1.,-2.0589541356586E-15,0.));
#8973=DIRECTION('ref_axis',(0.,0.,1.));
#8974=DIRECTION('',(0.,0.,-1.));
#8975=DIRECTION('',(2.0589541356586E-15,1.,0.));
#8976=DIRECTION('center_axis',(-2.0589541356586E-15,-1.,0.));
#8977=DIRECTION('ref_axis',(0.,0.,-1.));
#8978=DIRECTION('',(0.,0.,-1.));
#8979=DIRECTION('',(1.,-2.0589541356586E-15,0.));
#8980=DIRECTION('center_axis',(0.,0.,-1.));
#8981=DIRECTION('ref_axis',(0.843661487721128,0.536875492210412,0.));
#8982=DIRECTION('',(0.,0.,-1.));
#8983=DIRECTION('center_axis',(0.,0.,1.));
#8984=DIRECTION('ref_axis',(0.843661487721128,0.536875492210412,0.));
#8985=DIRECTION('center_axis',(0.,0.,-1.));
#8986=DIRECTION('ref_axis',(0.99832995840944,-0.0577693183463844,0.));
#8987=DIRECTION('',(0.,0.,-1.));
#8988=DIRECTION('center_axis',(0.,0.,1.));
#8989=DIRECTION('ref_axis',(0.99832995840944,-0.0577693183463844,0.));
#8990=DIRECTION('center_axis',(0.,0.,-1.));
#8991=DIRECTION('ref_axis',(0.74453191032713,-0.667586874125484,0.));
#8992=DIRECTION('',(0.,0.,-1.));
#8993=DIRECTION('center_axis',(0.,0.,1.));
#8994=DIRECTION('ref_axis',(0.74453191032713,-0.667586874125484,0.));
#8995=DIRECTION('center_axis',(0.,0.,-1.));
#8996=DIRECTION('ref_axis',(0.236812467816128,-0.971555379320621,0.));
#8997=DIRECTION('',(0.,0.,-1.));
#8998=DIRECTION('center_axis',(0.,0.,1.));
#8999=DIRECTION('ref_axis',(0.236812467816128,-0.971555379320621,0.));
#9000=DIRECTION('center_axis',(1.38150889387028E-11,-1.,0.));
#9001=DIRECTION('ref_axis',(0.,0.,-1.));
#9002=DIRECTION('',(0.,0.,-1.));
#9003=DIRECTION('',(1.,1.38150889387028E-11,0.));
#9004=DIRECTION('center_axis',(-1.,2.0589541356586E-15,0.));
#9005=DIRECTION('ref_axis',(0.,0.,-1.));
#9006=DIRECTION('',(0.,0.,-1.));
#9007=DIRECTION('',(-2.0589541356586E-15,-1.,0.));
#9008=DIRECTION('center_axis',(2.0589541356586E-15,1.,0.));
#9009=DIRECTION('ref_axis',(0.,0.,1.));
#9010=DIRECTION('',(0.,0.,-1.));
#9011=DIRECTION('',(-1.,2.0589541356586E-15,0.));
#9012=DIRECTION('center_axis',(0.,0.,1.));
#9013=DIRECTION('ref_axis',(1.,-1.87526318258524E-15,0.));
#9014=DIRECTION('center_axis',(0.,0.,-1.));
#9015=DIRECTION('ref_axis',(0.231620527438526,-0.972806214653823,0.));
#9016=DIRECTION('center_axis',(0.,0.,-1.));
#9017=DIRECTION('ref_axis',(0.231620527438526,-0.972806214653823,0.));
#9018=DIRECTION('center_axis',(2.20273657295567E-30,1.13610222371245E-32,
1.));
#9019=DIRECTION('ref_axis',(1.,-9.79685083057902E-16,-2.20273657295567E-30));
#9020=DIRECTION('center_axis',(-2.20273657295567E-30,-1.13610222371245E-32,
-1.));
#9021=DIRECTION('ref_axis',(0.843661487734738,0.536875492189026,0.));
#9022=DIRECTION('',(-1.,2.0589541356586E-15,2.20273657295567E-30));
#9023=DIRECTION('',(-2.0589541356586E-15,-1.,1.1361022237129E-32));
#9024=DIRECTION('',(1.,-2.0589541356586E-15,-2.20273657295567E-30));
#9025=DIRECTION('',(2.0589541356586E-15,1.,-1.1361022237129E-32));
#9026=DIRECTION('',(-1.,2.0589541356586E-15,2.20273657295567E-30));
#9027=DIRECTION('center_axis',(2.20273657295567E-30,1.13610222371245E-32,
1.));
#9028=DIRECTION('ref_axis',(0.51511030991056,0.857123893392225,0.));
#9029=DIRECTION('center_axis',(2.20273657295567E-30,1.13610222371245E-32,
1.));
#9030=DIRECTION('ref_axis',(0.986725053275385,-0.162399720562227,0.));
#9031=DIRECTION('center_axis',(2.20273657295567E-30,1.13610222371245E-32,
1.));
#9032=DIRECTION('ref_axis',(0.231620527226606,-0.97280621470428,0.));
#9033=DIRECTION('',(1.,-2.0589541356586E-15,-2.20273657295567E-30));
#9034=DIRECTION('',(2.0589541356586E-15,1.,-1.1361022237129E-32));
#9035=DIRECTION('',(-1.,2.0589541356586E-15,2.20273657295567E-30));
#9036=DIRECTION('center_axis',(-2.20273657295567E-30,-1.13610222371245E-32,
-1.));
#9037=DIRECTION('ref_axis',(0.236812467920885,-0.971555379295087,0.));
#9038=DIRECTION('center_axis',(-2.20273657295567E-30,-1.13610222371245E-32,
-1.));
#9039=DIRECTION('ref_axis',(0.744531910306018,-0.667586874149029,0.));
#9040=DIRECTION('center_axis',(-2.20273657295567E-30,-1.13610222371245E-32,
-1.));
#9041=DIRECTION('ref_axis',(0.998329958411744,-0.0577693183065722,0.));
#9042=DIRECTION('center_axis',(0.,0.,-1.));
#9043=DIRECTION('ref_axis',(0.986725053275385,-0.162399720562227,0.));
#9044=DIRECTION('',(0.,0.,-1.));
#9045=DIRECTION('center_axis',(0.,0.,-1.));
#9046=DIRECTION('ref_axis',(0.986725053275385,-0.162399720562227,0.));
#9047=DIRECTION('',(0.,0.,-1.));
#9048=DIRECTION('center_axis',(0.,0.,-1.));
#9049=DIRECTION('ref_axis',(0.51511030991056,0.857123893392225,0.));
#9050=DIRECTION('',(0.,0.,-1.));
#9051=DIRECTION('center_axis',(0.,0.,-1.));
#9052=DIRECTION('ref_axis',(0.51511030991056,0.857123893392225,0.));
#9053=DIRECTION('center_axis',(-2.0589541356586E-15,-1.,0.));
#9054=DIRECTION('ref_axis',(0.,0.,-1.));
#9055=DIRECTION('',(0.,0.,-1.));
#9056=DIRECTION('',(1.,-2.0589541356586E-15,0.));
#9057=DIRECTION('center_axis',(-1.,2.0589541356586E-15,0.));
#9058=DIRECTION('ref_axis',(0.,0.,-1.));
#9059=DIRECTION('',(0.,0.,-1.));
#9060=DIRECTION('',(-2.0589541356586E-15,-1.,0.));
#9061=DIRECTION('center_axis',(2.0589541356586E-15,1.,0.));
#9062=DIRECTION('ref_axis',(0.,0.,1.));
#9063=DIRECTION('',(0.,0.,-1.));
#9064=DIRECTION('',(-1.,2.0589541356586E-15,0.));
#9065=DIRECTION('center_axis',(1.,-2.0589541356586E-15,0.));
#9066=DIRECTION('ref_axis',(0.,0.,1.));
#9067=DIRECTION('',(0.,0.,-1.));
#9068=DIRECTION('',(2.0589541356586E-15,1.,0.));
#9069=DIRECTION('center_axis',(-2.0589541356586E-15,-1.,0.));
#9070=DIRECTION('ref_axis',(0.,0.,-1.));
#9071=DIRECTION('',(0.,0.,-1.));
#9072=DIRECTION('',(1.,-2.0589541356586E-15,0.));
#9073=DIRECTION('center_axis',(0.,0.,-1.));
#9074=DIRECTION('ref_axis',(0.843661487734738,0.536875492189026,0.));
#9075=DIRECTION('',(0.,0.,-1.));
#9076=DIRECTION('center_axis',(0.,0.,1.));
#9077=DIRECTION('ref_axis',(0.843661487734738,0.536875492189026,0.));
#9078=DIRECTION('center_axis',(0.,0.,-1.));
#9079=DIRECTION('ref_axis',(0.998329958411744,-0.0577693183065722,0.));
#9080=DIRECTION('',(0.,0.,-1.));
#9081=DIRECTION('center_axis',(0.,0.,1.));
#9082=DIRECTION('ref_axis',(0.998329958411744,-0.0577693183065722,0.));
#9083=DIRECTION('center_axis',(0.,0.,-1.));
#9084=DIRECTION('ref_axis',(0.744531910306018,-0.667586874149029,0.));
#9085=DIRECTION('',(0.,0.,-1.));
#9086=DIRECTION('center_axis',(0.,0.,1.));
#9087=DIRECTION('ref_axis',(0.744531910306018,-0.667586874149029,0.));
#9088=DIRECTION('center_axis',(0.,0.,-1.));
#9089=DIRECTION('ref_axis',(0.236812467920885,-0.971555379295087,0.));
#9090=DIRECTION('',(0.,0.,-1.));
#9091=DIRECTION('center_axis',(0.,0.,1.));
#9092=DIRECTION('ref_axis',(0.236812467920885,-0.971555379295087,0.));
#9093=DIRECTION('center_axis',(-2.0589541356586E-15,-1.,0.));
#9094=DIRECTION('ref_axis',(0.,0.,-1.));
#9095=DIRECTION('',(0.,0.,-1.));
#9096=DIRECTION('',(1.,-2.0589541356586E-15,0.));
#9097=DIRECTION('center_axis',(-1.,2.0589541356586E-15,0.));
#9098=DIRECTION('ref_axis',(0.,0.,-1.));
#9099=DIRECTION('',(0.,0.,-1.));
#9100=DIRECTION('',(-2.0589541356586E-15,-1.,0.));
#9101=DIRECTION('center_axis',(2.0589541356586E-15,1.,0.));
#9102=DIRECTION('ref_axis',(0.,0.,1.));
#9103=DIRECTION('',(0.,0.,-1.));
#9104=DIRECTION('',(-1.,2.0589541356586E-15,0.));
#9105=DIRECTION('center_axis',(0.,0.,1.));
#9106=DIRECTION('ref_axis',(1.,-1.87526318258524E-15,0.));
#9107=DIRECTION('center_axis',(0.,0.,-1.));
#9108=DIRECTION('ref_axis',(0.231620527226606,-0.97280621470428,0.));
#9109=DIRECTION('center_axis',(0.,0.,-1.));
#9110=DIRECTION('ref_axis',(0.231620527226606,-0.97280621470428,0.));
#9111=DIRECTION('center_axis',(0.,0.,-1.));
#9112=DIRECTION('ref_axis',(-2.0589541356586E-15,-1.,0.));
#9113=DIRECTION('center_axis',(-2.20273657295567E-30,-1.13610222371245E-32,
-1.));
#9114=DIRECTION('ref_axis',(-2.0589541356586E-15,-1.,0.));
#9115=DIRECTION('center_axis',(0.,0.,1.));
#9116=DIRECTION('ref_axis',(-2.0589541356586E-15,-1.,0.));
#9117=DIRECTION('center_axis',(0.,0.,1.));
#9118=DIRECTION('ref_axis',(1.,-1.87526318258524E-15,0.));
#9119=DIRECTION('center_axis',(2.20273657295567E-30,1.13610222371245E-32,
1.));
#9120=DIRECTION('ref_axis',(1.,-9.79685083057902E-16,-2.20273657295567E-30));
#9121=DIRECTION('center_axis',(2.20273657295567E-30,1.13610222371245E-32,
1.));
#9122=DIRECTION('ref_axis',(1.,-9.79685083057902E-16,-2.20273657295567E-30));
#9123=DIRECTION('center_axis',(2.20273657295567E-30,1.13610222371245E-32,
1.));
#9124=DIRECTION('ref_axis',(0.231620527226606,-0.97280621470428,0.));
#9125=DIRECTION('',(1.,-2.0589541356586E-15,-2.20273657295567E-30));
#9126=DIRECTION('',(2.0589541356586E-15,1.,-1.1361022237129E-32));
#9127=DIRECTION('',(-1.,2.0589541356586E-15,2.20273657295567E-30));
#9128=DIRECTION('center_axis',(-2.20273657295567E-30,-1.13610222371245E-32,
-1.));
#9129=DIRECTION('ref_axis',(0.236812467927453,-0.971555379293486,0.));
#9130=DIRECTION('center_axis',(-2.20273657295567E-30,-1.13610222371245E-32,
-1.));
#9131=DIRECTION('ref_axis',(0.744531910211555,-0.66758687425438,0.));
#9132=DIRECTION('center_axis',(-2.20273657295567E-30,-1.13610222371245E-32,
-1.));
#9133=DIRECTION('ref_axis',(0.998329958414882,-0.057769318252341,0.));
#9134=DIRECTION('center_axis',(-2.20273657295567E-30,-1.13610222371245E-32,
-1.));
#9135=DIRECTION('ref_axis',(0.843661487717417,0.536875492216245,0.));
#9136=DIRECTION('',(-1.,2.0589541356586E-15,2.20273657295567E-30));
#9137=DIRECTION('',(-2.0589541356586E-15,-1.,1.1361022237129E-32));
#9138=DIRECTION('',(1.,-2.0589541356586E-15,-2.20273657295567E-30));
#9139=DIRECTION('',(2.0589541356586E-15,1.,-1.1361022237129E-32));
#9140=DIRECTION('',(-1.,2.0589541356586E-15,2.20273657295567E-30));
#9141=DIRECTION('center_axis',(2.20273657295567E-30,1.13610222371245E-32,
1.));
#9142=DIRECTION('ref_axis',(0.515110309861257,0.857123893421855,0.));
#9143=DIRECTION('center_axis',(2.20273657295567E-30,1.13610222371245E-32,
1.));
#9144=DIRECTION('ref_axis',(0.986725053283515,-0.162399720512827,0.));
#9145=DIRECTION('center_axis',(0.,0.,-1.));
#9146=DIRECTION('ref_axis',(0.843661487717417,0.536875492216245,0.));
#9147=DIRECTION('',(0.,0.,-1.));
#9148=DIRECTION('center_axis',(0.,0.,1.));
#9149=DIRECTION('ref_axis',(0.843661487717417,0.536875492216245,0.));
#9150=DIRECTION('',(0.,0.,-1.));
#9151=DIRECTION('center_axis',(0.,0.,-1.));
#9152=DIRECTION('ref_axis',(0.998329958414882,-0.057769318252341,0.));
#9153=DIRECTION('',(0.,0.,-1.));
#9154=DIRECTION('center_axis',(0.,0.,1.));
#9155=DIRECTION('ref_axis',(0.998329958414882,-0.057769318252341,0.));
#9156=DIRECTION('center_axis',(0.,0.,-1.));
#9157=DIRECTION('ref_axis',(0.744531910211555,-0.66758687425438,0.));
#9158=DIRECTION('',(0.,0.,-1.));
#9159=DIRECTION('center_axis',(0.,0.,1.));
#9160=DIRECTION('ref_axis',(0.744531910211555,-0.66758687425438,0.));
#9161=DIRECTION('center_axis',(0.,0.,-1.));
#9162=DIRECTION('ref_axis',(0.236812467927453,-0.971555379293486,0.));
#9163=DIRECTION('',(0.,0.,-1.));
#9164=DIRECTION('center_axis',(0.,0.,1.));
#9165=DIRECTION('ref_axis',(0.236812467927453,-0.971555379293486,0.));
#9166=DIRECTION('center_axis',(-2.0589541356586E-15,-1.,0.));
#9167=DIRECTION('ref_axis',(0.,0.,-1.));
#9168=DIRECTION('',(0.,0.,-1.));
#9169=DIRECTION('',(1.,-2.0589541356586E-15,0.));
#9170=DIRECTION('center_axis',(-1.,2.0589541356586E-15,0.));
#9171=DIRECTION('ref_axis',(0.,0.,-1.));
#9172=DIRECTION('',(0.,0.,-1.));
#9173=DIRECTION('',(-2.0589541356586E-15,-1.,0.));
#9174=DIRECTION('center_axis',(2.0589541356586E-15,1.,0.));
#9175=DIRECTION('ref_axis',(0.,0.,1.));
#9176=DIRECTION('',(0.,0.,-1.));
#9177=DIRECTION('',(-1.,2.0589541356586E-15,0.));
#9178=DIRECTION('center_axis',(0.,0.,-1.));
#9179=DIRECTION('ref_axis',(0.231620527226606,-0.97280621470428,0.));
#9180=DIRECTION('',(0.,0.,-1.));
#9181=DIRECTION('center_axis',(0.,0.,-1.));
#9182=DIRECTION('ref_axis',(0.231620527226606,-0.97280621470428,0.));
#9183=DIRECTION('center_axis',(0.,0.,-1.));
#9184=DIRECTION('ref_axis',(0.986725053283515,-0.162399720512827,0.));
#9185=DIRECTION('',(0.,0.,-1.));
#9186=DIRECTION('center_axis',(0.,0.,-1.));
#9187=DIRECTION('ref_axis',(0.986725053283515,-0.162399720512827,0.));
#9188=DIRECTION('center_axis',(0.,0.,-1.));
#9189=DIRECTION('ref_axis',(0.515110309861257,0.857123893421855,0.));
#9190=DIRECTION('',(0.,0.,-1.));
#9191=DIRECTION('center_axis',(0.,0.,-1.));
#9192=DIRECTION('ref_axis',(0.515110309861257,0.857123893421855,0.));
#9193=DIRECTION('center_axis',(-2.0589541356586E-15,-1.,0.));
#9194=DIRECTION('ref_axis',(0.,0.,-1.));
#9195=DIRECTION('',(0.,0.,-1.));
#9196=DIRECTION('',(1.,-2.0589541356586E-15,0.));
#9197=DIRECTION('center_axis',(-1.,2.0589541356586E-15,0.));
#9198=DIRECTION('ref_axis',(0.,0.,-1.));
#9199=DIRECTION('',(0.,0.,-1.));
#9200=DIRECTION('',(-2.0589541356586E-15,-1.,0.));
#9201=DIRECTION('center_axis',(2.0589541356586E-15,1.,0.));
#9202=DIRECTION('ref_axis',(0.,0.,1.));
#9203=DIRECTION('',(0.,0.,-1.));
#9204=DIRECTION('',(-1.,2.0589541356586E-15,0.));
#9205=DIRECTION('center_axis',(1.,-2.0589541356586E-15,0.));
#9206=DIRECTION('ref_axis',(0.,0.,1.));
#9207=DIRECTION('',(0.,0.,-1.));
#9208=DIRECTION('',(2.0589541356586E-15,1.,0.));
#9209=DIRECTION('center_axis',(0.,0.,1.));
#9210=DIRECTION('ref_axis',(1.,-1.87526318258524E-15,0.));
#9211=DIRECTION('',(1.,-2.0589541356586E-15,0.));
#9212=DIRECTION('center_axis',(-2.0589541356586E-15,-1.,0.));
#9213=DIRECTION('ref_axis',(0.,0.,-1.));
#9214=DIRECTION('center_axis',(-2.0589541356586E-15,-1.,0.));
#9215=DIRECTION('ref_axis',(0.,0.,-1.));
#9216=DIRECTION('',(-1.,2.0589541356586E-15,2.20273657295567E-30));
#9217=DIRECTION('',(0.,0.,-1.));
#9218=DIRECTION('',(1.,-2.0589541356586E-15,0.));
#9219=DIRECTION('',(0.,0.,-1.));
#9220=DIRECTION('center_axis',(0.,0.,1.));
#9221=DIRECTION('ref_axis',(1.,-1.87526318258524E-15,0.));
#9222=DIRECTION('',(-1.,2.0589541356586E-15,0.));
#9223=DIRECTION('',(2.0589541356586E-15,1.,0.));
#9224=DIRECTION('',(-2.0589541356586E-15,-1.,0.));
#9225=DIRECTION('center_axis',(1.,-2.0589541356586E-15,0.));
#9226=DIRECTION('ref_axis',(0.,0.,1.));
#9227=DIRECTION('',(-2.0589541356586E-15,-1.,1.1361022237129E-32));
#9228=DIRECTION('',(0.,0.,-1.));
#9229=DIRECTION('center_axis',(2.0589541356586E-15,1.,0.));
#9230=DIRECTION('ref_axis',(0.,0.,1.));
#9231=DIRECTION('',(1.,-2.0589541356586E-15,-2.20273657295567E-30));
#9232=DIRECTION('',(0.,0.,-1.));
#9233=DIRECTION('center_axis',(-1.,2.0589541356586E-15,0.));
#9234=DIRECTION('ref_axis',(0.,0.,-1.));
#9235=DIRECTION('',(2.0589541356586E-15,1.,-1.1361022237129E-32));
#9236=DIRECTION('center_axis',(2.20273657295567E-30,1.13610222371245E-32,
1.));
#9237=DIRECTION('ref_axis',(1.,-9.79685083057902E-16,-2.20273657295567E-30));
#9238=DIRECTION('center_axis',(2.20273657295567E-30,1.13610222371245E-32,
1.));
#9239=DIRECTION('ref_axis',(1.,-9.79685083057902E-16,-2.20273657295567E-30));
#9240=DIRECTION('',(1.,-2.0589541356586E-15,-2.20273657295567E-30));
#9241=DIRECTION('',(-2.0589541356586E-15,-1.,1.1361022237129E-32));
#9242=DIRECTION('',(1.,-2.0589541356586E-15,-2.20273657295567E-30));
#9243=DIRECTION('',(2.0589541356586E-15,1.,-1.1361022237129E-32));
#9244=DIRECTION('',(1.,-2.0589541356586E-15,-2.20273657295567E-30));
#9245=DIRECTION('',(2.0589541356586E-15,1.,-1.1361022237129E-32));
#9246=DIRECTION('',(-1.,2.0589541356586E-15,2.20273657295567E-30));
#9247=DIRECTION('',(2.0589541356586E-15,1.,-1.1361022237129E-32));
#9248=DIRECTION('',(-1.,2.0589541356586E-15,2.20273657295567E-30));
#9249=DIRECTION('',(-2.0589541356586E-15,-1.,1.1361022237129E-32));
#9250=DIRECTION('',(-1.,2.0589541356586E-15,2.20273657295567E-30));
#9251=DIRECTION('center_axis',(2.20273657295567E-30,1.13610222371245E-32,
1.));
#9252=DIRECTION('ref_axis',(0.177563345912702,0.984109373082223,0.));
#9253=DIRECTION('center_axis',(2.20273657295567E-30,1.13610222371245E-32,
1.));
#9254=DIRECTION('ref_axis',(0.859522989688275,0.511097084903963,0.));
#9255=DIRECTION('center_axis',(2.20273657295567E-30,1.13610222371245E-32,
1.));
#9256=DIRECTION('ref_axis',(0.974428800283742,-0.224696491244494,0.));
#9257=DIRECTION('',(-1.,2.0589541356586E-15,2.20273657295567E-30));
#9258=DIRECTION('center_axis',(-2.20273657295567E-30,-1.13610222371245E-32,
-1.));
#9259=DIRECTION('ref_axis',(0.971910234092347,-0.235351857580432,0.));
#9260=DIRECTION('center_axis',(-2.20273657295567E-30,-1.13610222371245E-32,
-1.));
#9261=DIRECTION('ref_axis',(0.969172500805283,0.246383164365657,0.));
#9262=DIRECTION('center_axis',(-2.20273657295567E-30,-1.13610222371245E-32,
-1.));
#9263=DIRECTION('ref_axis',(0.766270793304727,0.642517759542991,0.));
#9264=DIRECTION('center_axis',(-2.20273657295567E-30,-1.13610222371245E-32,
-1.));
#9265=DIRECTION('ref_axis',(0.344254649178149,0.938876315879376,0.));
#9266=DIRECTION('center_axis',(1.,-2.0589541356586E-15,0.));
#9267=DIRECTION('ref_axis',(0.,0.,1.));
#9268=DIRECTION('',(0.,0.,-1.));
#9269=DIRECTION('',(2.0589541356586E-15,1.,0.));
#9270=DIRECTION('',(0.,0.,-1.));
#9271=DIRECTION('center_axis',(-2.0589541356586E-15,-1.,0.));
#9272=DIRECTION('ref_axis',(0.,0.,-1.));
#9273=DIRECTION('',(0.,0.,-1.));
#9274=DIRECTION('',(1.,-2.0589541356586E-15,0.));
#9275=DIRECTION('center_axis',(-1.,2.0589541356586E-15,0.));
#9276=DIRECTION('ref_axis',(0.,0.,-1.));
#9277=DIRECTION('',(0.,0.,-1.));
#9278=DIRECTION('',(-2.0589541356586E-15,-1.,0.));
#9279=DIRECTION('center_axis',(-2.0589541356586E-15,-1.,0.));
#9280=DIRECTION('ref_axis',(0.,0.,-1.));
#9281=DIRECTION('',(0.,0.,-1.));
#9282=DIRECTION('',(1.,-2.0589541356586E-15,0.));
#9283=DIRECTION('center_axis',(-1.,2.0589541356586E-15,0.));
#9284=DIRECTION('ref_axis',(0.,0.,-1.));
#9285=DIRECTION('',(0.,0.,-1.));
#9286=DIRECTION('',(-2.0589541356586E-15,-1.,0.));
#9287=DIRECTION('center_axis',(2.0589541356586E-15,1.,0.));
#9288=DIRECTION('ref_axis',(0.,0.,1.));
#9289=DIRECTION('',(0.,0.,-1.));
#9290=DIRECTION('',(-1.,2.0589541356586E-15,0.));
#9291=DIRECTION('center_axis',(-1.,2.0589541356586E-15,0.));
#9292=DIRECTION('ref_axis',(0.,0.,-1.));
#9293=DIRECTION('',(0.,0.,-1.));
#9294=DIRECTION('',(-2.0589541356586E-15,-1.,0.));
#9295=DIRECTION('center_axis',(2.0589541356586E-15,1.,0.));
#9296=DIRECTION('ref_axis',(0.,0.,1.));
#9297=DIRECTION('',(0.,0.,-1.));
#9298=DIRECTION('',(-1.,2.0589541356586E-15,0.));
#9299=DIRECTION('center_axis',(1.,-2.0589541356586E-15,0.));
#9300=DIRECTION('ref_axis',(0.,0.,1.));
#9301=DIRECTION('',(0.,0.,-1.));
#9302=DIRECTION('',(2.0589541356586E-15,1.,0.));
#9303=DIRECTION('center_axis',(2.0589541356586E-15,1.,0.));
#9304=DIRECTION('ref_axis',(0.,0.,1.));
#9305=DIRECTION('',(0.,0.,-1.));
#9306=DIRECTION('',(-1.,2.0589541356586E-15,0.));
#9307=DIRECTION('center_axis',(0.,0.,-1.));
#9308=DIRECTION('ref_axis',(0.344254649178149,0.938876315879376,0.));
#9309=DIRECTION('',(0.,0.,-1.));
#9310=DIRECTION('center_axis',(0.,0.,1.));
#9311=DIRECTION('ref_axis',(0.344254649178149,0.938876315879376,0.));
#9312=DIRECTION('center_axis',(0.,0.,-1.));
#9313=DIRECTION('ref_axis',(0.766270793304727,0.642517759542991,0.));
#9314=DIRECTION('',(0.,0.,-1.));
#9315=DIRECTION('center_axis',(0.,0.,1.));
#9316=DIRECTION('ref_axis',(0.766270793304727,0.642517759542991,0.));
#9317=DIRECTION('center_axis',(0.,0.,-1.));
#9318=DIRECTION('ref_axis',(0.969172500805283,0.246383164365657,0.));
#9319=DIRECTION('',(0.,0.,-1.));
#9320=DIRECTION('center_axis',(0.,0.,1.));
#9321=DIRECTION('ref_axis',(0.969172500805283,0.246383164365657,0.));
#9322=DIRECTION('center_axis',(0.,0.,-1.));
#9323=DIRECTION('ref_axis',(0.971910234092347,-0.235351857580432,0.));
#9324=DIRECTION('',(0.,0.,-1.));
#9325=DIRECTION('center_axis',(0.,0.,1.));
#9326=DIRECTION('ref_axis',(0.971910234092347,-0.235351857580432,0.));
#9327=DIRECTION('center_axis',(-2.0589541356586E-15,-1.,0.));
#9328=DIRECTION('ref_axis',(0.,0.,-1.));
#9329=DIRECTION('',(0.,0.,-1.));
#9330=DIRECTION('',(1.,-2.0589541356586E-15,0.));
#9331=DIRECTION('center_axis',(0.,0.,-1.));
#9332=DIRECTION('ref_axis',(0.974428800283742,-0.224696491244494,0.));
#9333=DIRECTION('',(0.,0.,-1.));
#9334=DIRECTION('center_axis',(0.,0.,-1.));
#9335=DIRECTION('ref_axis',(0.974428800283742,-0.224696491244494,0.));
#9336=DIRECTION('center_axis',(0.,0.,-1.));
#9337=DIRECTION('ref_axis',(0.859522989688275,0.511097084903963,0.));
#9338=DIRECTION('',(0.,0.,-1.));
#9339=DIRECTION('center_axis',(0.,0.,-1.));
#9340=DIRECTION('ref_axis',(0.859522989688275,0.511097084903963,0.));
#9341=DIRECTION('center_axis',(0.,0.,-1.));
#9342=DIRECTION('ref_axis',(0.177563345912702,0.984109373082223,0.));
#9343=DIRECTION('',(0.,0.,-1.));
#9344=DIRECTION('center_axis',(0.,0.,-1.));
#9345=DIRECTION('ref_axis',(0.177563345912702,0.984109373082223,0.));
#9346=DIRECTION('center_axis',(0.,0.,1.));
#9347=DIRECTION('ref_axis',(1.,-1.87526318258524E-15,0.));
#9348=DIRECTION('',(1.,-2.0589541356586E-15,0.));
#9349=DIRECTION('center_axis',(-2.0589541356586E-15,-1.,0.));
#9350=DIRECTION('ref_axis',(0.,0.,-1.));
#9351=DIRECTION('center_axis',(0.,0.,1.));
#9352=DIRECTION('ref_axis',(1.,-1.87526318258524E-15,0.));
#9353=DIRECTION('',(-1.,2.0589541356586E-15,0.));
#9354=DIRECTION('',(2.0589541356586E-15,1.,0.));
#9355=DIRECTION('',(1.,-2.0589541356586E-15,0.));
#9356=DIRECTION('',(-2.0589541356586E-15,-1.,0.));
#9357=DIRECTION('center_axis',(-1.,2.0589541356586E-15,0.));
#9358=DIRECTION('ref_axis',(0.,0.,-1.));
#9359=DIRECTION('',(2.0589541356586E-15,1.,-1.1361022237129E-32));
#9360=DIRECTION('',(0.,0.,-1.));
#9361=DIRECTION('',(0.,0.,-1.));
#9362=DIRECTION('center_axis',(-2.0589541356586E-15,-1.,0.));
#9363=DIRECTION('ref_axis',(0.,0.,-1.));
#9364=DIRECTION('',(-1.,2.0589541356586E-15,2.20273657295567E-30));
#9365=DIRECTION('',(0.,0.,-1.));
#9366=DIRECTION('center_axis',(1.,-2.0589541356586E-15,0.));
#9367=DIRECTION('ref_axis',(0.,0.,1.));
#9368=DIRECTION('',(-2.0589541356586E-15,-1.,1.1361022237129E-32));
#9369=DIRECTION('',(0.,0.,-1.));
#9370=DIRECTION('center_axis',(2.0589541356586E-15,1.,0.));
#9371=DIRECTION('ref_axis',(0.,0.,1.));
#9372=DIRECTION('',(1.,-2.0589541356586E-15,-2.20273657295567E-30));
#9373=DIRECTION('center_axis',(2.20273657295567E-30,1.13610222371245E-32,
1.));
#9374=DIRECTION('ref_axis',(1.,-9.79685083057902E-16,-2.20273657295567E-30));
#9375=DIRECTION('center_axis',(2.20273657295567E-30,1.13610222371245E-32,
1.));
#9376=DIRECTION('ref_axis',(1.,-9.79685083057902E-16,-2.20273657295567E-30));
#9377=DIRECTION('center_axis',(-2.20273657295567E-30,-1.13610222371245E-32,
-1.));
#9378=DIRECTION('ref_axis',(0.28564629411478,0.958335116052048,0.));
#9379=DIRECTION('center_axis',(-2.20273657295567E-30,-1.13610222371245E-32,
-1.));
#9380=DIRECTION('ref_axis',(0.0649394320776904,0.997889207357925,0.));
#9381=DIRECTION('center_axis',(-2.20273657295567E-30,-1.13610222371245E-32,
-1.));
#9382=DIRECTION('ref_axis',(-0.153102994545876,0.988210237278022,0.));
#9383=DIRECTION('center_axis',(-2.20273657295567E-30,-1.13610222371245E-32,
-1.));
#9384=DIRECTION('ref_axis',(-0.530200242265899,0.847872456859628,0.));
#9385=DIRECTION('center_axis',(-2.20273657295567E-30,-1.13610222371245E-32,
-1.));
#9386=DIRECTION('ref_axis',(-0.764720301662722,0.644362367169961,0.));
#9387=DIRECTION('center_axis',(-2.20273657295567E-30,-1.13610222371245E-32,
-1.));
#9388=DIRECTION('ref_axis',(-0.958763303041139,0.284205785904588,0.));
#9389=DIRECTION('center_axis',(-2.20273657295567E-30,-1.13610222371245E-32,
-1.));
#9390=DIRECTION('ref_axis',(-0.989359135354139,-0.145493990567687,0.));
#9391=DIRECTION('center_axis',(-2.20273657295567E-30,-1.13610222371245E-32,
-1.));
#9392=DIRECTION('ref_axis',(-0.838604165583927,-0.544741272041402,0.));
#9393=DIRECTION('',(-0.719311269184996,0.694687914119333,1.57656087513278E-30));
#9394=DIRECTION('center_axis',(-2.20273657295567E-30,-1.13610222371245E-32,
-1.));
#9395=DIRECTION('ref_axis',(-0.358911239884258,-0.933371695459394,0.));
#9396=DIRECTION('',(-1.,2.0589541356586E-15,2.20273657295567E-30));
#9397=DIRECTION('',(-2.0589541356586E-15,-1.,1.1361022237129E-32));
#9398=DIRECTION('',(0.997057160944773,-0.0766617101867021,-2.19538331834624E-30));
#9399=DIRECTION('center_axis',(2.20273657295567E-30,1.13610222371245E-32,
1.));
#9400=DIRECTION('ref_axis',(-0.230506191929479,-0.973070858407634,0.));
#9401=DIRECTION('center_axis',(2.20273657295567E-30,1.13610222371245E-32,
1.));
#9402=DIRECTION('ref_axis',(-0.686698641470337,-0.726942209396863,0.));
#9403=DIRECTION('center_axis',(2.20273657295567E-30,1.13610222371245E-32,
1.));
#9404=DIRECTION('ref_axis',(-0.989646076347273,-0.143529242910449,0.));
#9405=DIRECTION('center_axis',(2.20273657295567E-30,1.13610222371245E-32,
1.));
#9406=DIRECTION('ref_axis',(-0.707106781120308,0.707106781252787,0.));
#9407=DIRECTION('center_axis',(2.20273657295567E-30,1.13610222371245E-32,
1.));
#9408=DIRECTION('ref_axis',(-0.269932160550704,0.962879342752989,0.));
#9409=DIRECTION('center_axis',(2.20273657295567E-30,1.13610222371245E-32,
1.));
#9410=DIRECTION('ref_axis',(-0.0322412940182824,0.999480114339463,0.));
#9411=DIRECTION('',(2.0589541356586E-15,1.,-1.1361022237129E-32));
#9412=DIRECTION('',(-1.,2.0589541356586E-15,2.20273657295567E-30));
#9413=DIRECTION('center_axis',(-2.20273657295567E-30,-1.13610222371245E-32,
-1.));
#9414=DIRECTION('ref_axis',(0.108059180742768,-0.994144463072245,0.));
#9415=DIRECTION('center_axis',(-2.20273657295567E-30,-1.13610222371245E-32,
-1.));
#9416=DIRECTION('ref_axis',(0.434749065798513,-0.900551636380346,0.));
#9417=DIRECTION('center_axis',(-2.20273657295567E-30,-1.13610222371245E-32,
-1.));
#9418=DIRECTION('ref_axis',(0.853784448352773,-0.52062665678099,0.));
#9419=DIRECTION('center_axis',(-2.20273657295567E-30,-1.13610222371245E-32,
-1.));
#9420=DIRECTION('ref_axis',(0.99924024190338,-0.0389735674640574,0.));
#9421=DIRECTION('center_axis',(-2.20273657295567E-30,-1.13610222371245E-32,
-1.));
#9422=DIRECTION('ref_axis',(0.797541611542878,0.603263937143262,0.));
#9423=DIRECTION('',(1.,-2.0589541356586E-15,-2.20273657295567E-30));
#9424=DIRECTION('',(-2.0589541356586E-15,-1.,1.1361022237129E-32));
#9425=DIRECTION('center_axis',(2.20273657295567E-30,1.13610222371245E-32,
1.));
#9426=DIRECTION('ref_axis',(0.0766964989915815,0.997054485493363,0.));
#9427=DIRECTION('center_axis',(2.20273657295567E-30,1.13610222371245E-32,
1.));
#9428=DIRECTION('ref_axis',(0.465746432728847,0.884918222436601,0.));
#9429=DIRECTION('center_axis',(2.20273657295567E-30,1.13610222371245E-32,
1.));
#9430=DIRECTION('ref_axis',(0.915421967363396,0.4024954927307,0.));
#9431=DIRECTION('center_axis',(2.20273657295567E-30,1.13610222371245E-32,
1.));
#9432=DIRECTION('ref_axis',(0.971642155340627,-0.236456173455083,0.));
#9433=DIRECTION('center_axis',(2.20273657295567E-30,1.13610222371245E-32,
1.));
#9434=DIRECTION('ref_axis',(0.628736424015264,-0.777618485580492,0.));
#9435=DIRECTION('center_axis',(2.20273657295567E-30,1.13610222371245E-32,
1.));
#9436=DIRECTION('ref_axis',(0.187419360025661,-0.982279992409278,0.));
#9437=DIRECTION('center_axis',(0.,0.,-1.));
#9438=DIRECTION('ref_axis',(0.915421967363396,0.4024954927307,0.));
#9439=DIRECTION('',(0.,0.,-1.));
#9440=DIRECTION('center_axis',(0.,0.,-1.));
#9441=DIRECTION('ref_axis',(0.915421967363396,0.4024954927307,0.));
#9442=DIRECTION('',(0.,0.,-1.));
#9443=DIRECTION('center_axis',(0.,0.,-1.));
#9444=DIRECTION('ref_axis',(0.465746432728847,0.884918222436601,0.));
#9445=DIRECTION('',(0.,0.,-1.));
#9446=DIRECTION('center_axis',(0.,0.,-1.));
#9447=DIRECTION('ref_axis',(0.465746432728847,0.884918222436601,0.));
#9448=DIRECTION('center_axis',(0.,0.,-1.));
#9449=DIRECTION('ref_axis',(0.0766964989915815,0.997054485493363,0.));
#9450=DIRECTION('',(0.,0.,-1.));
#9451=DIRECTION('center_axis',(0.,0.,-1.));
#9452=DIRECTION('ref_axis',(0.0766964989915815,0.997054485493363,0.));
#9453=DIRECTION('center_axis',(1.,-2.0589541356586E-15,0.));
#9454=DIRECTION('ref_axis',(0.,0.,1.));
#9455=DIRECTION('',(0.,0.,-1.));
#9456=DIRECTION('',(2.0589541356586E-15,1.,0.));
#9457=DIRECTION('center_axis',(0.,0.,-1.));
#9458=DIRECTION('ref_axis',(-0.230506191929479,-0.973070858407634,0.));
#9459=DIRECTION('',(0.,0.,-1.));
#9460=DIRECTION('center_axis',(0.,0.,-1.));
#9461=DIRECTION('ref_axis',(-0.230506191929479,-0.973070858407634,0.));
#9462=DIRECTION('',(0.,0.,-1.));
#9463=DIRECTION('center_axis',(0.0766617101867021,0.997057160944773,0.));
#9464=DIRECTION('ref_axis',(0.,0.,1.));
#9465=DIRECTION('',(0.,0.,-1.));
#9466=DIRECTION('',(-0.997057160944773,0.0766617101867022,0.));
#9467=DIRECTION('center_axis',(1.,-2.0589541356586E-15,0.));
#9468=DIRECTION('ref_axis',(0.,0.,1.));
#9469=DIRECTION('',(0.,0.,-1.));
#9470=DIRECTION('',(2.0589541356586E-15,1.,0.));
#9471=DIRECTION('center_axis',(-2.0589541356586E-15,-1.,0.));
#9472=DIRECTION('ref_axis',(0.,0.,-1.));
#9473=DIRECTION('',(0.,0.,-1.));
#9474=DIRECTION('',(1.,-2.0589541356586E-15,0.));
#9475=DIRECTION('center_axis',(0.,0.,-1.));
#9476=DIRECTION('ref_axis',(-0.358911239884258,-0.933371695459394,0.));
#9477=DIRECTION('',(0.,0.,-1.));
#9478=DIRECTION('center_axis',(0.,0.,1.));
#9479=DIRECTION('ref_axis',(-0.358911239884258,-0.933371695459394,0.));
#9480=DIRECTION('center_axis',(-0.694687914119333,-0.719311269184996,0.));
#9481=DIRECTION('ref_axis',(0.,0.,-1.));
#9482=DIRECTION('',(0.,0.,-1.));
#9483=DIRECTION('',(0.719311269184996,-0.694687914119333,0.));
#9484=DIRECTION('center_axis',(0.,0.,-1.));
#9485=DIRECTION('ref_axis',(-0.838604165583927,-0.544741272041402,0.));
#9486=DIRECTION('',(0.,0.,-1.));
#9487=DIRECTION('center_axis',(0.,0.,1.));
#9488=DIRECTION('ref_axis',(-0.838604165583927,-0.544741272041402,0.));
#9489=DIRECTION('center_axis',(0.,0.,-1.));
#9490=DIRECTION('ref_axis',(-0.989359135354139,-0.145493990567687,0.));
#9491=DIRECTION('',(0.,0.,-1.));
#9492=DIRECTION('center_axis',(0.,0.,1.));
#9493=DIRECTION('ref_axis',(-0.989359135354139,-0.145493990567687,0.));
#9494=DIRECTION('center_axis',(0.,0.,-1.));
#9495=DIRECTION('ref_axis',(-0.958763303041139,0.284205785904588,0.));
#9496=DIRECTION('',(0.,0.,-1.));
#9497=DIRECTION('center_axis',(0.,0.,1.));
#9498=DIRECTION('ref_axis',(-0.958763303041139,0.284205785904588,0.));
#9499=DIRECTION('center_axis',(0.,0.,-1.));
#9500=DIRECTION('ref_axis',(-0.764720301662722,0.644362367169961,0.));
#9501=DIRECTION('',(0.,0.,-1.));
#9502=DIRECTION('center_axis',(0.,0.,1.));
#9503=DIRECTION('ref_axis',(-0.764720301662722,0.644362367169961,0.));
#9504=DIRECTION('center_axis',(0.,0.,-1.));
#9505=DIRECTION('ref_axis',(-0.530200242265899,0.847872456859628,0.));
#9506=DIRECTION('',(0.,0.,-1.));
#9507=DIRECTION('center_axis',(0.,0.,1.));
#9508=DIRECTION('ref_axis',(-0.530200242265899,0.847872456859628,0.));
#9509=DIRECTION('center_axis',(0.,0.,-1.));
#9510=DIRECTION('ref_axis',(-0.153102994545876,0.988210237278022,0.));
#9511=DIRECTION('',(0.,0.,-1.));
#9512=DIRECTION('center_axis',(0.,0.,1.));
#9513=DIRECTION('ref_axis',(-0.153102994545876,0.988210237278022,0.));
#9514=DIRECTION('center_axis',(0.,0.,-1.));
#9515=DIRECTION('ref_axis',(0.0649394320776904,0.997889207357925,0.));
#9516=DIRECTION('',(0.,0.,-1.));
#9517=DIRECTION('center_axis',(0.,0.,1.));
#9518=DIRECTION('ref_axis',(0.0649394320776904,0.997889207357925,0.));
#9519=DIRECTION('center_axis',(2.0589541356586E-15,1.,0.));
#9520=DIRECTION('ref_axis',(0.,0.,1.));
#9521=DIRECTION('',(0.,0.,-1.));
#9522=DIRECTION('',(-1.,2.0589541356586E-15,0.));
#9523=DIRECTION('center_axis',(0.,0.,-1.));
#9524=DIRECTION('ref_axis',(0.187419360025661,-0.982279992409278,0.));
#9525=DIRECTION('',(0.,0.,-1.));
#9526=DIRECTION('center_axis',(0.,0.,-1.));
#9527=DIRECTION('ref_axis',(0.187419360025661,-0.982279992409278,0.));
#9528=DIRECTION('center_axis',(0.,0.,-1.));
#9529=DIRECTION('ref_axis',(0.628736424015264,-0.777618485580492,0.));
#9530=DIRECTION('',(0.,0.,-1.));
#9531=DIRECTION('center_axis',(0.,0.,-1.));
#9532=DIRECTION('ref_axis',(0.628736424015264,-0.777618485580492,0.));
#9533=DIRECTION('center_axis',(0.,0.,-1.));
#9534=DIRECTION('ref_axis',(0.971642155340627,-0.236456173455083,0.));
#9535=DIRECTION('center_axis',(0.,0.,-1.));
#9536=DIRECTION('ref_axis',(0.971642155340627,-0.236456173455083,0.));
#9537=DIRECTION('center_axis',(0.,0.,-1.));
#9538=DIRECTION('ref_axis',(0.28564629411478,0.958335116052048,0.));
#9539=DIRECTION('',(0.,0.,-1.));
#9540=DIRECTION('center_axis',(0.,0.,1.));
#9541=DIRECTION('ref_axis',(0.28564629411478,0.958335116052048,0.));
#9542=DIRECTION('center_axis',(0.,0.,-1.));
#9543=DIRECTION('ref_axis',(0.797541611542878,0.603263937143262,0.));
#9544=DIRECTION('',(0.,0.,-1.));
#9545=DIRECTION('center_axis',(0.,0.,1.));
#9546=DIRECTION('ref_axis',(0.797541611542878,0.603263937143262,0.));
#9547=DIRECTION('center_axis',(0.,0.,-1.));
#9548=DIRECTION('ref_axis',(0.99924024190338,-0.0389735674640574,0.));
#9549=DIRECTION('',(0.,0.,-1.));
#9550=DIRECTION('center_axis',(0.,0.,1.));
#9551=DIRECTION('ref_axis',(0.99924024190338,-0.0389735674640574,0.));
#9552=DIRECTION('center_axis',(0.,0.,-1.));
#9553=DIRECTION('ref_axis',(0.853784448352773,-0.52062665678099,0.));
#9554=DIRECTION('',(0.,0.,-1.));
#9555=DIRECTION('center_axis',(0.,0.,1.));
#9556=DIRECTION('ref_axis',(0.853784448352773,-0.52062665678099,0.));
#9557=DIRECTION('center_axis',(0.,0.,-1.));
#9558=DIRECTION('ref_axis',(0.434749065798513,-0.900551636380346,0.));
#9559=DIRECTION('',(0.,0.,-1.));
#9560=DIRECTION('center_axis',(0.,0.,1.));
#9561=DIRECTION('ref_axis',(0.434749065798513,-0.900551636380346,0.));
#9562=DIRECTION('center_axis',(0.,0.,-1.));
#9563=DIRECTION('ref_axis',(0.108059180742768,-0.994144463072245,0.));
#9564=DIRECTION('',(0.,0.,-1.));
#9565=DIRECTION('center_axis',(0.,0.,1.));
#9566=DIRECTION('ref_axis',(0.108059180742768,-0.994144463072245,0.));
#9567=DIRECTION('center_axis',(-2.0589541356586E-15,-1.,0.));
#9568=DIRECTION('ref_axis',(0.,0.,-1.));
#9569=DIRECTION('',(0.,0.,-1.));
#9570=DIRECTION('',(1.,-2.0589541356586E-15,0.));
#9571=DIRECTION('center_axis',(-1.,2.0589541356586E-15,0.));
#9572=DIRECTION('ref_axis',(0.,0.,-1.));
#9573=DIRECTION('',(0.,0.,-1.));
#9574=DIRECTION('',(-2.0589541356586E-15,-1.,0.));
#9575=DIRECTION('center_axis',(0.,0.,-1.));
#9576=DIRECTION('ref_axis',(-0.0322412940182824,0.999480114339463,0.));
#9577=DIRECTION('',(0.,0.,-1.));
#9578=DIRECTION('center_axis',(0.,0.,-1.));
#9579=DIRECTION('ref_axis',(-0.0322412940182824,0.999480114339463,0.));
#9580=DIRECTION('center_axis',(0.,0.,-1.));
#9581=DIRECTION('ref_axis',(-0.269932160550704,0.962879342752989,0.));
#9582=DIRECTION('',(0.,0.,-1.));
#9583=DIRECTION('center_axis',(0.,0.,-1.));
#9584=DIRECTION('ref_axis',(-0.269932160550704,0.962879342752989,0.));
#9585=DIRECTION('center_axis',(0.,0.,-1.));
#9586=DIRECTION('ref_axis',(-0.707106781120308,0.707106781252787,0.));
#9587=DIRECTION('',(0.,0.,-1.));
#9588=DIRECTION('center_axis',(0.,0.,-1.));
#9589=DIRECTION('ref_axis',(-0.707106781120308,0.707106781252787,0.));
#9590=DIRECTION('center_axis',(0.,0.,-1.));
#9591=DIRECTION('ref_axis',(-0.989646076347273,-0.143529242910449,0.));
#9592=DIRECTION('',(0.,0.,-1.));
#9593=DIRECTION('center_axis',(0.,0.,-1.));
#9594=DIRECTION('ref_axis',(-0.989646076347273,-0.143529242910449,0.));
#9595=DIRECTION('center_axis',(0.,0.,-1.));
#9596=DIRECTION('ref_axis',(-0.686698641470337,-0.726942209396863,0.));
#9597=DIRECTION('center_axis',(0.,0.,-1.));
#9598=DIRECTION('ref_axis',(-0.686698641470337,-0.726942209396863,0.));
#9599=DIRECTION('center_axis',(0.,0.,1.));
#9600=DIRECTION('ref_axis',(1.,-1.87526318258524E-15,0.));
#9601=DIRECTION('center_axis',(0.,0.,1.));
#9602=DIRECTION('ref_axis',(1.,-1.87526318258524E-15,0.));
#9603=DIRECTION('center_axis',(0.,0.,1.));
#9604=DIRECTION('ref_axis',(-0.954975888559195,-0.296683420956708,0.));
#9605=DIRECTION('center_axis',(0.,0.,1.));
#9606=DIRECTION('ref_axis',(-0.95497588857002,0.296683420921867,0.));
#9607=DIRECTION('',(-0.599282430388513,-0.800537674708466,0.));
#9608=DIRECTION('center_axis',(0.,0.,1.));
#9609=DIRECTION('ref_axis',(-0.597526159208533,0.801849417946723,0.));
#9610=DIRECTION('center_axis',(0.,0.,1.));
#9611=DIRECTION('ref_axis',(-0.300202428416166,0.953875517021502,0.));
#9612=DIRECTION('center_axis',(0.,0.,1.));
#9613=DIRECTION('ref_axis',(-0.0986971503465814,0.995117516936299,0.));
#9614=DIRECTION('center_axis',(0.,0.,1.));
#9615=DIRECTION('ref_axis',(0.0474233106885405,0.99887488185625,0.));
#9616=DIRECTION('center_axis',(0.,0.,1.));
#9617=DIRECTION('ref_axis',(0.164497482783768,0.986377502864803,0.));
#9618=DIRECTION('center_axis',(0.,0.,1.));
#9619=DIRECTION('ref_axis',(0.36080135948431,0.932642685595225,0.));
#9620=DIRECTION('center_axis',(0.,0.,1.));
#9621=DIRECTION('ref_axis',(0.602932076880557,0.797792523572701,0.));
#9622=DIRECTION('center_axis',(0.,0.,1.));
#9623=DIRECTION('ref_axis',(0.823316120710938,0.567583091165947,0.));
#9624=DIRECTION('center_axis',(0.,0.,1.));
#9625=DIRECTION('ref_axis',(0.978850032023659,0.204579116254032,0.));
#9626=DIRECTION('center_axis',(0.,0.,1.));
#9627=DIRECTION('ref_axis',(0.978850032016565,-0.20457911628798,0.));
#9628=DIRECTION('center_axis',(0.,0.,1.));
#9629=DIRECTION('ref_axis',(0.823316120809494,-0.567583091022985,0.));
#9630=DIRECTION('center_axis',(0.,0.,1.));
#9631=DIRECTION('ref_axis',(0.602932076812597,-0.797792523624061,0.));
#9632=DIRECTION('center_axis',(0.,0.,1.));
#9633=DIRECTION('ref_axis',(0.36080135940004,-0.932642685627825,0.));
#9634=DIRECTION('center_axis',(0.,0.,1.));
#9635=DIRECTION('ref_axis',(0.164497482783764,-0.986377502864803,0.));
#9636=DIRECTION('center_axis',(0.,0.,1.));
#9637=DIRECTION('ref_axis',(0.0474233106885364,-0.998874881856251,0.));
#9638=DIRECTION('center_axis',(0.,0.,1.));
#9639=DIRECTION('ref_axis',(-0.0986971502293745,-0.995117516947923,0.));
#9640=DIRECTION('center_axis',(0.,0.,1.));
#9641=DIRECTION('ref_axis',(-0.300202428493915,-0.953875516997033,0.));
#9642=DIRECTION('center_axis',(0.,0.,1.));
#9643=DIRECTION('ref_axis',(-0.597526159313932,-0.801849417868182,0.));
#9644=DIRECTION('',(0.599282431094488,-0.800537674179973,0.));
#9645=DIRECTION('center_axis',(0.,0.,-1.));
#9646=DIRECTION('ref_axis',(0.995842759039664,0.0910889634822495,0.));
#9647=DIRECTION('center_axis',(0.,0.,-1.));
#9648=DIRECTION('ref_axis',(0.85644223049264,0.516242874845543,0.));
#9649=DIRECTION('',(0.790180259570133,-0.61287450378171,0.));
#9650=DIRECTION('center_axis',(0.,0.,-1.));
#9651=DIRECTION('ref_axis',(0.437104599803999,0.899410678628059,0.));
#9652=DIRECTION('center_axis',(0.,0.,-1.));
#9653=DIRECTION('ref_axis',(0.188386471544331,0.982094973685884,0.));
#9654=DIRECTION('center_axis',(0.,0.,-1.));
#9655=DIRECTION('ref_axis',(0.0285597739736217,0.999592086458559,0.));
#9656=DIRECTION('center_axis',(0.,0.,-1.));
#9657=DIRECTION('ref_axis',(-0.0905357460665012,0.995893206465524,0.));
#9658=DIRECTION('center_axis',(0.,0.,-1.));
#9659=DIRECTION('ref_axis',(-0.280276001093175,0.959919456627075,0.));
#9660=DIRECTION('center_axis',(0.,0.,-1.));
#9661=DIRECTION('ref_axis',(-0.670118697948125,0.742253952943539,0.));
#9662=DIRECTION('center_axis',(0.,0.,-1.));
#9663=DIRECTION('ref_axis',(-0.953926110075794,0.300041624638423,0.));
#9664=DIRECTION('center_axis',(0.,0.,-1.));
#9665=DIRECTION('ref_axis',(-0.953926110060003,-0.300041624688626,0.));
#9666=DIRECTION('center_axis',(0.,0.,-1.));
#9667=DIRECTION('ref_axis',(-0.670118697948127,-0.742253952943537,0.));
#9668=DIRECTION('center_axis',(0.,0.,-1.));
#9669=DIRECTION('ref_axis',(-0.280276001093179,-0.959919456627074,0.));
#9670=DIRECTION('center_axis',(0.,0.,-1.));
#9671=DIRECTION('ref_axis',(-0.0905357460665052,-0.995893206465523,0.));
#9672=DIRECTION('center_axis',(0.,0.,-1.));
#9673=DIRECTION('ref_axis',(0.0285597739065409,-0.999592086460476,0.));
#9674=DIRECTION('center_axis',(0.,0.,-1.));
#9675=DIRECTION('ref_axis',(0.188386471544327,-0.982094973685885,0.));
#9676=DIRECTION('center_axis',(0.,0.,-1.));
#9677=DIRECTION('ref_axis',(0.437104600191928,-0.899410678439529,0.));
#9678=DIRECTION('',(-0.790180259811557,-0.612874503470441,0.));
#9679=DIRECTION('center_axis',(0.,0.,-1.));
#9680=DIRECTION('ref_axis',(0.856442230492638,-0.516242874845547,0.));
#9681=DIRECTION('center_axis',(0.,0.,-1.));
#9682=DIRECTION('ref_axis',(0.995842759032929,-0.0910889635558802,0.));
#9683=DIRECTION('center_axis',(0.,0.,-1.));
#9684=DIRECTION('ref_axis',(0.995842759032929,-0.0910889635558802,0.));
#9685=DIRECTION('center_axis',(2.20273657295567E-30,1.13610222371245E-32,
1.));
#9686=DIRECTION('ref_axis',(0.995842759032929,-0.0910889635558802,0.));
#9687=DIRECTION('',(0.,0.,-1.));
#9688=DIRECTION('',(0.,0.,-1.));
#9689=DIRECTION('center_axis',(0.,0.,-1.));
#9690=DIRECTION('ref_axis',(0.856442230492638,-0.516242874845547,0.));
#9691=DIRECTION('center_axis',(2.20273657295567E-30,1.13610222371245E-32,
1.));
#9692=DIRECTION('ref_axis',(0.856442230492638,-0.516242874845547,0.));
#9693=DIRECTION('',(0.,0.,-1.));
#9694=DIRECTION('center_axis',(-0.612874503470441,0.790180259811557,0.));
#9695=DIRECTION('ref_axis',(0.,0.,1.));
#9696=DIRECTION('',(0.790180259811557,0.612874503470441,-1.74752183837703E-30));
#9697=DIRECTION('',(0.,0.,-1.));
#9698=DIRECTION('center_axis',(0.,0.,-1.));
#9699=DIRECTION('ref_axis',(0.437104600191928,-0.899410678439529,0.));
#9700=DIRECTION('center_axis',(2.20273657295567E-30,1.13610222371245E-32,
1.));
#9701=DIRECTION('ref_axis',(0.437104600191928,-0.899410678439529,0.));
#9702=DIRECTION('',(0.,0.,-1.));
#9703=DIRECTION('center_axis',(0.,0.,-1.));
#9704=DIRECTION('ref_axis',(0.188386471544327,-0.982094973685885,0.));
#9705=DIRECTION('center_axis',(2.20273657295567E-30,1.13610222371245E-32,
1.));
#9706=DIRECTION('ref_axis',(0.188386471544327,-0.982094973685885,0.));
#9707=DIRECTION('',(0.,0.,-1.));
#9708=DIRECTION('center_axis',(0.,0.,-1.));
#9709=DIRECTION('ref_axis',(0.0285597739065409,-0.999592086460476,0.));
#9710=DIRECTION('center_axis',(2.20273657295567E-30,1.13610222371245E-32,
1.));
#9711=DIRECTION('ref_axis',(0.0285597739065409,-0.999592086460476,0.));
#9712=DIRECTION('',(0.,0.,-1.));
#9713=DIRECTION('center_axis',(0.,0.,-1.));
#9714=DIRECTION('ref_axis',(-0.0905357460665052,-0.995893206465523,0.));
#9715=DIRECTION('center_axis',(2.20273657295567E-30,1.13610222371245E-32,
1.));
#9716=DIRECTION('ref_axis',(-0.0905357460665052,-0.995893206465523,0.));
#9717=DIRECTION('',(0.,0.,-1.));
#9718=DIRECTION('center_axis',(0.,0.,-1.));
#9719=DIRECTION('ref_axis',(-0.280276001093179,-0.959919456627074,0.));
#9720=DIRECTION('center_axis',(2.20273657295567E-30,1.13610222371245E-32,
1.));
#9721=DIRECTION('ref_axis',(-0.280276001093179,-0.959919456627074,0.));
#9722=DIRECTION('',(0.,0.,-1.));
#9723=DIRECTION('center_axis',(0.,0.,-1.));
#9724=DIRECTION('ref_axis',(-0.670118697948127,-0.742253952943537,0.));
#9725=DIRECTION('center_axis',(2.20273657295567E-30,1.13610222371245E-32,
1.));
#9726=DIRECTION('ref_axis',(-0.670118697948127,-0.742253952943537,0.));
#9727=DIRECTION('',(0.,0.,-1.));
#9728=DIRECTION('center_axis',(0.,0.,-1.));
#9729=DIRECTION('ref_axis',(-0.953926110060003,-0.300041624688626,0.));
#9730=DIRECTION('center_axis',(2.20273657295567E-30,1.13610222371245E-32,
1.));
#9731=DIRECTION('ref_axis',(-0.953926110060003,-0.300041624688626,0.));
#9732=DIRECTION('',(0.,0.,-1.));
#9733=DIRECTION('center_axis',(-0.800537674179972,-0.599282431094489,0.));
#9734=DIRECTION('ref_axis',(0.,0.,-1.));
#9735=DIRECTION('',(-0.599282431094489,0.800537674179972,1.3109664021836E-30));
#9736=DIRECTION('',(0.,0.,-1.));
#9737=DIRECTION('',(0.,0.,-1.));
#9738=DIRECTION('center_axis',(0.,0.,-1.));
#9739=DIRECTION('ref_axis',(-0.597526159313932,-0.801849417868182,0.));
#9740=DIRECTION('center_axis',(-2.20273657295567E-30,-1.13610222371245E-32,
-1.));
#9741=DIRECTION('ref_axis',(-0.597526159313932,-0.801849417868182,0.));
#9742=DIRECTION('',(0.,0.,-1.));
#9743=DIRECTION('center_axis',(0.,0.,-1.));
#9744=DIRECTION('ref_axis',(-0.300202428493915,-0.953875516997033,0.));
#9745=DIRECTION('center_axis',(-2.20273657295567E-30,-1.13610222371245E-32,
-1.));
#9746=DIRECTION('ref_axis',(-0.300202428493915,-0.953875516997033,0.));
#9747=DIRECTION('',(0.,0.,-1.));
#9748=DIRECTION('center_axis',(0.,0.,-1.));
#9749=DIRECTION('ref_axis',(-0.0986971502293745,-0.995117516947923,0.));
#9750=DIRECTION('center_axis',(-2.20273657295567E-30,-1.13610222371245E-32,
-1.));
#9751=DIRECTION('ref_axis',(-0.0986971502293745,-0.995117516947923,0.));
#9752=DIRECTION('',(0.,0.,-1.));
#9753=DIRECTION('center_axis',(0.,0.,-1.));
#9754=DIRECTION('ref_axis',(0.0474233106885364,-0.998874881856251,0.));
#9755=DIRECTION('center_axis',(-2.20273657295567E-30,-1.13610222371245E-32,
-1.));
#9756=DIRECTION('ref_axis',(0.0474233106885364,-0.998874881856251,0.));
#9757=DIRECTION('',(0.,0.,-1.));
#9758=DIRECTION('center_axis',(0.,0.,-1.));
#9759=DIRECTION('ref_axis',(0.164497482783764,-0.986377502864803,0.));
#9760=DIRECTION('center_axis',(-2.20273657295567E-30,-1.13610222371245E-32,
-1.));
#9761=DIRECTION('ref_axis',(0.164497482783764,-0.986377502864803,0.));
#9762=DIRECTION('',(0.,0.,-1.));
#9763=DIRECTION('center_axis',(0.,0.,-1.));
#9764=DIRECTION('ref_axis',(0.36080135940004,-0.932642685627825,0.));
#9765=DIRECTION('center_axis',(-2.20273657295567E-30,-1.13610222371245E-32,
-1.));
#9766=DIRECTION('ref_axis',(0.36080135940004,-0.932642685627825,0.));
#9767=DIRECTION('',(0.,0.,-1.));
#9768=DIRECTION('center_axis',(0.,0.,-1.));
#9769=DIRECTION('ref_axis',(0.602932076812597,-0.797792523624061,0.));
#9770=DIRECTION('center_axis',(-2.20273657295567E-30,-1.13610222371245E-32,
-1.));
#9771=DIRECTION('ref_axis',(0.602932076812597,-0.797792523624061,0.));
#9772=DIRECTION('',(0.,0.,-1.));
#9773=DIRECTION('center_axis',(0.,0.,-1.));
#9774=DIRECTION('ref_axis',(0.823316120809494,-0.567583091022985,0.));
#9775=DIRECTION('center_axis',(-2.20273657295567E-30,-1.13610222371245E-32,
-1.));
#9776=DIRECTION('ref_axis',(0.823316120809494,-0.567583091022985,0.));
#9777=DIRECTION('',(0.,0.,-1.));
#9778=DIRECTION('center_axis',(0.,0.,-1.));
#9779=DIRECTION('ref_axis',(0.978850032016565,-0.20457911628798,0.));
#9780=DIRECTION('center_axis',(-2.20273657295567E-30,-1.13610222371245E-32,
-1.));
#9781=DIRECTION('ref_axis',(0.978850032016565,-0.20457911628798,0.));
#9782=DIRECTION('',(0.,0.,-1.));
#9783=DIRECTION('center_axis',(0.,0.,-1.));
#9784=DIRECTION('ref_axis',(0.978850032023659,0.204579116254032,0.));
#9785=DIRECTION('center_axis',(-2.20273657295567E-30,-1.13610222371245E-32,
-1.));
#9786=DIRECTION('ref_axis',(0.978850032023659,0.204579116254032,0.));
#9787=DIRECTION('',(0.,0.,-1.));
#9788=DIRECTION('center_axis',(0.,0.,-1.));
#9789=DIRECTION('ref_axis',(-0.953926110075794,0.300041624638423,0.));
#9790=DIRECTION('center_axis',(2.20273657295567E-30,1.13610222371245E-32,
1.));
#9791=DIRECTION('ref_axis',(-0.953926110075794,0.300041624638423,0.));
#9792=DIRECTION('',(0.,0.,-1.));
#9793=DIRECTION('center_axis',(0.,0.,-1.));
#9794=DIRECTION('ref_axis',(-0.670118697948125,0.742253952943539,0.));
#9795=DIRECTION('center_axis',(2.20273657295567E-30,1.13610222371245E-32,
1.));
#9796=DIRECTION('ref_axis',(-0.670118697948125,0.742253952943539,0.));
#9797=DIRECTION('',(0.,0.,-1.));
#9798=DIRECTION('center_axis',(0.,0.,-1.));
#9799=DIRECTION('ref_axis',(-0.280276001093175,0.959919456627075,0.));
#9800=DIRECTION('center_axis',(2.20273657295567E-30,1.13610222371245E-32,
1.));
#9801=DIRECTION('ref_axis',(-0.280276001093175,0.959919456627075,0.));
#9802=DIRECTION('',(0.,0.,-1.));
#9803=DIRECTION('center_axis',(0.,0.,-1.));
#9804=DIRECTION('ref_axis',(-0.0905357460665012,0.995893206465524,0.));
#9805=DIRECTION('center_axis',(2.20273657295567E-30,1.13610222371245E-32,
1.));
#9806=DIRECTION('ref_axis',(-0.0905357460665012,0.995893206465524,0.));
#9807=DIRECTION('',(0.,0.,-1.));
#9808=DIRECTION('center_axis',(0.,0.,-1.));
#9809=DIRECTION('ref_axis',(0.0285597739736217,0.999592086458559,0.));
#9810=DIRECTION('center_axis',(2.20273657295567E-30,1.13610222371245E-32,
1.));
#9811=DIRECTION('ref_axis',(0.0285597739736217,0.999592086458559,0.));
#9812=DIRECTION('',(0.,0.,-1.));
#9813=DIRECTION('center_axis',(0.,0.,-1.));
#9814=DIRECTION('ref_axis',(0.188386471544331,0.982094973685884,0.));
#9815=DIRECTION('center_axis',(2.20273657295567E-30,1.13610222371245E-32,
1.));
#9816=DIRECTION('ref_axis',(0.188386471544331,0.982094973685884,0.));
#9817=DIRECTION('',(0.,0.,-1.));
#9818=DIRECTION('center_axis',(0.,0.,-1.));
#9819=DIRECTION('ref_axis',(0.437104599803999,0.899410678628059,0.));
#9820=DIRECTION('center_axis',(2.20273657295567E-30,1.13610222371245E-32,
1.));
#9821=DIRECTION('ref_axis',(0.437104599803999,0.899410678628059,0.));
#9822=DIRECTION('',(0.,0.,-1.));
#9823=DIRECTION('center_axis',(-0.612874503781709,-0.790180259570134,0.));
#9824=DIRECTION('ref_axis',(0.,0.,-1.));
#9825=DIRECTION('',(-0.790180259570134,0.612874503781709,1.73359607611671E-30));
#9826=DIRECTION('',(0.,0.,-1.));
#9827=DIRECTION('center_axis',(0.,0.,-1.));
#9828=DIRECTION('ref_axis',(0.85644223049264,0.516242874845543,0.));
#9829=DIRECTION('center_axis',(2.20273657295567E-30,1.13610222371245E-32,
1.));
#9830=DIRECTION('ref_axis',(0.85644223049264,0.516242874845543,0.));
#9831=DIRECTION('',(0.,0.,-1.));
#9832=DIRECTION('center_axis',(0.,0.,-1.));
#9833=DIRECTION('ref_axis',(0.995842759039664,0.0910889634822495,0.));
#9834=DIRECTION('center_axis',(2.20273657295567E-30,1.13610222371245E-32,
1.));
#9835=DIRECTION('ref_axis',(0.995842759039664,0.0910889634822495,0.));
#9836=DIRECTION('center_axis',(0.,0.,-1.));
#9837=DIRECTION('ref_axis',(0.823316120710938,0.567583091165947,0.));
#9838=DIRECTION('center_axis',(-2.20273657295567E-30,-1.13610222371245E-32,
-1.));
#9839=DIRECTION('ref_axis',(0.823316120710938,0.567583091165947,0.));
#9840=DIRECTION('',(0.,0.,-1.));
#9841=DIRECTION('center_axis',(0.,0.,-1.));
#9842=DIRECTION('ref_axis',(0.602932076880557,0.797792523572701,0.));
#9843=DIRECTION('center_axis',(-2.20273657295567E-30,-1.13610222371245E-32,
-1.));
#9844=DIRECTION('ref_axis',(0.602932076880557,0.797792523572701,0.));
#9845=DIRECTION('',(0.,0.,-1.));
#9846=DIRECTION('center_axis',(0.,0.,-1.));
#9847=DIRECTION('ref_axis',(0.36080135948431,0.932642685595225,0.));
#9848=DIRECTION('center_axis',(-2.20273657295567E-30,-1.13610222371245E-32,
-1.));
#9849=DIRECTION('ref_axis',(0.36080135948431,0.932642685595225,0.));
#9850=DIRECTION('',(0.,0.,-1.));
#9851=DIRECTION('center_axis',(0.,0.,-1.));
#9852=DIRECTION('ref_axis',(0.164497482783768,0.986377502864803,0.));
#9853=DIRECTION('center_axis',(-2.20273657295567E-30,-1.13610222371245E-32,
-1.));
#9854=DIRECTION('ref_axis',(0.164497482783768,0.986377502864803,0.));
#9855=DIRECTION('',(0.,0.,-1.));
#9856=DIRECTION('center_axis',(0.,0.,-1.));
#9857=DIRECTION('ref_axis',(0.0474233106885405,0.99887488185625,0.));
#9858=DIRECTION('center_axis',(-2.20273657295567E-30,-1.13610222371245E-32,
-1.));
#9859=DIRECTION('ref_axis',(0.0474233106885405,0.99887488185625,0.));
#9860=DIRECTION('',(0.,0.,-1.));
#9861=DIRECTION('center_axis',(0.,0.,-1.));
#9862=DIRECTION('ref_axis',(-0.0986971503465814,0.995117516936299,0.));
#9863=DIRECTION('center_axis',(-2.20273657295567E-30,-1.13610222371245E-32,
-1.));
#9864=DIRECTION('ref_axis',(-0.0986971503465814,0.995117516936299,0.));
#9865=DIRECTION('',(0.,0.,-1.));
#9866=DIRECTION('center_axis',(0.,0.,-1.));
#9867=DIRECTION('ref_axis',(-0.300202428416166,0.953875517021502,0.));
#9868=DIRECTION('center_axis',(-2.20273657295567E-30,-1.13610222371245E-32,
-1.));
#9869=DIRECTION('ref_axis',(-0.300202428416166,0.953875517021502,0.));
#9870=DIRECTION('',(0.,0.,-1.));
#9871=DIRECTION('center_axis',(0.,0.,-1.));
#9872=DIRECTION('ref_axis',(-0.597526159208533,0.801849417946723,0.));
#9873=DIRECTION('center_axis',(-2.20273657295567E-30,-1.13610222371245E-32,
-1.));
#9874=DIRECTION('ref_axis',(-0.597526159208533,0.801849417946723,0.));
#9875=DIRECTION('',(0.,0.,-1.));
#9876=DIRECTION('center_axis',(-0.800537674708466,0.599282430388512,0.));
#9877=DIRECTION('ref_axis',(0.,0.,1.));
#9878=DIRECTION('',(0.599282430388512,0.800537674708466,-1.32915625327056E-30));
#9879=DIRECTION('',(0.,0.,-1.));
#9880=DIRECTION('center_axis',(0.,0.,-1.));
#9881=DIRECTION('ref_axis',(-0.95497588857002,0.296683420921867,0.));
#9882=DIRECTION('center_axis',(-2.20273657295567E-30,-1.13610222371245E-32,
-1.));
#9883=DIRECTION('ref_axis',(-0.95497588857002,0.296683420921867,0.));
#9884=DIRECTION('',(0.,0.,-1.));
#9885=DIRECTION('center_axis',(0.,0.,-1.));
#9886=DIRECTION('ref_axis',(-0.954975888559195,-0.296683420956708,0.));
#9887=DIRECTION('center_axis',(-2.20273657295567E-30,-1.13610222371245E-32,
-1.));
#9888=DIRECTION('ref_axis',(-0.954975888559195,-0.296683420956708,0.));
#9889=DIRECTION('center_axis',(2.20273657295567E-30,1.13610222371245E-32,
1.));
#9890=DIRECTION('ref_axis',(1.,-9.79685083057902E-16,-2.20273657295567E-30));
#9891=DIRECTION('center_axis',(6.33479711000667E-31,2.03226564705085E-30,
1.));
#9892=DIRECTION('ref_axis',(1.,-9.79685083057902E-16,-6.33479711000665E-31));
#9893=DIRECTION('center_axis',(-6.33479711000667E-31,-2.03226564705085E-30,
-1.));
#9894=DIRECTION('ref_axis',(1.,-2.0589541356586E-15,0.));
#9895=DIRECTION('center_axis',(0.,0.,-1.));
#9896=DIRECTION('ref_axis',(1.,-2.0589541356586E-15,0.));
#9897=DIRECTION('center_axis',(0.,0.,1.));
#9898=DIRECTION('ref_axis',(1.,-2.0589541356586E-15,0.));
#9899=DIRECTION('center_axis',(0.,0.,1.));
#9900=DIRECTION('ref_axis',(1.,-1.87526318258524E-15,0.));
#9901=DIRECTION('center_axis',(6.33479711000667E-31,2.03226564705085E-30,
1.));
#9902=DIRECTION('ref_axis',(1.,-9.79685083057902E-16,-6.33479711000665E-31));
#9903=DIRECTION('',(2.0589541356586E-15,1.,-2.03226564705085E-30));
#9904=DIRECTION('',(-0.974072003077972,-0.226238221394322,1.07683101639324E-30));
#9905=DIRECTION('',(-2.0589541356586E-15,-1.,2.03226564705085E-30));
#9906=DIRECTION('',(0.974072003078181,0.226238221393424,-1.07683101639155E-30));
#9907=DIRECTION('center_axis',(1.,-2.0589541356586E-15,0.));
#9908=DIRECTION('ref_axis',(0.,0.,1.));
#9909=DIRECTION('',(0.,0.,-1.));
#9910=DIRECTION('',(2.0589541356586E-15,1.,0.));
#9911=DIRECTION('',(0.,0.,-1.));
#9912=DIRECTION('center_axis',(0.226238221394322,-0.974072003077972,0.));
#9913=DIRECTION('ref_axis',(0.,0.,-1.));
#9914=DIRECTION('',(0.,0.,-1.));
#9915=DIRECTION('',(0.974072003077972,0.226238221394322,0.));
#9916=DIRECTION('center_axis',(-1.,2.0589541356586E-15,0.));
#9917=DIRECTION('ref_axis',(0.,0.,-1.));
#9918=DIRECTION('',(0.,0.,-1.));
#9919=DIRECTION('',(-2.0589541356586E-15,-1.,0.));
#9920=DIRECTION('center_axis',(-0.226238221393424,0.974072003078181,0.));
#9921=DIRECTION('ref_axis',(0.,0.,1.));
#9922=DIRECTION('',(-0.974072003078181,-0.226238221393424,0.));
#9923=DIRECTION('center_axis',(0.,0.,1.));
#9924=DIRECTION('ref_axis',(1.,-1.87526318258524E-15,0.));
#9925=DIRECTION('center_axis',(0.,0.,-1.));
#9926=DIRECTION('ref_axis',(0.650823793049514,0.759228812941555,0.));
#9927=DIRECTION('center_axis',(6.33479711000667E-31,2.03226564705085E-30,
1.));
#9928=DIRECTION('ref_axis',(0.650823793049514,0.759228812941555,0.));
#9929=DIRECTION('',(0.,0.,-1.));
#9930=DIRECTION('center_axis',(0.,0.,-1.));
#9931=DIRECTION('ref_axis',(0.650823793049514,0.759228812941555,0.));
#9932=DIRECTION('',(0.,0.,-1.));
#9933=DIRECTION('center_axis',(0.,0.,1.));
#9934=DIRECTION('ref_axis',(1.,-1.87526318258524E-15,0.));
#9935=DIRECTION('center_axis',(0.,0.,-1.));
#9936=DIRECTION('ref_axis',(0.297512812210452,0.954717825627357,0.));
#9937=DIRECTION('center_axis',(0.,0.,-1.));
#9938=DIRECTION('ref_axis',(-0.172351240941087,0.985035557604936,0.));
#9939=DIRECTION('center_axis',(0.,0.,-1.));
#9940=DIRECTION('ref_axis',(-0.5837268835874,0.811950075668044,0.));
#9941=DIRECTION('center_axis',(0.,0.,-1.));
#9942=DIRECTION('ref_axis',(-0.836369389810687,0.548166255608369,0.));
#9943=DIRECTION('center_axis',(0.,0.,-1.));
#9944=DIRECTION('ref_axis',(-0.949066817008989,0.315074874993907,0.));
#9945=DIRECTION('center_axis',(0.,0.,-1.));
#9946=DIRECTION('ref_axis',(-0.995510984643872,0.0946460746855805,0.));
#9947=DIRECTION('center_axis',(0.,0.,-1.));
#9948=DIRECTION('ref_axis',(-0.98670141770463,-0.162543262855383,0.));
#9949=DIRECTION('center_axis',(0.,0.,-1.));
#9950=DIRECTION('ref_axis',(-0.934200252113448,-0.356749055991983,0.));
#9951=DIRECTION('',(-0.974072003074812,-0.226238221407928,0.));
#9952=DIRECTION('',(-0.97407200317342,-0.226238220983373,0.));
#9953=DIRECTION('center_axis',(0.,0.,-1.));
#9954=DIRECTION('ref_axis',(0.997104626840112,0.076041851200772,0.));
#9955=DIRECTION('center_axis',(0.,0.,-1.));
#9956=DIRECTION('ref_axis',(0.198582929856393,-0.980084088213685,0.));
#9957=DIRECTION('center_axis',(0.,0.,1.));
#9958=DIRECTION('ref_axis',(0.986102555786573,-0.166137742464464,0.));
#9959=DIRECTION('',(0.974072003075662,0.226238221404271,0.));
#9960=DIRECTION('center_axis',(0.,0.,1.));
#9961=DIRECTION('ref_axis',(-0.900850400473877,-0.434129653405588,0.));
#9962=DIRECTION('center_axis',(0.,0.,1.));
#9963=DIRECTION('ref_axis',(-0.997164178240052,-0.0752569042337031,0.));
#9964=DIRECTION('center_axis',(0.,0.,1.));
#9965=DIRECTION('ref_axis',(-0.967034231137137,0.254646413304813,0.));
#9966=DIRECTION('center_axis',(0.,0.,1.));
#9967=DIRECTION('ref_axis',(-0.894217339184473,0.447633053182896,0.));
#9968=DIRECTION('center_axis',(0.,0.,1.));
#9969=DIRECTION('ref_axis',(-0.74169356882602,0.670738883591911,0.));
#9970=DIRECTION('center_axis',(0.,0.,1.));
#9971=DIRECTION('ref_axis',(-0.364835761663165,0.931071891430333,0.));
#9972=DIRECTION('center_axis',(0.,0.,1.));
#9973=DIRECTION('ref_axis',(0.178254569248851,0.983984404623318,0.));
#9974=DIRECTION('center_axis',(0.,0.,1.));
#9975=DIRECTION('ref_axis',(0.609521618891402,0.792769447004616,0.));
#9976=DIRECTION('center_axis',(0.,0.,1.));
#9977=DIRECTION('ref_axis',(0.833469928796195,0.552564817729526,0.));
#9978=DIRECTION('center_axis',(0.,0.,-1.));
#9979=DIRECTION('ref_axis',(-0.359106531136481,0.933296576279547,0.));
#9980=DIRECTION('center_axis',(0.,0.,-1.));
#9981=DIRECTION('ref_axis',(-0.359106531136481,0.933296576279547,0.));
#9982=DIRECTION('center_axis',(6.33479711000667E-31,2.03226564705085E-30,
1.));
#9983=DIRECTION('ref_axis',(-0.359106531136481,0.933296576279547,0.));
#9984=DIRECTION('',(0.,0.,-1.));
#9985=DIRECTION('center_axis',(0.,0.,-1.));
#9986=DIRECTION('ref_axis',(0.833469928796195,0.552564817729526,0.));
#9987=DIRECTION('center_axis',(-6.33479711000667E-31,-2.03226564705085E-30,
-1.));
#9988=DIRECTION('ref_axis',(0.833469928796195,0.552564817729526,0.));
#9989=DIRECTION('',(0.,0.,-1.));
#9990=DIRECTION('center_axis',(0.,0.,-1.));
#9991=DIRECTION('ref_axis',(0.609521618891402,0.792769447004616,0.));
#9992=DIRECTION('center_axis',(-6.33479711000667E-31,-2.03226564705085E-30,
-1.));
#9993=DIRECTION('ref_axis',(0.609521618891402,0.792769447004616,0.));
#9994=DIRECTION('',(0.,0.,-1.));
#9995=DIRECTION('center_axis',(0.,0.,-1.));
#9996=DIRECTION('ref_axis',(0.178254569248851,0.983984404623318,0.));
#9997=DIRECTION('center_axis',(-6.33479711000667E-31,-2.03226564705085E-30,
-1.));
#9998=DIRECTION('ref_axis',(0.178254569248851,0.983984404623318,0.));
#9999=DIRECTION('',(0.,0.,-1.));
#10000=DIRECTION('center_axis',(0.,0.,-1.));
#10001=DIRECTION('ref_axis',(-0.364835761663165,0.931071891430333,0.));
#10002=DIRECTION('center_axis',(-6.33479711000667E-31,-2.03226564705085E-30,
-1.));
#10003=DIRECTION('ref_axis',(-0.364835761663165,0.931071891430333,0.));
#10004=DIRECTION('',(0.,0.,-1.));
#10005=DIRECTION('center_axis',(0.,0.,-1.));
#10006=DIRECTION('ref_axis',(-0.74169356882602,0.670738883591911,0.));
#10007=DIRECTION('center_axis',(-6.33479711000667E-31,-2.03226564705085E-30,
-1.));
#10008=DIRECTION('ref_axis',(-0.74169356882602,0.670738883591911,0.));
#10009=DIRECTION('',(0.,0.,-1.));
#10010=DIRECTION('center_axis',(0.,0.,-1.));
#10011=DIRECTION('ref_axis',(-0.894217339184473,0.447633053182896,0.));
#10012=DIRECTION('center_axis',(-6.33479711000667E-31,-2.03226564705085E-30,
-1.));
#10013=DIRECTION('ref_axis',(-0.894217339184473,0.447633053182896,0.));
#10014=DIRECTION('',(0.,0.,-1.));
#10015=DIRECTION('center_axis',(0.,0.,-1.));
#10016=DIRECTION('ref_axis',(-0.967034231137137,0.254646413304813,0.));
#10017=DIRECTION('center_axis',(-6.33479711000667E-31,-2.03226564705085E-30,
-1.));
#10018=DIRECTION('ref_axis',(-0.967034231137137,0.254646413304813,0.));
#10019=DIRECTION('',(0.,0.,-1.));
#10020=DIRECTION('center_axis',(0.,0.,-1.));
#10021=DIRECTION('ref_axis',(-0.997164178240052,-0.0752569042337031,0.));
#10022=DIRECTION('center_axis',(-6.33479711000667E-31,-2.03226564705085E-30,
-1.));
#10023=DIRECTION('ref_axis',(-0.997164178240052,-0.0752569042337031,0.));
#10024=DIRECTION('',(0.,0.,-1.));
#10025=DIRECTION('center_axis',(0.,0.,-1.));
#10026=DIRECTION('ref_axis',(-0.900850400473877,-0.434129653405588,0.));
#10027=DIRECTION('center_axis',(-6.33479711000667E-31,-2.03226564705085E-30,
-1.));
#10028=DIRECTION('ref_axis',(-0.900850400473877,-0.434129653405588,0.));
#10029=DIRECTION('',(0.,0.,-1.));
#10030=DIRECTION('center_axis',(0.226238221404271,-0.974072003075662,0.));
#10031=DIRECTION('ref_axis',(0.,0.,-1.));
#10032=DIRECTION('',(-0.974072003075662,-0.226238221404271,1.076831016412E-30));
#10033=DIRECTION('',(0.,0.,-1.));
#10034=DIRECTION('center_axis',(0.,0.,-1.));
#10035=DIRECTION('ref_axis',(0.986102555786573,-0.166137742464464,0.));
#10036=DIRECTION('center_axis',(-6.33479711000667E-31,-2.03226564705085E-30,
-1.));
#10037=DIRECTION('ref_axis',(0.986102555786573,-0.166137742464464,0.));
#10038=DIRECTION('',(0.,0.,-1.));
#10039=DIRECTION('center_axis',(0.,0.,-1.));
#10040=DIRECTION('ref_axis',(0.198582929856393,-0.980084088213685,0.));
#10041=DIRECTION('center_axis',(6.33479711000667E-31,2.03226564705085E-30,
1.));
#10042=DIRECTION('ref_axis',(0.198582929856393,-0.980084088213685,0.));
#10043=DIRECTION('',(0.,0.,-1.));
#10044=DIRECTION('center_axis',(0.,0.,-1.));
#10045=DIRECTION('ref_axis',(0.997104626840112,0.076041851200772,0.));
#10046=DIRECTION('center_axis',(6.33479711000667E-31,2.03226564705085E-30,
1.));
#10047=DIRECTION('ref_axis',(0.997104626840112,0.076041851200772,0.));
#10048=DIRECTION('',(0.,0.,-1.));
#10049=DIRECTION('center_axis',(-0.226238220983373,0.97407200317342,0.));
#10050=DIRECTION('ref_axis',(0.,0.,1.));
#10051=DIRECTION('',(0.97407200317342,0.226238220983373,-1.07683101561855E-30));
#10052=DIRECTION('',(0.,0.,-1.));
#10053=DIRECTION('center_axis',(-0.226238221407928,0.974072003074813,0.));
#10054=DIRECTION('ref_axis',(0.,0.,1.));
#10055=DIRECTION('',(0.974072003074813,0.226238221407928,-1.07683101641889E-30));
#10056=DIRECTION('',(0.,0.,-1.));
#10057=DIRECTION('center_axis',(0.,0.,-1.));
#10058=DIRECTION('ref_axis',(-0.934200252113448,-0.356749055991983,0.));
#10059=DIRECTION('center_axis',(6.33479711000667E-31,2.03226564705085E-30,
1.));
#10060=DIRECTION('ref_axis',(-0.934200252113448,-0.356749055991983,0.));
#10061=DIRECTION('',(0.,0.,-1.));
#10062=DIRECTION('center_axis',(0.,0.,-1.));
#10063=DIRECTION('ref_axis',(-0.98670141770463,-0.162543262855383,0.));
#10064=DIRECTION('center_axis',(6.33479711000667E-31,2.03226564705085E-30,
1.));
#10065=DIRECTION('ref_axis',(-0.98670141770463,-0.162543262855383,0.));
#10066=DIRECTION('',(0.,0.,-1.));
#10067=DIRECTION('center_axis',(0.,0.,-1.));
#10068=DIRECTION('ref_axis',(-0.995510984643872,0.0946460746855805,0.));
#10069=DIRECTION('center_axis',(6.33479711000667E-31,2.03226564705085E-30,
1.));
#10070=DIRECTION('ref_axis',(-0.995510984643872,0.0946460746855805,0.));
#10071=DIRECTION('',(0.,0.,-1.));
#10072=DIRECTION('center_axis',(0.,0.,-1.));
#10073=DIRECTION('ref_axis',(-0.949066817008989,0.315074874993907,0.));
#10074=DIRECTION('center_axis',(6.33479711000667E-31,2.03226564705085E-30,
1.));
#10075=DIRECTION('ref_axis',(-0.949066817008989,0.315074874993907,0.));
#10076=DIRECTION('',(0.,0.,-1.));
#10077=DIRECTION('center_axis',(0.,0.,-1.));
#10078=DIRECTION('ref_axis',(-0.836369389810687,0.548166255608369,0.));
#10079=DIRECTION('center_axis',(6.33479711000667E-31,2.03226564705085E-30,
1.));
#10080=DIRECTION('ref_axis',(-0.836369389810687,0.548166255608369,0.));
#10081=DIRECTION('',(0.,0.,-1.));
#10082=DIRECTION('center_axis',(0.,0.,-1.));
#10083=DIRECTION('ref_axis',(-0.5837268835874,0.811950075668044,0.));
#10084=DIRECTION('center_axis',(6.33479711000667E-31,2.03226564705085E-30,
1.));
#10085=DIRECTION('ref_axis',(-0.5837268835874,0.811950075668044,0.));
#10086=DIRECTION('',(0.,0.,-1.));
#10087=DIRECTION('center_axis',(0.,0.,-1.));
#10088=DIRECTION('ref_axis',(-0.172351240941087,0.985035557604936,0.));
#10089=DIRECTION('center_axis',(6.33479711000667E-31,2.03226564705085E-30,
1.));
#10090=DIRECTION('ref_axis',(-0.172351240941087,0.985035557604936,0.));
#10091=DIRECTION('',(0.,0.,-1.));
#10092=DIRECTION('center_axis',(0.,0.,-1.));
#10093=DIRECTION('ref_axis',(0.297512812210452,0.954717825627357,0.));
#10094=DIRECTION('center_axis',(6.33479711000667E-31,2.03226564705085E-30,
1.));
#10095=DIRECTION('ref_axis',(0.297512812210452,0.954717825627357,0.));
#10096=DIRECTION('center_axis',(6.33479711000667E-31,2.03226564705085E-30,
1.));
#10097=DIRECTION('ref_axis',(1.,-9.79685083057902E-16,-6.33479711000665E-31));
#10098=DIRECTION('center_axis',(1.,-1.16337603613126E-15,0.));
#10099=DIRECTION('ref_axis',(-7.47803701431386E-16,-0.642787609686516,0.766044443118997));
#10100=DIRECTION('center_axis',(1.,-3.41807604479661E-15,0.));
#10101=DIRECTION('ref_axis',(0.,0.,1.));
#10102=DIRECTION('',(1.,-1.16337603613126E-15,0.));
#10103=DIRECTION('center_axis',(-1.,1.16337603613126E-15,0.));
#10104=DIRECTION('ref_axis',(-1.14570174005066E-15,-0.984807753012199,0.173648177666981));
#10105=DIRECTION('',(-1.,1.16337603613126E-15,0.));
#10106=DIRECTION('center_axis',(1.16337603613126E-15,1.,0.));
#10107=DIRECTION('ref_axis',(0.,0.,1.));
#10108=DIRECTION('center_axis',(-0.0801223837474858,0.0801223837474831,
-0.993559664662994));
#10109=DIRECTION('ref_axis',(-0.702552776396635,0.702552776396636,0.113310161745354));
#10110=DIRECTION('center_axis',(0.,0.,1.));
#10111=DIRECTION('ref_axis',(-0.707106781186547,0.707106781186548,0.));
#10112=DIRECTION('center_axis',(1.16337603613126E-15,1.,0.));
#10113=DIRECTION('ref_axis',(-0.984807753012199,1.14570174005066E-15,0.173648177666981));
#10114=DIRECTION('center_axis',(0.,0.,1.));
#10115=DIRECTION('ref_axis',(0.707106781186548,0.707106781186547,0.));
#10116=DIRECTION('center_axis',(0.0801223837474844,0.0801223837474845,-0.993559664662994));
#10117=DIRECTION('ref_axis',(0.702552776396636,0.702552776396635,0.113310161745354));
#10118=DIRECTION('center_axis',(1.16337603613126E-15,1.,0.));
#10119=DIRECTION('ref_axis',(0.64278760968652,-7.4780370143139E-16,0.766044443118994));
#10120=DIRECTION('center_axis',(-0.11179167922347,0.765208425772371,0.634002117964417));
#10121=DIRECTION('ref_axis',(-0.132877048670792,-0.643782622573,0.753583190370891));
#10122=DIRECTION('',(1.16337603613126E-15,1.,0.));
#10123=DIRECTION('',(-1.16337603613126E-15,-1.,0.));
#10124=DIRECTION('center_axis',(0.707106781186547,0.707106781186549,0.));
#10125=DIRECTION('ref_axis',(0.707106781186549,-0.707106781186546,-9.81307786677361E-17));
#10126=DIRECTION('center_axis',(-1.16337603613126E-15,-1.,0.));
#10127=DIRECTION('ref_axis',(-0.642787609686523,7.47803701431394E-16,0.766044443118992));
#10128=DIRECTION('center_axis',(-0.707106781186545,0.70710678118655,0.));
#10129=DIRECTION('ref_axis',(-0.707106781186549,-0.707106781186545,4.90653893338681E-17));
#10130=DIRECTION('',(1.16337603613126E-15,1.,0.));
#10131=DIRECTION('',(-1.16337603613126E-15,-1.,0.));
#10132=DIRECTION('center_axis',(0.11179167922347,0.765208425772382,0.634002117964404));
#10133=DIRECTION('ref_axis',(0.132877048670793,-0.643782622572987,0.753583190370902));
#10134=DIRECTION('center_axis',(0.,0.,1.));
#10135=DIRECTION('ref_axis',(-1.16337603613126E-15,-1.,0.));
#10136=DIRECTION('',(-1.,1.16337603613126E-15,0.));
#10137=DIRECTION('',(-1.16337603613126E-15,-1.,0.));
#10138=DIRECTION('',(1.,-1.16337603613126E-15,0.));
#10139=DIRECTION('',(1.16337603613126E-15,1.,0.));
#10140=DIRECTION('center_axis',(0.,0.,1.));
#10141=DIRECTION('ref_axis',(0.70710678118655,-0.707106781186545,0.));
#10142=DIRECTION('',(1.,-1.16337603613126E-15,0.));
#10143=DIRECTION('center_axis',(0.,0.,1.));
#10144=DIRECTION('ref_axis',(-0.70710678118655,-0.707106781186544,0.));
#10145=DIRECTION('',(-1.16337603613126E-15,-1.,0.));
#10146=DIRECTION('',(1.,-1.16337603613126E-15,0.));
#10147=DIRECTION('',(1.16337603613126E-15,1.,0.));
#10148=DIRECTION('',(-1.,1.16337603613126E-15,0.));
#10149=DIRECTION('center_axis',(0.,0.,1.));
#10150=DIRECTION('ref_axis',(-1.16337603613126E-15,-1.,0.));
#10151=DIRECTION('center_axis',(1.,-1.16337603613126E-15,0.));
#10152=DIRECTION('ref_axis',(-7.47803701431386E-16,-0.642787609686516,0.766044443118997));
#10153=DIRECTION('center_axis',(-0.765208425772377,-0.111791679223469,-0.63400211796441));
#10154=DIRECTION('ref_axis',(-0.643782622572993,0.132877048670789,0.753583190370898));
#10155=DIRECTION('',(1.,-1.16337603613126E-15,0.));
#10156=DIRECTION('center_axis',(1.,-1.92009761054542E-14,1.60206071247541E-28));
#10157=DIRECTION('ref_axis',(-1.23421495344728E-14,-0.642787609686516,0.766044443118997));
#10158=DIRECTION('center_axis',(-0.171087869746082,-0.171087869746082,-0.970287525247798));
#10159=DIRECTION('ref_axis',(-0.686096888803429,-0.686096888803434,0.241954785752429));
#10160=DIRECTION('',(-0.171087869746082,-0.171087869746082,-0.970287525247798));
#10161=DIRECTION('center_axis',(-0.0861865342617347,-0.0861865342621775,
-0.992544085985013));
#10162=DIRECTION('ref_axis',(-0.701834653824804,-0.701834653828409,0.121886165647192));
#10163=DIRECTION('',(0.171087869746082,0.171087869746082,0.970287525247798));
#10164=DIRECTION('center_axis',(1.16337603613126E-15,1.,0.));
#10165=DIRECTION('ref_axis',(0.64278760968652,-7.4780370143139E-16,0.766044443118994));
#10166=DIRECTION('center_axis',(0.707106781186545,-0.70710678118655,0.));
#10167=DIRECTION('ref_axis',(0.70710678118655,0.707106781186546,-9.81307786677361E-17));
#10168=DIRECTION('center_axis',(1.16337603613126E-15,1.,0.));
#10169=DIRECTION('ref_axis',(0.,0.,1.));
#10170=DIRECTION('',(1.16337603613126E-15,1.,0.));
#10171=DIRECTION('center_axis',(-0.11179167922347,-0.765208425772379,0.634002117964407));
#10172=DIRECTION('ref_axis',(-0.132877048670792,0.64378262257299,0.753583190370899));
#10173=DIRECTION('center_axis',(-1.,7.92747606212726E-15,-6.0077276717827E-29));
#10174=DIRECTION('ref_axis',(1.03328548928806E-29,8.88178419700124E-15,
1.));
#10175=DIRECTION('center_axis',(-0.0801223837474832,-0.0801223837474855,
-0.993559664662994));
#10176=DIRECTION('ref_axis',(-0.702552776396638,-0.702552776396633,0.113310161745354));
#10177=DIRECTION('center_axis',(-1.,1.16337603613126E-15,0.));
#10178=DIRECTION('ref_axis',(7.47803701431386E-16,0.642787609686516,0.766044443118997));
#10179=DIRECTION('center_axis',(-1.,1.16337603613126E-15,0.));
#10180=DIRECTION('ref_axis',(0.,0.,1.));
#10181=DIRECTION('',(-1.,1.16337603613126E-15,0.));
#10182=DIRECTION('center_axis',(-1.16337603613126E-15,-1.,0.));
#10183=DIRECTION('ref_axis',(0.,0.,1.));
#10184=DIRECTION('center_axis',(0.0801223837474843,-0.0801223837474842,
-0.993559664662994));
#10185=DIRECTION('ref_axis',(0.702552776396637,-0.702552776396634,0.113310161745354));
#10186=DIRECTION('center_axis',(-1.16337603613126E-15,-1.,0.));
#10187=DIRECTION('ref_axis',(-0.642787609686523,7.47803701431394E-16,0.766044443118992));
#10188=DIRECTION('center_axis',(0.111791679223469,-0.765208425772379,0.634002117964408));
#10189=DIRECTION('ref_axis',(0.132877048670793,0.643782622572991,0.753583190370899));
#10190=DIRECTION('',(-1.16337603613126E-15,-1.,0.));
#10191=DIRECTION('center_axis',(-0.707106781186547,-0.707106781186549,0.));
#10192=DIRECTION('ref_axis',(-0.707106781186549,0.707106781186546,4.90653893338681E-17));
#10193=DIRECTION('center_axis',(0.171087869746082,0.171087869746082,-0.970287525247798));
#10194=DIRECTION('ref_axis',(0.686096888803435,0.686096888803428,0.24195478575243));
#10195=DIRECTION('',(0.171087869746082,0.171087869746082,-0.970287525247798));
#10196=DIRECTION('center_axis',(0.0861865342617565,0.0861865342622279,-0.992544085985007));
#10197=DIRECTION('ref_axis',(0.701834653824683,0.701834653828521,0.121886165647243));
#10198=DIRECTION('',(-0.171087869746082,-0.171087869746082,0.970287525247798));
#10199=DIRECTION('center_axis',(0.765208425772377,0.111791679223469,-0.63400211796441));
#10200=DIRECTION('ref_axis',(0.643782622572992,-0.13287704867079,0.753583190370898));
#10201=DIRECTION('center_axis',(0.9848077530122,-1.14570174005066E-15,0.173648177666979));
#10202=DIRECTION('ref_axis',(-0.173648177666979,2.02018128615626E-16,0.9848077530122));
#10203=DIRECTION('',(0.171087869746082,0.171087869746082,-0.970287525247798));
#10204=DIRECTION('center_axis',(0.9848077530122,-1.14570174005066E-15,0.173648177666979));
#10205=DIRECTION('ref_axis',(-0.173648177666979,2.38165917058766E-16,0.9848077530122));
#10206=DIRECTION('',(1.16337603613126E-15,1.,0.));
#10207=DIRECTION('center_axis',(-0.9848077530122,1.14570174005066E-15,-0.173648177666979));
#10208=DIRECTION('ref_axis',(0.173648177666979,-2.02018128615626E-16,-0.9848077530122));
#10209=DIRECTION('center_axis',(-0.171087869746082,-0.171087869746082,0.970287525247798));
#10210=DIRECTION('ref_axis',(-0.686096888803434,-0.686096888803428,-0.241954785752431));
#10211=DIRECTION('',(0.171087869746082,0.171087869746082,-0.970287525247798));
#10212=DIRECTION('center_axis',(-0.086186534261736,-0.0861865342617299,
0.992544085985052));
#10213=DIRECTION('ref_axis',(0.701834653826659,0.701834653826609,0.121886165646876));
#10214=DIRECTION('center_axis',(1.14570174005066E-15,0.9848077530122,0.173648177666979));
#10215=DIRECTION('ref_axis',(-2.02018128615626E-16,-0.173648177666979,0.9848077530122));
#10216=DIRECTION('',(-0.171087869746081,0.171087869746082,-0.970287525247798));
#10217=DIRECTION('center_axis',(1.14570174005066E-15,0.9848077530122,0.173648177666979));
#10218=DIRECTION('ref_axis',(-1.89968865801246E-16,-0.173648177666979,0.9848077530122));
#10219=DIRECTION('',(-1.,1.16337603613126E-15,0.));
#10220=DIRECTION('center_axis',(1.14570174005066E-15,0.9848077530122,0.173648177666979));
#10221=DIRECTION('ref_axis',(-2.02018128615626E-16,-0.173648177666979,0.9848077530122));
#10222=DIRECTION('center_axis',(-0.171087869746081,0.171087869746082,-0.970287525247798));
#10223=DIRECTION('ref_axis',(0.686096888803433,-0.686096888803429,-0.241954785752431));
#10224=DIRECTION('',(-0.171087869746081,0.171087869746082,-0.970287525247798));
#10225=DIRECTION('center_axis',(0.086186534261733,-0.0861865342617074,0.992544085985054));
#10226=DIRECTION('ref_axis',(-0.70183465382674,0.701834653826531,0.121886165646858));
#10227=DIRECTION('center_axis',(-0.9848077530122,1.14570174005066E-15,0.173648177666979));
#10228=DIRECTION('ref_axis',(-0.173648177666979,2.02018128615626E-16,-0.9848077530122));
#10229=DIRECTION('',(0.171087869746081,-0.171087869746082,0.970287525247798));
#10230=DIRECTION('center_axis',(0.9848077530122,-1.14570174005066E-15,-0.173648177666979));
#10231=DIRECTION('ref_axis',(-0.173648177666979,1.89968865801246E-16,-0.9848077530122));
#10232=DIRECTION('',(-1.16337603613126E-15,-1.,0.));
#10233=DIRECTION('center_axis',(-0.9848077530122,1.14570174005066E-15,0.173648177666979));
#10234=DIRECTION('ref_axis',(0.173648177666979,-2.02018128615626E-16,0.9848077530122));
#10235=DIRECTION('center_axis',(0.171087869746081,-0.171087869746082,0.970287525247798));
#10236=DIRECTION('ref_axis',(-0.686096888803427,0.686096888803435,0.241954785752432));
#10237=DIRECTION('center_axis',(-0.765208425772379,0.11179167922347,-0.634002117964408));
#10238=DIRECTION('ref_axis',(-0.643782622572991,-0.132877048670789,0.753583190370899));
#10239=DIRECTION('',(-0.171087869746081,0.171087869746082,-0.970287525247798));
#10240=DIRECTION('center_axis',(-0.0861865342617337,0.0861865342623033,
-0.992544085985002));
#10241=DIRECTION('ref_axis',(0.70183465382428,-0.701834653828918,-0.12188616564728));
#10242=DIRECTION('center_axis',(0.,0.,1.));
#10243=DIRECTION('ref_axis',(-0.707106781186541,0.707106781186554,0.));
#10244=DIRECTION('center_axis',(0.,0.,1.));
#10245=DIRECTION('ref_axis',(-0.707106781186541,0.707106781186554,0.));
#10246=DIRECTION('',(0.,0.,1.));
#10247=DIRECTION('center_axis',(-1.14570174005066E-15,-0.9848077530122,
-0.173648177666979));
#10248=DIRECTION('ref_axis',(2.02018128615626E-16,0.173648177666979,-0.9848077530122));
#10249=DIRECTION('',(0.,0.,-1.));
#10250=DIRECTION('center_axis',(0.,0.,-1.));
#10251=DIRECTION('ref_axis',(1.16337603613126E-15,1.,0.));
#10252=DIRECTION('',(1.,-1.16337603613126E-15,0.));
#10253=DIRECTION('center_axis',(0.,0.,1.));
#10254=DIRECTION('ref_axis',(0.707106781186548,0.707106781186547,0.));
#10255=DIRECTION('',(-1.16337603613126E-15,-1.,0.));
#10256=DIRECTION('center_axis',(0.,0.,1.));
#10257=DIRECTION('ref_axis',(0.707106781186547,-0.707106781186548,0.));
#10258=DIRECTION('',(-1.,1.16337603613126E-15,0.));
#10259=DIRECTION('center_axis',(0.,0.,1.));
#10260=DIRECTION('ref_axis',(-0.707106781186558,-0.707106781186537,0.));
#10261=DIRECTION('',(1.16337603613126E-15,1.,0.));
#10262=DIRECTION('center_axis',(0.,0.,-1.));
#10263=DIRECTION('ref_axis',(0.707106781186547,0.707106781186548,0.));
#10264=DIRECTION('',(-1.,1.16337603613126E-15,0.));
#10265=DIRECTION('center_axis',(0.,0.,-1.));
#10266=DIRECTION('ref_axis',(-0.707106781186548,0.707106781186547,0.));
#10267=DIRECTION('',(-1.16337603613126E-15,-1.,0.));
#10268=DIRECTION('center_axis',(0.,0.,1.));
#10269=DIRECTION('ref_axis',(0.707106781186542,-0.707106781186553,0.));
#10270=DIRECTION('',(-1.,1.16337603613126E-15,0.));
#10271=DIRECTION('center_axis',(0.,0.,1.));
#10272=DIRECTION('ref_axis',(-0.707106781186548,-0.707106781186547,0.));
#10273=DIRECTION('',(-1.16337603613126E-15,-1.,0.));
#10274=DIRECTION('center_axis',(0.,0.,1.));
#10275=DIRECTION('ref_axis',(-0.707106781186547,0.707106781186548,0.));
#10276=DIRECTION('',(1.,-1.16337603613126E-15,0.));
#10277=DIRECTION('center_axis',(0.,0.,1.));
#10278=DIRECTION('ref_axis',(0.707106781186556,0.707106781186539,0.));
#10279=DIRECTION('',(-1.16337603613126E-15,-1.,0.));
#10280=DIRECTION('center_axis',(0.,0.,-1.));
#10281=DIRECTION('ref_axis',(-0.707106781186546,-0.707106781186549,0.));
#10282=DIRECTION('',(1.,-1.16337603613126E-15,0.));
#10283=DIRECTION('center_axis',(0.,0.,-1.));
#10284=DIRECTION('ref_axis',(0.707106781186548,-0.707106781186547,0.));
#10285=DIRECTION('',(1.16337603613126E-15,1.,0.));
#10286=DIRECTION('center_axis',(-1.16337603613126E-15,-1.,0.));
#10287=DIRECTION('ref_axis',(0.,0.,-1.));
#10288=DIRECTION('',(1.,-1.16337603613126E-15,0.));
#10289=DIRECTION('',(0.,0.,1.));
#10290=DIRECTION('center_axis',(-1.14570174005066E-15,-0.9848077530122,
-0.173648177666979));
#10291=DIRECTION('ref_axis',(2.02018128615626E-16,0.173648177666979,-0.9848077530122));
#10292=DIRECTION('',(-1.,1.16337603613126E-15,0.));
#10293=DIRECTION('',(-0.171087869746061,-0.171087869746082,0.970287525247801));
#10294=DIRECTION('center_axis',(-1.14570174005066E-15,-0.9848077530122,
-0.173648177666979));
#10295=DIRECTION('ref_axis',(2.14067391430006E-16,0.173648177666979,-0.9848077530122));
#10296=DIRECTION('center_axis',(-1.,1.16337603613126E-15,0.));
#10297=DIRECTION('ref_axis',(7.47803701431394E-16,0.642787609686523,0.766044443118992));
#10298=DIRECTION('center_axis',(1.,3.49118241025147E-14,0.));
#10299=DIRECTION('ref_axis',(-2.24408879646515E-14,0.642787609686516,0.766044443118997));
#10300=DIRECTION('center_axis',(0.,0.,-1.));
#10301=DIRECTION('ref_axis',(0.707106781186556,0.707106781186539,0.));
#10302=DIRECTION('',(0.,0.,1.));
#10303=DIRECTION('center_axis',(-1.14570174005066E-15,-0.9848077530122,
-0.173648177666979));
#10304=DIRECTION('ref_axis',(2.26116654244386E-16,0.173648177666979,-0.9848077530122));
#10305=DIRECTION('',(0.,0.,-1.));
#10306=DIRECTION('center_axis',(-1.,1.16337603613126E-15,0.));
#10307=DIRECTION('ref_axis',(7.47803701431394E-16,0.642787609686523,0.766044443118992));
#10308=DIRECTION('',(-1.,1.16337603613126E-15,0.));
#10309=DIRECTION('center_axis',(-1.,1.16337603613126E-15,0.));
#10310=DIRECTION('ref_axis',(7.47803701431394E-16,0.642787609686523,0.766044443118992));
#10311=DIRECTION('center_axis',(-1.14570174005066E-15,-0.9848077530122,
-0.173648177666979));
#10312=DIRECTION('ref_axis',(2.02018128615626E-16,0.173648177666979,-0.9848077530122));
#10313=DIRECTION('',(1.,-1.16337603613126E-15,0.));
#10314=DIRECTION('center_axis',(-1.14570174005066E-15,-0.9848077530122,
-0.173648177666979));
#10315=DIRECTION('ref_axis',(1.89968865801246E-16,0.173648177666979,-0.9848077530122));
#10316=DIRECTION('',(-0.171087869745972,0.171087869746085,-0.970287525247817));
#10317=DIRECTION('center_axis',(-1.16337603613126E-15,-1.,0.));
#10318=DIRECTION('ref_axis',(0.,0.,-1.));
#10319=DIRECTION('',(0.,0.,-1.));
#10320=DIRECTION('center_axis',(0.,0.,1.));
#10321=DIRECTION('ref_axis',(0.707106781186542,-0.707106781186553,0.));
#10322=DIRECTION('',(0.,0.,1.));
#10323=DIRECTION('center_axis',(-0.9848077530122,1.14570174005066E-15,-0.173648177666979));
#10324=DIRECTION('ref_axis',(0.173648177666979,-2.14067391430006E-16,-0.9848077530122));
#10325=DIRECTION('center_axis',(0.0861865342617253,-0.0861865342623613,
-0.992544085984998));
#10326=DIRECTION('ref_axis',(-0.701834653824006,0.701834653829186,-0.121886165647315));
#10327=DIRECTION('center_axis',(1.14570174005066E-15,0.9848077530122,-0.173648177666979));
#10328=DIRECTION('ref_axis',(-2.14067391430006E-16,-0.173648177666979,-0.9848077530122));
#10329=DIRECTION('',(0.,0.,-1.));
#10330=DIRECTION('center_axis',(-0.171087869746081,0.171087869746082,0.970287525247798));
#10331=DIRECTION('ref_axis',(0.686096888803428,-0.686096888803434,0.24195478575243));
#10332=DIRECTION('center_axis',(0.76520842577238,-0.111791679223467,-0.634002117964407));
#10333=DIRECTION('ref_axis',(0.64378262257299,0.132877048670793,0.753583190370899));
#10334=DIRECTION('',(0.171087869746081,-0.171087869746082,-0.970287525247798));
#10335=DIRECTION('',(-0.171087869746081,0.171087869746082,0.970287525247798));
#10336=DIRECTION('center_axis',(-1.16337603613126E-15,-1.,0.));
#10337=DIRECTION('ref_axis',(0.,0.,-1.));
#10338=DIRECTION('',(-1.,1.16337603613126E-15,0.));
#10339=DIRECTION('',(0.,0.,1.));
#10340=DIRECTION('center_axis',(1.14570174005066E-15,0.9848077530122,-0.173648177666979));
#10341=DIRECTION('ref_axis',(2.02018128615626E-16,0.173648177666979,0.9848077530122));
#10342=DIRECTION('',(1.,-1.16337603613126E-15,0.));
#10343=DIRECTION('',(0.171087869745972,0.171087869746085,0.970287525247817));
#10344=DIRECTION('center_axis',(1.14570174005066E-15,0.9848077530122,-0.173648177666979));
#10345=DIRECTION('ref_axis',(-2.14067391430006E-16,-0.173648177666979,-0.9848077530122));
#10346=DIRECTION('center_axis',(1.,-1.16337603613126E-15,0.));
#10347=DIRECTION('ref_axis',(-7.47803701431386E-16,-0.642787609686516,0.766044443118997));
#10348=DIRECTION('center_axis',(-1.,1.16337603613126E-15,0.));
#10349=DIRECTION('ref_axis',(0.,0.,1.));
#10350=DIRECTION('center_axis',(0.,0.,-1.));
#10351=DIRECTION('ref_axis',(-0.707106781186558,-0.707106781186537,0.));
#10352=DIRECTION('',(0.,0.,1.));
#10353=DIRECTION('center_axis',(1.14570174005066E-15,0.9848077530122,-0.173648177666979));
#10354=DIRECTION('ref_axis',(-2.14067391430006E-16,-0.173648177666979,-0.9848077530122));
#10355=DIRECTION('center_axis',(0.9848077530122,-1.14570174005066E-15,-0.173648177666979));
#10356=DIRECTION('ref_axis',(-0.173648177666979,2.02018128615626E-16,-0.9848077530122));
#10357=DIRECTION('',(0.,0.,-1.));
#10358=DIRECTION('center_axis',(1.14570174005066E-15,0.9848077530122,-0.173648177666979));
#10359=DIRECTION('ref_axis',(2.02018128615626E-16,0.173648177666979,0.9848077530122));
#10360=DIRECTION('',(-1.,1.16337603613126E-15,0.));
#10361=DIRECTION('center_axis',(1.14570174005066E-15,0.9848077530122,-0.173648177666979));
#10362=DIRECTION('ref_axis',(-1.89968865801246E-16,-0.173648177666979,-0.9848077530122));
#10363=DIRECTION('',(0.171087869746061,-0.171087869746082,-0.970287525247801));
#10364=DIRECTION('center_axis',(-1.16337603613126E-15,-1.,0.));
#10365=DIRECTION('ref_axis',(0.,0.,-1.));
#10366=DIRECTION('',(0.,0.,-1.));
#10367=DIRECTION('center_axis',(1.,-1.16337603613126E-15,0.));
#10368=DIRECTION('ref_axis',(0.,0.,1.));
#10369=DIRECTION('',(-1.16337603613126E-15,-1.,0.));
#10370=DIRECTION('',(0.,0.,1.));
#10371=DIRECTION('center_axis',(0.,0.,-1.));
#10372=DIRECTION('ref_axis',(-0.707106781186548,0.707106781186547,0.));
#10373=DIRECTION('',(0.,0.,-1.));
#10374=DIRECTION('',(0.,0.,1.));
#10375=DIRECTION('center_axis',(-1.14570174005066E-15,-0.9848077530122,
0.173648177666979));
#10376=DIRECTION('ref_axis',(1.89968865801246E-16,0.173648177666979,0.9848077530122));
#10377=DIRECTION('center_axis',(-0.0861865342617559,0.0861865342617306,
0.99254408598505));
#10378=DIRECTION('ref_axis',(0.701834653826735,-0.70183465382653,0.121886165646891));
#10379=DIRECTION('center_axis',(0.9848077530122,-1.14570174005066E-15,0.173648177666979));
#10380=DIRECTION('ref_axis',(-0.173648177666979,2.14067391430006E-16,0.9848077530122));
#10381=DIRECTION('center_axis',(0.171087869746081,-0.171087869746082,-0.970287525247798));
#10382=DIRECTION('ref_axis',(-0.686096888803431,0.686096888803432,-0.24195478575243));
#10383=DIRECTION('',(0.171087869746081,-0.171087869746082,-0.970287525247798));
#10384=DIRECTION('',(0.171087869746081,-0.171087869746082,-0.970287525247798));
#10385=DIRECTION('center_axis',(-1.,1.16337603613126E-15,0.));
#10386=DIRECTION('ref_axis',(0.,0.,-1.));
#10387=DIRECTION('',(1.16337603613126E-15,1.,0.));
#10388=DIRECTION('center_axis',(0.9848077530122,-1.14570174005066E-15,0.173648177666979));
#10389=DIRECTION('ref_axis',(-0.173648177666979,2.02018128615626E-16,0.9848077530122));
#10390=DIRECTION('center_axis',(0.,0.,-1.));
#10391=DIRECTION('ref_axis',(0.707106781186547,0.707106781186548,0.));
#10392=DIRECTION('',(0.,0.,-1.));
#10393=DIRECTION('center_axis',(-0.9848077530122,1.14570174005066E-15,0.173648177666979));
#10394=DIRECTION('ref_axis',(0.173648177666979,-2.02018128615626E-16,0.9848077530122));
#10395=DIRECTION('center_axis',(0.0861865342617495,0.0861865342617623,0.992544085985048));
#10396=DIRECTION('ref_axis',(-0.701834653826579,-0.701834653826683,0.121886165646909));
#10397=DIRECTION('center_axis',(-1.14570174005066E-15,-0.9848077530122,
0.173648177666979));
#10398=DIRECTION('ref_axis',(2.02018128615626E-16,0.173648177666979,0.9848077530122));
#10399=DIRECTION('center_axis',(-0.171087869746082,-0.171087869746082,-0.970287525247798));
#10400=DIRECTION('ref_axis',(0.686096888803432,0.686096888803431,-0.24195478575243));
#10401=DIRECTION('',(-0.171087869746082,-0.171087869746082,-0.970287525247798));
#10402=DIRECTION('',(-0.171087869746082,-0.171087869746082,-0.970287525247798));
#10403=DIRECTION('center_axis',(1.16337603613126E-15,1.,0.));
#10404=DIRECTION('ref_axis',(0.,0.,1.));
#10405=DIRECTION('',(1.,-1.16337603613126E-15,0.));
#10406=DIRECTION('center_axis',(1.14570174005066E-15,0.9848077530122,-0.173648177666979));
#10407=DIRECTION('ref_axis',(2.02018128615626E-16,0.173648177666979,0.9848077530122));
#10408=DIRECTION('center_axis',(0.,0.,-1.));
#10409=DIRECTION('ref_axis',(-0.707106781186546,-0.707106781186549,0.));
#10410=DIRECTION('',(0.,0.,-1.));
#10411=DIRECTION('',(0.,0.,1.));
#10412=DIRECTION('center_axis',(-1.16337603613126E-15,-1.,0.));
#10413=DIRECTION('ref_axis',(0.,0.,-1.));
#10414=DIRECTION('',(0.,0.,1.));
#10415=DIRECTION('center_axis',(0.,0.,-1.));
#10416=DIRECTION('ref_axis',(0.707106781186548,-0.707106781186547,0.));
#10417=DIRECTION('',(0.,0.,-1.));
#10418=DIRECTION('center_axis',(1.,-1.16337603613126E-15,0.));
#10419=DIRECTION('ref_axis',(0.,0.,1.));
#10420=DIRECTION('center_axis',(-1.,1.16337603613126E-15,0.));
#10421=DIRECTION('ref_axis',(0.,0.,-1.));
#10422=DIRECTION('center_axis',(0.,0.,1.));
#10423=DIRECTION('ref_axis',(0.707106781186548,0.707106781186547,0.));
#10424=DIRECTION('center_axis',(-0.984807753012203,1.14570174005067E-15,
-0.173648177666958));
#10425=DIRECTION('ref_axis',(0.173648177666958,-1.89968865801223E-16,-0.984807753012203));
#10426=DIRECTION('',(0.,0.,-1.));
#10427=DIRECTION('center_axis',(0.0861865342617046,0.0861865342617153,-0.992544085985056));
#10428=DIRECTION('ref_axis',(0.701834653826637,0.701834653826636,0.121886165646844));
#10429=DIRECTION('center_axis',(1.,-1.16337603613126E-15,0.));
#10430=DIRECTION('ref_axis',(0.,0.,1.));
#10431=DIRECTION('',(-1.16337603613126E-15,-1.,0.));
#10432=DIRECTION('',(0.,0.,1.));
#10433=DIRECTION('center_axis',(0.984807753012203,-1.14570174005067E-15,
0.173648177666958));
#10434=DIRECTION('ref_axis',(-0.173648177666958,2.02018128615602E-16,0.984807753012203));
#10435=DIRECTION('',(0.171087869746061,0.171087869746082,-0.970287525247801));
#10436=DIRECTION('',(1.16337603613126E-15,1.,0.));
#10437=DIRECTION('',(-0.171087869746061,0.171087869746083,0.970287525247801));
#10438=DIRECTION('center_axis',(-0.984807753012203,1.14570174005067E-15,
-0.173648177666958));
#10439=DIRECTION('ref_axis',(0.173648177666958,-2.1406739142998E-16,-0.984807753012203));
#10440=DIRECTION('center_axis',(-0.171087869746061,-0.171087869746082,0.970287525247801));
#10441=DIRECTION('ref_axis',(0.68609688880344,0.686096888803426,0.241954785752421));
#10442=DIRECTION('center_axis',(-0.171087869746061,-0.171087869746093,0.970287525247799));
#10443=DIRECTION('ref_axis',(0.68609688880344,0.686096888803426,0.241954785752421));
#10444=DIRECTION('center_axis',(0.,0.,-1.));
#10445=DIRECTION('ref_axis',(0.707106781186547,-0.707106781186548,0.));
#10446=DIRECTION('center_axis',(0.0861865342617551,-0.0861865342617661,
-0.992544085985047));
#10447=DIRECTION('ref_axis',(0.70183465382663,-0.701834653826631,0.121886165646915));
#10448=DIRECTION('center_axis',(0.171087869746061,-0.171087869746083,-0.970287525247801));
#10449=DIRECTION('ref_axis',(0.686096888803427,-0.686096888803441,0.241954785752415));
#10450=DIRECTION('center_axis',(-0.171087869746061,0.171087869746086,0.970287525247801));
#10451=DIRECTION('ref_axis',(0.686096888803432,-0.686096888803434,0.241954785752419));
#10452=DIRECTION('center_axis',(0.,0.,1.));
#10453=DIRECTION('ref_axis',(-0.707106781186548,-0.707106781186547,0.));
#10454=DIRECTION('center_axis',(0.984807753012219,-1.14570174005069E-15,
-0.173648177666867));
#10455=DIRECTION('ref_axis',(-0.173648177666867,1.89968865801124E-16,-0.984807753012219));
#10456=DIRECTION('',(0.,0.,-1.));
#10457=DIRECTION('center_axis',(-0.0861865342617005,-0.0861865342617577,
-0.992544085985053));
#10458=DIRECTION('ref_axis',(-0.701834653826635,-0.701834653826634,0.121886165646871));
#10459=DIRECTION('center_axis',(-1.,1.16337603613126E-15,0.));
#10460=DIRECTION('ref_axis',(0.,0.,-1.));
#10461=DIRECTION('',(-1.16337603613126E-15,-1.,0.));
#10462=DIRECTION('',(0.,0.,1.));
#10463=DIRECTION('center_axis',(-0.984807753012219,1.14570174005069E-15,
0.173648177666867));
#10464=DIRECTION('ref_axis',(-0.173648177666867,2.02018128615496E-16,-0.984807753012219));
#10465=DIRECTION('',(-0.171087869745972,-0.171087869746085,-0.970287525247817));
#10466=DIRECTION('',(-1.16337603613126E-15,-1.,0.));
#10467=DIRECTION('',(0.171087869745972,-0.171087869746085,0.970287525247817));
#10468=DIRECTION('center_axis',(0.984807753012219,-1.14570174005069E-15,
-0.173648177666867));
#10469=DIRECTION('ref_axis',(-0.173648177666867,2.14067391429868E-16,-0.984807753012219));
#10470=DIRECTION('center_axis',(0.171087869745972,0.171087869746085,0.970287525247816));
#10471=DIRECTION('ref_axis',(-0.686096888803451,-0.686096888803437,0.241954785752357));
#10472=DIRECTION('center_axis',(0.171087869745971,0.17108786974608,0.970287525247818));
#10473=DIRECTION('ref_axis',(-0.686096888803471,-0.68609688880342,0.241954785752347));
#10474=DIRECTION('center_axis',(0.,0.,-1.));
#10475=DIRECTION('ref_axis',(-0.707106781186547,0.707106781186548,0.));
#10476=DIRECTION('center_axis',(-0.0861865342616881,0.0861865342617456,
-0.992544085985055));
#10477=DIRECTION('ref_axis',(-0.701834653826635,0.701834653826637,0.121886165646853));
#10478=DIRECTION('center_axis',(-0.171087869745972,0.171087869746085,-0.970287525247816));
#10479=DIRECTION('ref_axis',(-0.686096888803449,0.686096888803439,0.241954785752357));
#10480=DIRECTION('center_axis',(0.171087869745974,-0.171087869746091,0.970287525247815));
#10481=DIRECTION('ref_axis',(-0.686096888803449,0.686096888803438,0.241954785752359));
#10482=DIRECTION('center_axis',(-0.861226927107222,-0.299907227579395,-0.410297251844432));
#10483=DIRECTION('ref_axis',(-0.508220601732604,0.508220601732595,0.695286732182564));
#10484=DIRECTION('center_axis',(1.16337603613126E-15,1.,0.));
#10485=DIRECTION('ref_axis',(0.,0.,1.));
#10486=DIRECTION('center_axis',(-0.861226927107216,0.299907227579396,-0.410297251844442));
#10487=DIRECTION('ref_axis',(-0.508220601732613,-0.508220601732586,0.695286732182564));
#10488=DIRECTION('center_axis',(-2.07670742962145E-14,-1.,-8.88178419700124E-15));
#10489=DIRECTION('ref_axis',(-0.642787609686567,1.23421495344734E-14,0.766044443118955));
#10490=DIRECTION('center_axis',(-1.16337603613126E-15,-1.,0.));
#10491=DIRECTION('ref_axis',(-0.642787609686567,7.47803701431445E-16,0.766044443118955));
#10492=DIRECTION('center_axis',(-0.86122692710724,-0.29990722757936,0.410297251844419));
#10493=DIRECTION('ref_axis',(0.508220601732567,-0.508220601732585,0.695286732182598));
#10494=DIRECTION('center_axis',(-1.16337603613126E-15,-1.,0.));
#10495=DIRECTION('ref_axis',(0.,0.,1.));
#10496=DIRECTION('center_axis',(-0.86122692710725,0.299907227579351,0.410297251844405));
#10497=DIRECTION('ref_axis',(0.508220601732556,0.508220601732592,0.695286732182602));
#10498=DIRECTION('center_axis',(2.72947422689291E-15,1.,-8.8817841970012E-15));
#10499=DIRECTION('ref_axis',(0.984807753012203,-1.14570174005067E-15,0.173648177666959));
#10500=DIRECTION('center_axis',(-1.16337603613126E-15,-1.,0.));
#10501=DIRECTION('ref_axis',(0.642787609686518,-7.47803701431388E-16,0.766044443118996));
#10502=DIRECTION('center_axis',(-0.9848077530122,1.14570174005066E-15,0.173648177666979));
#10503=DIRECTION('ref_axis',(-0.173648177666979,2.02018128615626E-16,-0.9848077530122));
#10504=DIRECTION('center_axis',(0.,0.,-1.));
#10505=DIRECTION('ref_axis',(1.16249001766757E-15,1.,0.));
#10506=DIRECTION('center_axis',(0.,0.,-1.));
#10507=DIRECTION('ref_axis',(-1.16337603613126E-15,-1.,0.));
#10508=DIRECTION('center_axis',(0.,0.,1.));
#10509=DIRECTION('ref_axis',(-1.16337603613126E-15,-1.,0.));
#10510=DIRECTION('center_axis',(0.,0.,1.));
#10511=DIRECTION('ref_axis',(1.2858366715135E-15,1.,0.));
#10512=DIRECTION('center_axis',(0.,0.,1.));
#10513=DIRECTION('ref_axis',(-1.16110824658714E-15,-1.,0.));
#10514=DIRECTION('center_axis',(0.,0.,-1.));
#10515=DIRECTION('ref_axis',(1.2858366715135E-15,1.,0.));
#10516=DIRECTION('center_axis',(0.,0.,1.));
#10517=DIRECTION('ref_axis',(-1.16337603613126E-15,-1.,0.));
#10518=DIRECTION('center_axis',(-1.,4.28612223837832E-16,0.));
#10519=DIRECTION('ref_axis',(0.,0.,-1.));
#10520=DIRECTION('',(0.,0.,1.));
#10521=DIRECTION('',(4.28612223837832E-16,1.,0.));
#10522=DIRECTION('',(0.,0.,1.));
#10523=DIRECTION('',(-4.28612223837832E-16,-1.,0.));
#10524=DIRECTION('center_axis',(-9.09161426584594E-14,-1.,0.));
#10525=DIRECTION('ref_axis',(0.,0.,-1.));
#10526=DIRECTION('',(-1.,9.09161426584595E-14,0.));
#10527=DIRECTION('',(0.,0.,1.));
#10528=DIRECTION('',(1.,-9.09161426584595E-14,0.));
#10529=DIRECTION('center_axis',(0.,0.,1.));
#10530=DIRECTION('ref_axis',(-1.16337603613126E-15,-1.,0.));
#10531=DIRECTION('',(-1.,1.83690953073357E-16,0.));
#10532=DIRECTION('',(1.16337603613126E-15,1.,0.));
#10533=DIRECTION('',(-1.,2.85380470340605E-13,0.));
#10534=DIRECTION('',(-2.83053718267521E-13,1.,0.));
#10535=DIRECTION('',(1.,-1.16337603613126E-15,0.));
#10536=DIRECTION('',(1.16337603613126E-15,1.,0.));
#10537=DIRECTION('',(-1.,2.85380470340524E-13,0.));
#10538=DIRECTION('',(1.16337603613126E-15,1.,0.));
#10539=DIRECTION('',(1.,2.83053718268262E-13,0.));
#10540=DIRECTION('',(1.16337603613126E-15,1.,0.));
#10541=DIRECTION('',(-1.,-2.83053718268208E-13,0.));
#10542=DIRECTION('',(1.16337603613126E-15,1.,0.));
#10543=DIRECTION('',(1.,-1.16337603613126E-15,0.));
#10544=DIRECTION('',(1.16337603613126E-15,1.,0.));
#10545=DIRECTION('',(-1.,-6.1464032828982E-13,0.));
#10546=DIRECTION('',(-5.67270812570527E-13,1.,0.));
#10547=DIRECTION('',(1.,-1.16337603613126E-15,0.));
#10548=DIRECTION('',(1.16337603613126E-15,1.,0.));
#10549=DIRECTION('',(-1.,1.16337603613126E-15,0.));
#10550=DIRECTION('',(-2.83053718267521E-13,1.,0.));
#10551=DIRECTION('',(1.,-1.16337603613126E-15,0.));
#10552=DIRECTION('',(1.16337603613126E-15,1.,0.));
#10553=DIRECTION('center_axis',(-0.901387818866051,-0.240192230707539,0.360288346061374));
#10554=DIRECTION('ref_axis',(0.43301270189211,-0.499999999999971,0.750000000000083));
#10555=DIRECTION('center_axis',(-1.,1.16337603613126E-15,0.));
#10556=DIRECTION('ref_axis',(-8.22631084218337E-16,-0.707106781186546,0.707106781186549));
#10557=DIRECTION('center_axis',(1.16337603613126E-15,1.,0.));
#10558=DIRECTION('ref_axis',(0.866025403784279,-1.00751320144353E-15,0.500000000000278));
#10559=DIRECTION('center_axis',(0.500000000000277,1.39422989327755E-16,
-0.866025403784279));
#10560=DIRECTION('ref_axis',(0.612372435695688,-0.707106781186544,0.353553390593466));
#10561=DIRECTION('center_axis',(-0.90138781886605,0.240192230707539,0.360288346061375));
#10562=DIRECTION('ref_axis',(0.43301270189211,0.499999999999963,0.750000000000088));
#10563=DIRECTION('center_axis',(0.500000000000275,-3.94687271923658E-15,
-0.86602540378428));
#10564=DIRECTION('ref_axis',(0.612372435695691,0.707106781186543,0.353553390593463));
#10565=DIRECTION('center_axis',(-1.16337603613126E-15,-1.,0.));
#10566=DIRECTION('ref_axis',(0.,0.,1.));
#10567=DIRECTION('center_axis',(-1.,1.16337603613126E-15,0.));
#10568=DIRECTION('ref_axis',(8.22631084218337E-16,0.707106781186546,0.707106781186549));
#10569=DIRECTION('center_axis',(-1.16337603613126E-15,-1.,0.));
#10570=DIRECTION('ref_axis',(0.499999999999868,-5.81688018065475E-16,0.866025403784515));
#10571=DIRECTION('',(1.16337603613126E-15,1.,0.));
#10572=DIRECTION('',(-1.16337603613126E-15,-1.,0.));
#10573=DIRECTION('center_axis',(1.,-1.16337603613126E-15,0.));
#10574=DIRECTION('ref_axis',(8.22631084218337E-16,0.707106781186546,0.707106781186549));
#10575=DIRECTION('center_axis',(-1.,1.16337603613126E-15,0.));
#10576=DIRECTION('ref_axis',(8.22631084218337E-16,0.707106781186546,0.707106781186549));
#10577=DIRECTION('',(1.,-1.16337603613126E-15,0.));
#10578=DIRECTION('',(-1.,1.16337603613126E-15,0.));
#10579=DIRECTION('center_axis',(0.500000000000277,-5.81688018065951E-16,
-0.866025403784279));
#10580=DIRECTION('ref_axis',(0.61237243569569,0.707106781186542,0.353553390593466));
#10581=DIRECTION('center_axis',(0.,0.,-1.));
#10582=DIRECTION('ref_axis',(1.,-9.23005700333357E-16,0.));
#10583=DIRECTION('',(-0.500000000000277,5.81688018065951E-16,0.866025403784279));
#10584=DIRECTION('',(0.500000000000277,-5.81688018065951E-16,-0.866025403784279));
#10585=DIRECTION('center_axis',(0.500000000000277,-5.81688018065951E-16,
-0.866025403784279));
#10586=DIRECTION('ref_axis',(0.612372435695688,-0.707106781186543,0.353553390593466));
#10587=DIRECTION('center_axis',(0.,0.,-1.));
#10588=DIRECTION('ref_axis',(1.,-1.34365378797968E-15,0.));
#10589=DIRECTION('',(-0.500000000000277,5.81688018065951E-16,0.866025403784279));
#10590=DIRECTION('',(0.500000000000277,-5.81688018065951E-16,-0.866025403784279));
#10591=DIRECTION('center_axis',(1.,-1.16337603613126E-15,0.));
#10592=DIRECTION('ref_axis',(-8.22631084218337E-16,-0.707106781186546,0.707106781186549));
#10593=DIRECTION('center_axis',(-1.,1.16337603613126E-15,0.));
#10594=DIRECTION('ref_axis',(-8.22631084218337E-16,-0.707106781186546,0.707106781186549));
#10595=DIRECTION('',(1.,-1.16337603613126E-15,0.));
#10596=DIRECTION('',(-1.,1.16337603613126E-15,0.));
#10597=DIRECTION('center_axis',(-1.16337603613126E-15,-1.,0.));
#10598=DIRECTION('ref_axis',(0.,0.,-1.));
#10599=DIRECTION('',(1.,-1.16337603613126E-15,0.));
#10600=DIRECTION('',(0.,0.,-1.));
#10601=DIRECTION('center_axis',(0.866025403784279,-1.00751320144353E-15,
0.500000000000277));
#10602=DIRECTION('ref_axis',(-1.16337603613126E-15,-1.,0.));
#10603=DIRECTION('',(1.16337603613126E-15,1.,0.));
#10604=DIRECTION('center_axis',(-0.901387818866051,-0.240192230707539,0.360288346061374));
#10605=DIRECTION('ref_axis',(0.433012701892112,-0.499999999999964,0.750000000000086));
#10606=DIRECTION('center_axis',(-1.,1.16337603613126E-15,0.));
#10607=DIRECTION('ref_axis',(-8.22631084218337E-16,-0.707106781186546,0.707106781186549));
#10608=DIRECTION('center_axis',(1.16337603613126E-15,1.,0.));
#10609=DIRECTION('ref_axis',(0.866025403784279,-1.00751320144353E-15,0.500000000000278));
#10610=DIRECTION('center_axis',(0.500000000000277,1.39422989327755E-16,
-0.866025403784279));
#10611=DIRECTION('ref_axis',(0.612372435695688,-0.707106781186544,0.353553390593466));
#10612=DIRECTION('center_axis',(-0.90138781886605,0.240192230707539,0.360288346061375));
#10613=DIRECTION('ref_axis',(0.43301270189211,0.499999999999963,0.750000000000088));
#10614=DIRECTION('center_axis',(-1.16337603613126E-15,-1.,0.));
#10615=DIRECTION('ref_axis',(0.499999999999867,-5.81688018065475E-16,0.866025403784515));
#10616=DIRECTION('center_axis',(-1.,1.16337603613126E-15,0.));
#10617=DIRECTION('ref_axis',(1.16337603613126E-15,1.,0.));
#10618=DIRECTION('center_axis',(0.500000000000275,-3.94687271923656E-15,
-0.86602540378428));
#10619=DIRECTION('ref_axis',(0.612372435695688,0.707106781186546,0.353553390593461));
#10620=DIRECTION('center_axis',(1.,-1.16337603613126E-15,0.));
#10621=DIRECTION('ref_axis',(8.22631084218341E-16,0.707106781186549,0.707106781186546));
#10622=DIRECTION('center_axis',(-1.,1.16337603613126E-15,0.));
#10623=DIRECTION('ref_axis',(8.22631084218341E-16,0.707106781186549,0.707106781186546));
#10624=DIRECTION('',(1.,-1.16337603613126E-15,0.));
#10625=DIRECTION('',(-1.,1.16337603613126E-15,0.));
#10626=DIRECTION('center_axis',(0.500000000000277,-5.81688018065951E-16,
-0.866025403784279));
#10627=DIRECTION('ref_axis',(0.612372435695687,0.707106781186545,0.353553390593465));
#10628=DIRECTION('center_axis',(0.,0.,-1.));
#10629=DIRECTION('ref_axis',(1.,-1.34365378797968E-15,0.));
#10630=DIRECTION('',(-0.500000000000277,5.81688018065951E-16,0.866025403784279));
#10631=DIRECTION('',(0.500000000000277,-5.81688018065951E-16,-0.866025403784279));
#10632=DIRECTION('center_axis',(-1.16337603613126E-15,-1.,0.));
#10633=DIRECTION('ref_axis',(0.499999999999868,-5.81688018065475E-16,0.866025403784515));
#10634=DIRECTION('',(1.16337603613126E-15,1.,0.));
#10635=DIRECTION('',(-1.16337603613126E-15,-1.,0.));
#10636=DIRECTION('center_axis',(0.500000000000277,-5.81688018065951E-16,
-0.866025403784279));
#10637=DIRECTION('ref_axis',(0.612372435695688,-0.707106781186543,0.353553390593466));
#10638=DIRECTION('center_axis',(0.,0.,-1.));
#10639=DIRECTION('ref_axis',(1.,-1.34365378797968E-15,0.));
#10640=DIRECTION('',(-0.500000000000277,5.81688018065951E-16,0.866025403784279));
#10641=DIRECTION('',(0.500000000000277,-5.81688018065951E-16,-0.866025403784279));
#10642=DIRECTION('center_axis',(1.,-1.16337603613126E-15,0.));
#10643=DIRECTION('ref_axis',(-8.22631084218337E-16,-0.707106781186546,0.707106781186549));
#10644=DIRECTION('center_axis',(-1.,1.16337603613126E-15,0.));
#10645=DIRECTION('ref_axis',(-8.22631084218337E-16,-0.707106781186546,0.707106781186549));
#10646=DIRECTION('',(1.,-1.16337603613126E-15,0.));
#10647=DIRECTION('',(-1.,1.16337603613126E-15,0.));
#10648=DIRECTION('center_axis',(0.866025403784279,-1.00751320144353E-15,
0.500000000000277));
#10649=DIRECTION('ref_axis',(-1.16337603613126E-15,-1.,0.));
#10650=DIRECTION('',(1.16337603613126E-15,1.,0.));
#10651=DIRECTION('center_axis',(-1.16337603613126E-15,-1.,0.));
#10652=DIRECTION('ref_axis',(0.,0.,-1.));
#10653=DIRECTION('',(0.,0.,1.));
#10654=DIRECTION('',(-1.,1.16337603613126E-15,0.));
#10655=DIRECTION('center_axis',(-0.901387818866052,-0.240192230707535,0.360288346061373));
#10656=DIRECTION('ref_axis',(0.433012701892112,-0.499999999999964,0.750000000000086));
#10657=DIRECTION('center_axis',(-1.,1.16337603613126E-15,0.));
#10658=DIRECTION('ref_axis',(-8.22631084218339E-16,-0.707106781186548,0.707106781186547));
#10659=DIRECTION('center_axis',(1.16337603613126E-15,1.,0.));
#10660=DIRECTION('ref_axis',(0.866025403784279,-1.00751320144353E-15,0.500000000000278));
#10661=DIRECTION('center_axis',(0.500000000000277,1.39422989327751E-16,
-0.866025403784279));
#10662=DIRECTION('ref_axis',(0.612372435695687,-0.707106781186545,0.353553390593465));
#10663=DIRECTION('center_axis',(-0.90138781886605,0.240192230707539,0.360288346061375));
#10664=DIRECTION('ref_axis',(0.43301270189211,0.499999999999966,0.750000000000086));
#10665=DIRECTION('center_axis',(0.500000000000275,-3.94687271923657E-15,
-0.86602540378428));
#10666=DIRECTION('ref_axis',(0.61237243569569,0.707106781186544,0.353553390593463));
#10667=DIRECTION('center_axis',(-1.16337603613126E-15,-1.,0.));
#10668=DIRECTION('ref_axis',(0.,0.,1.));
#10669=DIRECTION('center_axis',(-1.,1.16337603613126E-15,0.));
#10670=DIRECTION('ref_axis',(8.22631084218338E-16,0.707106781186547,0.707106781186548));
#10671=DIRECTION('center_axis',(-1.16337603613126E-15,-1.,0.));
#10672=DIRECTION('ref_axis',(0.499999999999868,-5.81688018065475E-16,0.866025403784515));
#10673=DIRECTION('',(1.16337603613126E-15,1.,0.));
#10674=DIRECTION('',(-1.16337603613126E-15,-1.,0.));
#10675=DIRECTION('center_axis',(1.,-1.16337603613126E-15,0.));
#10676=DIRECTION('ref_axis',(8.22631084218338E-16,0.707106781186547,0.707106781186548));
#10677=DIRECTION('center_axis',(-1.,1.16337603613126E-15,0.));
#10678=DIRECTION('ref_axis',(8.22631084218338E-16,0.707106781186547,0.707106781186548));
#10679=DIRECTION('',(1.,-1.16337603613126E-15,0.));
#10680=DIRECTION('',(-1.,1.16337603613126E-15,0.));
#10681=DIRECTION('center_axis',(0.500000000000277,-5.81688018065951E-16,
-0.866025403784279));
#10682=DIRECTION('ref_axis',(0.612372435695689,0.707106781186543,0.353553390593466));
#10683=DIRECTION('center_axis',(0.,0.,-1.));
#10684=DIRECTION('ref_axis',(1.,-4.42265028737555E-16,0.));
#10685=DIRECTION('',(-0.500000000000277,5.81688018065951E-16,0.866025403784279));
#10686=DIRECTION('',(0.500000000000277,-5.81688018065951E-16,-0.866025403784279));
#10687=DIRECTION('center_axis',(0.500000000000277,-5.81688018065951E-16,
-0.866025403784279));
#10688=DIRECTION('ref_axis',(0.612372435695687,-0.707106781186545,0.353553390593466));
#10689=DIRECTION('center_axis',(0.,0.,-1.));
#10690=DIRECTION('ref_axis',(1.,-1.34365378797968E-15,0.));
#10691=DIRECTION('',(-0.500000000000277,5.81688018065951E-16,0.866025403784279));
#10692=DIRECTION('',(0.500000000000277,-5.81688018065951E-16,-0.866025403784279));
#10693=DIRECTION('center_axis',(1.,-1.16337603613126E-15,0.));
#10694=DIRECTION('ref_axis',(-8.22631084218339E-16,-0.707106781186548,0.707106781186547));
#10695=DIRECTION('center_axis',(-1.,1.16337603613126E-15,0.));
#10696=DIRECTION('ref_axis',(-8.22631084218339E-16,-0.707106781186548,0.707106781186547));
#10697=DIRECTION('',(1.,-1.16337603613126E-15,0.));
#10698=DIRECTION('',(-1.,1.16337603613126E-15,0.));
#10699=DIRECTION('center_axis',(-1.16337603613126E-15,-1.,0.));
#10700=DIRECTION('ref_axis',(0.,0.,-1.));
#10701=DIRECTION('',(1.,-1.16337603613126E-15,0.));
#10702=DIRECTION('',(0.,0.,-1.));
#10703=DIRECTION('center_axis',(0.866025403784279,-1.00751320144353E-15,
0.500000000000277));
#10704=DIRECTION('ref_axis',(-1.16337603613126E-15,-1.,0.));
#10705=DIRECTION('',(1.16337603613126E-15,1.,0.));
#10706=DIRECTION('center_axis',(-0.901387818866052,-0.240192230707537,0.360288346061373));
#10707=DIRECTION('ref_axis',(0.433012701892111,-0.499999999999966,0.750000000000085));
#10708=DIRECTION('center_axis',(-1.,1.16337603613126E-15,0.));
#10709=DIRECTION('ref_axis',(-8.22631084218339E-16,-0.707106781186548,0.707106781186547));
#10710=DIRECTION('center_axis',(1.16337603613126E-15,1.,0.));
#10711=DIRECTION('ref_axis',(0.866025403784279,-1.00751320144353E-15,0.500000000000278));
#10712=DIRECTION('center_axis',(0.500000000000277,1.39422989327751E-16,
-0.866025403784279));
#10713=DIRECTION('ref_axis',(0.612372435695687,-0.707106781186545,0.353553390593465));
#10714=DIRECTION('center_axis',(-0.90138781886605,0.24019223070754,0.360288346061374));
#10715=DIRECTION('ref_axis',(0.43301270189211,0.499999999999965,0.750000000000086));
#10716=DIRECTION('center_axis',(-1.16337603613126E-15,-1.,0.));
#10717=DIRECTION('ref_axis',(0.499999999999867,-5.81688018065475E-16,0.866025403784515));
#10718=DIRECTION('center_axis',(-1.,1.16337603613126E-15,0.));
#10719=DIRECTION('ref_axis',(1.16337603613126E-15,1.,0.));
#10720=DIRECTION('center_axis',(0.500000000000275,-3.94687271923656E-15,
-0.86602540378428));
#10721=DIRECTION('ref_axis',(0.612372435695689,0.707106781186545,0.353553390593462));
#10722=DIRECTION('center_axis',(1.,-1.16337603613126E-15,0.));
#10723=DIRECTION('ref_axis',(8.22631084218339E-16,0.707106781186548,0.707106781186547));
#10724=DIRECTION('center_axis',(-1.,1.16337603613126E-15,0.));
#10725=DIRECTION('ref_axis',(8.22631084218339E-16,0.707106781186548,0.707106781186547));
#10726=DIRECTION('',(1.,-1.16337603613126E-15,0.));
#10727=DIRECTION('',(-1.,1.16337603613126E-15,0.));
#10728=DIRECTION('center_axis',(0.500000000000277,-5.81688018065951E-16,
-0.866025403784279));
#10729=DIRECTION('ref_axis',(0.612372435695688,0.707106781186544,0.353553390593465));
#10730=DIRECTION('center_axis',(0.,0.,-1.));
#10731=DIRECTION('ref_axis',(1.,-1.34365378797968E-15,0.));
#10732=DIRECTION('',(-0.500000000000277,5.81688018065951E-16,0.866025403784279));
#10733=DIRECTION('',(0.500000000000277,-5.81688018065951E-16,-0.866025403784279));
#10734=DIRECTION('center_axis',(-1.16337603613126E-15,-1.,0.));
#10735=DIRECTION('ref_axis',(0.499999999999868,-5.81688018065475E-16,0.866025403784515));
#10736=DIRECTION('',(1.16337603613126E-15,1.,0.));
#10737=DIRECTION('',(-1.16337603613126E-15,-1.,0.));
#10738=DIRECTION('center_axis',(0.500000000000277,-5.81688018065951E-16,
-0.866025403784279));
#10739=DIRECTION('ref_axis',(0.612372435695687,-0.707106781186545,0.353553390593466));
#10740=DIRECTION('center_axis',(0.,0.,-1.));
#10741=DIRECTION('ref_axis',(1.,-1.34365378797968E-15,0.));
#10742=DIRECTION('',(-0.500000000000277,5.81688018065951E-16,0.866025403784279));
#10743=DIRECTION('',(0.500000000000277,-5.81688018065951E-16,-0.866025403784279));
#10744=DIRECTION('center_axis',(1.,-1.16337603613126E-15,0.));
#10745=DIRECTION('ref_axis',(-8.22631084218339E-16,-0.707106781186548,0.707106781186547));
#10746=DIRECTION('center_axis',(-1.,1.16337603613126E-15,0.));
#10747=DIRECTION('ref_axis',(-8.22631084218339E-16,-0.707106781186548,0.707106781186547));
#10748=DIRECTION('',(1.,-1.16337603613126E-15,0.));
#10749=DIRECTION('',(-1.,1.16337603613126E-15,0.));
#10750=DIRECTION('center_axis',(0.866025403784279,-1.00751320144353E-15,
0.500000000000277));
#10751=DIRECTION('ref_axis',(-1.16337603613126E-15,-1.,0.));
#10752=DIRECTION('',(1.16337603613126E-15,1.,0.));
#10753=DIRECTION('center_axis',(-1.16337603613126E-15,-1.,0.));
#10754=DIRECTION('ref_axis',(0.,0.,-1.));
#10755=DIRECTION('',(0.,0.,1.));
#10756=DIRECTION('',(-1.,1.16337603613126E-15,0.));
#10757=DIRECTION('center_axis',(-0.901387818866051,-0.240192230707536,0.360288346061374));
#10758=DIRECTION('ref_axis',(0.433012701892112,-0.499999999999964,0.750000000000086));
#10759=DIRECTION('center_axis',(-1.,1.16337603613126E-15,0.));
#10760=DIRECTION('ref_axis',(-8.22631084218337E-16,-0.707106781186546,0.707106781186549));
#10761=DIRECTION('center_axis',(1.16337603613126E-15,1.,0.));
#10762=DIRECTION('ref_axis',(0.866025403784279,-1.00751320144353E-15,0.500000000000278));
#10763=DIRECTION('center_axis',(0.500000000000277,1.39422989327755E-16,
-0.866025403784279));
#10764=DIRECTION('ref_axis',(0.612372435695688,-0.707106781186544,0.353553390593466));
#10765=DIRECTION('center_axis',(-0.90138781886605,0.240192230707539,0.360288346061374));
#10766=DIRECTION('ref_axis',(0.43301270189211,0.499999999999966,0.750000000000086));
#10767=DIRECTION('center_axis',(0.500000000000275,-3.94687271923656E-15,
-0.86602540378428));
#10768=DIRECTION('ref_axis',(0.612372435695688,0.707106781186546,0.353553390593461));
#10769=DIRECTION('center_axis',(-1.16337603613126E-15,-1.,0.));
#10770=DIRECTION('ref_axis',(0.,0.,1.));
#10771=DIRECTION('center_axis',(-1.,1.16337603613126E-15,0.));
#10772=DIRECTION('ref_axis',(8.22631084218341E-16,0.707106781186549,0.707106781186546));
#10773=DIRECTION('center_axis',(-1.16337603613126E-15,-1.,0.));
#10774=DIRECTION('ref_axis',(0.499999999999868,-5.81688018065475E-16,0.866025403784515));
#10775=DIRECTION('',(1.16337603613126E-15,1.,0.));
#10776=DIRECTION('',(-1.16337603613126E-15,-1.,0.));
#10777=DIRECTION('center_axis',(1.,-1.16337603613126E-15,0.));
#10778=DIRECTION('ref_axis',(8.22631084218341E-16,0.707106781186549,0.707106781186546));
#10779=DIRECTION('center_axis',(-1.,1.16337603613126E-15,0.));
#10780=DIRECTION('ref_axis',(8.22631084218341E-16,0.707106781186549,0.707106781186546));
#10781=DIRECTION('',(1.,-1.16337603613126E-15,0.));
#10782=DIRECTION('',(-1.,1.16337603613126E-15,0.));
#10783=DIRECTION('center_axis',(0.500000000000277,-5.81688018065951E-16,
-0.866025403784279));
#10784=DIRECTION('ref_axis',(0.612372435695687,0.707106781186545,0.353553390593465));
#10785=DIRECTION('center_axis',(0.,0.,-1.));
#10786=DIRECTION('ref_axis',(1.,-1.34365378797968E-15,0.));
#10787=DIRECTION('',(-0.500000000000277,5.81688018065951E-16,0.866025403784279));
#10788=DIRECTION('',(0.500000000000277,-5.81688018065951E-16,-0.866025403784279));
#10789=DIRECTION('center_axis',(0.500000000000277,-5.81688018065951E-16,
-0.866025403784279));
#10790=DIRECTION('ref_axis',(0.612372435695688,-0.707106781186543,0.353553390593466));
#10791=DIRECTION('center_axis',(0.,0.,-1.));
#10792=DIRECTION('ref_axis',(1.,-1.34365378797968E-15,0.));
#10793=DIRECTION('',(-0.500000000000277,5.81688018065951E-16,0.866025403784279));
#10794=DIRECTION('',(0.500000000000277,-5.81688018065951E-16,-0.866025403784279));
#10795=DIRECTION('center_axis',(1.,-1.16337603613126E-15,0.));
#10796=DIRECTION('ref_axis',(-8.22631084218337E-16,-0.707106781186546,0.707106781186549));
#10797=DIRECTION('center_axis',(-1.,1.16337603613126E-15,0.));
#10798=DIRECTION('ref_axis',(-8.22631084218337E-16,-0.707106781186546,0.707106781186549));
#10799=DIRECTION('',(1.,-1.16337603613126E-15,0.));
#10800=DIRECTION('',(-1.,1.16337603613126E-15,0.));
#10801=DIRECTION('center_axis',(-1.16337603613126E-15,-1.,0.));
#10802=DIRECTION('ref_axis',(0.,0.,-1.));
#10803=DIRECTION('',(1.,-1.16337603613126E-15,0.));
#10804=DIRECTION('',(0.,0.,-1.));
#10805=DIRECTION('center_axis',(0.866025403784279,-1.00751320144353E-15,
0.500000000000277));
#10806=DIRECTION('ref_axis',(-1.16337603613126E-15,-1.,0.));
#10807=DIRECTION('',(1.16337603613126E-15,1.,0.));
#10808=DIRECTION('center_axis',(-0.901387818866052,-0.240192230707535,0.360288346061374));
#10809=DIRECTION('ref_axis',(0.433012701892112,-0.499999999999964,0.750000000000086));
#10810=DIRECTION('center_axis',(-1.,1.16337603613126E-15,0.));
#10811=DIRECTION('ref_axis',(-8.22631084218337E-16,-0.707106781186546,0.707106781186549));
#10812=DIRECTION('center_axis',(1.16337603613126E-15,1.,0.));
#10813=DIRECTION('ref_axis',(0.866025403784279,-1.00751320144353E-15,0.500000000000278));
#10814=DIRECTION('center_axis',(0.500000000000277,1.39422989327755E-16,
-0.866025403784279));
#10815=DIRECTION('ref_axis',(0.612372435695688,-0.707106781186544,0.353553390593466));
#10816=DIRECTION('center_axis',(-0.901387818866051,0.240192230707539,0.360288346061374));
#10817=DIRECTION('ref_axis',(0.43301270189211,0.499999999999967,0.750000000000085));
#10818=DIRECTION('center_axis',(-1.16337603613126E-15,-1.,0.));
#10819=DIRECTION('ref_axis',(0.499999999999867,-5.81688018065475E-16,0.866025403784515));
#10820=DIRECTION('center_axis',(-1.,1.16337603613126E-15,0.));
#10821=DIRECTION('ref_axis',(1.16337603613126E-15,1.,0.));
#10822=DIRECTION('center_axis',(0.500000000000275,-3.94687271923658E-15,
-0.86602540378428));
#10823=DIRECTION('ref_axis',(0.612372435695691,0.707106781186543,0.353553390593463));
#10824=DIRECTION('center_axis',(1.,-1.16337603613126E-15,0.));
#10825=DIRECTION('ref_axis',(8.22631084218337E-16,0.707106781186546,0.707106781186549));
#10826=DIRECTION('center_axis',(-1.,1.16337603613126E-15,0.));
#10827=DIRECTION('ref_axis',(8.22631084218337E-16,0.707106781186546,0.707106781186549));
#10828=DIRECTION('',(1.,-1.16337603613126E-15,0.));
#10829=DIRECTION('',(-1.,1.16337603613126E-15,0.));
#10830=DIRECTION('center_axis',(0.500000000000277,-5.81688018065951E-16,
-0.866025403784279));
#10831=DIRECTION('ref_axis',(0.61237243569569,0.707106781186542,0.353553390593466));
#10832=DIRECTION('center_axis',(0.,0.,-1.));
#10833=DIRECTION('ref_axis',(1.,-9.23005700333357E-16,0.));
#10834=DIRECTION('',(-0.500000000000277,5.81688018065951E-16,0.866025403784279));
#10835=DIRECTION('',(0.500000000000277,-5.81688018065951E-16,-0.866025403784279));
#10836=DIRECTION('center_axis',(-1.16337603613126E-15,-1.,0.));
#10837=DIRECTION('ref_axis',(0.499999999999868,-5.81688018065475E-16,0.866025403784515));
#10838=DIRECTION('',(1.16337603613126E-15,1.,0.));
#10839=DIRECTION('',(-1.16337603613126E-15,-1.,0.));
#10840=DIRECTION('center_axis',(0.500000000000277,-5.81688018065951E-16,
-0.866025403784279));
#10841=DIRECTION('ref_axis',(0.612372435695688,-0.707106781186543,0.353553390593466));
#10842=DIRECTION('center_axis',(0.,0.,-1.));
#10843=DIRECTION('ref_axis',(1.,-1.34365378797968E-15,0.));
#10844=DIRECTION('',(-0.500000000000277,5.81688018065951E-16,0.866025403784279));
#10845=DIRECTION('',(0.500000000000277,-5.81688018065951E-16,-0.866025403784279));
#10846=DIRECTION('center_axis',(1.,-1.16337603613126E-15,0.));
#10847=DIRECTION('ref_axis',(-8.22631084218337E-16,-0.707106781186546,0.707106781186549));
#10848=DIRECTION('center_axis',(-1.,1.16337603613126E-15,0.));
#10849=DIRECTION('ref_axis',(-8.22631084218337E-16,-0.707106781186546,0.707106781186549));
#10850=DIRECTION('',(1.,-1.16337603613126E-15,0.));
#10851=DIRECTION('',(-1.,1.16337603613126E-15,0.));
#10852=DIRECTION('center_axis',(0.866025403784279,-1.00751320144353E-15,
0.500000000000277));
#10853=DIRECTION('ref_axis',(-1.16337603613126E-15,-1.,0.));
#10854=DIRECTION('',(1.16337603613126E-15,1.,0.));
#10855=DIRECTION('center_axis',(-1.16337603613126E-15,-1.,0.));
#10856=DIRECTION('ref_axis',(0.,0.,-1.));
#10857=DIRECTION('',(0.,0.,1.));
#10858=DIRECTION('',(-1.,1.16337603613126E-15,0.));
#10859=DIRECTION('center_axis',(0.,0.,1.));
#10860=DIRECTION('ref_axis',(-1.16337603613126E-15,-1.,0.));
#10861=DIRECTION('',(-1.16337603613126E-15,-1.,0.));
#10862=DIRECTION('center_axis',(-1.16337603613126E-15,-1.,0.));
#10863=DIRECTION('ref_axis',(0.,0.,-1.));
#10864=DIRECTION('',(1.,-1.16337603613126E-15,0.));
#10865=DIRECTION('',(0.,0.,-1.));
#10866=DIRECTION('center_axis',(0.,0.,1.));
#10867=DIRECTION('ref_axis',(-1.16337603613126E-15,-1.,0.));
#10868=DIRECTION('',(-1.16337603613126E-15,-1.,0.));
#10869=DIRECTION('center_axis',(-1.16337603613126E-15,-1.,0.));
#10870=DIRECTION('ref_axis',(0.,0.,-1.));
#10871=DIRECTION('',(1.,-1.16337603613126E-15,0.));
#10872=DIRECTION('',(0.,0.,-1.));
#10873=DIRECTION('center_axis',(0.,0.,1.));
#10874=DIRECTION('ref_axis',(-1.16337603613126E-15,-1.,0.));
#10875=DIRECTION('',(-1.16337603613126E-15,-1.,0.));
#10876=DIRECTION('center_axis',(-1.16337603613126E-15,-1.,0.));
#10877=DIRECTION('ref_axis',(0.,0.,-1.));
#10878=DIRECTION('',(1.,-1.16337603613126E-15,0.));
#10879=DIRECTION('',(0.,0.,-1.));
#10880=DIRECTION('center_axis',(0.,0.,1.));
#10881=DIRECTION('ref_axis',(-1.16337603613126E-15,-1.,0.));
#10882=DIRECTION('',(-1.16337603613126E-15,-1.,0.));
#10883=DIRECTION('center_axis',(-1.16337603613126E-15,-1.,0.));
#10884=DIRECTION('ref_axis',(0.,0.,-1.));
#10885=DIRECTION('',(0.,0.,1.));
#10886=DIRECTION('',(-1.,1.16337603613126E-15,0.));
#10887=DIRECTION('center_axis',(0.,0.,1.));
#10888=DIRECTION('ref_axis',(-1.16337603613126E-15,-1.,0.));
#10889=DIRECTION('',(-1.16337603613126E-15,-1.,0.));
#10890=DIRECTION('center_axis',(-1.16337603613126E-15,-1.,0.));
#10891=DIRECTION('ref_axis',(0.,0.,-1.));
#10892=DIRECTION('',(0.,0.,1.));
#10893=DIRECTION('',(-1.,1.16337603613126E-15,0.));
#10894=DIRECTION('center_axis',(0.,0.,1.));
#10895=DIRECTION('ref_axis',(-1.16337603613126E-15,-1.,0.));
#10896=DIRECTION('',(-1.16337603613126E-15,-1.,0.));
#10897=DIRECTION('center_axis',(-1.16337603613126E-15,-1.,0.));
#10898=DIRECTION('ref_axis',(0.,0.,-1.));
#10899=DIRECTION('',(0.,0.,1.));
#10900=DIRECTION('',(-1.,1.16337603613126E-15,0.));
#10901=DIRECTION('center_axis',(-1.,1.16337603613126E-15,0.));
#10902=DIRECTION('ref_axis',(0.,0.,-1.));
#10903=DIRECTION('',(-1.16337603613126E-15,-1.,0.));
#10904=DIRECTION('',(0.,0.,1.));
#10905=DIRECTION('',(0.,0.,1.));
#10906=DIRECTION('',(-1.16337603613126E-15,-1.,0.));
#10907=DIRECTION('center_axis',(-1.,1.16337603613126E-15,0.));
#10908=DIRECTION('ref_axis',(0.,0.,-1.));
#10909=DIRECTION('',(-1.16337603613126E-15,-1.,0.));
#10910=DIRECTION('',(0.,0.,1.));
#10911=DIRECTION('',(0.,0.,1.));
#10912=DIRECTION('',(-1.16337603613126E-15,-1.,0.));
#10913=DIRECTION('center_axis',(-1.,1.16337603613126E-15,0.));
#10914=DIRECTION('ref_axis',(0.,0.,-1.));
#10915=DIRECTION('',(-1.16337603613126E-15,-1.,0.));
#10916=DIRECTION('',(0.,0.,1.));
#10917=DIRECTION('',(0.,0.,1.));
#10918=DIRECTION('',(-1.16337603613126E-15,-1.,0.));
#10919=DIRECTION('center_axis',(-1.,1.16337603613126E-15,0.));
#10920=DIRECTION('ref_axis',(0.,0.,-1.));
#10921=DIRECTION('',(-1.16337603613126E-15,-1.,0.));
#10922=DIRECTION('',(0.,0.,1.));
#10923=DIRECTION('',(0.,0.,1.));
#10924=DIRECTION('',(-1.16337603613126E-15,-1.,0.));
#10925=DIRECTION('center_axis',(-1.,1.16337603613126E-15,0.));
#10926=DIRECTION('ref_axis',(0.,0.,-1.));
#10927=DIRECTION('',(-1.16337603613126E-15,-1.,0.));
#10928=DIRECTION('',(0.,0.,1.));
#10929=DIRECTION('',(0.,0.,1.));
#10930=DIRECTION('',(-1.16337603613126E-15,-1.,0.));
#10931=DIRECTION('center_axis',(-1.,1.16337603613126E-15,0.));
#10932=DIRECTION('ref_axis',(0.,0.,-1.));
#10933=DIRECTION('',(-1.16337603613126E-15,-1.,0.));
#10934=DIRECTION('',(0.,0.,1.));
#10935=DIRECTION('',(-1.16337603613126E-15,-1.,0.));
#10936=DIRECTION('center_axis',(-2.83053718268262E-13,1.,0.));
#10937=DIRECTION('ref_axis',(0.,0.,1.));
#10938=DIRECTION('',(0.,0.,1.));
#10939=DIRECTION('',(-1.,-2.83053718268262E-13,0.));
#10940=DIRECTION('center_axis',(-1.,1.16337603613126E-15,0.));
#10941=DIRECTION('ref_axis',(0.,0.,-1.));
#10942=DIRECTION('',(0.,0.,1.));
#10943=DIRECTION('',(-1.16337603613126E-15,-1.,0.));
#10944=DIRECTION('center_axis',(-2.85380470340524E-13,-1.,0.));
#10945=DIRECTION('ref_axis',(0.,0.,-1.));
#10946=DIRECTION('',(1.,-2.85380470340524E-13,0.));
#10947=DIRECTION('center_axis',(1.16337603613126E-15,1.,0.));
#10948=DIRECTION('ref_axis',(0.,0.,1.));
#10949=DIRECTION('',(0.,0.,1.));
#10950=DIRECTION('',(-1.,1.16337603613126E-15,0.));
#10951=DIRECTION('center_axis',(-1.,-2.83053718267521E-13,0.));
#10952=DIRECTION('ref_axis',(0.,0.,-1.));
#10953=DIRECTION('',(0.,0.,1.));
#10954=DIRECTION('',(2.83053718267521E-13,-1.,0.));
#10955=DIRECTION('center_axis',(-2.85380470340605E-13,-1.,0.));
#10956=DIRECTION('ref_axis',(0.,0.,-1.));
#10957=DIRECTION('',(1.,-2.85380470340605E-13,0.));
#10958=DIRECTION('center_axis',(1.16337603613126E-15,1.,0.));
#10959=DIRECTION('ref_axis',(0.,0.,1.));
#10960=DIRECTION('',(1.,-1.83690953073357E-16,0.));
#10961=DIRECTION('center_axis',(1.16337603613126E-15,1.,0.));
#10962=DIRECTION('ref_axis',(0.,0.,1.));
#10963=DIRECTION('',(0.,0.,1.));
#10964=DIRECTION('',(-1.,1.16337603613126E-15,0.));
#10965=DIRECTION('center_axis',(-1.,-2.83053718267521E-13,0.));
#10966=DIRECTION('ref_axis',(0.,0.,-1.));
#10967=DIRECTION('',(0.,0.,1.));
#10968=DIRECTION('',(2.83053718267521E-13,-1.,0.));
#10969=DIRECTION('center_axis',(-1.16337603613126E-15,-1.,0.));
#10970=DIRECTION('ref_axis',(0.,0.,-1.));
#10971=DIRECTION('',(1.,-1.16337603613126E-15,0.));
#10972=DIRECTION('center_axis',(1.16337603613126E-15,1.,0.));
#10973=DIRECTION('ref_axis',(0.,0.,1.));
#10974=DIRECTION('',(0.,0.,1.));
#10975=DIRECTION('',(-1.,1.16337603613126E-15,0.));
#10976=DIRECTION('center_axis',(-1.,-5.67270812570527E-13,0.));
#10977=DIRECTION('ref_axis',(0.,0.,-1.));
#10978=DIRECTION('',(0.,0.,1.));
#10979=DIRECTION('',(5.67270812570527E-13,-1.,0.));
#10980=DIRECTION('center_axis',(6.1464032828982E-13,-1.,0.));
#10981=DIRECTION('ref_axis',(0.,0.,-1.));
#10982=DIRECTION('',(1.,6.1464032828982E-13,0.));
#10983=DIRECTION('center_axis',(1.16337603613126E-15,1.,0.));
#10984=DIRECTION('ref_axis',(0.,0.,1.));
#10985=DIRECTION('',(0.,0.,1.));
#10986=DIRECTION('',(-1.,1.16337603613126E-15,0.));
#10987=DIRECTION('center_axis',(-1.,1.16337603613126E-15,0.));
#10988=DIRECTION('ref_axis',(0.,0.,-1.));
#10989=DIRECTION('',(0.,0.,1.));
#10990=DIRECTION('',(-1.16337603613126E-15,-1.,0.));
#10991=DIRECTION('center_axis',(2.83053718268208E-13,-1.,0.));
#10992=DIRECTION('ref_axis',(0.,0.,-1.));
#10993=DIRECTION('',(1.,2.83053718268208E-13,0.));
#10994=DIRECTION('center_axis',(0.,0.,1.));
#10995=DIRECTION('ref_axis',(-1.16337603613126E-15,-1.,0.));
#10996=DIRECTION('center_axis',(1.16337603613126E-15,1.,0.));
#10997=DIRECTION('ref_axis',(0.,0.,1.));
#10998=DIRECTION('',(0.,0.,-1.));
#10999=DIRECTION('',(-1.,1.16337603613126E-15,0.));
#11000=DIRECTION('',(0.,0.,1.));
#11001=DIRECTION('',(1.,-1.16337603613126E-15,0.));
#11002=DIRECTION('center_axis',(2.83053718268423E-13,-1.,0.));
#11003=DIRECTION('ref_axis',(0.,0.,-1.));
#11004=DIRECTION('',(-1.,-2.83053718268423E-13,0.));
#11005=DIRECTION('',(0.,0.,1.));
#11006=DIRECTION('',(1.,2.83053718268423E-13,0.));
#11007=DIRECTION('',(0.,0.,-1.));
#11008=DIRECTION('center_axis',(-1.,1.16337603613126E-15,0.));
#11009=DIRECTION('ref_axis',(0.,0.,-1.));
#11010=DIRECTION('',(0.,0.,1.));
#11011=DIRECTION('center_axis',(-1.,1.16337603613126E-15,0.));
#11012=DIRECTION('ref_axis',(8.2263108421833E-16,0.70710678118654,0.707106781186555));
#11013=DIRECTION('',(-1.16337603613126E-15,-1.,0.));
#11014=DIRECTION('center_axis',(-1.,1.16337603613126E-15,0.));
#11015=DIRECTION('ref_axis',(-8.22631084218344E-16,-0.707106781186552,0.707106781186543));
#11016=DIRECTION('',(0.,0.,-1.));
#11017=DIRECTION('',(-1.16337603613126E-15,-1.,0.));
#11018=DIRECTION('',(1.16337603613126E-15,1.,0.));
#11019=DIRECTION('',(-1.16337603613126E-15,-1.,0.));
#11020=DIRECTION('center_axis',(-1.16337603613126E-15,-1.,0.));
#11021=DIRECTION('ref_axis',(0.,0.,-1.));
#11022=DIRECTION('',(1.,-1.16337603613126E-15,0.));
#11023=DIRECTION('',(-1.,1.16337603613126E-15,0.));
#11024=DIRECTION('',(0.500000000000277,-5.81688018065951E-16,-0.866025403784279));
#11025=DIRECTION('center_axis',(0.,0.,1.));
#11026=DIRECTION('ref_axis',(-1.16337603613126E-15,-1.,0.));
#11027=DIRECTION('',(1.,-1.16337603613126E-15,0.));
#11028=DIRECTION('',(-1.,1.16337603613126E-15,0.));
#11029=DIRECTION('',(1.16337603613126E-15,1.,0.));
#11030=DIRECTION('center_axis',(0.866025403784279,-1.00751320144353E-15,
0.500000000000277));
#11031=DIRECTION('ref_axis',(-1.16337603613126E-15,-1.,0.));
#11032=DIRECTION('',(0.500000000000277,-5.81688018065951E-16,-0.866025403784279));
#11033=DIRECTION('',(-1.16337603613126E-15,-1.,0.));
#11034=DIRECTION('',(-0.500000000000277,5.81688018065951E-16,0.866025403784279));
#11035=DIRECTION('',(1.16337603613126E-15,1.,0.));
#11036=DIRECTION('center_axis',(-1.16337603613126E-15,-1.,0.));
#11037=DIRECTION('ref_axis',(0.,0.,-1.));
#11038=DIRECTION('',(-1.,1.16337603613126E-15,0.));
#11039=DIRECTION('',(-0.500000000000277,5.81688018065951E-16,0.866025403784279));
#11040=DIRECTION('',(1.,-1.16337603613126E-15,0.));
#11041=DIRECTION('center_axis',(1.,-1.16337603613126E-15,0.));
#11042=DIRECTION('ref_axis',(-8.22631084218344E-16,-0.707106781186552,0.707106781186543));
#11043=DIRECTION('center_axis',(-1.,1.16337603613126E-15,0.));
#11044=DIRECTION('ref_axis',(-8.22631084218344E-16,-0.707106781186552,0.707106781186543));
#11045=DIRECTION('center_axis',(0.500000000000277,-5.81688018065951E-16,
-0.866025403784279));
#11046=DIRECTION('ref_axis',(0.612372435695682,-0.70710678118655,0.353553390593463));
#11047=DIRECTION('center_axis',(0.,0.,-1.));
#11048=DIRECTION('ref_axis',(1.,-1.28356120403021E-15,0.));
#11049=DIRECTION('center_axis',(0.500000000000277,1.39422989327755E-16,
-0.866025403784279));
#11050=DIRECTION('ref_axis',(0.612372435695682,-0.70710678118655,0.353553390593463));
#11051=DIRECTION('center_axis',(0.500000000000277,-5.81688018065951E-16,
-0.866025403784279));
#11052=DIRECTION('ref_axis',(0.612372435695695,0.707106781186536,0.353553390593469));
#11053=DIRECTION('center_axis',(0.,0.,-1.));
#11054=DIRECTION('ref_axis',(1.,-1.40374637192916E-15,0.));
#11055=DIRECTION('center_axis',(0.500000000000275,-3.94687271923658E-15,
-0.86602540378428));
#11056=DIRECTION('ref_axis',(0.612372435695696,0.707106781186537,0.353553390593466));
#11057=DIRECTION('center_axis',(1.,-1.16337603613126E-15,0.));
#11058=DIRECTION('ref_axis',(8.2263108421833E-16,0.70710678118654,0.707106781186555));
#11059=DIRECTION('center_axis',(-1.,1.16337603613126E-15,0.));
#11060=DIRECTION('ref_axis',(8.2263108421833E-16,0.70710678118654,0.707106781186555));
#11061=DIRECTION('center_axis',(-1.16337603613126E-15,-1.,0.));
#11062=DIRECTION('ref_axis',(0.499999999999868,-5.81688018065475E-16,0.866025403784515));
#11063=DIRECTION('center_axis',(1.16337603613126E-15,1.,0.));
#11064=DIRECTION('ref_axis',(0.866025403784279,-1.00751320144353E-15,0.500000000000278));
#11065=DIRECTION('center_axis',(-1.16337603613126E-15,-1.,0.));
#11066=DIRECTION('ref_axis',(0.,0.,1.));
#11067=DIRECTION('center_axis',(-0.90138781886605,0.240192230707539,0.360288346061375));
#11068=DIRECTION('ref_axis',(0.43301270189211,0.499999999999963,0.750000000000088));
#11069=DIRECTION('center_axis',(-0.901387818866051,-0.240192230707539,0.360288346061374));
#11070=DIRECTION('ref_axis',(0.433012701892112,-0.499999999999964,0.750000000000086));
#11071=DIRECTION('center_axis',(0.,0.,1.));
#11072=DIRECTION('ref_axis',(-1.16337603613126E-15,-1.,0.));
#11073=DIRECTION('',(4.28612223837832E-16,1.,0.));
#11074=DIRECTION('center_axis',(-1.,4.28612223837832E-16,0.));
#11075=DIRECTION('ref_axis',(0.,0.,-1.));
#11076=DIRECTION('',(-4.28612223837832E-16,-1.,0.));
#11077=DIRECTION('center_axis',(0.,0.,1.));
#11078=DIRECTION('ref_axis',(-1.16337603613126E-15,-1.,0.));
#11079=DIRECTION('center_axis',(0.,0.,1.));
#11080=DIRECTION('ref_axis',(-1.16337603613126E-15,-1.,0.));
#11081=DIRECTION('',(4.28612223837832E-16,1.,0.));
#11082=DIRECTION('',(1.,-1.16337603613126E-15,0.));
#11083=DIRECTION('',(1.16337603613126E-15,1.,0.));
#11084=DIRECTION('',(-1.,1.16337603613126E-15,0.));
#11085=DIRECTION('center_axis',(-1.16337603613126E-15,-1.,0.));
#11086=DIRECTION('ref_axis',(0.,0.,-1.));
#11087=DIRECTION('',(0.,0.,1.));
#11088=DIRECTION('',(0.,0.,1.));
#11089=DIRECTION('',(1.,-1.16337603613126E-15,0.));
#11090=DIRECTION('center_axis',(-1.,1.16337603613126E-15,0.));
#11091=DIRECTION('ref_axis',(0.,0.,-1.));
#11092=DIRECTION('',(0.,0.,1.));
#11093=DIRECTION('center_axis',(-1.,1.16337603613126E-15,0.));
#11094=DIRECTION('ref_axis',(8.22631084218337E-16,0.707106781186546,0.707106781186549));
#11095=DIRECTION('',(-1.16337603613126E-15,-1.,0.));
#11096=DIRECTION('center_axis',(-1.,1.16337603613126E-15,0.));
#11097=DIRECTION('ref_axis',(-8.22631084218344E-16,-0.707106781186552,0.707106781186543));
#11098=DIRECTION('',(0.,0.,-1.));
#11099=DIRECTION('',(-1.16337603613126E-15,-1.,0.));
#11100=DIRECTION('',(0.,0.,1.));
#11101=DIRECTION('',(-1.16337603613126E-15,-1.,0.));
#11102=DIRECTION('center_axis',(-1.16337603613126E-15,-1.,0.));
#11103=DIRECTION('ref_axis',(0.,0.,-1.));
#11104=DIRECTION('',(1.,-1.16337603613126E-15,0.));
#11105=DIRECTION('',(-1.,1.16337603613126E-15,0.));
#11106=DIRECTION('',(0.500000000000277,-5.81688018065951E-16,-0.866025403784279));
#11107=DIRECTION('center_axis',(0.,0.,1.));
#11108=DIRECTION('ref_axis',(-1.16337603613126E-15,-1.,0.));
#11109=DIRECTION('',(1.,-1.16337603613126E-15,0.));
#11110=DIRECTION('',(-1.,1.16337603613126E-15,0.));
#11111=DIRECTION('',(1.16337603613126E-15,1.,0.));
#11112=DIRECTION('center_axis',(0.866025403784279,-1.00751320144353E-15,
0.500000000000277));
#11113=DIRECTION('ref_axis',(-1.16337603613126E-15,-1.,0.));
#11114=DIRECTION('',(0.500000000000277,-5.81688018065951E-16,-0.866025403784279));
#11115=DIRECTION('',(-1.16337603613126E-15,-1.,0.));
#11116=DIRECTION('',(-0.500000000000277,5.81688018065951E-16,0.866025403784279));
#11117=DIRECTION('',(1.16337603613126E-15,1.,0.));
#11118=DIRECTION('center_axis',(-1.16337603613126E-15,-1.,0.));
#11119=DIRECTION('ref_axis',(0.,0.,-1.));
#11120=DIRECTION('',(-1.,1.16337603613126E-15,0.));
#11121=DIRECTION('',(-0.500000000000277,5.81688018065951E-16,0.866025403784279));
#11122=DIRECTION('',(1.,-1.16337603613126E-15,0.));
#11123=DIRECTION('center_axis',(0.500000000000277,-5.81688018065951E-16,
-0.866025403784279));
#11124=DIRECTION('ref_axis',(0.61237243569569,0.707106781186542,0.353553390593466));
#11125=DIRECTION('center_axis',(0.,0.,-1.));
#11126=DIRECTION('ref_axis',(1.,-9.23005700333357E-16,0.));
#11127=DIRECTION('center_axis',(0.500000000000275,-3.94687271923658E-15,
-0.86602540378428));
#11128=DIRECTION('ref_axis',(0.612372435695691,0.707106781186543,0.353553390593463));
#11129=DIRECTION('center_axis',(1.,-1.16337603613126E-15,0.));
#11130=DIRECTION('ref_axis',(8.22631084218337E-16,0.707106781186546,0.707106781186549));
#11131=DIRECTION('center_axis',(-1.,1.16337603613126E-15,0.));
#11132=DIRECTION('ref_axis',(8.22631084218337E-16,0.707106781186546,0.707106781186549));
#11133=DIRECTION('center_axis',(0.500000000000277,-5.81688018065951E-16,
-0.866025403784279));
#11134=DIRECTION('ref_axis',(0.612372435695682,-0.70710678118655,0.353553390593463));
#11135=DIRECTION('center_axis',(0.,0.,-1.));
#11136=DIRECTION('ref_axis',(1.,-1.28356120403021E-15,0.));
#11137=DIRECTION('center_axis',(0.500000000000277,1.39422989327755E-16,
-0.866025403784279));
#11138=DIRECTION('ref_axis',(0.612372435695682,-0.70710678118655,0.353553390593463));
#11139=DIRECTION('center_axis',(-1.16337603613126E-15,-1.,0.));
#11140=DIRECTION('ref_axis',(0.499999999999868,-5.81688018065475E-16,0.866025403784515));
#11141=DIRECTION('center_axis',(1.16337603613126E-15,1.,0.));
#11142=DIRECTION('ref_axis',(0.499999999999868,-5.81688018065475E-16,0.866025403784515));
#11143=DIRECTION('center_axis',(-1.16337603613126E-15,-1.,0.));
#11144=DIRECTION('ref_axis',(0.,0.,1.));
#11145=DIRECTION('center_axis',(1.,-1.16337603613126E-15,0.));
#11146=DIRECTION('ref_axis',(-8.22631084218344E-16,-0.707106781186552,0.707106781186543));
#11147=DIRECTION('center_axis',(-1.,1.16337603613126E-15,0.));
#11148=DIRECTION('ref_axis',(0.,0.,1.));
#11149=DIRECTION('center_axis',(-0.90138781886605,-0.240192230707539,0.360288346061375));
#11150=DIRECTION('ref_axis',(0.433012701892108,-0.499999999999969,0.750000000000084));
#11151=DIRECTION('center_axis',(-0.90138781886605,0.240192230707539,0.360288346061375));
#11152=DIRECTION('ref_axis',(0.433012701892109,0.499999999999969,0.750000000000084));
#11153=DIRECTION('center_axis',(0.,0.,1.));
#11154=DIRECTION('ref_axis',(-1.16337603613126E-15,-1.,0.));
#11155=DIRECTION('',(-4.28612223837832E-16,-1.,0.));
#11156=DIRECTION('',(-1.,1.16337603613126E-15,0.));
#11157=DIRECTION('center_axis',(1.16337603613126E-15,1.,0.));
#11158=DIRECTION('ref_axis',(0.,0.,1.));
#11159=DIRECTION('',(0.,0.,-1.));
#11160=DIRECTION('center_axis',(-1.,4.28612223837832E-16,0.));
#11161=DIRECTION('ref_axis',(0.,0.,-1.));
#11162=DIRECTION('center_axis',(-9.18454765366783E-16,-1.,0.));
#11163=DIRECTION('ref_axis',(0.,0.,-1.));
#11164=DIRECTION('',(-1.,9.18454765366783E-16,0.));
#11165=DIRECTION('',(0.,0.,1.));
#11166=DIRECTION('',(1.,-9.18454765366783E-16,0.));
#11167=DIRECTION('',(0.,0.,1.));
#11168=DIRECTION('center_axis',(-1.,9.18454765366783E-16,0.));
#11169=DIRECTION('ref_axis',(0.,0.,-1.));
#11170=DIRECTION('',(9.18454765366783E-16,1.,0.));
#11171=DIRECTION('',(-9.18454765366783E-16,-1.,0.));
#11172=DIRECTION('',(0.,0.,1.));
#11173=DIRECTION('center_axis',(-9.18454765366783E-16,-1.,0.));
#11174=DIRECTION('ref_axis',(0.,0.,-1.));
#11175=DIRECTION('',(-1.,9.18454765366783E-16,0.));
#11176=DIRECTION('',(1.,-9.18454765366783E-16,0.));
#11177=DIRECTION('',(0.,0.,1.));
#11178=DIRECTION('center_axis',(1.,-9.18454765366783E-16,0.));
#11179=DIRECTION('ref_axis',(0.,0.,1.));
#11180=DIRECTION('',(-9.18454765366783E-16,-1.,0.));
#11181=DIRECTION('',(9.18454765366783E-16,1.,0.));
#11182=DIRECTION('',(0.,0.,1.));
#11183=DIRECTION('center_axis',(-6.03232826800694E-13,-1.,0.));
#11184=DIRECTION('ref_axis',(0.,0.,-1.));
#11185=DIRECTION('',(-1.,6.03232826800694E-13,0.));
#11186=DIRECTION('',(1.,-6.03232826800694E-13,0.));
#11187=DIRECTION('',(0.,0.,1.));
#11188=DIRECTION('center_axis',(1.,1.42397902641811E-14,0.));
#11189=DIRECTION('ref_axis',(0.,0.,1.));
#11190=DIRECTION('',(1.42397902641811E-14,-1.,0.));
#11191=DIRECTION('',(-1.42397902641811E-14,1.,0.));
#11192=DIRECTION('',(0.,0.,1.));
#11193=DIRECTION('center_axis',(9.18454765366783E-16,1.,0.));
#11194=DIRECTION('ref_axis',(0.,0.,1.));
#11195=DIRECTION('',(1.,-9.18454765366783E-16,0.));
#11196=DIRECTION('',(-1.,9.18454765366783E-16,0.));
#11197=DIRECTION('',(0.,0.,1.));
#11198=DIRECTION('center_axis',(1.,-9.18454765366783E-16,0.));
#11199=DIRECTION('ref_axis',(0.,0.,1.));
#11200=DIRECTION('',(-9.18454765366783E-16,-1.,0.));
#11201=DIRECTION('',(9.18454765366783E-16,1.,0.));
#11202=DIRECTION('',(0.,0.,1.));
#11203=DIRECTION('center_axis',(9.18454765366783E-16,1.,0.));
#11204=DIRECTION('ref_axis',(0.,0.,1.));
#11205=DIRECTION('',(1.,-9.18454765366783E-16,0.));
#11206=DIRECTION('',(-1.,9.18454765366783E-16,0.));
#11207=DIRECTION('',(0.,0.,1.));
#11208=DIRECTION('center_axis',(-1.,9.18454765366783E-16,0.));
#11209=DIRECTION('ref_axis',(0.,0.,-1.));
#11210=DIRECTION('',(9.18454765366783E-16,1.,0.));
#11211=DIRECTION('',(-9.18454765366783E-16,-1.,0.));
#11212=DIRECTION('',(0.,0.,1.));
#11213=DIRECTION('center_axis',(9.18454765366783E-16,1.,0.));
#11214=DIRECTION('ref_axis',(0.,0.,1.));
#11215=DIRECTION('',(1.,-9.18454765366783E-16,0.));
#11216=DIRECTION('',(-1.,9.18454765366783E-16,0.));
#11217=DIRECTION('',(0.,0.,1.));
#11218=DIRECTION('center_axis',(0.,0.,1.));
#11219=DIRECTION('ref_axis',(-9.18454765366783E-16,-1.,0.));
#11220=DIRECTION('',(5.59249640954412E-14,-1.,0.));
#11221=DIRECTION('',(1.,-9.18454765366783E-16,0.));
#11222=DIRECTION('',(-9.18454765366783E-16,-1.,0.));
#11223=DIRECTION('',(1.,-9.18454765366783E-16,0.));
#11224=DIRECTION('',(9.18454765366783E-16,1.,0.));
#11225=DIRECTION('',(1.,-9.18454765366783E-16,0.));
#11226=DIRECTION('',(9.18454765366783E-16,1.,0.));
#11227=DIRECTION('',(1.,1.38788872695932E-13,0.));
#11228=DIRECTION('',(-9.18454765366783E-16,-1.,0.));
#11229=DIRECTION('',(1.,-1.11914964547164E-12,0.));
#11230=DIRECTION('',(-9.18454765366783E-16,-1.,0.));
#11231=DIRECTION('',(-1.,9.18454765366783E-16,0.));
#11232=DIRECTION('',(-9.18454765366783E-16,-1.,0.));
#11233=DIRECTION('',(-1.,1.40625782226666E-13,0.));
#11234=DIRECTION('',(9.18454765366783E-16,1.,0.));
#11235=DIRECTION('',(-1.,9.18454765366783E-16,0.));
#11236=DIRECTION('',(-1.13594992244149E-12,1.,0.));
#11237=DIRECTION('',(-1.,9.18454765366783E-16,0.));
#11238=DIRECTION('',(-9.18454765366783E-16,-1.,0.));
#11239=DIRECTION('',(-1.,9.18454765366783E-16,0.));
#11240=DIRECTION('',(-4.55665805652244E-13,-1.,0.));
#11241=DIRECTION('center_axis',(-1.,9.18454765366783E-16,0.));
#11242=DIRECTION('ref_axis',(0.,0.,-1.));
#11243=DIRECTION('',(0.,0.,1.));
#11244=DIRECTION('',(9.18454765366783E-16,1.,0.));
#11245=DIRECTION('',(0.,0.,1.));
#11246=DIRECTION('center_axis',(-9.18454765366783E-16,-1.,0.));
#11247=DIRECTION('ref_axis',(0.,0.,-1.));
#11248=DIRECTION('',(0.,0.,1.));
#11249=DIRECTION('',(-1.,9.18454765366783E-16,0.));
#11250=DIRECTION('center_axis',(0.,0.,1.));
#11251=DIRECTION('ref_axis',(-9.18454765366783E-16,-1.,0.));
#11252=DIRECTION('',(9.18454765366783E-16,1.,0.));
#11253=DIRECTION('',(4.55665805652244E-13,1.,0.));
#11254=DIRECTION('',(1.,-7.05953107300863E-13,0.));
#11255=DIRECTION('',(-9.18454765366783E-16,-1.,0.));
#11256=DIRECTION('',(-1.,9.18454765366783E-16,0.));
#11257=DIRECTION('',(-9.18454765366783E-16,-1.,0.));
#11258=DIRECTION('',(1.,-9.18454765366783E-16,0.));
#11259=DIRECTION('',(-9.18454765366783E-16,-1.,0.));
#11260=DIRECTION('',(-1.,9.18454765366783E-16,0.));
#11261=DIRECTION('',(-9.18454765366783E-16,-1.,0.));
#11262=DIRECTION('',(1.,-9.18454765366783E-16,0.));
#11263=DIRECTION('',(-9.18454765366783E-16,-1.,0.));
#11264=DIRECTION('',(-1.,9.18454765366783E-16,0.));
#11265=DIRECTION('center_axis',(9.18454765366783E-16,1.,0.));
#11266=DIRECTION('ref_axis',(0.,0.,1.));
#11267=DIRECTION('',(1.,-9.18454765366783E-16,0.));
#11268=DIRECTION('',(0.,0.,1.));
#11269=DIRECTION('',(0.,0.,1.));
#11270=DIRECTION('center_axis',(1.,-9.18454765366783E-16,0.));
#11271=DIRECTION('ref_axis',(0.,0.,1.));
#11272=DIRECTION('',(-9.18454765366783E-16,-1.,0.));
#11273=DIRECTION('',(0.,0.,1.));
#11274=DIRECTION('center_axis',(-9.18454765366783E-16,-1.,0.));
#11275=DIRECTION('ref_axis',(0.,0.,-1.));
#11276=DIRECTION('',(-1.,9.18454765366783E-16,0.));
#11277=DIRECTION('',(0.,0.,1.));
#11278=DIRECTION('center_axis',(-1.,9.18454765366783E-16,0.));
#11279=DIRECTION('ref_axis',(0.,0.,-1.));
#11280=DIRECTION('',(9.18454765366783E-16,1.,0.));
#11281=DIRECTION('center_axis',(-9.18454765366783E-16,-1.,0.));
#11282=DIRECTION('ref_axis',(0.,0.,-1.));
#11283=DIRECTION('',(-1.,9.18454765366783E-16,0.));
#11284=DIRECTION('',(0.,0.,1.));
#11285=DIRECTION('center_axis',(1.,-9.18454765366783E-16,0.));
#11286=DIRECTION('ref_axis',(0.,0.,1.));
#11287=DIRECTION('',(-9.18454765366783E-16,-1.,0.));
#11288=DIRECTION('',(0.,0.,1.));
#11289=DIRECTION('center_axis',(-9.18454765366783E-16,-1.,0.));
#11290=DIRECTION('ref_axis',(0.,0.,-1.));
#11291=DIRECTION('',(-1.,9.18454765366783E-16,0.));
#11292=DIRECTION('',(0.,0.,1.));
#11293=DIRECTION('center_axis',(1.,-9.18454765366783E-16,0.));
#11294=DIRECTION('ref_axis',(0.,0.,1.));
#11295=DIRECTION('',(-9.18454765366783E-16,-1.,0.));
#11296=DIRECTION('',(0.,0.,1.));
#11297=DIRECTION('center_axis',(1.38788872695932E-13,-1.,0.));
#11298=DIRECTION('ref_axis',(0.,0.,-1.));
#11299=DIRECTION('',(-1.,-1.38788872695932E-13,0.));
#11300=DIRECTION('',(0.,0.,1.));
#11301=DIRECTION('center_axis',(-1.,9.18454765366783E-16,0.));
#11302=DIRECTION('ref_axis',(0.,0.,-1.));
#11303=DIRECTION('',(9.18454765366783E-16,1.,0.));
#11304=DIRECTION('',(0.,0.,1.));
#11305=DIRECTION('center_axis',(-1.11914964547164E-12,-1.,0.));
#11306=DIRECTION('ref_axis',(0.,0.,-1.));
#11307=DIRECTION('',(-1.,1.11914964547164E-12,0.));
#11308=DIRECTION('',(0.,0.,1.));
#11309=DIRECTION('center_axis',(-1.,9.18454765366783E-16,0.));
#11310=DIRECTION('ref_axis',(0.,0.,-1.));
#11311=DIRECTION('',(9.18454765366783E-16,1.,0.));
#11312=DIRECTION('',(0.,0.,1.));
#11313=DIRECTION('center_axis',(9.18454765366783E-16,1.,0.));
#11314=DIRECTION('ref_axis',(0.,0.,1.));
#11315=DIRECTION('',(1.,-9.18454765366783E-16,0.));
#11316=DIRECTION('',(0.,0.,1.));
#11317=DIRECTION('center_axis',(-1.,9.18454765366783E-16,0.));
#11318=DIRECTION('ref_axis',(0.,0.,-1.));
#11319=DIRECTION('',(9.18454765366783E-16,1.,0.));
#11320=DIRECTION('',(0.,0.,1.));
#11321=DIRECTION('center_axis',(1.40625782226666E-13,1.,0.));
#11322=DIRECTION('ref_axis',(0.,0.,1.));
#11323=DIRECTION('',(1.,-1.40625782226666E-13,0.));
#11324=DIRECTION('',(0.,0.,1.));
#11325=DIRECTION('center_axis',(1.,-9.18454765366783E-16,0.));
#11326=DIRECTION('ref_axis',(0.,0.,1.));
#11327=DIRECTION('',(-9.18454765366783E-16,-1.,0.));
#11328=DIRECTION('',(0.,0.,1.));
#11329=DIRECTION('center_axis',(9.18454765366783E-16,1.,0.));
#11330=DIRECTION('ref_axis',(0.,0.,1.));
#11331=DIRECTION('',(1.,-9.18454765366783E-16,0.));
#11332=DIRECTION('',(0.,0.,1.));
#11333=DIRECTION('center_axis',(1.,1.13594992244149E-12,0.));
#11334=DIRECTION('ref_axis',(0.,0.,1.));
#11335=DIRECTION('',(1.13594992244149E-12,-1.,0.));
#11336=DIRECTION('',(0.,0.,1.));
#11337=DIRECTION('center_axis',(9.18454765366783E-16,1.,0.));
#11338=DIRECTION('ref_axis',(0.,0.,1.));
#11339=DIRECTION('',(1.,-9.18454765366783E-16,0.));
#11340=DIRECTION('',(0.,0.,1.));
#11341=DIRECTION('center_axis',(-1.,9.18454765366783E-16,0.));
#11342=DIRECTION('ref_axis',(0.,0.,-1.));
#11343=DIRECTION('',(9.18454765366783E-16,1.,0.));
#11344=DIRECTION('',(0.,0.,1.));
#11345=DIRECTION('center_axis',(9.18454765366783E-16,1.,0.));
#11346=DIRECTION('ref_axis',(0.,0.,1.));
#11347=DIRECTION('',(1.,-9.18454765366783E-16,0.));
#11348=DIRECTION('',(0.,0.,1.));
#11349=DIRECTION('center_axis',(-1.,9.18454765366783E-16,0.));
#11350=DIRECTION('ref_axis',(0.,0.,-1.));
#11351=DIRECTION('',(9.18454765366783E-16,1.,0.));
#11352=DIRECTION('',(0.,0.,1.));
#11353=DIRECTION('center_axis',(7.05953107300863E-13,1.,0.));
#11354=DIRECTION('ref_axis',(0.,0.,1.));
#11355=DIRECTION('',(1.,-7.05953107300863E-13,0.));
#11356=DIRECTION('',(0.,0.,1.));
#11357=DIRECTION('center_axis',(1.,-9.18454765366783E-16,0.));
#11358=DIRECTION('ref_axis',(0.,0.,1.));
#11359=DIRECTION('',(-9.18454765366783E-16,-1.,0.));
#11360=DIRECTION('',(0.,0.,1.));
#11361=DIRECTION('center_axis',(-9.18454765366783E-16,-1.,0.));
#11362=DIRECTION('ref_axis',(0.,0.,-1.));
#11363=DIRECTION('',(-1.,9.18454765366783E-16,0.));
#11364=DIRECTION('',(0.,0.,1.));
#11365=DIRECTION('center_axis',(1.,-9.18454765366783E-16,0.));
#11366=DIRECTION('ref_axis',(0.,0.,1.));
#11367=DIRECTION('',(-9.18454765366783E-16,-1.,0.));
#11368=DIRECTION('',(0.,0.,1.));
#11369=DIRECTION('center_axis',(9.18454765366783E-16,1.,0.));
#11370=DIRECTION('ref_axis',(0.,0.,1.));
#11371=DIRECTION('',(1.,-9.18454765366783E-16,0.));
#11372=DIRECTION('',(0.,0.,1.));
#11373=DIRECTION('center_axis',(1.,-9.18454765366783E-16,0.));
#11374=DIRECTION('ref_axis',(0.,0.,1.));
#11375=DIRECTION('',(-9.18454765366783E-16,-1.,0.));
#11376=DIRECTION('',(0.,0.,1.));
#11377=DIRECTION('center_axis',(-9.18454765366783E-16,-1.,0.));
#11378=DIRECTION('ref_axis',(0.,0.,-1.));
#11379=DIRECTION('',(-1.,9.18454765366783E-16,0.));
#11380=DIRECTION('',(0.,0.,1.));
#11381=DIRECTION('center_axis',(1.,-9.18454765366783E-16,0.));
#11382=DIRECTION('ref_axis',(0.,0.,1.));
#11383=DIRECTION('',(-9.18454765366783E-16,-1.,0.));
#11384=DIRECTION('center_axis',(0.,0.,1.));
#11385=DIRECTION('ref_axis',(-9.18454765366783E-16,-1.,0.));
#11386=CARTESIAN_POINT('',(0.,0.,0.));
#11387=CARTESIAN_POINT('Origin',(3.6415857333047,-1.20496289076137,2.31));
#11388=CARTESIAN_POINT('',(3.20435103725294,-3.08684175792836,2.31));
#11389=CARTESIAN_POINT('',(3.29884658916259,-3.23533476806517,2.31));
#11390=CARTESIAN_POINT('Origin',(3.07523736339405,-3.27331827652015,2.31));
#11391=CARTESIAN_POINT('',(3.28984701278431,-3.08684175792836,2.31));
#11392=CARTESIAN_POINT('',(3.42296838527882,-3.08684175792836,2.31));
#11393=CARTESIAN_POINT('',(3.28984701278431,-2.92484938323697,2.31));
#11394=CARTESIAN_POINT('',(3.28984701278431,-2.14590232434486,2.31));
#11395=CARTESIAN_POINT('',(2.39888895198712,-2.92484938323697,2.31));
#11396=CARTESIAN_POINT('',(3.4657163730445,-2.92484938323697,2.31));
#11397=CARTESIAN_POINT('',(2.39888895198712,-3.09134154612243,2.31));
#11398=CARTESIAN_POINT('',(2.39888895198712,-2.06490613699917,2.31));
#11399=CARTESIAN_POINT('',(3.05135823893786,-3.09134154612243,2.31));
#11400=CARTESIAN_POINT('',(3.02023734264591,-3.09134154612243,2.31));
#11401=CARTESIAN_POINT('',(3.14585379084157,-3.14813104107396,2.31));
#11402=CARTESIAN_POINT('Origin',(3.05360813303242,-3.19461105140562,2.31));
#11403=CARTESIAN_POINT('',(3.12335484991416,-3.28483243810419,2.31));
#11404=CARTESIAN_POINT('Origin',(3.03658758406017,-3.20034969698934,2.31));
#11405=CARTESIAN_POINT('',(3.02885929801093,-3.30733137904691,2.31));
#11406=CARTESIAN_POINT('Origin',(3.03315455034428,-3.11568130948816,2.31));
#11407=CARTESIAN_POINT('',(2.39888895198712,-3.30733137904691,2.31));
#11408=CARTESIAN_POINT('',(3.33522251565782,-3.30733137904691,2.31));
#11409=CARTESIAN_POINT('',(2.39888895198712,-3.46932375373632,2.31));
#11410=CARTESIAN_POINT('',(2.39888895198712,-2.25614713490414,2.31));
#11411=CARTESIAN_POINT('',(3.11654585824972,-3.46932375372744,2.31));
#11412=CARTESIAN_POINT('',(3.02023734266155,-3.46932375372774,2.31));
#11413=CARTESIAN_POINT('',(3.20885082544257,-3.44682481281435,2.31));
#11414=CARTESIAN_POINT('Origin',(3.12670003638368,-3.31038633574968,2.31));
#11415=CARTESIAN_POINT('',(3.29197283568038,-3.35412228753779,2.31));
#11416=CARTESIAN_POINT('Origin',(3.1438024657865,-3.30488192865417,2.31));
#11417=CARTESIAN_POINT('Origin',(3.07507661140431,-3.281978742075,2.31));
#11418=CARTESIAN_POINT('Origin',(3.03658758406017,-3.20034969698934,2.3198993310126));
#11419=CARTESIAN_POINT('',(3.14585379084157,-3.14813104107396,2.3));
#11420=CARTESIAN_POINT('',(3.14585379084157,-3.14813104107396,2.3198993310126));
#11421=CARTESIAN_POINT('',(3.12335484991416,-3.28483243810419,2.3));
#11422=CARTESIAN_POINT('Origin',(3.03658758406017,-3.20034969698934,2.3));
#11423=CARTESIAN_POINT('',(3.12335484991416,-3.28483243810419,2.3198993310126));
#11424=CARTESIAN_POINT('Origin',(3.05360813303242,-3.19461105140562,2.3198993310126));
#11425=CARTESIAN_POINT('',(3.05135823893786,-3.09134154612243,2.3));
#11426=CARTESIAN_POINT('',(3.05135823893786,-3.09134154612243,2.3198993310126));
#11427=CARTESIAN_POINT('Origin',(3.05360813303242,-3.19461105140562,2.3));
#11428=CARTESIAN_POINT('Origin',(2.39888895198712,-3.09134154612243,2.3198993310126));
#11429=CARTESIAN_POINT('',(2.39888895198712,-3.09134154612243,2.3));
#11430=CARTESIAN_POINT('',(2.39888895198712,-3.09134154612243,2.3198993310126));
#11431=CARTESIAN_POINT('',(3.0819565863799,-3.09134154612243,2.3));
#11432=CARTESIAN_POINT('Origin',(2.39888895198712,-2.92484938323697,2.3198993310126));
#11433=CARTESIAN_POINT('',(2.39888895198712,-2.92484938323697,2.3));
#11434=CARTESIAN_POINT('',(2.39888895198712,-2.92484938323697,2.3198993310126));
#11435=CARTESIAN_POINT('',(2.39888895198712,-1.53740706061623,2.3));
#11436=CARTESIAN_POINT('Origin',(3.28984701278431,-2.92484938323697,2.3198993310126));
#11437=CARTESIAN_POINT('',(3.28984701278431,-2.92484938323697,2.3));
#11438=CARTESIAN_POINT('',(3.28984701278431,-2.92484938323697,2.3198993310126));
#11439=CARTESIAN_POINT('',(2.75572194290405,-2.92484938323697,2.3));
#11440=CARTESIAN_POINT('Origin',(3.28984701278431,-3.08684175792836,2.3198993310126));
#11441=CARTESIAN_POINT('',(3.28984701278431,-3.08684175792836,2.3));
#11442=CARTESIAN_POINT('',(3.28984701278431,-3.08684175792836,2.3198993310126));
#11443=CARTESIAN_POINT('',(3.28984701278431,-1.45416097917399,2.3));
#11444=CARTESIAN_POINT('Origin',(3.20435103725294,-3.08684175792836,2.3198993310126));
#11445=CARTESIAN_POINT('',(3.20435103725294,-3.08684175792836,2.3));
#11446=CARTESIAN_POINT('',(3.20435103725294,-3.08684175792836,2.3198993310126));
#11447=CARTESIAN_POINT('',(3.20120097330264,-3.08684175792836,2.3));
#11448=CARTESIAN_POINT('Origin',(3.07523736339405,-3.27331827652015,2.3198993310126));
#11449=CARTESIAN_POINT('',(3.29884658916259,-3.23533476806517,2.3));
#11450=CARTESIAN_POINT('',(3.29884658916259,-3.23533476806517,2.3198993310126));
#11451=CARTESIAN_POINT('Origin',(3.07523736339405,-3.27331827652015,2.3));
#11452=CARTESIAN_POINT('Origin',(3.07507661140431,-3.281978742075,2.3198993310126));
#11453=CARTESIAN_POINT('',(3.29197283568038,-3.35412228753779,2.3));
#11454=CARTESIAN_POINT('',(3.29197283568038,-3.35412228753779,2.3198993310126));
#11455=CARTESIAN_POINT('Origin',(3.07507661140431,-3.281978742075,2.3));
#11456=CARTESIAN_POINT('Origin',(3.1438024657865,-3.30488192865417,2.3198993310126));
#11457=CARTESIAN_POINT('',(3.20885082544257,-3.44682481281435,2.3));
#11458=CARTESIAN_POINT('',(3.20885082544257,-3.44682481281435,2.3198993310126));
#11459=CARTESIAN_POINT('Origin',(3.1438024657865,-3.30488192865417,2.3));
#11460=CARTESIAN_POINT('Origin',(3.12670003638368,-3.31038633574968,2.3198993310126));
#11461=CARTESIAN_POINT('',(3.11654585824972,-3.46932375372744,2.3));
#11462=CARTESIAN_POINT('',(3.11654585824972,-3.46932375372744,2.3198993310126));
#11463=CARTESIAN_POINT('Origin',(3.12670003638368,-3.31038633574968,2.3));
#11464=CARTESIAN_POINT('Origin',(2.39888895198712,-3.46932375373632,2.3198993310126));
#11465=CARTESIAN_POINT('',(2.39888895198712,-3.46932375373632,2.3));
#11466=CARTESIAN_POINT('',(2.39888895198712,-3.46932375373632,2.3198993310126));
#11467=CARTESIAN_POINT('',(3.11455039605955,-3.46932375372744,2.3));
#11468=CARTESIAN_POINT('Origin',(2.39888895198712,-3.30733137904691,2.3198993310126));
#11469=CARTESIAN_POINT('',(2.39888895198712,-3.30733137904691,2.3));
#11470=CARTESIAN_POINT('',(2.39888895198712,-3.30733137904691,2.3198993310126));
#11471=CARTESIAN_POINT('',(2.39888895198712,-1.72639816442366,2.3));
#11472=CARTESIAN_POINT('Origin',(3.02885929801093,-3.30733137904691,2.3198993310126));
#11473=CARTESIAN_POINT('',(3.02885929801093,-3.30733137904691,2.3));
#11474=CARTESIAN_POINT('',(3.02885929801093,-3.30733137904691,2.3198993310126));
#11475=CARTESIAN_POINT('',(2.75572194290404,-3.30733137904691,2.3));
#11476=CARTESIAN_POINT('Origin',(3.11255493382146,0.0165274248909712,2.3));
#11477=CARTESIAN_POINT('Origin',(3.03315455034428,-3.11568130948816,2.3));
#11478=CARTESIAN_POINT('Origin',(3.03315455034428,-3.11568130948816,2.3198993310126));
#11479=CARTESIAN_POINT('Origin',(3.6415857333047,-1.20496289076137,2.31));
#11480=CARTESIAN_POINT('',(3.20435103725294,0.579702802129698,2.31));
#11481=CARTESIAN_POINT('',(3.29884658915765,0.431209791992876,2.31));
#11482=CARTESIAN_POINT('Origin',(3.07523736339159,0.393226283544813,2.31));
#11483=CARTESIAN_POINT('',(3.28984701278431,0.579702802129698,2.31));
#11484=CARTESIAN_POINT('',(3.42296838527882,0.579702802129698,2.31));
#11485=CARTESIAN_POINT('',(3.28984701278431,0.741695176820092,2.31));
#11486=CARTESIAN_POINT('',(3.28984701278431,-0.312630044315834,2.31));
#11487=CARTESIAN_POINT('',(2.39888895198713,0.741695176820093,2.31));
#11488=CARTESIAN_POINT('',(3.46571637304451,0.741695176820092,2.31));
#11489=CARTESIAN_POINT('',(2.39888895198713,0.575203013946493,2.31));
#11490=CARTESIAN_POINT('',(2.39888895198712,-0.231633856970636,2.31));
#11491=CARTESIAN_POINT('',(3.05135823893786,0.575203013946492,2.31));
#11492=CARTESIAN_POINT('',(3.02023734264591,0.575203013946492,2.31));
#11493=CARTESIAN_POINT('',(3.14585379084157,0.518413518983099,2.31));
#11494=CARTESIAN_POINT('Origin',(3.05360813302502,0.471933508657366,2.31));
#11495=CARTESIAN_POINT('',(3.1233548499196,0.381712121943979,2.31));
#11496=CARTESIAN_POINT('Origin',(3.03658758405672,0.466194863059825,2.31));
#11497=CARTESIAN_POINT('',(3.02885929801094,0.359213181022005,2.31));
#11498=CARTESIAN_POINT('Origin',(3.03315455038874,0.550863250570882,2.31));
#11499=CARTESIAN_POINT('',(2.39888895198713,0.359213181022006,2.31));
#11500=CARTESIAN_POINT('',(3.33522251565782,0.359213181022004,2.31));
#11501=CARTESIAN_POINT('',(2.39888895198713,0.197220806331605,2.31));
#11502=CARTESIAN_POINT('',(2.39888895198712,-0.422874854869679,2.31));
#11503=CARTESIAN_POINT('',(3.11654585824973,0.197220806331604,2.31));
#11504=CARTESIAN_POINT('',(3.02023734264591,0.197220806331603,2.31));
#11505=CARTESIAN_POINT('',(3.20885082543763,0.219719747252592,2.31));
#11506=CARTESIAN_POINT('Origin',(3.12670003636985,0.356158224292548,2.31));
#11507=CARTESIAN_POINT('',(3.29197283568038,0.312422272529164,2.31));
#11508=CARTESIAN_POINT('Origin',(3.14380246578009,0.361662631423632,2.31));
#11509=CARTESIAN_POINT('Origin',(3.07507661141912,0.384565817979109,2.31));
#11510=CARTESIAN_POINT('Origin',(3.03658758405672,0.466194863059825,2.3198993310126));
#11511=CARTESIAN_POINT('',(3.14585379084157,0.518413518983099,2.3));
#11512=CARTESIAN_POINT('',(3.14585379084157,0.518413518983099,2.3198993310126));
#11513=CARTESIAN_POINT('',(3.1233548499196,0.381712121943979,2.3));
#11514=CARTESIAN_POINT('Origin',(3.03658758405672,0.466194863059825,2.3));
#11515=CARTESIAN_POINT('',(3.1233548499196,0.381712121943979,2.3198993310126));
#11516=CARTESIAN_POINT('Origin',(3.05360813302502,0.471933508657366,2.3198993310126));
#11517=CARTESIAN_POINT('',(3.05135823893786,0.575203013946492,2.3));
#11518=CARTESIAN_POINT('',(3.05135823893786,0.575203013946492,2.3198993310126));
#11519=CARTESIAN_POINT('Origin',(3.05360813302502,0.471933508657366,2.3));
#11520=CARTESIAN_POINT('Origin',(2.39888895198713,0.575203013946493,2.3198993310126));
#11521=CARTESIAN_POINT('',(2.39888895198713,0.575203013946493,2.3));
#11522=CARTESIAN_POINT('',(2.39888895198713,0.575203013946493,2.3198993310126));
#11523=CARTESIAN_POINT('',(3.08195658637991,0.575203013946492,2.3));
#11524=CARTESIAN_POINT('Origin',(2.39888895198713,0.741695176820093,2.3198993310126));
#11525=CARTESIAN_POINT('',(2.39888895198713,0.741695176820093,2.3));
#11526=CARTESIAN_POINT('',(2.39888895198713,0.741695176820093,2.3198993310126));
#11527=CARTESIAN_POINT('',(2.39888895198713,0.295865219417739,2.3));
#11528=CARTESIAN_POINT('Origin',(3.28984701278431,0.741695176820092,2.3198993310126));
#11529=CARTESIAN_POINT('',(3.28984701278431,0.741695176820092,2.3));
#11530=CARTESIAN_POINT('',(3.28984701278431,0.741695176820092,2.3198993310126));
#11531=CARTESIAN_POINT('',(2.75572194290405,0.741695176820092,2.3));
#11532=CARTESIAN_POINT('Origin',(3.28984701278431,0.579702802129698,2.3198993310126));
#11533=CARTESIAN_POINT('',(3.28984701278431,0.579702802129698,2.3));
#11534=CARTESIAN_POINT('',(3.28984701278431,0.579702802129698,2.3198993310126));
#11535=CARTESIAN_POINT('',(3.28984701278431,0.379111300855034,2.3));
#11536=CARTESIAN_POINT('Origin',(3.20435103725294,0.579702802129698,2.3198993310126));
#11537=CARTESIAN_POINT('',(3.20435103725294,0.579702802129698,2.3));
#11538=CARTESIAN_POINT('',(3.20435103725294,0.579702802129698,2.3198993310126));
#11539=CARTESIAN_POINT('',(3.20120097330264,0.579702802129698,2.3));
#11540=CARTESIAN_POINT('Origin',(3.07523736339159,0.393226283544813,2.3198993310126));
#11541=CARTESIAN_POINT('',(3.29884658915765,0.431209791992876,2.3));
#11542=CARTESIAN_POINT('',(3.29884658915765,0.431209791992876,2.3198993310126));
#11543=CARTESIAN_POINT('Origin',(3.07523736339159,0.393226283544813,2.3));
#11544=CARTESIAN_POINT('Origin',(3.07507661141912,0.384565817979109,2.3198993310126));
#11545=CARTESIAN_POINT('',(3.29197283568038,0.312422272529164,2.3));
#11546=CARTESIAN_POINT('',(3.29197283568038,0.312422272529164,2.3198993310126));
#11547=CARTESIAN_POINT('Origin',(3.07507661141912,0.384565817979109,2.3));
#11548=CARTESIAN_POINT('Origin',(3.14380246578009,0.361662631423632,2.3198993310126));
#11549=CARTESIAN_POINT('',(3.20885082543763,0.219719747252592,2.3));
#11550=CARTESIAN_POINT('',(3.20885082543763,0.219719747252592,2.3198993310126));
#11551=CARTESIAN_POINT('Origin',(3.14380246578009,0.361662631423632,2.3));
#11552=CARTESIAN_POINT('Origin',(3.12670003636985,0.356158224292548,2.3198993310126));
#11553=CARTESIAN_POINT('',(3.11654585824973,0.197220806331604,2.3));
#11554=CARTESIAN_POINT('',(3.11654585824973,0.197220806331604,2.3198993310126));
#11555=CARTESIAN_POINT('Origin',(3.12670003636985,0.356158224292548,2.3));
#11556=CARTESIAN_POINT('Origin',(2.39888895198713,0.197220806331605,2.3198993310126));
#11557=CARTESIAN_POINT('',(2.39888895198713,0.197220806331605,2.3));
#11558=CARTESIAN_POINT('',(2.39888895198713,0.197220806331605,2.3198993310126));
#11559=CARTESIAN_POINT('',(3.11455039603584,0.197220806331604,2.3));
#11560=CARTESIAN_POINT('Origin',(2.39888895198713,0.359213181022006,2.3198993310126));
#11561=CARTESIAN_POINT('',(2.39888895198713,0.359213181022006,2.3));
#11562=CARTESIAN_POINT('',(2.39888895198713,0.359213181022006,2.3198993310126));
#11563=CARTESIAN_POINT('',(2.39888895198712,0.106874115610305,2.3));
#11564=CARTESIAN_POINT('Origin',(3.02885929801094,0.359213181022005,2.3198993310126));
#11565=CARTESIAN_POINT('',(3.02885929801094,0.359213181022005,2.3));
#11566=CARTESIAN_POINT('',(3.02885929801094,0.359213181022005,2.3198993310126));
#11567=CARTESIAN_POINT('',(2.75572194290405,0.359213181022005,2.3));
#11568=CARTESIAN_POINT('Origin',(3.11255493382146,0.0165274248909712,2.3));
#11569=CARTESIAN_POINT('Origin',(3.03315455038874,0.550863250570882,2.3));
#11570=CARTESIAN_POINT('Origin',(3.03315455038874,0.550863250570882,2.3198993310126));
#11571=CARTESIAN_POINT('Origin',(3.56129581111228,-0.495746574295674,2.3198993310126));
#11572=CARTESIAN_POINT('',(3.56129581111228,-0.389244839464502,2.31));
#11573=CARTESIAN_POINT('Origin',(3.56129581111228,-0.495746574295674,2.31));
#11574=CARTESIAN_POINT('',(3.56129581111228,-0.389244839464467,2.3));
#11575=CARTESIAN_POINT('Origin',(3.56129581111228,-0.495746574295674,2.3));
#11576=CARTESIAN_POINT('Origin',(3.11255493382146,0.0165274248909712,2.3));
#11577=CARTESIAN_POINT('Origin',(3.6415857333047,-1.20496289076137,2.31));
#11578=CARTESIAN_POINT('Origin',(3.6415857333047,-1.20496289076137,2.31));
#11579=CARTESIAN_POINT('',(3.02885929801094,-1.16621501398912,2.31));
#11580=CARTESIAN_POINT('',(3.1233548499196,-1.14371607306714,2.31));
#11581=CARTESIAN_POINT('Origin',(3.03315455038874,-0.974564944440241,2.31));
#11582=CARTESIAN_POINT('',(2.39888895198712,-1.16621501398912,2.31));
#11583=CARTESIAN_POINT('',(3.33522251565782,-1.16621501398912,2.31));
#11584=CARTESIAN_POINT('',(2.39888895198712,-1.32820738866963,2.31));
#11585=CARTESIAN_POINT('',(2.39888895198712,-1.18558895237524,2.31));
#11586=CARTESIAN_POINT('',(3.11654585824972,-1.32820738866963,2.31));
#11587=CARTESIAN_POINT('',(3.02023734264591,-1.32820738866963,2.31));
#11588=CARTESIAN_POINT('',(3.20885082543763,-1.30570844774765,2.31));
#11589=CARTESIAN_POINT('Origin',(3.12670003636836,-1.16926997070868,2.31));
#11590=CARTESIAN_POINT('',(3.29197283568731,-1.21300592249184,2.31));
#11591=CARTESIAN_POINT('Origin',(3.14380246580528,-1.16376556358155,2.31));
#11592=CARTESIAN_POINT('',(3.29884658915765,-1.09421840300737,2.31));
#11593=CARTESIAN_POINT('Origin',(3.07507661138406,-1.1408623770409,2.31));
#11594=CARTESIAN_POINT('',(3.20435103725294,-0.945725392880433,2.31));
#11595=CARTESIAN_POINT('Origin',(3.07523736340393,-1.13220191146037,2.31));
#11596=CARTESIAN_POINT('',(3.28984701278431,-0.945725392880433,2.31));
#11597=CARTESIAN_POINT('',(3.42296838527882,-0.945725392880434,2.31));
#11598=CARTESIAN_POINT('',(3.28984701278431,-0.78373301817917,2.31));
#11599=CARTESIAN_POINT('',(3.28984701278431,-1.0753441418209,2.31));
#11600=CARTESIAN_POINT('',(2.39888895198713,-0.783733018179168,2.31));
#11601=CARTESIAN_POINT('',(3.46571637304451,-0.78373301817917,2.31));
#11602=CARTESIAN_POINT('',(2.39888895198712,-0.950225181065618,2.31));
#11603=CARTESIAN_POINT('',(2.39888895198713,-0.994347954470266,2.31));
#11604=CARTESIAN_POINT('',(3.05135823893786,-0.950225181065619,2.31));
#11605=CARTESIAN_POINT('',(3.02023734264591,-0.950225181065619,2.31));
#11606=CARTESIAN_POINT('',(3.14585379083614,-1.00701467601715,2.31));
#11607=CARTESIAN_POINT('Origin',(3.05360813302995,-1.05349468634387,2.31));
#11608=CARTESIAN_POINT('Origin',(3.03658758404486,-1.0592333319503,2.31));
#11609=CARTESIAN_POINT('Origin',(3.07523736340393,-1.13220191146037,2.3198993310126));
#11610=CARTESIAN_POINT('',(3.29884658915765,-1.09421840300737,2.3));
#11611=CARTESIAN_POINT('',(3.29884658915765,-1.09421840300737,2.3198993310126));
#11612=CARTESIAN_POINT('',(3.20435103725294,-0.945725392880433,2.3));
#11613=CARTESIAN_POINT('Origin',(3.07523736340393,-1.13220191146037,2.3));
#11614=CARTESIAN_POINT('',(3.20435103725294,-0.945725392880433,2.3198993310126));
#11615=CARTESIAN_POINT('Origin',(3.07507661138406,-1.1408623770409,2.3198993310126));
#11616=CARTESIAN_POINT('',(3.29197283568731,-1.21300592249184,2.3));
#11617=CARTESIAN_POINT('',(3.29197283568731,-1.21300592249184,2.3198993310126));
#11618=CARTESIAN_POINT('Origin',(3.07507661138406,-1.1408623770409,2.3));
#11619=CARTESIAN_POINT('Origin',(3.14380246580528,-1.16376556358155,2.3198993310126));
#11620=CARTESIAN_POINT('',(3.20885082543763,-1.30570844774765,2.3));
#11621=CARTESIAN_POINT('',(3.20885082543763,-1.30570844774765,2.3198993310126));
#11622=CARTESIAN_POINT('Origin',(3.14380246580528,-1.16376556358155,2.3));
#11623=CARTESIAN_POINT('Origin',(3.12670003636836,-1.16926997070868,2.3198993310126));
#11624=CARTESIAN_POINT('',(3.11654585824972,-1.32820738866963,2.3));
#11625=CARTESIAN_POINT('',(3.11654585824972,-1.32820738866963,2.3198993310126));
#11626=CARTESIAN_POINT('Origin',(3.12670003636836,-1.16926997070868,2.3));
#11627=CARTESIAN_POINT('Origin',(2.39888895198712,-1.32820738866963,2.3198993310126));
#11628=CARTESIAN_POINT('',(2.39888895198712,-1.32820738866963,2.3));
#11629=CARTESIAN_POINT('',(2.39888895198712,-1.32820738866963,2.3198993310126));
#11630=CARTESIAN_POINT('',(3.11455039603583,-1.32820738866963,2.3));
#11631=CARTESIAN_POINT('Origin',(2.39888895198712,-1.16621501398912,2.3198993310126));
#11632=CARTESIAN_POINT('',(2.39888895198712,-1.16621501398912,2.3));
#11633=CARTESIAN_POINT('',(2.39888895198712,-1.16621501398912,2.3198993310126));
#11634=CARTESIAN_POINT('',(2.39888895198713,-0.65583998188982,2.3));
#11635=CARTESIAN_POINT('Origin',(3.02885929801094,-1.16621501398912,2.3198993310126));
#11636=CARTESIAN_POINT('',(3.02885929801094,-1.16621501398912,2.3));
#11637=CARTESIAN_POINT('',(3.02885929801094,-1.16621501398912,2.3198993310126));
#11638=CARTESIAN_POINT('',(2.75572194290405,-1.16621501398912,2.3));
#11639=CARTESIAN_POINT('Origin',(3.03315455038874,-0.974564944440241,2.3198993310126));
#11640=CARTESIAN_POINT('',(3.1233548499196,-1.14371607306714,2.3));
#11641=CARTESIAN_POINT('',(3.1233548499196,-1.14371607306714,2.3198993310126));
#11642=CARTESIAN_POINT('Origin',(3.03315455038874,-0.974564944440241,2.3));
#11643=CARTESIAN_POINT('Origin',(3.03658758404486,-1.0592333319503,2.3198993310126));
#11644=CARTESIAN_POINT('',(3.14585379083614,-1.00701467601715,2.3));
#11645=CARTESIAN_POINT('',(3.14585379083614,-1.00701467601715,2.3198993310126));
#11646=CARTESIAN_POINT('Origin',(3.03658758404486,-1.0592333319503,2.3));
#11647=CARTESIAN_POINT('Origin',(3.05360813302995,-1.05349468634387,2.3198993310126));
#11648=CARTESIAN_POINT('',(3.05135823893786,-0.950225181065619,2.3));
#11649=CARTESIAN_POINT('',(3.05135823893786,-0.950225181065619,2.3198993310126));
#11650=CARTESIAN_POINT('Origin',(3.05360813302995,-1.05349468634387,2.3));
#11651=CARTESIAN_POINT('Origin',(2.39888895198712,-0.950225181065618,2.3198993310126));
#11652=CARTESIAN_POINT('',(2.39888895198712,-0.950225181065618,2.3));
#11653=CARTESIAN_POINT('',(2.39888895198712,-0.950225181065618,2.3198993310126));
#11654=CARTESIAN_POINT('',(3.0819565863799,-0.950225181065619,2.3));
#11655=CARTESIAN_POINT('Origin',(2.39888895198713,-0.783733018179168,2.3198993310126));
#11656=CARTESIAN_POINT('',(2.39888895198713,-0.783733018179168,2.3));
#11657=CARTESIAN_POINT('',(2.39888895198713,-0.783733018179168,2.3198993310126));
#11658=CARTESIAN_POINT('',(2.39888895198712,-0.466848878087321,2.3));
#11659=CARTESIAN_POINT('Origin',(3.28984701278431,-0.78373301817917,2.3198993310126));
#11660=CARTESIAN_POINT('',(3.28984701278431,-0.78373301817917,2.3));
#11661=CARTESIAN_POINT('',(3.28984701278431,-0.78373301817917,2.3198993310126));
#11662=CARTESIAN_POINT('',(2.75572194290405,-0.783733018179169,2.3));
#11663=CARTESIAN_POINT('Origin',(3.28984701278431,-0.945725392880433,2.3198993310126));
#11664=CARTESIAN_POINT('',(3.28984701278431,-0.945725392880433,2.3));
#11665=CARTESIAN_POINT('',(3.28984701278431,-0.945725392880433,2.3198993310126));
#11666=CARTESIAN_POINT('',(3.28984701278431,-0.383602796645095,2.3));
#11667=CARTESIAN_POINT('Origin',(3.11255493382146,0.0165274248909712,2.3));
#11668=CARTESIAN_POINT('',(3.20120097330264,-0.945725392880433,2.3));
#11669=CARTESIAN_POINT('Origin',(3.20435103725294,-0.945725392880433,2.3198993310126));
#11670=CARTESIAN_POINT('Origin',(2.39888895198712,0.966684586112966,2.3198993310126));
#11671=CARTESIAN_POINT('',(3.73082625499574,0.966684586112963,2.31));
#11672=CARTESIAN_POINT('',(2.39888895198712,0.966684586112966,2.31));
#11673=CARTESIAN_POINT('',(3.02023734264591,0.966684586112964,2.31));
#11674=CARTESIAN_POINT('',(2.39888895198712,0.966684586112966,2.3));
#11675=CARTESIAN_POINT('',(2.39888895198712,0.966684586112966,2.3198993310126));
#11676=CARTESIAN_POINT('',(3.73082625499574,0.966684586112963,2.3));
#11677=CARTESIAN_POINT('',(3.42169059440885,0.966684586112963,2.3));
#11678=CARTESIAN_POINT('',(3.73082625499574,0.966684586112963,2.3198993310126));
#11679=CARTESIAN_POINT('Origin',(3.11255493382146,0.0165274248909712,2.3));
#11680=CARTESIAN_POINT('',(3.73082625499574,1.14217632536683,2.3));
#11681=CARTESIAN_POINT('',(2.39888895198712,1.14217632536683,2.3));
#11682=CARTESIAN_POINT('',(2.75572194290405,1.14217632536683,2.3));
#11683=CARTESIAN_POINT('',(3.73082625499574,0.5793518751289,2.3));
#11684=CARTESIAN_POINT('',(2.39888895198713,0.491606005501474,2.3));
#11685=CARTESIAN_POINT('Origin',(3.73082625499574,0.966684586112963,2.3198993310126));
#11686=CARTESIAN_POINT('',(3.73082625499574,1.14217632536683,2.31));
#11687=CARTESIAN_POINT('',(3.73082625499574,-0.119139152324202,2.31));
#11688=CARTESIAN_POINT('',(3.73082625499574,1.14217632536683,2.3198993310126));
#11689=CARTESIAN_POINT('Origin',(3.73082625499574,1.14217632536683,2.3198993310126));
#11690=CARTESIAN_POINT('',(2.39888895198712,1.14217632536683,2.31));
#11691=CARTESIAN_POINT('',(3.68620599415022,1.14217632536683,2.31));
#11692=CARTESIAN_POINT('',(2.39888895198712,1.14217632536683,2.3198993310126));
#11693=CARTESIAN_POINT('Origin',(2.39888895198712,1.14217632536683,2.3198993310126));
#11694=CARTESIAN_POINT('',(2.39888895198712,-0.0313932826972664,2.31));
#11695=CARTESIAN_POINT('Origin',(3.6415857333047,-1.20496289076137,2.31));
#11696=CARTESIAN_POINT('Origin',(3.6415857333047,-1.20496289076137,2.31));
#11697=CARTESIAN_POINT('',(3.28984701278431,-0.0142692383988012,2.31));
#11698=CARTESIAN_POINT('',(3.62909191336998,-0.0142692383988024,2.31));
#11699=CARTESIAN_POINT('',(3.63533882333734,-0.0142692383988025,2.31));
#11700=CARTESIAN_POINT('',(3.28984701278431,0.0757265253108452,2.31));
#11701=CARTESIAN_POINT('',(3.28984701278431,-0.609616064580083,2.31));
#11702=CARTESIAN_POINT('',(3.1638529435843,0.075726525310845,2.31));
#11703=CARTESIAN_POINT('',(3.46571637304451,0.0757265253108448,2.31));
#11704=CARTESIAN_POINT('',(3.1638529435843,-0.014269238398801,2.31));
#11705=CARTESIAN_POINT('',(3.16385294358429,-0.56461818272526,2.31));
#11706=CARTESIAN_POINT('',(2.39888895198712,-0.0142692383988005,2.31));
#11707=CARTESIAN_POINT('',(3.4027193384445,-0.0142692383988015,2.31));
#11708=CARTESIAN_POINT('',(2.39888895198712,-0.180761401283273,2.31));
#11709=CARTESIAN_POINT('',(2.39888895198712,-0.609616064580082,2.31));
#11710=CARTESIAN_POINT('',(3.1638529435843,-0.180761401283274,2.31));
#11711=CARTESIAN_POINT('',(3.02023734264591,-0.180761401283275,2.31));
#11712=CARTESIAN_POINT('',(3.1638529435843,-0.306755470487243,2.31));
#11713=CARTESIAN_POINT('',(3.16385294358429,-0.69286214602232,2.31));
#11714=CARTESIAN_POINT('',(3.28984701278431,-0.306755470487244,2.31));
#11715=CARTESIAN_POINT('',(3.4027193384445,-0.306755470487244,2.31));
#11716=CARTESIAN_POINT('',(3.28984701278431,-0.180761401283274,2.31));
#11717=CARTESIAN_POINT('',(3.28984701278431,-0.755859180624305,2.31));
#11718=CARTESIAN_POINT('',(3.60033239760609,-0.180761401283275,2.31));
#11719=CARTESIAN_POINT('',(3.46571637304451,-0.180761401283275,2.31));
#11720=CARTESIAN_POINT('',(3.6363307031019,-0.187256593530201,2.31));
#11721=CARTESIAN_POINT('Origin',(3.60258229169869,-0.271296117292518,2.31));
#11722=CARTESIAN_POINT('',(3.6738937824251,-0.250427234089827,2.31));
#11723=CARTESIAN_POINT('Origin',(3.60499927806579,-0.24864052359735,2.31));
#11724=CARTESIAN_POINT('',(3.6588296440229,-0.315755046856626,2.31));
#11725=CARTESIAN_POINT('Origin',(3.52976384167169,-0.251592623146792,2.31));
#11726=CARTESIAN_POINT('',(3.80732265415131,-0.315755046856626,2.31));
#11727=CARTESIAN_POINT('',(3.6502076886638,-0.315755046856626,2.31));
#11728=CARTESIAN_POINT('',(3.83218987210954,-0.21306325646528,2.31));
#11729=CARTESIAN_POINT('Origin',(3.53701799845821,-0.195942977043695,2.31));
#11730=CARTESIAN_POINT('',(3.80616234245654,-0.110681399050905,2.31));
#11731=CARTESIAN_POINT('Origin',(3.62435316049031,-0.211400243668244,2.31));
#11732=CARTESIAN_POINT('',(3.76682456049107,-0.0637669084476994,2.31));
#11733=CARTESIAN_POINT('Origin',(3.63594774987105,-0.213456665476808,2.31));
#11734=CARTESIAN_POINT('Origin',(3.63046141415644,-0.226835319446538,2.31));
#11735=CARTESIAN_POINT('Origin',(3.28984701278431,-0.306755470487244,2.3198993310126));
#11736=CARTESIAN_POINT('',(3.28984701278431,-0.306755470487244,2.3));
#11737=CARTESIAN_POINT('',(3.28984701278431,-0.306755470487244,2.3198993310126));
#11738=CARTESIAN_POINT('',(3.28984701278431,-0.180761401283274,2.3));
#11739=CARTESIAN_POINT('',(3.28984701278431,-0.082116988196154,2.3));
#11740=CARTESIAN_POINT('',(3.28984701278431,-0.180761401283274,2.3198993310126));
#11741=CARTESIAN_POINT('Origin',(3.1638529435843,-0.306755470487243,2.3198993310126));
#11742=CARTESIAN_POINT('',(3.1638529435843,-0.306755470487243,2.3));
#11743=CARTESIAN_POINT('',(3.1638529435843,-0.306755470487243,2.3198993310126));
#11744=CARTESIAN_POINT('',(3.20120097330264,-0.306755470487244,2.3));
#11745=CARTESIAN_POINT('Origin',(3.1638529435843,-0.180761401283274,2.3198993310126));
#11746=CARTESIAN_POINT('',(3.1638529435843,-0.180761401283274,2.3));
#11747=CARTESIAN_POINT('',(3.1638529435843,-0.180761401283274,2.3198993310126));
#11748=CARTESIAN_POINT('',(3.1638529435843,-0.145114022798626,2.3));
#11749=CARTESIAN_POINT('Origin',(2.39888895198712,-0.180761401283273,2.3198993310126));
#11750=CARTESIAN_POINT('',(2.39888895198712,-0.180761401283273,2.3));
#11751=CARTESIAN_POINT('',(2.39888895198712,-0.180761401283273,2.3198993310126));
#11752=CARTESIAN_POINT('',(3.13820393870312,-0.180761401283274,2.3));
#11753=CARTESIAN_POINT('Origin',(2.39888895198712,-0.0142692383988005,2.3198993310126));
#11754=CARTESIAN_POINT('',(2.39888895198712,-0.0142692383988005,2.3));
#11755=CARTESIAN_POINT('',(2.39888895198712,-0.0142692383988005,2.3198993310126));
#11756=CARTESIAN_POINT('',(2.39888895198712,-0.082116988196153,2.3));
#11757=CARTESIAN_POINT('Origin',(3.1638529435843,-0.014269238398801,2.3198993310126));
#11758=CARTESIAN_POINT('',(3.1638529435843,-0.014269238398801,2.3));
#11759=CARTESIAN_POINT('',(3.1638529435843,-0.014269238398801,2.3198993310126));
#11760=CARTESIAN_POINT('',(2.75572194290405,-0.0142692383988006,2.3));
#11761=CARTESIAN_POINT('Origin',(3.1638529435843,0.075726525310845,2.3198993310126));
#11762=CARTESIAN_POINT('',(3.1638529435843,0.075726525310845,2.3));
#11763=CARTESIAN_POINT('',(3.1638529435843,0.075726525310845,2.3198993310126));
#11764=CARTESIAN_POINT('',(3.1638529435843,0.00112909324608105,2.3));
#11765=CARTESIAN_POINT('Origin',(3.28984701278431,0.0757265253108452,2.3198993310126));
#11766=CARTESIAN_POINT('',(3.28984701278431,0.0757265253108452,2.3));
#11767=CARTESIAN_POINT('',(3.28984701278431,0.0757265253108452,2.3198993310126));
#11768=CARTESIAN_POINT('',(3.13820393870312,0.075726525310845,2.3));
#11769=CARTESIAN_POINT('Origin',(3.28984701278431,-0.0142692383988012,2.3198993310126));
#11770=CARTESIAN_POINT('',(3.28984701278431,-0.0142692383988012,2.3));
#11771=CARTESIAN_POINT('',(3.28984701278431,-0.0142692383988012,2.3198993310126));
#11772=CARTESIAN_POINT('',(3.28984701278431,0.0461269751009025,2.3));
#11773=CARTESIAN_POINT('Origin',(3.62909191336998,-0.0142692383988024,2.3198993310126));
#11774=CARTESIAN_POINT('',(3.62909191336998,-0.0142692383988024,2.3));
#11775=CARTESIAN_POINT('',(3.62909191336998,-0.0142692383988024,2.3198993310126));
#11776=CARTESIAN_POINT('',(3.36319334799847,-0.0142692383988021,2.3));
#11777=CARTESIAN_POINT('Origin',(3.63046141415644,-0.226835319446538,2.3198993310126));
#11778=CARTESIAN_POINT('',(3.76682456049107,-0.0637669084476994,2.3));
#11779=CARTESIAN_POINT('',(3.76682456049107,-0.0637669084476994,2.3198993310126));
#11780=CARTESIAN_POINT('Origin',(3.63046141415644,-0.226835319446538,2.3));
#11781=CARTESIAN_POINT('Origin',(3.63594774987105,-0.213456665476808,2.3198993310126));
#11782=CARTESIAN_POINT('',(3.80616234245654,-0.110681399050905,2.3));
#11783=CARTESIAN_POINT('',(3.80616234245654,-0.110681399050905,2.3198993310126));
#11784=CARTESIAN_POINT('Origin',(3.63594774987105,-0.213456665476808,2.3));
#11785=CARTESIAN_POINT('Origin',(3.62435316049031,-0.211400243668244,2.3198993310126));
#11786=CARTESIAN_POINT('',(3.83218987210954,-0.21306325646528,2.3));
#11787=CARTESIAN_POINT('',(3.83218987210954,-0.21306325646528,2.3198993310126));
#11788=CARTESIAN_POINT('Origin',(3.62435316049031,-0.211400243668244,2.3));
#11789=CARTESIAN_POINT('Origin',(3.53701799845821,-0.195942977043695,2.3198993310126));
#11790=CARTESIAN_POINT('',(3.80732265415131,-0.315755046856626,2.3));
#11791=CARTESIAN_POINT('',(3.80732265415131,-0.315755046856626,2.3198993310126));
#11792=CARTESIAN_POINT('Origin',(3.53701799845821,-0.195942977043695,2.3));
#11793=CARTESIAN_POINT('Origin',(3.6588296440229,-0.315755046856626,2.3198993310126));
#11794=CARTESIAN_POINT('',(3.6588296440229,-0.315755046856626,2.3));
#11795=CARTESIAN_POINT('',(3.6588296440229,-0.315755046856626,2.3198993310126));
#11796=CARTESIAN_POINT('',(3.45993879398639,-0.315755046856626,2.3));
#11797=CARTESIAN_POINT('Origin',(3.52976384167169,-0.251592623146792,2.3198993310126));
#11798=CARTESIAN_POINT('',(3.6738937824251,-0.250427234089827,2.3));
#11799=CARTESIAN_POINT('',(3.6738937824251,-0.250427234089827,2.3198993310126));
#11800=CARTESIAN_POINT('Origin',(3.52976384167169,-0.251592623146792,2.3));
#11801=CARTESIAN_POINT('Origin',(3.60499927806579,-0.24864052359735,2.3198993310126));
#11802=CARTESIAN_POINT('',(3.6363307031019,-0.187256593530201,2.3));
#11803=CARTESIAN_POINT('',(3.6363307031019,-0.187256593530201,2.3198993310126));
#11804=CARTESIAN_POINT('Origin',(3.60499927806579,-0.24864052359735,2.3));
#11805=CARTESIAN_POINT('Origin',(3.60258229169869,-0.271296117292518,2.3198993310126));
#11806=CARTESIAN_POINT('',(3.60033239760609,-0.180761401283275,2.3));
#11807=CARTESIAN_POINT('',(3.60033239760609,-0.180761401283275,2.3198993310126));
#11808=CARTESIAN_POINT('Origin',(3.60258229169869,-0.271296117292518,2.3));
#11809=CARTESIAN_POINT('Origin',(3.11255493382146,0.0165274248909712,2.3));
#11810=CARTESIAN_POINT('',(3.35419377162908,-0.180761401283274,2.3));
#11811=CARTESIAN_POINT('Origin',(3.28984701278431,-0.180761401283274,2.3198993310126));
#11812=CARTESIAN_POINT('Origin',(3.11255493382146,0.0165274248909712,2.3));
#11813=CARTESIAN_POINT('',(3.28984701278431,-0.414750386945534,2.3));
#11814=CARTESIAN_POINT('',(2.39888895198712,-0.414750386945533,2.3));
#11815=CARTESIAN_POINT('',(2.75572194290405,-0.414750386945533,2.3));
#11816=CARTESIAN_POINT('',(3.28984701278431,-0.576742761634941,2.3));
#11817=CARTESIAN_POINT('',(3.28984701278431,-0.199111481026792,2.3));
#11818=CARTESIAN_POINT('',(2.39888895198713,-0.576742761634939,2.3));
#11819=CARTESIAN_POINT('',(3.20120097330264,-0.576742761634941,2.3));
#11820=CARTESIAN_POINT('',(2.39888895198712,-0.280107668371989,2.3));
#11821=CARTESIAN_POINT('Origin',(2.39888895198712,-0.414750386945533,2.3198993310126));
#11822=CARTESIAN_POINT('',(2.39888895198713,-0.576742761634939,2.31));
#11823=CARTESIAN_POINT('',(2.39888895198712,-0.414750386945533,2.31));
#11824=CARTESIAN_POINT('',(2.39888895198712,-0.809856638853448,2.31));
#11825=CARTESIAN_POINT('',(2.39888895198712,-0.414750386945533,2.3198993310126));
#11826=CARTESIAN_POINT('',(2.39888895198713,-0.576742761634939,2.3198993310126));
#11827=CARTESIAN_POINT('Origin',(2.39888895198713,-0.576742761634939,2.3198993310126));
#11828=CARTESIAN_POINT('',(3.28984701278431,-0.576742761634941,2.31));
#11829=CARTESIAN_POINT('',(3.02023734264591,-0.576742761634941,2.31));
#11830=CARTESIAN_POINT('',(3.28984701278431,-0.576742761634941,2.3198993310126));
#11831=CARTESIAN_POINT('Origin',(3.28984701278431,-0.576742761634941,2.3198993310126));
#11832=CARTESIAN_POINT('',(3.28984701278431,-0.414750386945534,2.31));
#11833=CARTESIAN_POINT('',(3.28984701278431,-0.890852826198153,2.31));
#11834=CARTESIAN_POINT('',(3.28984701278431,-0.414750386945534,2.3198993310126));
#11835=CARTESIAN_POINT('Origin',(3.28984701278431,-0.414750386945534,2.3198993310126));
#11836=CARTESIAN_POINT('',(3.46571637304451,-0.414750386945534,2.31));
#11837=CARTESIAN_POINT('Origin',(3.6415857333047,-1.20496289076137,2.31));
#11838=CARTESIAN_POINT('Origin',(3.6415857333047,-1.20496289076137,2.31));
#11839=CARTESIAN_POINT('',(2.98715940381999,-1.49019976334916,2.31));
#11840=CARTESIAN_POINT('',(3.19324067150759,-1.55162540602293,2.31));
#11841=CARTESIAN_POINT('Origin',(2.92877677499917,-2.06248299658317,2.31));
#11842=CARTESIAN_POINT('',(2.84886777057634,-1.48120018699065,2.31));
#11843=CARTESIAN_POINT('Origin',(2.84211808837068,-2.65194514769373,2.31));
#11844=CARTESIAN_POINT('',(2.52938280937974,-1.53069785704942,2.31));
#11845=CARTESIAN_POINT('Origin',(2.81257128638655,-2.3027368168164,2.31));
#11846=CARTESIAN_POINT('',(2.46933275953091,-1.5682489659659,2.31));
#11847=CARTESIAN_POINT('Origin',(2.86314166160616,-2.13122027825785,2.31));
#11848=CARTESIAN_POINT('',(2.41037549539871,-1.63821862762233,2.31));
#11849=CARTESIAN_POINT('Origin',(2.62405687617613,-1.75844521061801,2.31));
#11850=CARTESIAN_POINT('',(2.38088979924787,-1.73768811359464,2.31));
#11851=CARTESIAN_POINT('Origin',(2.69092150752565,-1.77548571807036,2.31));
#11852=CARTESIAN_POINT('',(2.40338874018515,-1.89068091190578,2.31));
#11853=CARTESIAN_POINT('Origin',(2.66188972990466,-1.77451532741144,2.31));
#11854=CARTESIAN_POINT('',(2.43798534630289,-1.94394079783125,2.31));
#11855=CARTESIAN_POINT('Origin',(2.63758953399303,-1.77641513365862,2.31));
#11856=CARTESIAN_POINT('',(2.45738619840343,-1.96267752287665,2.31));
#11857=CARTESIAN_POINT('',(2.56472953885647,-2.06634630226822,2.31));
#11858=CARTESIAN_POINT('',(2.65631998994778,-2.03917392204259,2.31));
#11859=CARTESIAN_POINT('Origin',(2.66857146258629,-1.71039494116436,2.31));
#11860=CARTESIAN_POINT('',(2.6958749722494,-2.03917392204259,2.31));
#11861=CARTESIAN_POINT('',(3.14895286162624,-2.03917392204259,2.31));
#11862=CARTESIAN_POINT('',(2.6958749722494,-1.88704596902313,2.31));
#11863=CARTESIAN_POINT('',(2.6958749722494,-1.62206840640198,2.31));
#11864=CARTESIAN_POINT('',(2.69491184030241,-1.88697191574987,2.31));
#11865=CARTESIAN_POINT('',(3.1398834856701,-1.92118488633859,2.31));
#11866=CARTESIAN_POINT('',(2.5660011907926,-1.85643487658862,2.31));
#11867=CARTESIAN_POINT('Origin',(2.68667339667467,-1.63438652274622,2.31));
#11868=CARTESIAN_POINT('',(2.54579418198365,-1.8373465290956,2.31));
#11869=CARTESIAN_POINT('Origin',(2.60355832360611,-1.7964369421526,2.31));
#11870=CARTESIAN_POINT('',(2.52938280937974,-1.72418874902131,2.31));
#11871=CARTESIAN_POINT('Origin',(2.62449196877722,-1.76816395174092,2.31));
#11872=CARTESIAN_POINT('',(2.58583899413012,-1.6677325642813,2.31));
#11873=CARTESIAN_POINT('Origin',(2.63386862973672,-1.77221838464815,2.31));
#11874=CARTESIAN_POINT('',(2.67337603132742,-1.64319256168104,2.31));
#11875=CARTESIAN_POINT('Origin',(2.70837618219238,-1.93643954819051,2.31));
#11876=CARTESIAN_POINT('',(2.8128694650904,-1.63869277349685,2.31));
#11877=CARTESIAN_POINT('Origin',(2.8154881224152,-3.88426926743055,2.31));
#11878=CARTESIAN_POINT('',(2.8128694650904,-2.04817349840209,2.31));
#11879=CARTESIAN_POINT('',(2.8128694650904,-1.42182783212911,2.31));
#11880=CARTESIAN_POINT('',(2.8938656524361,-2.04817349840209,2.31));
#11881=CARTESIAN_POINT('',(3.22722759919755,-2.04817349840209,2.31));
#11882=CARTESIAN_POINT('',(3.1008559089907,-2.02567455747913,2.31));
#11883=CARTESIAN_POINT('Origin',(2.88540176515962,-1.00690108461357,2.31));
#11884=CARTESIAN_POINT('',(3.23134976637986,-1.96267752287665,2.31));
#11885=CARTESIAN_POINT('Origin',(3.03273677508007,-1.7179177676206,2.31));
#11886=CARTESIAN_POINT('',(3.29720366242798,-1.85468260641047,2.31));
#11887=CARTESIAN_POINT('Origin',(3.05683813371397,-1.78218671499943,2.31));
#11888=CARTESIAN_POINT('',(3.30334637735123,-1.69719001991415,2.31));
#11889=CARTESIAN_POINT('Origin',(3.00451240466209,-1.76440062459023,2.31));
#11890=CARTESIAN_POINT('Origin',(3.06198508507813,-1.76533222527192,2.31));
#11891=CARTESIAN_POINT('',(2.94336332247462,-1.88618112372158,2.31));
#11892=CARTESIAN_POINT('',(3.01086014527168,-1.88618112372158,2.31));
#11893=CARTESIAN_POINT('',(3.32622293928819,-1.88618112372158,2.31));
#11894=CARTESIAN_POINT('',(2.94336332247462,-1.63869277349685,2.31));
#11895=CARTESIAN_POINT('',(2.94336332247462,-1.54557200724147,2.31));
#11896=CARTESIAN_POINT('',(3.06035781531069,-1.64769234987512,2.31));
#11897=CARTESIAN_POINT('Origin',(2.97204947211752,-2.03073681919994,2.31));
#11898=CARTESIAN_POINT('',(3.14585379084503,-1.69269023172994,2.31));
#11899=CARTESIAN_POINT('Origin',(3.04060874495511,-1.78893570126678,2.31));
#11900=CARTESIAN_POINT('',(3.17471635087584,-1.75833425001072,2.31));
#11901=CARTESIAN_POINT('Origin',(3.07915273019188,-1.7611847532118,2.31));
#11902=CARTESIAN_POINT('',(3.15673559365837,-1.83222050740376,2.31));
#11903=CARTESIAN_POINT('Origin',(3.04850814180152,-1.76675156856445,2.31));
#11904=CARTESIAN_POINT('',(3.11444028640976,-1.86641799720813,2.31));
#11905=CARTESIAN_POINT('Origin',(3.07766940859511,-1.77768586352413,2.31));
#11906=CARTESIAN_POINT('Origin',(3.01521798016547,-1.62770338506749,2.31));
#11907=CARTESIAN_POINT('Origin',(3.07915273019188,-1.7611847532118,2.3198993310126));
#11908=CARTESIAN_POINT('',(3.14585379084503,-1.69269023172994,2.3));
#11909=CARTESIAN_POINT('',(3.14585379084503,-1.69269023172994,2.3198993310126));
#11910=CARTESIAN_POINT('',(3.17471635087584,-1.75833425001072,2.3));
#11911=CARTESIAN_POINT('Origin',(3.07915273019188,-1.7611847532118,2.3));
#11912=CARTESIAN_POINT('',(3.17471635087584,-1.75833425001072,2.3198993310126));
#11913=CARTESIAN_POINT('Origin',(3.04060874495511,-1.78893570126678,2.3198993310126));
#11914=CARTESIAN_POINT('',(3.06035781531069,-1.64769234987512,2.3));
#11915=CARTESIAN_POINT('',(3.06035781531069,-1.64769234987512,2.3198993310126));
#11916=CARTESIAN_POINT('Origin',(3.04060874495511,-1.78893570126678,2.3));
#11917=CARTESIAN_POINT('Origin',(2.97204947211752,-2.03073681919994,2.3198993310126));
#11918=CARTESIAN_POINT('',(2.94336332247462,-1.63869277349685,2.3));
#11919=CARTESIAN_POINT('',(2.94336332247462,-1.63869277349685,2.3198993310126));
#11920=CARTESIAN_POINT('Origin',(2.97204947211752,-2.03073681919994,2.3));
#11921=CARTESIAN_POINT('Origin',(2.94336332247462,-1.88618112372158,2.3198993310126));
#11922=CARTESIAN_POINT('',(2.94336332247462,-1.88618112372158,2.3));
#11923=CARTESIAN_POINT('',(2.94336332247462,-1.88618112372158,2.3198993310126));
#11924=CARTESIAN_POINT('',(2.94336332247463,-0.934826849415802,2.3));
#11925=CARTESIAN_POINT('Origin',(2.68667339667467,-1.63438652274622,2.3198993310126));
#11926=CARTESIAN_POINT('',(2.69491184030241,-1.88697191574987,2.3));
#11927=CARTESIAN_POINT('',(2.69491184030241,-1.88697191574987,2.3198993310126));
#11928=CARTESIAN_POINT('',(2.5660011907926,-1.85643487658862,2.3));
#11929=CARTESIAN_POINT('Origin',(2.68667339667467,-1.63438652274622,2.3));
#11930=CARTESIAN_POINT('',(2.5660011907926,-1.85643487658862,2.3198993310126));
#11931=CARTESIAN_POINT('Origin',(2.6958749722494,-1.88704596902313,2.3198993310126));
#11932=CARTESIAN_POINT('',(2.6958749722494,-1.88704596902313,2.3));
#11933=CARTESIAN_POINT('',(2.6958749722494,-1.88704596902313,2.3198993310126));
#11934=CARTESIAN_POINT('',(2.82975809936822,-1.89733997210386,2.3));
#11935=CARTESIAN_POINT('Origin',(2.6958749722494,-2.03917392204259,2.3198993310126));
#11936=CARTESIAN_POINT('',(2.6958749722494,-2.03917392204259,2.3));
#11937=CARTESIAN_POINT('',(2.6958749722494,-2.03917392204259,2.3198993310126));
#11938=CARTESIAN_POINT('',(2.6958749722494,-0.935341344714324,2.3));
#11939=CARTESIAN_POINT('Origin',(2.65631998994778,-2.03917392204259,2.3198993310126));
#11940=CARTESIAN_POINT('',(2.65631998994778,-2.03917392204259,2.3));
#11941=CARTESIAN_POINT('',(2.65631998994778,-2.03917392204259,2.3198993310126));
#11942=CARTESIAN_POINT('',(2.90421495303543,-2.03917392204259,2.3));
#11943=CARTESIAN_POINT('Origin',(2.66857146258629,-1.71039494116436,2.3198993310126));
#11944=CARTESIAN_POINT('',(2.45738619840343,-1.96267752287665,2.3));
#11945=CARTESIAN_POINT('',(2.45738619840343,-1.96267752287665,2.3198993310126));
#11946=CARTESIAN_POINT('Origin',(2.66857146258629,-1.71039494116436,2.3));
#11947=CARTESIAN_POINT('Origin',(2.43798534630289,-1.94394079783125,2.3198993310126));
#11948=CARTESIAN_POINT('',(2.43798534630289,-1.94394079783125,2.3));
#11949=CARTESIAN_POINT('',(2.43798534630289,-1.94394079783125,2.3198993310126));
#11950=CARTESIAN_POINT('',(2.13237996669279,-1.64879685555753,2.3));
#11951=CARTESIAN_POINT('Origin',(2.63758953399303,-1.77641513365862,2.3198993310126));
#11952=CARTESIAN_POINT('',(2.40338874018515,-1.89068091190578,2.3));
#11953=CARTESIAN_POINT('',(2.40338874018515,-1.89068091190578,2.3198993310126));
#11954=CARTESIAN_POINT('Origin',(2.63758953399303,-1.77641513365862,2.3));
#11955=CARTESIAN_POINT('Origin',(2.66188972990466,-1.77451532741144,2.3198993310126));
#11956=CARTESIAN_POINT('',(2.38088979924787,-1.73768811359464,2.3));
#11957=CARTESIAN_POINT('',(2.38088979924787,-1.73768811359464,2.3198993310126));
#11958=CARTESIAN_POINT('Origin',(2.66188972990466,-1.77451532741144,2.3));
#11959=CARTESIAN_POINT('Origin',(2.69092150752565,-1.77548571807036,2.3198993310126));
#11960=CARTESIAN_POINT('',(2.41037549539871,-1.63821862762233,2.3));
#11961=CARTESIAN_POINT('',(2.41037549539871,-1.63821862762233,2.3198993310126));
#11962=CARTESIAN_POINT('Origin',(2.69092150752565,-1.77548571807036,2.3));
#11963=CARTESIAN_POINT('Origin',(2.62405687617613,-1.75844521061801,2.3198993310126));
#11964=CARTESIAN_POINT('',(2.46933275953091,-1.5682489659659,2.3));
#11965=CARTESIAN_POINT('',(2.46933275953091,-1.5682489659659,2.3198993310126));
#11966=CARTESIAN_POINT('Origin',(2.62405687617613,-1.75844521061801,2.3));
#11967=CARTESIAN_POINT('Origin',(2.86314166160616,-2.13122027825785,2.3198993310126));
#11968=CARTESIAN_POINT('',(2.52938280937974,-1.53069785704942,2.3));
#11969=CARTESIAN_POINT('',(2.52938280937974,-1.53069785704942,2.3198993310126));
#11970=CARTESIAN_POINT('Origin',(2.86314166160616,-2.13122027825785,2.3));
#11971=CARTESIAN_POINT('Origin',(2.81257128638655,-2.3027368168164,2.3198993310126));
#11972=CARTESIAN_POINT('',(2.84886777057634,-1.48120018699065,2.3));
#11973=CARTESIAN_POINT('',(2.84886777057634,-1.48120018699065,2.3198993310126));
#11974=CARTESIAN_POINT('Origin',(2.81257128638655,-2.3027368168164,2.3));
#11975=CARTESIAN_POINT('Origin',(2.84211808837068,-2.65194514769373,2.3198993310126));
#11976=CARTESIAN_POINT('',(2.98715940381999,-1.49019976334916,2.3));
#11977=CARTESIAN_POINT('',(2.98715940381999,-1.49019976334916,2.3198993310126));
#11978=CARTESIAN_POINT('Origin',(2.84211808837068,-2.65194514769373,2.3));
#11979=CARTESIAN_POINT('Origin',(3.01086014527168,-1.88618112372158,2.3198993310126));
#11980=CARTESIAN_POINT('',(3.01086014527168,-1.88618112372158,2.3));
#11981=CARTESIAN_POINT('',(3.01086014527168,-1.88618112372158,2.3198993310126));
#11982=CARTESIAN_POINT('',(3.06170753954657,-1.88618112372158,2.3));
#11983=CARTESIAN_POINT('Origin',(3.01521798016547,-1.62770338506749,2.3198993310126));
#11984=CARTESIAN_POINT('',(3.11444028640976,-1.86641799720813,2.3));
#11985=CARTESIAN_POINT('',(3.11444028640976,-1.86641799720813,2.3198993310126));
#11986=CARTESIAN_POINT('Origin',(3.01521798016547,-1.62770338506749,2.3));
#11987=CARTESIAN_POINT('Origin',(3.07766940859511,-1.77768586352413,2.3198993310126));
#11988=CARTESIAN_POINT('',(3.15673559365837,-1.83222050740376,2.3));
#11989=CARTESIAN_POINT('',(3.15673559365837,-1.83222050740376,2.3198993310126));
#11990=CARTESIAN_POINT('Origin',(3.07766940859511,-1.77768586352413,2.3));
#11991=CARTESIAN_POINT('Origin',(3.04850814180152,-1.76675156856445,2.3198993310126));
#11992=CARTESIAN_POINT('Origin',(3.04850814180152,-1.76675156856445,2.3));
#11993=CARTESIAN_POINT('Origin',(2.92877677499917,-2.06248299658317,2.3198993310126));
#11994=CARTESIAN_POINT('',(3.19324067150759,-1.55162540602293,2.3));
#11995=CARTESIAN_POINT('',(3.19324067150759,-1.55162540602293,2.3198993310126));
#11996=CARTESIAN_POINT('Origin',(2.92877677499917,-2.06248299658317,2.3));
#11997=CARTESIAN_POINT('Origin',(3.06198508507813,-1.76533222527192,2.3198993310126));
#11998=CARTESIAN_POINT('',(3.30334637735123,-1.69719001991415,2.3));
#11999=CARTESIAN_POINT('',(3.30334637735123,-1.69719001991415,2.3198993310126));
#12000=CARTESIAN_POINT('Origin',(3.06198508507813,-1.76533222527192,2.3));
#12001=CARTESIAN_POINT('Origin',(3.00451240466209,-1.76440062459023,2.3198993310126));
#12002=CARTESIAN_POINT('',(3.29720366242798,-1.85468260641047,2.3));
#12003=CARTESIAN_POINT('',(3.29720366242798,-1.85468260641047,2.3198993310126));
#12004=CARTESIAN_POINT('Origin',(3.00451240466209,-1.76440062459023,2.3));
#12005=CARTESIAN_POINT('Origin',(3.05683813371397,-1.78218671499943,2.3198993310126));
#12006=CARTESIAN_POINT('',(3.23134976637986,-1.96267752287665,2.3));
#12007=CARTESIAN_POINT('',(3.23134976637986,-1.96267752287665,2.3198993310126));
#12008=CARTESIAN_POINT('Origin',(3.05683813371397,-1.78218671499943,2.3));
#12009=CARTESIAN_POINT('Origin',(3.03273677508007,-1.7179177676206,2.3198993310126));
#12010=CARTESIAN_POINT('',(3.1008559089907,-2.02567455747913,2.3));
#12011=CARTESIAN_POINT('',(3.1008559089907,-2.02567455747913,2.3198993310126));
#12012=CARTESIAN_POINT('Origin',(3.03273677508007,-1.7179177676206,2.3));
#12013=CARTESIAN_POINT('Origin',(2.88540176515962,-1.00690108461357,2.3198993310126));
#12014=CARTESIAN_POINT('',(2.8938656524361,-2.04817349840209,2.3));
#12015=CARTESIAN_POINT('',(2.8938656524361,-2.04817349840209,2.3198993310126));
#12016=CARTESIAN_POINT('Origin',(2.88540176515962,-1.00690108461357,2.3));
#12017=CARTESIAN_POINT('Origin',(2.8128694650904,-2.04817349840209,2.3198993310126));
#12018=CARTESIAN_POINT('',(2.8128694650904,-2.04817349840209,2.3));
#12019=CARTESIAN_POINT('',(2.8128694650904,-2.04817349840209,2.3198993310126));
#12020=CARTESIAN_POINT('',(3.00321029312878,-2.04817349840209,2.3));
#12021=CARTESIAN_POINT('Origin',(2.8128694650904,-1.63869277349685,2.3198993310126));
#12022=CARTESIAN_POINT('',(2.8128694650904,-1.63869277349685,2.3));
#12023=CARTESIAN_POINT('',(2.8128694650904,-1.63869277349685,2.3198993310126));
#12024=CARTESIAN_POINT('',(2.8128694650904,-1.01582303675606,2.3));
#12025=CARTESIAN_POINT('Origin',(2.8154881224152,-3.88426926743055,2.3198993310126));
#12026=CARTESIAN_POINT('',(2.67337603132742,-1.64319256168104,2.3));
#12027=CARTESIAN_POINT('',(2.67337603132742,-1.64319256168104,2.3198993310126));
#12028=CARTESIAN_POINT('Origin',(2.8154881224152,-3.88426926743055,2.3));
#12029=CARTESIAN_POINT('Origin',(2.70837618219238,-1.93643954819051,2.3198993310126));
#12030=CARTESIAN_POINT('',(2.58583899413012,-1.6677325642813,2.3));
#12031=CARTESIAN_POINT('',(2.58583899413012,-1.6677325642813,2.3198993310126));
#12032=CARTESIAN_POINT('Origin',(2.70837618219238,-1.93643954819051,2.3));
#12033=CARTESIAN_POINT('Origin',(2.63386862973672,-1.77221838464815,2.3198993310126));
#12034=CARTESIAN_POINT('',(2.52938280937974,-1.72418874902131,2.3));
#12035=CARTESIAN_POINT('',(2.52938280937974,-1.72418874902131,2.3198993310126));
#12036=CARTESIAN_POINT('Origin',(2.63386862973672,-1.77221838464815,2.3));
#12037=CARTESIAN_POINT('Origin',(2.62449196877722,-1.76816395174092,2.3198993310126));
#12038=CARTESIAN_POINT('',(2.54579418198365,-1.8373465290956,2.3));
#12039=CARTESIAN_POINT('',(2.54579418198365,-1.8373465290956,2.3198993310126));
#12040=CARTESIAN_POINT('Origin',(2.62449196877722,-1.76816395174092,2.3));
#12041=CARTESIAN_POINT('Origin',(2.60355832360611,-1.7964369421526,2.3198993310126));
#12042=CARTESIAN_POINT('Origin',(2.60355832360611,-1.7964369421526,2.3));
#12043=CARTESIAN_POINT('Origin',(3.11255493382146,0.0165274248909712,2.3));
#12044=CARTESIAN_POINT('Origin',(3.11255493382146,0.0165274248909712,2.3));
#12045=CARTESIAN_POINT('',(2.37954891542397,-2.47693286870609,2.3));
#12046=CARTESIAN_POINT('',(2.43057984042341,-2.64119315257956,2.3));
#12047=CARTESIAN_POINT('Origin',(2.67702360639002,-2.47457313479445,2.3));
#12048=CARTESIAN_POINT('',(2.43057984042341,-2.31267258482372,2.3));
#12049=CARTESIAN_POINT('Origin',(2.67702360642559,-2.47929260260785,2.3));
#12050=CARTESIAN_POINT('',(2.43488725747601,-2.30691862065155,2.3));
#12051=CARTESIAN_POINT('',(3.11175662737868,-1.40273821424493,2.3));
#12052=CARTESIAN_POINT('',(2.53836648968278,-2.22980744890697,2.3));
#12053=CARTESIAN_POINT('Origin',(2.68435776968423,-2.5337077423031,2.3));
#12054=CARTESIAN_POINT('',(2.65644346764243,-2.19264642014589,2.3));
#12055=CARTESIAN_POINT('Origin',(2.81722344738633,-2.9096871588907,2.3));
#12056=CARTESIAN_POINT('',(2.83429143095092,-2.17500720983005,2.3));
#12057=CARTESIAN_POINT('Origin',(2.82978445565048,-3.03496427390204,2.3));
#12058=CARTESIAN_POINT('',(2.95648476895632,-2.18080854965653,2.3));
#12059=CARTESIAN_POINT('Origin',(2.85202364690462,-3.09129124097471,2.3));
#12060=CARTESIAN_POINT('',(3.06391831028108,-2.1987251658226,2.3));
#12061=CARTESIAN_POINT('Origin',(2.81498674509206,-3.36033480981976,2.3));
#12062=CARTESIAN_POINT('',(3.1657434158793,-2.23811713993684,2.3));
#12063=CARTESIAN_POINT('Origin',(2.91847788766154,-2.72597790539295,2.3));
#12064=CARTESIAN_POINT('',(3.24477657065385,-2.29784648401937,2.3));
#12065=CARTESIAN_POINT('Origin',(3.03538928030155,-2.49275271067782,2.3));
#12066=CARTESIAN_POINT('',(3.28402197302329,-2.35477448793074,2.3));
#12067=CARTESIAN_POINT('Origin',(3.09518138746329,-2.442967025884,2.3));
#12068=CARTESIAN_POINT('',(3.30955300715753,-2.47693286870609,2.3));
#12069=CARTESIAN_POINT('Origin',(2.97626552849148,-2.48284259132941,2.3));
#12070=CARTESIAN_POINT('',(3.28402197302329,-2.59909124946267,2.3));
#12071=CARTESIAN_POINT('Origin',(2.97626552854681,-2.47102314607288,2.3));
#12072=CARTESIAN_POINT('',(3.24477657065385,-2.65601925339379,2.3));
#12073=CARTESIAN_POINT('Origin',(3.09518138740204,-2.51089871151927,2.3));
#12074=CARTESIAN_POINT('',(3.1657434158793,-2.71574859747632,2.3));
#12075=CARTESIAN_POINT('Origin',(3.03538928033217,-2.46111302673434,2.3));
#12076=CARTESIAN_POINT('',(3.06391831028108,-2.75514057157969,2.3));
#12077=CARTESIAN_POINT('Origin',(2.91847788771242,-2.22788783200935,2.3));
#12078=CARTESIAN_POINT('',(2.95648476895632,-2.77305718774674,2.3));
#12079=CARTESIAN_POINT('Origin',(2.81498674509206,-1.59353092757265,2.3));
#12080=CARTESIAN_POINT('',(2.83429143095092,-2.77885852757322,2.3));
#12081=CARTESIAN_POINT('Origin',(2.85202364690462,-1.8625744964177,2.3));
#12082=CARTESIAN_POINT('',(2.65644346764243,-2.76121931726627,2.3));
#12083=CARTESIAN_POINT('Origin',(2.82978445554922,-1.91890146350025,2.3));
#12084=CARTESIAN_POINT('',(2.53836648968278,-2.72405828849631,2.3));
#12085=CARTESIAN_POINT('Origin',(2.81722344745252,-2.04417857852146,2.3));
#12086=CARTESIAN_POINT('',(2.43488725747602,-2.64694711672998,2.3));
#12087=CARTESIAN_POINT('Origin',(2.68435776973561,-2.42015799509918,2.3));
#12088=CARTESIAN_POINT('',(1.91767733971157,-1.9560441248403,2.3));
#12089=CARTESIAN_POINT('',(3.16163767704754,-2.45097868811082,2.3));
#12090=CARTESIAN_POINT('',(3.16401168577973,-2.47693286870609,2.3));
#12091=CARTESIAN_POINT('Origin',(3.08486731644986,-2.47108647801981,2.3));
#12092=CARTESIAN_POINT('',(3.13336034834829,-2.40406685718757,2.3));
#12093=CARTESIAN_POINT('Origin',(3.07990938061731,-2.46826418488869,2.3));
#12094=CARTESIAN_POINT('',(3.11659504958784,-2.39106346455623,2.3));
#12095=CARTESIAN_POINT('',(2.53235809165015,-1.93792137279947,2.3));
#12096=CARTESIAN_POINT('',(3.0570832948177,-2.36214134659265,2.3));
#12097=CARTESIAN_POINT('Origin',(2.98189764040159,-2.59253592440872,2.3));
#12098=CARTESIAN_POINT('',(2.95686268703315,-2.34291692615775,2.3));
#12099=CARTESIAN_POINT('Origin',(2.86823971549201,-3.07577243175366,2.3));
#12100=CARTESIAN_POINT('',(2.79937010053237,-2.33841713796366,2.3));
#12101=CARTESIAN_POINT('Origin',(2.84886777050027,-3.36436884432926,2.3));
#12102=CARTESIAN_POINT('',(2.70037476044397,-2.34741671433205,2.3));
#12103=CARTESIAN_POINT('Origin',(2.83461844134416,-3.27512304530414,2.3));
#12104=CARTESIAN_POINT('',(2.59211724476009,-2.37902559919809,2.3));
#12105=CARTESIAN_POINT('Origin',(2.78418331541194,-2.83564373252597,2.3));
#12106=CARTESIAN_POINT('',(2.54738196212246,-2.41941332530392,2.3));
#12107=CARTESIAN_POINT('Origin',(2.67638659437402,-2.51733544423058,2.3));
#12108=CARTESIAN_POINT('',(2.52929014445504,-2.47693286870609,2.3));
#12109=CARTESIAN_POINT('Origin',(2.66165544452557,-2.48696116466466,2.3));
#12110=CARTESIAN_POINT('',(2.54738196212246,-2.53445241209836,2.3));
#12111=CARTESIAN_POINT('Origin',(2.66165544450532,-2.46690457274849,2.3));
#12112=CARTESIAN_POINT('',(2.59211724476009,-2.57484013820419,2.3));
#12113=CARTESIAN_POINT('Origin',(2.67638659437402,-2.4365302931816,2.3));
#12114=CARTESIAN_POINT('',(2.70037476044397,-2.60644902307023,2.3));
#12115=CARTESIAN_POINT('Origin',(2.78418331541194,-2.11822200487632,2.3));
#12116=CARTESIAN_POINT('',(2.79937010053237,-2.61544859944949,2.3));
#12117=CARTESIAN_POINT('Origin',(2.83461844134416,-1.67874269209814,2.3));
#12118=CARTESIAN_POINT('',(2.95686268703315,-2.61094881125444,2.3));
#12119=CARTESIAN_POINT('Origin',(2.84886777056597,-1.58949689308291,2.3));
#12120=CARTESIAN_POINT('',(3.0570832948177,-2.59172439083039,2.3));
#12121=CARTESIAN_POINT('Origin',(2.86823971549201,-1.8780933056585,2.3));
#12122=CARTESIAN_POINT('',(3.11659504958784,-2.5628022728263,2.3));
#12123=CARTESIAN_POINT('Origin',(2.98189764028453,-2.36132981299356,2.3));
#12124=CARTESIAN_POINT('',(3.13336034834829,-2.54979888021471,2.3));
#12125=CARTESIAN_POINT('',(3.74827701935751,-2.07286118816113,2.3));
#12126=CARTESIAN_POINT('',(3.16163767704754,-2.5028870492816,2.3));
#12127=CARTESIAN_POINT('Origin',(3.07990938061731,-2.48560155250371,2.3));
#12128=CARTESIAN_POINT('Origin',(3.08486731651556,-2.48277925939236,2.3));
#12129=CARTESIAN_POINT('Origin',(3.08486731651556,-2.48277925939236,2.3198993310126));
#12130=CARTESIAN_POINT('',(3.16163767704754,-2.5028870492816,2.31));
#12131=CARTESIAN_POINT('',(3.16401168577973,-2.47693286870609,2.31));
#12132=CARTESIAN_POINT('Origin',(3.08486731651556,-2.48277925939236,2.31));
#12133=CARTESIAN_POINT('',(3.16401168577973,-2.47693286870609,2.3198993310126));
#12134=CARTESIAN_POINT('',(3.16163767704754,-2.5028870492816,2.3198993310126));
#12135=CARTESIAN_POINT('Origin',(3.07990938061731,-2.48560155250371,2.3198993310126));
#12136=CARTESIAN_POINT('',(3.13336034834829,-2.54979888021471,2.31));
#12137=CARTESIAN_POINT('Origin',(3.07990938061731,-2.48560155250371,2.31));
#12138=CARTESIAN_POINT('',(3.13336034834829,-2.54979888021471,2.3198993310126));
#12139=CARTESIAN_POINT('Origin',(3.13336034834829,-2.54979888021471,2.3198993310126));
#12140=CARTESIAN_POINT('',(3.11659504958784,-2.5628022728263,2.31));
#12141=CARTESIAN_POINT('',(3.6176639456947,-2.17416645575575,2.31));
#12142=CARTESIAN_POINT('',(3.11659504958784,-2.5628022728263,2.3198993310126));
#12143=CARTESIAN_POINT('Origin',(2.98189764028453,-2.36132981299356,2.3198993310126));
#12144=CARTESIAN_POINT('',(3.0570832948177,-2.59172439083039,2.31));
#12145=CARTESIAN_POINT('Origin',(2.98189764028453,-2.36132981299356,2.31));
#12146=CARTESIAN_POINT('',(3.0570832948177,-2.59172439083039,2.3198993310126));
#12147=CARTESIAN_POINT('Origin',(2.86823971549201,-1.8780933056585,2.3198993310126));
#12148=CARTESIAN_POINT('',(2.95686268703315,-2.61094881125444,2.31));
#12149=CARTESIAN_POINT('Origin',(2.86823971549201,-1.8780933056585,2.31));
#12150=CARTESIAN_POINT('',(2.95686268703315,-2.61094881125444,2.3198993310126));
#12151=CARTESIAN_POINT('Origin',(2.84886777056597,-1.58949689308291,2.3198993310126));
#12152=CARTESIAN_POINT('',(2.79937010053237,-2.61544859944949,2.31));
#12153=CARTESIAN_POINT('Origin',(2.84886777056597,-1.58949689308291,2.31));
#12154=CARTESIAN_POINT('',(2.79937010053237,-2.61544859944949,2.3198993310126));
#12155=CARTESIAN_POINT('Origin',(2.83461844134416,-1.67874269209814,2.3198993310126));
#12156=CARTESIAN_POINT('',(2.70037476044397,-2.60644902307023,2.31));
#12157=CARTESIAN_POINT('Origin',(2.83461844134416,-1.67874269209814,2.31));
#12158=CARTESIAN_POINT('',(2.70037476044397,-2.60644902307023,2.3198993310126));
#12159=CARTESIAN_POINT('Origin',(2.78418331541194,-2.11822200487632,2.3198993310126));
#12160=CARTESIAN_POINT('',(2.59211724476009,-2.57484013820419,2.31));
#12161=CARTESIAN_POINT('Origin',(2.78418331541194,-2.11822200487632,2.31));
#12162=CARTESIAN_POINT('',(2.59211724476009,-2.57484013820419,2.3198993310126));
#12163=CARTESIAN_POINT('Origin',(2.67638659437402,-2.4365302931816,2.3198993310126));
#12164=CARTESIAN_POINT('',(2.54738196212246,-2.53445241209836,2.31));
#12165=CARTESIAN_POINT('Origin',(2.67638659437402,-2.4365302931816,2.31));
#12166=CARTESIAN_POINT('',(2.54738196212246,-2.53445241209836,2.3198993310126));
#12167=CARTESIAN_POINT('Origin',(2.66165544450532,-2.46690457274849,2.3198993310126));
#12168=CARTESIAN_POINT('',(2.52929014445504,-2.47693286870609,2.31));
#12169=CARTESIAN_POINT('Origin',(2.66165544450532,-2.46690457274849,2.31));
#12170=CARTESIAN_POINT('',(2.52929014445504,-2.47693286870609,2.3198993310126));
#12171=CARTESIAN_POINT('Origin',(2.43057984042341,-2.64119315257956,2.3198993310126));
#12172=CARTESIAN_POINT('',(2.43488725747602,-2.64694711672998,2.31));
#12173=CARTESIAN_POINT('',(2.43057984042341,-2.64119315257956,2.31));
#12174=CARTESIAN_POINT('',(2.30352540953265,-2.47147040864096,2.31));
#12175=CARTESIAN_POINT('',(2.43057984042341,-2.64119315257956,2.3198993310126));
#12176=CARTESIAN_POINT('',(2.43488725747602,-2.64694711672998,2.3198993310126));
#12177=CARTESIAN_POINT('Origin',(2.68435776973561,-2.42015799509918,2.3198993310126));
#12178=CARTESIAN_POINT('',(2.53836648968278,-2.72405828849631,2.31));
#12179=CARTESIAN_POINT('Origin',(2.68435776973561,-2.42015799509918,2.31));
#12180=CARTESIAN_POINT('',(2.53836648968278,-2.72405828849631,2.3198993310126));
#12181=CARTESIAN_POINT('Origin',(2.81722344745252,-2.04417857852146,2.3198993310126));
#12182=CARTESIAN_POINT('',(2.65644346764243,-2.76121931726627,2.31));
#12183=CARTESIAN_POINT('Origin',(2.81722344745252,-2.04417857852146,2.31));
#12184=CARTESIAN_POINT('',(2.65644346764243,-2.76121931726627,2.3198993310126));
#12185=CARTESIAN_POINT('Origin',(2.82978445554922,-1.91890146350025,2.3198993310126));
#12186=CARTESIAN_POINT('',(2.83429143095092,-2.77885852757322,2.31));
#12187=CARTESIAN_POINT('Origin',(2.82978445554922,-1.91890146350025,2.31));
#12188=CARTESIAN_POINT('',(2.83429143095092,-2.77885852757322,2.3198993310126));
#12189=CARTESIAN_POINT('Origin',(2.85202364690462,-1.8625744964177,2.3198993310126));
#12190=CARTESIAN_POINT('',(2.95648476895632,-2.77305718774674,2.31));
#12191=CARTESIAN_POINT('Origin',(2.85202364690462,-1.8625744964177,2.31));
#12192=CARTESIAN_POINT('',(2.95648476895632,-2.77305718774674,2.3198993310126));
#12193=CARTESIAN_POINT('Origin',(2.81498674509206,-1.59353092757265,2.3198993310126));
#12194=CARTESIAN_POINT('',(3.06391831028108,-2.75514057157969,2.31));
#12195=CARTESIAN_POINT('Origin',(2.81498674509206,-1.59353092757265,2.31));
#12196=CARTESIAN_POINT('',(3.06391831028108,-2.75514057157969,2.3198993310126));
#12197=CARTESIAN_POINT('Origin',(2.91847788771242,-2.22788783200935,2.3198993310126));
#12198=CARTESIAN_POINT('',(3.1657434158793,-2.71574859747632,2.31));
#12199=CARTESIAN_POINT('Origin',(2.91847788771242,-2.22788783200935,2.31));
#12200=CARTESIAN_POINT('',(3.1657434158793,-2.71574859747632,2.3198993310126));
#12201=CARTESIAN_POINT('Origin',(3.03538928033217,-2.46111302673434,2.3198993310126));
#12202=CARTESIAN_POINT('',(3.24477657065385,-2.65601925339379,2.31));
#12203=CARTESIAN_POINT('Origin',(3.03538928033217,-2.46111302673434,2.31));
#12204=CARTESIAN_POINT('',(3.24477657065385,-2.65601925339379,2.3198993310126));
#12205=CARTESIAN_POINT('Origin',(3.09518138740204,-2.51089871151927,2.3198993310126));
#12206=CARTESIAN_POINT('',(3.28402197302329,-2.59909124946267,2.31));
#12207=CARTESIAN_POINT('Origin',(3.09518138740204,-2.51089871151927,2.31));
#12208=CARTESIAN_POINT('',(3.28402197302329,-2.59909124946267,2.3198993310126));
#12209=CARTESIAN_POINT('Origin',(2.97626552854681,-2.47102314607288,2.3198993310126));
#12210=CARTESIAN_POINT('',(3.30955300715753,-2.47693286870609,2.31));
#12211=CARTESIAN_POINT('Origin',(2.97626552854681,-2.47102314607288,2.31));
#12212=CARTESIAN_POINT('',(3.30955300715753,-2.47693286870609,2.3198993310126));
#12213=CARTESIAN_POINT('Origin',(2.97626552849148,-2.48284259132941,2.3198993310126));
#12214=CARTESIAN_POINT('',(3.28402197302329,-2.35477448793074,2.31));
#12215=CARTESIAN_POINT('Origin',(2.97626552849148,-2.48284259132941,2.31));
#12216=CARTESIAN_POINT('',(3.28402197302329,-2.35477448793074,2.3198993310126));
#12217=CARTESIAN_POINT('Origin',(2.66165544452557,-2.48696116466466,2.3198993310126));
#12218=CARTESIAN_POINT('',(2.54738196212246,-2.41941332530392,2.31));
#12219=CARTESIAN_POINT('Origin',(2.66165544452557,-2.48696116466466,2.31));
#12220=CARTESIAN_POINT('',(2.54738196212246,-2.41941332530392,2.3198993310126));
#12221=CARTESIAN_POINT('Origin',(2.67638659437402,-2.51733544423058,2.3198993310126));
#12222=CARTESIAN_POINT('',(2.59211724476009,-2.37902559919809,2.31));
#12223=CARTESIAN_POINT('Origin',(2.67638659437402,-2.51733544423058,2.31));
#12224=CARTESIAN_POINT('',(2.59211724476009,-2.37902559919809,2.3198993310126));
#12225=CARTESIAN_POINT('Origin',(2.78418331541194,-2.83564373252597,2.3198993310126));
#12226=CARTESIAN_POINT('',(2.70037476044397,-2.34741671433205,2.31));
#12227=CARTESIAN_POINT('Origin',(2.78418331541194,-2.83564373252597,2.31));
#12228=CARTESIAN_POINT('',(2.70037476044397,-2.34741671433205,2.3198993310126));
#12229=CARTESIAN_POINT('Origin',(2.83461844134416,-3.27512304530414,2.3198993310126));
#12230=CARTESIAN_POINT('',(2.79937010053237,-2.33841713796366,2.31));
#12231=CARTESIAN_POINT('Origin',(2.83461844134416,-3.27512304530414,2.31));
#12232=CARTESIAN_POINT('',(2.79937010053237,-2.33841713796366,2.3198993310126));
#12233=CARTESIAN_POINT('Origin',(2.84886777050027,-3.36436884432926,2.3198993310126));
#12234=CARTESIAN_POINT('',(2.95686268703315,-2.34291692615775,2.31));
#12235=CARTESIAN_POINT('Origin',(2.84886777050027,-3.36436884432926,2.31));
#12236=CARTESIAN_POINT('',(2.95686268703315,-2.34291692615775,2.3198993310126));
#12237=CARTESIAN_POINT('Origin',(2.86823971549201,-3.07577243175366,2.3198993310126));
#12238=CARTESIAN_POINT('',(3.0570832948177,-2.36214134659265,2.31));
#12239=CARTESIAN_POINT('Origin',(2.86823971549201,-3.07577243175366,2.31));
#12240=CARTESIAN_POINT('',(3.0570832948177,-2.36214134659265,2.3198993310126));
#12241=CARTESIAN_POINT('Origin',(2.98189764040159,-2.59253592440872,2.3198993310126));
#12242=CARTESIAN_POINT('',(3.11659504958784,-2.39106346455623,2.31));
#12243=CARTESIAN_POINT('Origin',(2.98189764040159,-2.59253592440872,2.31));
#12244=CARTESIAN_POINT('',(3.11659504958784,-2.39106346455623,2.3198993310126));
#12245=CARTESIAN_POINT('Origin',(3.11659504958784,-2.39106346455623,2.3198993310126));
#12246=CARTESIAN_POINT('',(3.13336034834829,-2.40406685718757,2.31));
#12247=CARTESIAN_POINT('',(2.9932899779474,-2.29542638215618,2.31));
#12248=CARTESIAN_POINT('',(3.13336034834829,-2.40406685718757,2.3198993310126));
#12249=CARTESIAN_POINT('Origin',(3.07990938061731,-2.46826418488869,2.3198993310126));
#12250=CARTESIAN_POINT('',(3.16163767704754,-2.45097868811082,2.31));
#12251=CARTESIAN_POINT('Origin',(3.07990938061731,-2.46826418488869,2.31));
#12252=CARTESIAN_POINT('',(3.16163767704754,-2.45097868811082,2.3198993310126));
#12253=CARTESIAN_POINT('Origin',(3.08486731644986,-2.47108647801981,2.3198993310126));
#12254=CARTESIAN_POINT('Origin',(3.08486731644986,-2.47108647801981,2.31));
#12255=CARTESIAN_POINT('Origin',(3.09518138746329,-2.442967025884,2.3198993310126));
#12256=CARTESIAN_POINT('',(3.24477657065385,-2.29784648401937,2.31));
#12257=CARTESIAN_POINT('Origin',(3.09518138746329,-2.442967025884,2.31));
#12258=CARTESIAN_POINT('',(3.24477657065385,-2.29784648401937,2.3198993310126));
#12259=CARTESIAN_POINT('Origin',(3.03538928030155,-2.49275271067782,2.3198993310126));
#12260=CARTESIAN_POINT('',(3.1657434158793,-2.23811713993684,2.31));
#12261=CARTESIAN_POINT('Origin',(3.03538928030155,-2.49275271067782,2.31));
#12262=CARTESIAN_POINT('',(3.1657434158793,-2.23811713993684,2.3198993310126));
#12263=CARTESIAN_POINT('Origin',(2.91847788766154,-2.72597790539295,2.3198993310126));
#12264=CARTESIAN_POINT('',(3.06391831028108,-2.1987251658226,2.31));
#12265=CARTESIAN_POINT('Origin',(2.91847788766154,-2.72597790539295,2.31));
#12266=CARTESIAN_POINT('',(3.06391831028108,-2.1987251658226,2.3198993310126));
#12267=CARTESIAN_POINT('Origin',(2.81498674509206,-3.36033480981976,2.3198993310126));
#12268=CARTESIAN_POINT('',(2.95648476895632,-2.18080854965653,2.31));
#12269=CARTESIAN_POINT('Origin',(2.81498674509206,-3.36033480981976,2.31));
#12270=CARTESIAN_POINT('',(2.95648476895632,-2.18080854965653,2.3198993310126));
#12271=CARTESIAN_POINT('Origin',(2.85202364690462,-3.09129124097471,2.3198993310126));
#12272=CARTESIAN_POINT('',(2.83429143095092,-2.17500720983005,2.31));
#12273=CARTESIAN_POINT('Origin',(2.85202364690462,-3.09129124097471,2.31));
#12274=CARTESIAN_POINT('',(2.83429143095092,-2.17500720983005,2.3198993310126));
#12275=CARTESIAN_POINT('Origin',(2.82978445565048,-3.03496427390204,2.3198993310126));
#12276=CARTESIAN_POINT('',(2.65644346764243,-2.19264642014589,2.31));
#12277=CARTESIAN_POINT('Origin',(2.82978445565048,-3.03496427390204,2.31));
#12278=CARTESIAN_POINT('',(2.65644346764243,-2.19264642014589,2.3198993310126));
#12279=CARTESIAN_POINT('Origin',(2.81722344738633,-2.9096871588907,2.3198993310126));
#12280=CARTESIAN_POINT('',(2.53836648968278,-2.22980744890697,2.31));
#12281=CARTESIAN_POINT('Origin',(2.81722344738633,-2.9096871588907,2.31));
#12282=CARTESIAN_POINT('',(2.53836648968278,-2.22980744890697,2.3198993310126));
#12283=CARTESIAN_POINT('Origin',(2.68435776968423,-2.5337077423031,2.3198993310126));
#12284=CARTESIAN_POINT('',(2.43488725747601,-2.30691862065155,2.31));
#12285=CARTESIAN_POINT('Origin',(2.68435776968423,-2.5337077423031,2.31));
#12286=CARTESIAN_POINT('',(2.43488725747601,-2.30691862065155,2.3198993310126));
#12287=CARTESIAN_POINT('Origin',(2.43488725747601,-2.30691862065155,2.3198993310126));
#12288=CARTESIAN_POINT('',(2.43057984042341,-2.31267258482372,2.31));
#12289=CARTESIAN_POINT('',(2.91590437843517,-1.66436294409357,2.31));
#12290=CARTESIAN_POINT('',(2.43057984042341,-2.31267258482372,2.3198993310126));
#12291=CARTESIAN_POINT('Origin',(2.67702360642559,-2.47929260260785,2.3198993310126));
#12292=CARTESIAN_POINT('',(2.37954891542397,-2.47693286870609,2.31));
#12293=CARTESIAN_POINT('Origin',(2.67702360642559,-2.47929260260785,2.31));
#12294=CARTESIAN_POINT('',(2.37954891542397,-2.47693286870609,2.3198993310126));
#12295=CARTESIAN_POINT('Origin',(2.67702360639002,-2.47457313479445,2.3198993310126));
#12296=CARTESIAN_POINT('Origin',(2.67702360639002,-2.47457313479445,2.31));
#12297=CARTESIAN_POINT('Origin',(3.6415857333047,-1.20496289076137,2.31));
#12298=CARTESIAN_POINT('Origin',(3.07112431101956,2.81703773115553,2.31));
#12299=CARTESIAN_POINT('',(3.40716085092042,2.81502270917499,2.31));
#12300=CARTESIAN_POINT('Origin',(3.62689194519314,2.81502270917499,2.31));
#12301=CARTESIAN_POINT('Origin',(3.62689194519314,2.81502270917499,2.3198993310126));
#12302=CARTESIAN_POINT('',(3.40716085092034,2.81502270917499,2.3));
#12303=CARTESIAN_POINT('Origin',(3.62689194519314,2.81502270917499,2.3));
#12304=CARTESIAN_POINT('Origin',(3.11255493382146,0.0165274248909712,2.3));
#12305=CARTESIAN_POINT('Origin',(3.07112431101956,2.81703773115553,2.31));
#12306=CARTESIAN_POINT('',(2.61099732114254,2.36814067541851,2.31));
#12307=CARTESIAN_POINT('',(2.61099732114254,2.79006616633337,2.31));
#12308=CARTESIAN_POINT('',(2.61099732114254,2.80355194874445,2.31));
#12309=CARTESIAN_POINT('',(3.29139423131125,2.52616984196049,2.31));
#12310=CARTESIAN_POINT('',(2.87874754986734,2.43032841444931,2.31));
#12311=CARTESIAN_POINT('',(3.29139423131125,2.94809533287437,2.31));
#12312=CARTESIAN_POINT('',(3.29139423131125,2.67160378655801,2.31));
#12313=CARTESIAN_POINT('',(3.17245565583213,2.92047062783569,2.31));
#12314=CARTESIAN_POINT('Origin',(3.29139423131125,2.52616984196049,2.3198993310126));
#12315=CARTESIAN_POINT('',(3.29139423131125,2.52616984196049,2.3));
#12316=CARTESIAN_POINT('',(3.29139423131125,2.52616984196049,2.3198993310126));
#12317=CARTESIAN_POINT('',(3.29139423131125,2.94809533287437,2.3));
#12318=CARTESIAN_POINT('',(3.29139423131125,1.48231137888316,2.3));
#12319=CARTESIAN_POINT('',(3.29139423131125,2.94809533287437,2.3198993310126));
#12320=CARTESIAN_POINT('Origin',(2.61099732114254,2.36814067541851,2.3198993310126));
#12321=CARTESIAN_POINT('',(2.61099732114254,2.36814067541851,2.3));
#12322=CARTESIAN_POINT('',(2.61099732114254,2.36814067541851,2.3198993310126));
#12323=CARTESIAN_POINT('',(2.93002355622053,2.44223779326301,2.3));
#12324=CARTESIAN_POINT('Origin',(2.61099732114254,2.79006616633337,2.3198993310126));
#12325=CARTESIAN_POINT('',(2.61099732114254,2.79006616633337,2.3));
#12326=CARTESIAN_POINT('',(2.61099732114254,2.79006616633337,2.3198993310126));
#12327=CARTESIAN_POINT('',(2.61099732114254,1.19233405015375,2.3));
#12328=CARTESIAN_POINT('Origin',(3.29139423131125,2.94809533287437,2.3198993310126));
#12329=CARTESIAN_POINT('',(2.54333475201793,2.77435084010891,2.3));
#12330=CARTESIAN_POINT('Origin',(3.11255493382146,0.0165274248909712,2.3));
#12331=CARTESIAN_POINT('Origin',(2.93801399482977,2.62688719472223,2.3198993310126));
#12332=CARTESIAN_POINT('',(3.45866905608943,3.08217145590947,2.31));
#12333=CARTESIAN_POINT('',(3.30836225891512,3.21101698731042,2.31));
#12334=CARTESIAN_POINT('Origin',(2.93801399482977,2.62688719472223,2.31));
#12335=CARTESIAN_POINT('',(3.30836225891512,3.21101698731042,2.3));
#12336=CARTESIAN_POINT('',(3.30836225891512,3.21101698731042,2.3198993310126));
#12337=CARTESIAN_POINT('',(3.45866905608943,3.08217145590947,2.3));
#12338=CARTESIAN_POINT('Origin',(2.93801399482977,2.62688719472223,2.3));
#12339=CARTESIAN_POINT('',(3.45866905608943,3.08217145590947,2.3198993310126));
#12340=CARTESIAN_POINT('Origin',(3.11255493382146,0.0165274248909712,2.3));
#12341=CARTESIAN_POINT('',(3.09166099088127,3.27854626342855,2.3));
#12342=CARTESIAN_POINT('Origin',(3.06619439742322,2.81536249717374,2.3));
#12343=CARTESIAN_POINT('',(2.89214336432165,3.24363675152084,2.3));
#12344=CARTESIAN_POINT('Origin',(3.06497766630773,2.84344464649432,2.3));
#12345=CARTESIAN_POINT('',(2.69440762045054,3.10148063502768,2.3));
#12346=CARTESIAN_POINT('Origin',(3.12490857082447,2.71126504601576,2.3));
#12347=CARTESIAN_POINT('',(2.56063536056621,2.89737645636351,2.3));
#12348=CARTESIAN_POINT('Origin',(3.24617894349714,2.5939532334224,2.3));
#12349=CARTESIAN_POINT('',(2.48657429051622,2.6742901057992,2.3));
#12350=CARTESIAN_POINT('Origin',(3.42661373032203,2.48604889004272,2.3));
#12351=CARTESIAN_POINT('',(2.46161800495388,2.41179367902796,2.3));
#12352=CARTESIAN_POINT('Origin',(3.65151798101516,2.4311010334096,2.3));
#12353=CARTESIAN_POINT('',(2.51010471242309,2.11746032950148,2.3));
#12354=CARTESIAN_POINT('Origin',(3.43593190779637,2.42113591792882,2.3));
#12355=CARTESIAN_POINT('',(2.54564446790259,2.02439421490237,2.3));
#12356=CARTESIAN_POINT('Origin',(3.25648081455681,2.34916481512149,2.3));
#12357=CARTESIAN_POINT('',(3.65235915249177,2.28144006064748,2.3));
#12358=CARTESIAN_POINT('',(2.59335227507811,2.03547484283121,2.3));
#12359=CARTESIAN_POINT('',(3.66611533318267,2.28463507481175,2.3));
#12360=CARTESIAN_POINT('',(3.14670961776417,2.1639977660273,2.3));
#12361=CARTESIAN_POINT('',(3.64967998835652,2.50014479888693,2.3));
#12362=CARTESIAN_POINT('Origin',(1.55176809478261,2.23177089371578,2.3));
#12363=CARTESIAN_POINT('',(3.72846930002567,2.51610895190241,2.3));
#12364=CARTESIAN_POINT('Origin',(3.62689194521339,2.81502270916214,2.3));
#12365=CARTESIAN_POINT('',(3.67166001435982,2.1789201773529,2.3));
#12366=CARTESIAN_POINT('Origin',(2.57204593590172,2.53756222520125,2.3));
#12367=CARTESIAN_POINT('',(2.56217648893121,1.92123123990522,2.3));
#12368=CARTESIAN_POINT('',(3.16815026552429,2.06197486974074,2.3));
#12369=CARTESIAN_POINT('',(2.45335584990757,2.14704192912239,2.3));
#12370=CARTESIAN_POINT('Origin',(3.39480815053449,2.46161180971719,2.3));
#12371=CARTESIAN_POINT('',(2.4079533700971,2.74863093854093,2.3));
#12372=CARTESIAN_POINT('Origin',(3.74884768813528,2.54732168651864,2.3));
#12373=CARTESIAN_POINT('',(2.46498826002398,2.96522417546436,2.3));
#12374=CARTESIAN_POINT('Origin',(3.58939539403897,2.55333115948692,2.3));
#12375=CARTESIAN_POINT('',(2.58147368154858,3.19792210281568,2.3));
#12376=CARTESIAN_POINT('Origin',(3.5438344472766,2.57067290241804,2.3));
#12377=CARTESIAN_POINT('',(2.76915471265422,3.40545713197046,2.3));
#12378=CARTESIAN_POINT('Origin',(3.25150132791019,2.78062387123791,2.3));
#12379=CARTESIAN_POINT('',(3.01185430200311,3.500557725545,2.3));
#12380=CARTESIAN_POINT('Origin',(3.06668879696342,3.00337979619622,2.3));
#12381=CARTESIAN_POINT('',(3.26192223721345,3.45525644651574,2.3));
#12382=CARTESIAN_POINT('Origin',(3.05660742305989,3.03474817388202,2.3));
#12383=CARTESIAN_POINT('',(3.45052526978056,3.3102488075707,2.3));
#12384=CARTESIAN_POINT('Origin',(2.98830988529282,2.90422837982805,2.3));
#12385=CARTESIAN_POINT('',(3.57265627532314,3.1260305634356,2.3));
#12386=CARTESIAN_POINT('Origin',(2.82209336322321,2.76102420101235,2.3));
#12387=CARTESIAN_POINT('Origin',(3.62689194518325,2.81502270917499,2.3));
#12388=CARTESIAN_POINT('Origin',(3.62689194518325,2.81502270917499,2.3198993310126));
#12389=CARTESIAN_POINT('',(3.57265627532314,3.1260305634356,2.31));
#12390=CARTESIAN_POINT('Origin',(3.62689194518325,2.81502270917499,2.31));
#12391=CARTESIAN_POINT('',(3.57265627532314,3.1260305634356,2.3198993310126));
#12392=CARTESIAN_POINT('Origin',(2.82209336322321,2.76102420101235,2.3198993310126));
#12393=CARTESIAN_POINT('',(3.45052526978056,3.3102488075707,2.31));
#12394=CARTESIAN_POINT('Origin',(2.82209336322321,2.76102420101235,2.31));
#12395=CARTESIAN_POINT('',(3.45052526978056,3.3102488075707,2.3198993310126));
#12396=CARTESIAN_POINT('Origin',(2.98830988529282,2.90422837982805,2.3198993310126));
#12397=CARTESIAN_POINT('',(3.26192223721345,3.45525644651574,2.31));
#12398=CARTESIAN_POINT('Origin',(2.98830988529282,2.90422837982805,2.31));
#12399=CARTESIAN_POINT('',(3.26192223721345,3.45525644651574,2.3198993310126));
#12400=CARTESIAN_POINT('Origin',(3.05660742305989,3.03474817388202,2.3198993310126));
#12401=CARTESIAN_POINT('',(3.01185430200311,3.500557725545,2.31));
#12402=CARTESIAN_POINT('Origin',(3.05660742305989,3.03474817388202,2.31));
#12403=CARTESIAN_POINT('',(3.01185430200311,3.500557725545,2.3198993310126));
#12404=CARTESIAN_POINT('Origin',(3.06668879696342,3.00337979619622,2.3198993310126));
#12405=CARTESIAN_POINT('',(2.76915471265422,3.40545713197046,2.31));
#12406=CARTESIAN_POINT('Origin',(3.06668879696342,3.00337979619622,2.31));
#12407=CARTESIAN_POINT('',(2.76915471265422,3.40545713197046,2.3198993310126));
#12408=CARTESIAN_POINT('Origin',(3.25150132791019,2.78062387123791,2.3198993310126));
#12409=CARTESIAN_POINT('',(2.58147368154858,3.19792210281568,2.31));
#12410=CARTESIAN_POINT('Origin',(3.25150132791019,2.78062387123791,2.31));
#12411=CARTESIAN_POINT('',(2.58147368154858,3.19792210281568,2.3198993310126));
#12412=CARTESIAN_POINT('Origin',(3.5438344472766,2.57067290241804,2.3198993310126));
#12413=CARTESIAN_POINT('',(2.46498826002398,2.96522417546436,2.31));
#12414=CARTESIAN_POINT('Origin',(3.5438344472766,2.57067290241804,2.31));
#12415=CARTESIAN_POINT('',(2.46498826002398,2.96522417546436,2.3198993310126));
#12416=CARTESIAN_POINT('Origin',(3.58939539403897,2.55333115948692,2.3198993310126));
#12417=CARTESIAN_POINT('',(2.4079533700971,2.74863093854093,2.31));
#12418=CARTESIAN_POINT('Origin',(3.58939539403897,2.55333115948692,2.31));
#12419=CARTESIAN_POINT('',(2.4079533700971,2.74863093854093,2.3198993310126));
#12420=CARTESIAN_POINT('Origin',(3.74884768813528,2.54732168651864,2.3198993310126));
#12421=CARTESIAN_POINT('',(2.45335584990757,2.14704192912239,2.31));
#12422=CARTESIAN_POINT('Origin',(3.74884768813528,2.54732168651864,2.31));
#12423=CARTESIAN_POINT('',(2.45335584990757,2.14704192912239,2.3198993310126));
#12424=CARTESIAN_POINT('Origin',(3.39480815053449,2.46161180971719,2.3198993310126));
#12425=CARTESIAN_POINT('',(2.56217648893121,1.92123123990522,2.31));
#12426=CARTESIAN_POINT('Origin',(3.39480815053449,2.46161180971719,2.31));
#12427=CARTESIAN_POINT('',(2.56217648893121,1.92123123990522,2.3198993310126));
#12428=CARTESIAN_POINT('Origin',(2.56217648893121,1.92123123990522,2.3198993310126));
#12429=CARTESIAN_POINT('',(3.67166001435982,2.1789201773529,2.31));
#12430=CARTESIAN_POINT('',(2.90233095155397,2.00023560547933,2.31));
#12431=CARTESIAN_POINT('',(3.67166001435982,2.1789201773529,2.3198993310126));
#12432=CARTESIAN_POINT('Origin',(2.57204593590172,2.53756222520125,2.3198993310126));
#12433=CARTESIAN_POINT('',(3.72846930002567,2.51610895190241,2.31));
#12434=CARTESIAN_POINT('Origin',(2.57204593590172,2.53756222520125,2.31));
#12435=CARTESIAN_POINT('',(3.72846930002567,2.51610895190241,2.3198993310126));
#12436=CARTESIAN_POINT('Origin',(3.62689194521339,2.81502270916214,2.3198993310126));
#12437=CARTESIAN_POINT('',(3.64967998835652,2.50014479888693,2.31));
#12438=CARTESIAN_POINT('Origin',(3.62689194521339,2.81502270916214,2.31));
#12439=CARTESIAN_POINT('',(3.64967998835652,2.50014479888693,2.3198993310126));
#12440=CARTESIAN_POINT('Origin',(1.55176809478261,2.23177089371578,2.3198993310126));
#12441=CARTESIAN_POINT('',(3.66611533318267,2.28463507481175,2.31));
#12442=CARTESIAN_POINT('Origin',(1.55176809478261,2.23177089371578,2.31));
#12443=CARTESIAN_POINT('',(3.66611533318267,2.28463507481175,2.3198993310126));
#12444=CARTESIAN_POINT('Origin',(3.66611533318267,2.28463507481175,2.3198993310126));
#12445=CARTESIAN_POINT('',(3.65235915249177,2.28144006064748,2.31));
#12446=CARTESIAN_POINT('',(3.44251015630642,2.23270047731347,2.31));
#12447=CARTESIAN_POINT('',(3.65235915249177,2.28144006064748,2.3198993310126));
#12448=CARTESIAN_POINT('Origin',(3.65235915249177,2.28144006064748,2.3198993310126));
#12449=CARTESIAN_POINT('',(2.54564446790259,2.02439421490237,2.31));
#12450=CARTESIAN_POINT('',(3.43563206612159,2.23110297016902,2.31));
#12451=CARTESIAN_POINT('',(2.54564446790259,2.02439421490237,2.3198993310126));
#12452=CARTESIAN_POINT('Origin',(3.25648081455681,2.34916481512149,2.3198993310126));
#12453=CARTESIAN_POINT('',(2.51010471242309,2.11746032950148,2.31));
#12454=CARTESIAN_POINT('Origin',(3.25648081455681,2.34916481512149,2.31));
#12455=CARTESIAN_POINT('',(2.51010471242309,2.11746032950148,2.3198993310126));
#12456=CARTESIAN_POINT('Origin',(3.43593190779637,2.42113591792882,2.3198993310126));
#12457=CARTESIAN_POINT('',(2.46161800495388,2.41179367902796,2.31));
#12458=CARTESIAN_POINT('Origin',(3.43593190779637,2.42113591792882,2.31));
#12459=CARTESIAN_POINT('',(2.46161800495388,2.41179367902796,2.3198993310126));
#12460=CARTESIAN_POINT('Origin',(3.65151798101516,2.4311010334096,2.3198993310126));
#12461=CARTESIAN_POINT('',(2.48657429051622,2.6742901057992,2.31));
#12462=CARTESIAN_POINT('Origin',(3.65151798101516,2.4311010334096,2.31));
#12463=CARTESIAN_POINT('',(2.48657429051622,2.6742901057992,2.3198993310126));
#12464=CARTESIAN_POINT('Origin',(3.42661373032203,2.48604889004272,2.3198993310126));
#12465=CARTESIAN_POINT('',(2.56063536056621,2.89737645636351,2.31));
#12466=CARTESIAN_POINT('Origin',(3.42661373032203,2.48604889004272,2.31));
#12467=CARTESIAN_POINT('',(2.56063536056621,2.89737645636351,2.3198993310126));
#12468=CARTESIAN_POINT('Origin',(3.24617894349714,2.5939532334224,2.3198993310126));
#12469=CARTESIAN_POINT('',(2.69440762045054,3.10148063502768,2.31));
#12470=CARTESIAN_POINT('Origin',(3.24617894349714,2.5939532334224,2.31));
#12471=CARTESIAN_POINT('',(2.69440762045054,3.10148063502768,2.3198993310126));
#12472=CARTESIAN_POINT('Origin',(3.12490857082447,2.71126504601576,2.3198993310126));
#12473=CARTESIAN_POINT('',(2.89214336432165,3.24363675152084,2.31));
#12474=CARTESIAN_POINT('Origin',(3.12490857082447,2.71126504601576,2.31));
#12475=CARTESIAN_POINT('',(2.89214336432165,3.24363675152084,2.3198993310126));
#12476=CARTESIAN_POINT('Origin',(3.06497766630773,2.84344464649432,2.3198993310126));
#12477=CARTESIAN_POINT('',(3.09166099088127,3.27854626342855,2.31));
#12478=CARTESIAN_POINT('Origin',(3.06497766630773,2.84344464649432,2.31));
#12479=CARTESIAN_POINT('',(3.09166099088127,3.27854626342855,2.3198993310126));
#12480=CARTESIAN_POINT('Origin',(3.06619439742322,2.81536249717374,2.3198993310126));
#12481=CARTESIAN_POINT('Origin',(3.06619439742322,2.81536249717374,2.31));
#12482=CARTESIAN_POINT('Origin',(3.07112431101956,2.81703773115553,2.31));
#12483=CARTESIAN_POINT('Origin',(-3.27249431560344,-4.14870146688041,2.20000000000001));
#12484=CARTESIAN_POINT('',(-1.21334483369605,-4.14870146688042,2.30000000000001));
#12485=CARTESIAN_POINT('',(-1.21334483369605,-4.24718224218164,2.21736481776671));
#12486=CARTESIAN_POINT('Origin',(-1.21334483369605,-4.14870146688042,2.20000000000001));
#12487=CARTESIAN_POINT('',(2.29836757128254,-4.24718224218164,2.21736481776671));
#12488=CARTESIAN_POINT('',(-3.27249431560344,-4.24718224218163,2.21736481776671));
#12489=CARTESIAN_POINT('',(2.29836757128254,-4.14870146688042,2.30000000000001));
#12490=CARTESIAN_POINT('Origin',(2.29836757128254,-4.14870146688042,2.20000000000001));
#12491=CARTESIAN_POINT('',(-3.27249431560344,-4.14870146688041,2.30000000000001));
#12492=CARTESIAN_POINT('Ctrl Pts',(-1.21334483369605,-4.14870146688042,
2.30000000000001));
#12493=CARTESIAN_POINT('Ctrl Pts',(-1.28036027009171,-4.14870146688042,
2.30000000000001));
#12494=CARTESIAN_POINT('Ctrl Pts',(-1.43536636984064,-4.20218039118726,
2.30000000000001));
#12495=CARTESIAN_POINT('Ctrl Pts',(-1.50878715959971,-4.35478987758986,
2.30000000000001));
#12496=CARTESIAN_POINT('Ctrl Pts',(-1.50878715959971,-4.44414379278408,
2.30000000000001));
#12497=CARTESIAN_POINT('Ctrl Pts',(-1.21334483369605,-4.17529696024414,
2.30000000000001));
#12498=CARTESIAN_POINT('Ctrl Pts',(-1.27448834028084,-4.17457001900495,
2.29997875069628));
#12499=CARTESIAN_POINT('Ctrl Pts',(-1.41672797031146,-4.2224095267992,2.29997119416455));
#12500=CARTESIAN_POINT('Ctrl Pts',(-1.48316092122158,-4.36261911733769,
2.29997166759504));
#12501=CARTESIAN_POINT('Ctrl Pts',(-1.48219166623598,-4.44414379278408,
2.30000000000001));
#12502=CARTESIAN_POINT('Ctrl Pts',(-1.21334483369605,-4.221520328109,2.28040495274575));
#12503=CARTESIAN_POINT('Ctrl Pts',(-1.26433124923063,-4.21959380104268,
2.28151992631685));
#12504=CARTESIAN_POINT('Ctrl Pts',(-1.38430900567627,-4.2576526116818,2.28311192672385));
#12505=CARTESIAN_POINT('Ctrl Pts',(-1.43853700112621,-4.37616190540464,
2.28189158417388));
#12506=CARTESIAN_POINT('Ctrl Pts',(-1.43596829837112,-4.44414379278408,
2.28040495274575));
#12507=CARTESIAN_POINT('Ctrl Pts',(-1.21334483369605,-4.24371854796406,
2.23700840381154));
#12508=CARTESIAN_POINT('Ctrl Pts',(-1.25942744696903,-4.24241264173239,
2.24006056592966));
#12509=CARTESIAN_POINT('Ctrl Pts',(-1.36668635204487,-4.27702871229931,
2.24459648968603));
#12510=CARTESIAN_POINT('Ctrl Pts',(-1.41551128682496,-4.38270030842011,
2.24107795330236));
#12511=CARTESIAN_POINT('Ctrl Pts',(-1.41377007851606,-4.44414379278408,
2.23700840381154));
#12512=CARTESIAN_POINT('Ctrl Pts',(-1.21334483369605,-4.24718224218164,
2.21736481776671));
#12513=CARTESIAN_POINT('Ctrl Pts',(-1.25867566222793,-4.24652837124686,
2.22107310411148));
#12514=CARTESIAN_POINT('Ctrl Pts',(-1.36300366471394,-4.28119038479804,
2.22669109093009));
#12515=CARTESIAN_POINT('Ctrl Pts',(-1.41117821221152,-4.3837026880749,2.22230919955973));
#12516=CARTESIAN_POINT('Ctrl Pts',(-1.41030638429849,-4.44414379278408,
2.21736481776671));
#12517=CARTESIAN_POINT('',(-1.50878715959971,-4.44414379278408,2.30000000000001));
#12518=CARTESIAN_POINT('',(-1.41030638429849,-4.44414379278408,2.21736481776671));
#12519=CARTESIAN_POINT('Origin',(-1.50878715959971,-4.44414379278408,2.20000000000001));
#12520=CARTESIAN_POINT('Origin',(-1.20415917603398,-4.45332945044614,2.20000000000001));
#12521=CARTESIAN_POINT('Origin',(-1.20415917603398,-4.45332945044614,2.30000000000001));
#12522=CARTESIAN_POINT('Ctrl Pts',(2.5938098971862,-4.44414379278408,2.30000000000001));
#12523=CARTESIAN_POINT('Ctrl Pts',(2.5938098971862,-4.37712835638842,2.30000000000001));
#12524=CARTESIAN_POINT('Ctrl Pts',(2.54032384897133,-4.22212824926435,2.30000000000001));
#12525=CARTESIAN_POINT('Ctrl Pts',(2.38772148647676,-4.14870146688042,2.30000000000001));
#12526=CARTESIAN_POINT('Ctrl Pts',(2.29836757128254,-4.14870146688042,2.30000000000001));
#12527=CARTESIAN_POINT('Ctrl Pts',(2.56721440382248,-4.44414379278408,2.30000000000001));
#12528=CARTESIAN_POINT('Ctrl Pts',(2.56794134506168,-4.38300028619929,2.29997875069628));
#12529=CARTESIAN_POINT('Ctrl Pts',(2.52009490471415,-4.24076681417847,2.29996939772933));
#12530=CARTESIAN_POINT('Ctrl Pts',(2.37989224672893,-4.17432770525855,2.29997166759504));
#12531=CARTESIAN_POINT('Ctrl Pts',(2.29836757128254,-4.17529696024414,2.30000000000001));
#12532=CARTESIAN_POINT('Ctrl Pts',(2.52099185009718,-4.44414379278408,2.28040412589156));
#12533=CARTESIAN_POINT('Ctrl Pts',(2.52291837716349,-4.3931573772495,2.28151909946266));
#12534=CARTESIAN_POINT('Ctrl Pts',(2.48485266766465,-4.27318458134708,2.28311147787852));
#12535=CARTESIAN_POINT('Ctrl Pts',(2.36634945866198,-4.21895081121436,2.2818907573197));
#12536=CARTESIAN_POINT('Ctrl Pts',(2.29836757128254,-4.22151951396945,2.28040412589156));
#12537=CARTESIAN_POINT('Ctrl Pts',(2.49879281610256,-4.44414379278408,2.23700840381154));
#12538=CARTESIAN_POINT('Ctrl Pts',(2.50009872233423,-4.3980611795111,2.24006056592966));
#12539=CARTESIAN_POINT('Ctrl Pts',(2.46547711993962,-4.29080712538324,2.24459628883692));
#12540=CARTESIAN_POINT('Ctrl Pts',(2.35981105564652,-4.24197733965517,2.24107795330236));
#12541=CARTESIAN_POINT('Ctrl Pts',(2.29836757128254,-4.24371854796407,2.23700840381154));
#12542=CARTESIAN_POINT('Ctrl Pts',(2.49532912188498,-4.44414379278408,2.21736481776671));
#12543=CARTESIAN_POINT('Ctrl Pts',(2.49598299281976,-4.39881296425219,2.22107310411148));
#12544=CARTESIAN_POINT('Ctrl Pts',(2.46131610201829,-4.2944890848277,2.22669036512925));
#12545=CARTESIAN_POINT('Ctrl Pts',(2.35880867599172,-4.24631041426861,2.22230919955973));
#12546=CARTESIAN_POINT('Ctrl Pts',(2.29836757128254,-4.24718224218164,2.21736481776671));
#12547=CARTESIAN_POINT('',(2.49532912188498,-4.44414379278408,2.21736481776671));
#12548=CARTESIAN_POINT('',(2.5938098971862,-4.44414379278408,2.30000000000001));
#12549=CARTESIAN_POINT('Origin',(2.5938098971862,-4.44414379278408,2.20000000000001));
#12550=CARTESIAN_POINT('Origin',(2.28918191362048,-4.45332945044614,2.30000000000001));
#12551=CARTESIAN_POINT('Origin',(2.28918191362048,-4.45332945044614,2.20000000000001));
#12552=CARTESIAN_POINT('Origin',(-1.5087871595997,-0.0999999999999784,2.20000000000001));
#12553=CARTESIAN_POINT('',(-1.45020087358923,-4.60728775761743,2.28104102104182));
#12554=CARTESIAN_POINT('',(-1.41030638429849,-4.54870147160696,2.21736481776671));
#12555=CARTESIAN_POINT('Origin',(-1.50878715959971,-4.54870147160695,2.20000000000001));
#12556=CARTESIAN_POINT('',(-1.41030638429848,-0.0999999999999785,2.21736481776671));
#12557=CARTESIAN_POINT('',(-1.50878715959971,-4.54870147160696,2.30000000000001));
#12558=CARTESIAN_POINT('',(-1.5087871595997,-0.0999999999999784,2.30000000000001));
#12559=CARTESIAN_POINT('Origin',(-1.50878715959971,-4.54870147160696,2.20000000000001));
#12560=CARTESIAN_POINT('Origin',(2.59380989718621,-0.0999999999999831,2.20000000000001));
#12561=CARTESIAN_POINT('',(2.53522361117573,-4.60728775761744,2.28104102104182));
#12562=CARTESIAN_POINT('',(2.5938098971862,-4.54870147160696,2.30000000000001));
#12563=CARTESIAN_POINT('Origin',(2.5938098971862,-4.54870147160696,2.20000000000001));
#12564=CARTESIAN_POINT('',(2.59380989718621,-0.0999999999999831,2.30000000000001));
#12565=CARTESIAN_POINT('',(2.49532912188498,-4.54870147160696,2.21736481776671));
#12566=CARTESIAN_POINT('',(2.49532912188499,-0.099999999999983,2.21736481776671));
#12567=CARTESIAN_POINT('Origin',(2.5938098971862,-4.54870147160696,2.20000000000001));
#12568=CARTESIAN_POINT('Origin',(-4.92011143472489,4.95,2.30000000000001));
#12569=CARTESIAN_POINT('',(4.73620147160699,-4.54870147160696,2.30000000000001));
#12570=CARTESIAN_POINT('',(0.158694282637549,-4.54870147160696,2.30000000000001));
#12571=CARTESIAN_POINT('',(4.736201471607,4.54870147160695,2.30000000000001));
#12572=CARTESIAN_POINT('',(4.736201471607,4.95,2.30000000000001));
#12573=CARTESIAN_POINT('',(2.59380989718622,4.54870147160695,2.30000000000001));
#12574=CARTESIAN_POINT('',(0.15869428263756,4.54870147160696,2.30000000000001));
#12575=CARTESIAN_POINT('',(2.59380989718622,4.44414379278589,2.30000000000001));
#12576=CARTESIAN_POINT('',(2.59380989718622,4.49130571499998,2.30000000000001));
#12577=CARTESIAN_POINT('',(2.29836757128256,4.14870146688224,2.30000000000001));
#12578=CARTESIAN_POINT('Origin',(2.28918191362049,4.45332945044796,2.30000000000001));
#12579=CARTESIAN_POINT('',(-1.21334483369604,4.14870146688224,2.30000000000001));
#12580=CARTESIAN_POINT('',(-3.27249431560343,4.14870146688224,2.30000000000001));
#12581=CARTESIAN_POINT('',(-1.5087871595997,4.4441437927859,2.30000000000001));
#12582=CARTESIAN_POINT('Origin',(-1.20415917603397,4.45332945044796,2.30000000000001));
#12583=CARTESIAN_POINT('',(-1.5087871595997,4.54870147160696,2.30000000000001));
#12584=CARTESIAN_POINT('',(-1.5087871595997,4.49130571499998,2.30000000000001));
#12585=CARTESIAN_POINT('',(-4.83620147160715,4.54870147160696,2.30000000000001));
#12586=CARTESIAN_POINT('',(0.15869428263756,4.54870147160696,2.30000000000001));
#12587=CARTESIAN_POINT('',(-4.83620147160716,-4.54870147160695,2.30000000000001));
#12588=CARTESIAN_POINT('',(-4.83620147160715,4.95,2.30000000000001));
#12589=CARTESIAN_POINT('',(0.158694282637549,-4.54870147160696,2.30000000000001));
#12590=CARTESIAN_POINT('',(-0.0499999999999984,1.52,2.30000000000001));
#12591=CARTESIAN_POINT('Origin',(-0.05,4.89842541528951E-17,2.30000000000001));
#12592=CARTESIAN_POINT('Origin',(0.158694282637549,-4.54870147160696,2.20000000000001));
#12593=CARTESIAN_POINT('',(2.5938098971862,-4.64718224690818,2.21736481776671));
#12594=CARTESIAN_POINT('Origin',(2.5938098971862,-4.54870147160696,2.20000000000001));
#12595=CARTESIAN_POINT('',(4.73620147160699,-4.64718224690818,2.21736481776671));
#12596=CARTESIAN_POINT('',(0.158694282637549,-4.64718224690818,2.21736481776671));
#12597=CARTESIAN_POINT('Origin',(4.73620147160699,-4.54870147160696,2.20000000000001));
#12598=CARTESIAN_POINT('Origin',(2.48379655568003,-4.65871481311313,1.57608333640085));
#12599=CARTESIAN_POINT('',(2.19252273758655,-4.85150785590538,0.500064475631349));
#12600=CARTESIAN_POINT('',(2.38531578037881,-4.65871481311313,1.59344815416755));
#12601=CARTESIAN_POINT('',(2.29100351288778,-4.9499886312066,0.500064475631392));
#12602=CARTESIAN_POINT('Origin',(2.29251136879315,-4.85,0.491251133647409));
#12603=CARTESIAN_POINT('',(2.48379655568003,-4.75719558841435,1.59344815416755));
#12604=CARTESIAN_POINT('Origin',(-1.5087871595997,4.49130571499998,2.20000000000001));
#12605=CARTESIAN_POINT('',(-1.45020087358922,4.60728775761743,2.28104102104182));
#12606=CARTESIAN_POINT('Origin',(-1.5087871595997,4.54870147160696,2.20000000000001));
#12607=CARTESIAN_POINT('',(-1.41030638429848,4.4441437927859,2.21736481776671));
#12608=CARTESIAN_POINT('Origin',(-1.5087871595997,4.4441437927859,2.20000000000001));
#12609=CARTESIAN_POINT('',(-1.41030638429848,4.54870147160696,2.21736481776671));
#12610=CARTESIAN_POINT('',(-1.41030638429848,4.49130571499998,2.21736481776671));
#12611=CARTESIAN_POINT('Origin',(-1.5087871595997,4.54870147160696,2.20000000000001));
#12612=CARTESIAN_POINT('Ctrl Pts',(-1.5087871595997,4.4441437927859,2.30000000000001));
#12613=CARTESIAN_POINT('Ctrl Pts',(-1.5087871595997,4.37712835639024,2.30000000000001));
#12614=CARTESIAN_POINT('Ctrl Pts',(-1.45530823529286,4.2221222566413,2.30000000000001));
#12615=CARTESIAN_POINT('Ctrl Pts',(-1.30269874889025,4.14870146688224,2.30000000000001));
#12616=CARTESIAN_POINT('Ctrl Pts',(-1.21334483369604,4.14870146688224,2.30000000000001));
#12617=CARTESIAN_POINT('Ctrl Pts',(-1.48219166623597,4.4441437927859,2.30000000000001));
#12618=CARTESIAN_POINT('Ctrl Pts',(-1.48291860747517,4.38300028620111,2.29997875069628));
#12619=CARTESIAN_POINT('Ctrl Pts',(-1.43507909968092,4.24076065617048,2.29997119416455));
#12620=CARTESIAN_POINT('Ctrl Pts',(-1.29486950914242,4.17432770526037,2.29997166759504));
#12621=CARTESIAN_POINT('Ctrl Pts',(-1.21334483369604,4.17529696024596,2.30000000000001));
#12622=CARTESIAN_POINT('Ctrl Pts',(-1.43596829837111,4.4441437927859,2.28040495274575));
#12623=CARTESIAN_POINT('Ctrl Pts',(-1.43789482543743,4.39315737725132,2.28151992631685));
#12624=CARTESIAN_POINT('Ctrl Pts',(-1.39983601479832,4.27317962080568,2.28311192672385));
#12625=CARTESIAN_POINT('Ctrl Pts',(-1.28132672107547,4.21895162535573,2.28189158417389));
#12626=CARTESIAN_POINT('Ctrl Pts',(-1.21334483369604,4.22152032811082,2.28040495274575));
#12627=CARTESIAN_POINT('Ctrl Pts',(-1.41377007851605,4.4441437927859,2.23700840381154));
#12628=CARTESIAN_POINT('Ctrl Pts',(-1.41507598474772,4.39806117951292,2.24006056592966));
#12629=CARTESIAN_POINT('Ctrl Pts',(-1.38045991418081,4.29080227443708,2.24459648968603));
#12630=CARTESIAN_POINT('Ctrl Pts',(-1.27478831806001,4.24197733965699,2.24107795330236));
#12631=CARTESIAN_POINT('Ctrl Pts',(-1.21334483369604,4.24371854796588,2.23700840381154));
#12632=CARTESIAN_POINT('Ctrl Pts',(-1.41030638429848,4.4441437927859,2.21736481776671));
#12633=CARTESIAN_POINT('Ctrl Pts',(-1.41096025523325,4.39881296425401,2.22107310411148));
#12634=CARTESIAN_POINT('Ctrl Pts',(-1.37629824168208,4.29448496176801,2.22669109093009));
#12635=CARTESIAN_POINT('Ctrl Pts',(-1.27378593840521,4.24631041427042,2.22230919955973));
#12636=CARTESIAN_POINT('Ctrl Pts',(-1.21334483369604,4.24718224218346,2.21736481776671));
#12637=CARTESIAN_POINT('',(-1.21334483369604,4.24718224218346,2.21736481776671));
#12638=CARTESIAN_POINT('Origin',(-1.21334483369604,4.14870146688224,2.20000000000001));
#12639=CARTESIAN_POINT('Origin',(-1.20415917603397,4.45332945044796,2.20000000000001));
#12640=CARTESIAN_POINT('Origin',(-3.27249431560343,4.14870146688224,2.20000000000001));
#12641=CARTESIAN_POINT('',(2.29836757128256,4.24718224218346,2.21736481776671));
#12642=CARTESIAN_POINT('Origin',(2.29836757128256,4.14870146688224,2.20000000000001));
#12643=CARTESIAN_POINT('',(-3.27249431560343,4.24718224218346,2.21736481776671));
#12644=CARTESIAN_POINT('Ctrl Pts',(2.29836757128256,4.14870146688224,2.30000000000001));
#12645=CARTESIAN_POINT('Ctrl Pts',(2.36538300767822,4.14870146688224,2.30000000000001));
#12646=CARTESIAN_POINT('Ctrl Pts',(2.52038311480229,4.20218751509711,2.30000000000001));
#12647=CARTESIAN_POINT('Ctrl Pts',(2.59380989718622,4.35478987759168,2.30000000000001));
#12648=CARTESIAN_POINT('Ctrl Pts',(2.59380989718622,4.4441437927859,2.30000000000001));
#12649=CARTESIAN_POINT('Ctrl Pts',(2.29836757128256,4.17529696024596,2.30000000000001));
#12650=CARTESIAN_POINT('Ctrl Pts',(2.35951107786735,4.17457001900676,2.29997875069628));
#12651=CARTESIAN_POINT('Ctrl Pts',(2.50174454988816,4.22241645935429,2.29996939772933));
#12652=CARTESIAN_POINT('Ctrl Pts',(2.56818365880809,4.36261911733951,2.29997166759504));
#12653=CARTESIAN_POINT('Ctrl Pts',(2.56721440382249,4.4441437927859,2.30000000000001));
#12654=CARTESIAN_POINT('Ctrl Pts',(2.29836757128256,4.22151951397126,2.28040412589156));
#12655=CARTESIAN_POINT('Ctrl Pts',(2.34935398681713,4.21959298690495,2.28151909946266));
#12656=CARTESIAN_POINT('Ctrl Pts',(2.46932678271955,4.25765869640379,2.28311147787852));
#12657=CARTESIAN_POINT('Ctrl Pts',(2.52356055285228,4.37616190540646,2.2818907573197));
#12658=CARTESIAN_POINT('Ctrl Pts',(2.52099185009719,4.4441437927859,2.28040412589156));
#12659=CARTESIAN_POINT('Ctrl Pts',(2.29836757128256,4.24371854796588,2.23700840381154));
#12660=CARTESIAN_POINT('Ctrl Pts',(2.34445018455554,4.24241264173421,2.24006056592966));
#12661=CARTESIAN_POINT('Ctrl Pts',(2.45170423868339,4.27703424412882,2.24459628883692));
#12662=CARTESIAN_POINT('Ctrl Pts',(2.50053402441146,4.38270030842192,2.24107795330236));
#12663=CARTESIAN_POINT('Ctrl Pts',(2.49879281610257,4.4441437927859,2.23700840381154));
#12664=CARTESIAN_POINT('Ctrl Pts',(2.29836757128256,4.24718224218346,2.21736481776671));
#12665=CARTESIAN_POINT('Ctrl Pts',(2.34369839981444,4.24652837124868,2.22107310411148));
#12666=CARTESIAN_POINT('Ctrl Pts',(2.44802227923894,4.28119526205015,2.22669036512925));
#12667=CARTESIAN_POINT('Ctrl Pts',(2.49620094979803,4.38370268807672,2.22230919955973));
#12668=CARTESIAN_POINT('Ctrl Pts',(2.495329121885,4.4441437927859,2.21736481776671));
#12669=CARTESIAN_POINT('',(2.495329121885,4.44414379278589,2.21736481776671));
#12670=CARTESIAN_POINT('Origin',(2.59380989718622,4.44414379278589,2.20000000000001));
#12671=CARTESIAN_POINT('Origin',(2.28918191362049,4.45332945044796,2.20000000000001));
#12672=CARTESIAN_POINT('Origin',(2.59380989718622,4.49130571499998,2.20000000000001));
#12673=CARTESIAN_POINT('',(2.53522361117574,4.60728775761743,2.28104102104182));
#12674=CARTESIAN_POINT('',(2.49532912188499,4.54870147160695,2.21736481776671));
#12675=CARTESIAN_POINT('Origin',(2.59380989718622,4.54870147160695,2.20000000000001));
#12676=CARTESIAN_POINT('',(2.49532912188499,4.49130571499998,2.21736481776671));
#12677=CARTESIAN_POINT('Origin',(2.59380989718622,4.54870147160695,2.20000000000001));
#12678=CARTESIAN_POINT('Origin',(-1.27770010152358,4.77978852968307,0.889440168784389));
#12679=CARTESIAN_POINT('',(-1.10750000000005,4.85150785590539,0.500064475631347));
#12680=CARTESIAN_POINT('',(-1.17921932622236,4.77978852968307,0.906804986551087));
#12681=CARTESIAN_POINT('',(-1.20598077530128,4.9499886312066,0.500064475631392));
#12682=CARTESIAN_POINT('Origin',(-1.20748863120664,4.85,0.491251133647404));
#12683=CARTESIAN_POINT('',(-1.5087871595997,4.64718224690818,2.21736481776671));
#12684=CARTESIAN_POINT('',(-1.27770010152358,4.87826930498429,0.906804986551086));
#12685=CARTESIAN_POINT('Origin',(-1.5087871595997,4.54870147160696,2.20000000000001));
#12686=CARTESIAN_POINT('Origin',(-0.846885495546287,4.03261142999996,-0.977953825405519));
#12687=CARTESIAN_POINT('',(-1.10746589361983,4.74698428346454,0.499871048737314));
#12688=CARTESIAN_POINT('',(-1.15596004569187,4.6984901313925,0.774895051741164));
#12689=CARTESIAN_POINT('',(-1.10748863120664,4.74999999527529,0.5));
#12690=CARTESIAN_POINT('Origin',(-0.907488631206642,4.74999999527529,-0.634256363923217));
#12691=CARTESIAN_POINT('',(-1.10748863120664,4.85,0.5));
#12692=CARTESIAN_POINT('',(-1.10748863120664,4.31195857249996,0.5));
#12693=CARTESIAN_POINT('Origin',(-1.20748863120664,4.85,1.06712818196161));
#12694=CARTESIAN_POINT('Origin',(-0.958998495089433,4.6984901313925,0.80962468727456));
#12695=CARTESIAN_POINT('',(-0.910504343017394,4.5500227328621,0.499871048737315));
#12696=CARTESIAN_POINT('',(-0.958998495089434,4.50152858079006,0.774895051741164));
#12697=CARTESIAN_POINT('Origin',(-0.907488631206642,4.74999999527529,0.517497732705191));
#12698=CARTESIAN_POINT('Origin',(-1.62487719648197,4.23261142999996,2.3));
#12699=CARTESIAN_POINT('',(1.99552708060391,4.5500227328621,0.499871048737316));
#12700=CARTESIAN_POINT('',(2.26111610955587,4.28443370391015,2.00610128012202));
#12701=CARTESIAN_POINT('',(1.99251136879316,4.54999999527529,0.5));
#12702=CARTESIAN_POINT('Origin',(1.99251136879316,4.74999999527529,-0.634256363923212));
#12703=CARTESIAN_POINT('',(-0.907488631206642,4.54999999527529,0.5));
#12704=CARTESIAN_POINT('',(-0.541182913844355,4.54999999527529,0.5));
#12705=CARTESIAN_POINT('Origin',(-0.907488631206642,4.74999999527529,-0.634256363923217));
#12706=CARTESIAN_POINT('Origin',(2.26111610955587,4.48139525451258,2.04083091565542));
#12707=CARTESIAN_POINT('',(2.19248863120635,4.74698428346454,0.499871048737311));
#12708=CARTESIAN_POINT('',(2.45807766015831,4.48139525451258,2.00610128012202));
#12709=CARTESIAN_POINT('Origin',(1.99251136879316,4.74999999527529,0.517497732705187));
#12710=CARTESIAN_POINT('Origin',(2.50989993406849,4.03261142999996,2.3));
#12711=CARTESIAN_POINT('',(2.19252273758657,4.85150785590539,0.500064475631347));
#12712=CARTESIAN_POINT('',(2.68220598968306,4.36182460380889,3.27719620061668));
#12713=CARTESIAN_POINT('',(2.19251136879316,4.85,0.5));
#12714=CARTESIAN_POINT('Origin',(2.29251136879316,4.85,1.06712818196161));
#12715=CARTESIAN_POINT('',(2.19251136879316,4.74999999527529,0.5));
#12716=CARTESIAN_POINT('',(2.19251136879316,4.31195857249996,0.5));
#12717=CARTESIAN_POINT('Origin',(1.99251136879316,4.74999999527529,-0.634256363923217));
#12718=CARTESIAN_POINT('Origin',(2.78068676498428,4.36182460380889,3.25983138284998));
#12719=CARTESIAN_POINT('',(2.59380989718621,4.64718224690817,2.21736481776671));
#12720=CARTESIAN_POINT('Origin',(2.59380989718621,4.54870147160695,2.20000000000001));
#12721=CARTESIAN_POINT('',(2.2910035128878,4.9499886312066,0.500064475631402));
#12722=CARTESIAN_POINT('',(2.78068676498428,4.46030537911011,3.27719620061668));
#12723=CARTESIAN_POINT('Origin',(2.29251136879316,4.85,0.491251133647407));
#12724=CARTESIAN_POINT('Origin',(2.29251136879316,4.85,0.815638990182788));
#12725=CARTESIAN_POINT('',(2.29251136879316,4.95,0.0199999999999818));
#12726=CARTESIAN_POINT('',(2.19251136879316,4.85,0.0199999999999818));
#12727=CARTESIAN_POINT('Origin',(2.29251136879316,4.85,0.0199999999999818));
#12728=CARTESIAN_POINT('',(2.19251136879316,4.85,0.815638990182788));
#12729=CARTESIAN_POINT('',(2.29251136879316,4.95,0.500000000000059));
#12730=CARTESIAN_POINT('Origin',(2.29251136879316,4.85,1.06712818196167));
#12731=CARTESIAN_POINT('',(2.29251136879316,4.95,0.815638990182788));
#12732=CARTESIAN_POINT('Origin',(5.1375,4.95,0.0199999999999818));
#12733=CARTESIAN_POINT('',(5.0375,4.95,0.0199999999999818));
#12734=CARTESIAN_POINT('',(-5.2375,4.95,0.0199999999999818));
#12735=CARTESIAN_POINT('',(5.1375,4.85,0.0199999999999818));
#12736=CARTESIAN_POINT('Origin',(5.0375,4.85,0.0199999999999818));
#12737=CARTESIAN_POINT('',(5.1375,-4.85,0.0199999999999818));
#12738=CARTESIAN_POINT('',(5.1375,4.95,0.0199999999999818));
#12739=CARTESIAN_POINT('',(5.0375,-4.95,0.0199999999999818));
#12740=CARTESIAN_POINT('Origin',(5.0375,-4.85,0.0199999999999818));
#12741=CARTESIAN_POINT('',(2.29251136879315,-4.95,0.0199999999999818));
#12742=CARTESIAN_POINT('',(-5.2375,-4.95,0.0199999999999818));
#12743=CARTESIAN_POINT('',(2.19251136879315,-4.85,0.0199999999999818));
#12744=CARTESIAN_POINT('Origin',(2.29251136879315,-4.85,0.0199999999999818));
#12745=CARTESIAN_POINT('',(2.19251136879315,-4.74999999527347,0.0199999999999818));
#12746=CARTESIAN_POINT('',(2.19251136879316,1.74241147101998E-14,0.0199999999999818));
#12747=CARTESIAN_POINT('',(1.99251136879315,-4.54999999527347,0.0199999999999818));
#12748=CARTESIAN_POINT('Origin',(1.99251136879315,-4.74999999527347,0.0199999999999818));
#12749=CARTESIAN_POINT('',(-0.907488631206653,-4.54999999527347,0.0199999999999818));
#12750=CARTESIAN_POINT('',(3.66500568439657,-4.54999999527348,0.0199999999999818));
#12751=CARTESIAN_POINT('',(-1.10748863120665,-4.74999999527347,0.0199999999999818));
#12752=CARTESIAN_POINT('Origin',(-0.907488631206654,-4.74999999527347,0.0199999999999818));
#12753=CARTESIAN_POINT('',(-1.10748863120665,-4.85,0.0199999999999818));
#12754=CARTESIAN_POINT('',(-1.10748863120665,0.200000002363265,0.0199999999999818));
#12755=CARTESIAN_POINT('',(-1.20748863120665,-4.95,0.0199999999999818));
#12756=CARTESIAN_POINT('Origin',(-1.20748863120665,-4.85,0.0199999999999818));
#12757=CARTESIAN_POINT('',(-5.1375,-4.95,0.0199999999999818));
#12758=CARTESIAN_POINT('',(-5.2375,-4.95,0.0199999999999818));
#12759=CARTESIAN_POINT('',(-5.2375,-4.85,0.0199999999999818));
#12760=CARTESIAN_POINT('Origin',(-5.1375,-4.85,0.0199999999999818));
#12761=CARTESIAN_POINT('',(-5.2375,4.85,0.0199999999999818));
#12762=CARTESIAN_POINT('',(-5.2375,4.95,0.0199999999999818));
#12763=CARTESIAN_POINT('',(-5.1375,4.95,0.0199999999999818));
#12764=CARTESIAN_POINT('Origin',(-5.1375,4.85,0.0199999999999818));
#12765=CARTESIAN_POINT('',(-1.20748863120664,4.95,0.0199999999999818));
#12766=CARTESIAN_POINT('',(-5.2375,4.95,0.0199999999999818));
#12767=CARTESIAN_POINT('',(-1.10748863120664,4.85,0.0199999999999818));
#12768=CARTESIAN_POINT('Origin',(-1.20748863120664,4.85,0.0199999999999818));
#12769=CARTESIAN_POINT('',(-1.10748863120664,4.74999999527529,0.0199999999999818));
#12770=CARTESIAN_POINT('',(-1.10748863120664,4.94999999999998,0.0199999999999818));
#12771=CARTESIAN_POINT('',(-0.907488631206642,4.54999999527529,0.0199999999999818));
#12772=CARTESIAN_POINT('Origin',(-0.907488631206642,4.74999999527529,0.0199999999999818));
#12773=CARTESIAN_POINT('',(1.99251136879316,4.54999999527529,0.0199999999999818));
#12774=CARTESIAN_POINT('',(2.01500568439668,4.54999999527529,0.0199999999999818));
#12775=CARTESIAN_POINT('',(2.19251136879316,4.74999999527529,0.0199999999999818));
#12776=CARTESIAN_POINT('Origin',(1.99251136879316,4.74999999527529,0.0199999999999818));
#12777=CARTESIAN_POINT('',(2.19251136879316,4.74999999763765,0.0199999999999818));
#12778=CARTESIAN_POINT('Origin',(-0.050000000000028,4.95,1.13127798036558));
#12779=CARTESIAN_POINT('',(5.0375,4.95,0.500000000000059));
#12780=CARTESIAN_POINT('',(2.59374999999999,4.95,0.500000000000059));
#12781=CARTESIAN_POINT('',(5.0375,4.95,0.815638990182816));
#12782=CARTESIAN_POINT('Origin',(5.2375,4.37200829906431,3.77795382540558));
#12783=CARTESIAN_POINT('',(4.736201471607,4.64718224690817,2.21736481776671));
#12784=CARTESIAN_POINT('',(0.15869428263756,4.64718224690818,2.21736481776671));
#12785=CARTESIAN_POINT('',(5.03900785590538,4.94998863120659,0.500064475631398));
#12786=CARTESIAN_POINT('',(4.60877964553127,4.51976042083243,2.94000990341233));
#12787=CARTESIAN_POINT('Origin',(5.0375,4.85,1.06712818196166));
#12788=CARTESIAN_POINT('Origin',(0.15869428263756,4.54870147160696,2.20000000000001));
#12789=CARTESIAN_POINT('Origin',(4.736201471607,4.54870147160695,2.20000000000001));
#12790=CARTESIAN_POINT('Origin',(-1.20748863120664,4.85,0.815638990182788));
#12791=CARTESIAN_POINT('',(-1.20748863120664,4.95,0.500000000000059));
#12792=CARTESIAN_POINT('',(-1.20748863120664,4.95,0.815638990182788));
#12793=CARTESIAN_POINT('Origin',(-1.20748863120664,4.85,1.06712818196166));
#12794=CARTESIAN_POINT('',(-1.10748863120664,4.85,0.815638990182788));
#12795=CARTESIAN_POINT('Origin',(0.15869428263756,4.54870147160696,2.20000000000001));
#12796=CARTESIAN_POINT('',(-4.83620147160715,4.64718224690818,2.21736481776671));
#12797=CARTESIAN_POINT('',(0.15869428263756,4.64718224690818,2.21736481776671));
#12798=CARTESIAN_POINT('Origin',(-4.83620147160715,4.54870147160696,2.20000000000001));
#12799=CARTESIAN_POINT('Origin',(5.2375,4.37200829906431,3.77795382540558));
#12800=CARTESIAN_POINT('',(-5.1375,4.95,0.500000000000059));
#12801=CARTESIAN_POINT('',(2.59374999999999,4.95,0.500000000000059));
#12802=CARTESIAN_POINT('',(-5.13900785590537,4.9499886312066,0.500064475631398));
#12803=CARTESIAN_POINT('Origin',(-5.1375,4.85,1.06712818196166));
#12804=CARTESIAN_POINT('',(-4.70805805304768,4.51903882834863,2.94410225774697));
#12805=CARTESIAN_POINT('Origin',(-0.050000000000028,4.95,1.13127798036558));
#12806=CARTESIAN_POINT('',(-5.1375,4.95,0.575638990182778));
#12807=CARTESIAN_POINT('Origin',(-1.20748863120665,-4.85,0.815638990182788));
#12808=CARTESIAN_POINT('',(-1.10748863120665,-4.85,0.5));
#12809=CARTESIAN_POINT('',(-1.10748863120665,-4.85,0.815638990182788));
#12810=CARTESIAN_POINT('',(-1.10750000000006,-4.85150785590539,0.500064475631344));
#12811=CARTESIAN_POINT('Origin',(-1.20748863120665,-4.85,1.06712818196161));
#12812=CARTESIAN_POINT('',(-1.20598077530129,-4.94998863120659,0.500064475631405));
#12813=CARTESIAN_POINT('Origin',(-1.20748863120665,-4.85,0.491251133647405));
#12814=CARTESIAN_POINT('',(-1.20748863120665,-4.95,0.500000000000059));
#12815=CARTESIAN_POINT('Origin',(-1.20748863120665,-4.85,1.06712818196167));
#12816=CARTESIAN_POINT('',(-1.20748863120665,-4.95,0.815638990182788));
#12817=CARTESIAN_POINT('Origin',(-0.980809892219359,-5.0766787389873,-0.794307877664737));
#12818=CARTESIAN_POINT('',(-1.50878715959971,-4.64718224690818,2.21736481776671));
#12819=CARTESIAN_POINT('Origin',(-1.50878715959971,-4.54870147160696,2.20000000000001));
#12820=CARTESIAN_POINT('',(-0.98080989221936,-5.17515951428852,-0.776943059898039));
#12821=CARTESIAN_POINT('',(-0.882329116918139,-5.0766787389873,-0.776943059898039));
#12822=CARTESIAN_POINT('Origin',(-0.0500000000000396,-4.95,1.13127798036558));
#12823=CARTESIAN_POINT('',(-5.1375,-4.95,0.500000000000059));
#12824=CARTESIAN_POINT('',(2.59374999999998,-4.95,0.500000000000059));
#12825=CARTESIAN_POINT('',(-5.1375,-4.95,0.575638990182778));
#12826=CARTESIAN_POINT('Origin',(5.2375,-4.95,0.500000000000057));
#12827=CARTESIAN_POINT('',(-4.83620147160716,-4.64718224690817,2.21736481776671));
#12828=CARTESIAN_POINT('',(0.158694282637549,-4.64718224690818,2.21736481776671));
#12829=CARTESIAN_POINT('',(-5.13900785590538,-4.94998863120659,0.500064475631398));
#12830=CARTESIAN_POINT('',(-4.84370294596274,-4.65468372126376,2.17482184263356));
#12831=CARTESIAN_POINT('Origin',(-5.1375,-4.85,1.06712818196166));
#12832=CARTESIAN_POINT('Origin',(0.158694282637549,-4.54870147160696,2.20000000000001));
#12833=CARTESIAN_POINT('Origin',(-4.83620147160716,-4.54870147160695,2.20000000000001));
#12834=CARTESIAN_POINT('Origin',(2.29251136879315,-4.85,0.815638990182788));
#12835=CARTESIAN_POINT('',(2.29251136879315,-4.95,0.500000000000059));
#12836=CARTESIAN_POINT('',(2.29251136879315,-4.95,0.815638990182788));
#12837=CARTESIAN_POINT('Origin',(2.29251136879315,-4.85,1.06712818196166));
#12838=CARTESIAN_POINT('',(2.19251136879315,-4.85,0.5));
#12839=CARTESIAN_POINT('Origin',(2.29251136879315,-4.85,1.06712818196161));
#12840=CARTESIAN_POINT('',(2.19251136879315,-4.85,0.815638990182788));
#12841=CARTESIAN_POINT('Origin',(5.2375,-4.95,0.500000000000057));
#12842=CARTESIAN_POINT('',(5.0375,-4.95,0.500000000000059));
#12843=CARTESIAN_POINT('',(2.59374999999998,-4.95,0.500000000000059));
#12844=CARTESIAN_POINT('',(5.03900785590537,-4.9499886312066,0.5000644756314));
#12845=CARTESIAN_POINT('Origin',(5.0375,-4.85,1.06712818196166));
#12846=CARTESIAN_POINT('',(4.74442453844639,-4.65540531374758,2.17072948829895));
#12847=CARTESIAN_POINT('Origin',(-0.0500000000000396,-4.95,1.13127798036558));
#12848=CARTESIAN_POINT('',(5.0375,-4.95,0.815638990182816));
#12849=CARTESIAN_POINT('Origin',(2.19251136879315,-4.94999999999996,0.5));
#12850=CARTESIAN_POINT('',(2.19251136879315,-4.74999999527347,0.5));
#12851=CARTESIAN_POINT('',(2.19251136879315,-4.87065285749996,0.5));
#12852=CARTESIAN_POINT('',(2.19251136879315,-4.74999999527347,0.5));
#12853=CARTESIAN_POINT('Origin',(-0.907488631206654,-4.74999999527347,0.5));
#12854=CARTESIAN_POINT('',(-1.10748863120665,-4.74999999527347,0.5));
#12855=CARTESIAN_POINT('',(-1.10748863120665,-4.74999999527347,0.5));
#12856=CARTESIAN_POINT('',(-0.907488631206654,-4.54999999527347,0.5));
#12857=CARTESIAN_POINT('',(-0.907488631206654,-4.54999999527347,0.5));
#12858=CARTESIAN_POINT('',(-0.910504343017406,-4.55002273286028,0.499871048737316));
#12859=CARTESIAN_POINT('Origin',(-0.907488631206654,-4.74999999527347,-0.634256363923212));
#12860=CARTESIAN_POINT('',(-1.10746589361984,-4.74698428346272,0.499871048737311));
#12861=CARTESIAN_POINT('Origin',(-0.907488631206654,-4.74999999527347,0.517497732705192));
#12862=CARTESIAN_POINT('Origin',(-0.907488631206654,-4.74999999527347,-0.634256363923216));
#12863=CARTESIAN_POINT('Origin',(-0.942644921612866,-4.71484370486726,0.716878963331087));
#12864=CARTESIAN_POINT('',(-1.13960647221531,-4.71484370486726,0.682149327797691));
#12865=CARTESIAN_POINT('',(-0.942644921612865,-4.51788215426482,0.682149327797691));
#12866=CARTESIAN_POINT('Origin',(-1.10748863120665,-4.54999999527347,0.5));
#12867=CARTESIAN_POINT('',(-1.10748863120665,-4.87065285749996,0.5));
#12868=CARTESIAN_POINT('Origin',(-0.846885495546299,-5.14999999999996,-0.977953825405518));
#12869=CARTESIAN_POINT('Origin',(1.99251136879315,-4.74999999527347,0.5));
#12870=CARTESIAN_POINT('',(1.99251136879315,-4.54999999527347,0.5));
#12871=CARTESIAN_POINT('',(1.99251136879315,-4.54999999527347,0.5));
#12872=CARTESIAN_POINT('',(2.19248863120634,-4.74698428346272,0.499871048737313));
#12873=CARTESIAN_POINT('Origin',(1.99251136879315,-4.74999999527347,-0.634256363923215));
#12874=CARTESIAN_POINT('',(1.9955270806039,-4.55002273286028,0.49987104873731));
#12875=CARTESIAN_POINT('Origin',(1.99251136879315,-4.74999999527347,0.517497732705193));
#12876=CARTESIAN_POINT('Origin',(1.99251136879315,-4.74999999527347,-0.634256363923217));
#12877=CARTESIAN_POINT('Origin',(2.24476253607928,-4.49774882798734,1.94808519171194));
#12878=CARTESIAN_POINT('',(2.24476253607928,-4.3007872773849,1.91335555617855));
#12879=CARTESIAN_POINT('',(2.44172408668172,-4.49774882798735,1.91335555617855));
#12880=CARTESIAN_POINT('Origin',(2.19251136879315,-4.54999999527347,0.5));
#12881=CARTESIAN_POINT('',(-0.541182913844366,-4.54999999527347,0.5));
#12882=CARTESIAN_POINT('Origin',(-1.62487719648198,-4.23261142999814,2.3));
#12883=CARTESIAN_POINT('Origin',(-0.907488631206642,4.74999999527529,0.5));
#12884=CARTESIAN_POINT('',(-0.907488631206642,4.54999999527529,0.5));
#12885=CARTESIAN_POINT('',(-1.10748863120664,4.74999999527529,0.5));
#12886=CARTESIAN_POINT('Origin',(-1.10748863120664,4.54999999527529,0.5));
#12887=CARTESIAN_POINT('',(1.99251136879316,4.54999999527529,0.5));
#12888=CARTESIAN_POINT('Origin',(1.99251136879316,4.74999999527529,0.5));
#12889=CARTESIAN_POINT('',(2.19251136879316,4.74999999527529,0.5));
#12890=CARTESIAN_POINT('Origin',(2.19251136879316,4.54999999527529,0.5));
#12891=CARTESIAN_POINT('Origin',(-1.10748863120664,4.94999999999996,0.5));
#12892=CARTESIAN_POINT('Origin',(5.0375,4.85,0.815638990182816));
#12893=CARTESIAN_POINT('',(5.1374886312066,4.85150785590537,0.500064475631398));
#12894=CARTESIAN_POINT('',(5.1375,4.85,0.500000000000057));
#12895=CARTESIAN_POINT('Origin',(5.0375,4.85,1.06712818196173));
#12896=CARTESIAN_POINT('',(5.1375,4.85,0.815638990182816));
#12897=CARTESIAN_POINT('Origin',(5.0375,4.85,0.491251133647454));
#12898=CARTESIAN_POINT('Origin',(5.1375,4.95,0.500000000000057));
#12899=CARTESIAN_POINT('',(5.1375,-4.85,0.500000000000057));
#12900=CARTESIAN_POINT('',(5.1375,4.95,0.500000000000057));
#12901=CARTESIAN_POINT('',(5.1375,-4.85,0.815638990182816));
#12902=CARTESIAN_POINT('Origin',(4.82011143472472,4.95,2.30000000000001));
#12903=CARTESIAN_POINT('',(4.83468224690822,4.54870147160695,2.21736481776671));
#12904=CARTESIAN_POINT('',(4.7072604208325,4.42127964553121,2.94000990341233));
#12905=CARTESIAN_POINT('',(4.83468224690821,-4.54870147160696,2.21736481776671));
#12906=CARTESIAN_POINT('',(4.83468224690822,4.95,2.21736481776671));
#12907=CARTESIAN_POINT('',(5.13748863120659,-4.85150785590538,0.500064475631401));
#12908=CARTESIAN_POINT('',(4.84290531374761,-4.55692453844636,2.17072948829895));
#12909=CARTESIAN_POINT('Origin',(5.0375,-4.85,1.06712818196173));
#12910=CARTESIAN_POINT('Origin',(4.60877964553127,4.42127964553121,2.92264508564564));
#12911=CARTESIAN_POINT('Origin',(4.736201471607,4.54870147160695,2.20000000000001));
#12912=CARTESIAN_POINT('Origin',(5.0375,-4.85,0.815638990182816));
#12913=CARTESIAN_POINT('Origin',(5.0375,-4.85,0.491251133647458));
#12914=CARTESIAN_POINT('Origin',(4.74442453844639,-4.55692453844636,2.15336467053225));
#12915=CARTESIAN_POINT('Origin',(4.73620147160699,-4.54870147160696,2.20000000000001));
#12916=CARTESIAN_POINT('Origin',(-5.1375,-4.85,0.575638990182778));
#12917=CARTESIAN_POINT('',(-5.2374886312066,-4.85150785590537,0.5000644756314));
#12918=CARTESIAN_POINT('',(-5.2375,-4.85,0.500000000000057));
#12919=CARTESIAN_POINT('Origin',(-5.1375,-4.85,1.06712818196204));
#12920=CARTESIAN_POINT('',(-5.2375,-4.85,0.575638990182778));
#12921=CARTESIAN_POINT('Origin',(-5.1375,-4.85,0.491251133647465));
#12922=CARTESIAN_POINT('Origin',(-5.2375,4.95,0.0199999999999818));
#12923=CARTESIAN_POINT('',(-5.2375,4.85,0.500000000000057));
#12924=CARTESIAN_POINT('',(-5.2375,4.95,0.500000000000057));
#12925=CARTESIAN_POINT('',(-5.2375,4.85,0.575638990182778));
#12926=CARTESIAN_POINT('Origin',(-5.2375,4.95,0.500000000000057));
#12927=CARTESIAN_POINT('',(-4.93468224690838,-4.54870147160695,2.2173648177667));
#12928=CARTESIAN_POINT('',(-4.94218372126396,-4.55620294596254,2.17482184263355));
#12929=CARTESIAN_POINT('',(-4.93468224690837,4.54870147160696,2.2173648177667));
#12930=CARTESIAN_POINT('',(-4.93468224690837,4.95,2.2173648177667));
#12931=CARTESIAN_POINT('',(-5.23748863120659,4.85150785590538,0.500064475631397));
#12932=CARTESIAN_POINT('',(-4.8065388283489,4.42055805304741,2.94410225774696));
#12933=CARTESIAN_POINT('Origin',(-5.1375,4.85,1.06712818196204));
#12934=CARTESIAN_POINT('Origin',(-4.84370294596274,-4.55620294596254,2.15745702486686));
#12935=CARTESIAN_POINT('Origin',(-4.83620147160716,-4.54870147160695,2.20000000000001));
#12936=CARTESIAN_POINT('Origin',(-5.1375,4.85,0.575638990182778));
#12937=CARTESIAN_POINT('Origin',(-5.1375,4.85,0.491251133647462));
#12938=CARTESIAN_POINT('Origin',(-4.70805805304768,4.42055805304741,2.92673743998027));
#12939=CARTESIAN_POINT('Origin',(-4.83620147160715,4.54870147160696,2.20000000000001));
#12940=CARTESIAN_POINT('Origin',(-4.83620147160715,4.54870147160696,2.20000000000001));
#12941=CARTESIAN_POINT('Origin',(-4.83620147160715,4.54870147160696,2.20000000000001));
#12942=CARTESIAN_POINT('Origin',(-4.83620147160716,-4.54870147160695,2.20000000000001));
#12943=CARTESIAN_POINT('Origin',(-4.83620147160716,-4.54870147160695,2.20000000000001));
#12944=CARTESIAN_POINT('Origin',(-4.83620147160715,4.95,2.20000000000001));
#12945=CARTESIAN_POINT('Origin',(4.73620147160699,-4.54870147160696,2.20000000000001));
#12946=CARTESIAN_POINT('Origin',(4.73620147160699,-4.54870147160696,2.20000000000001));
#12947=CARTESIAN_POINT('Origin',(4.736201471607,4.54870147160695,2.20000000000001));
#12948=CARTESIAN_POINT('Origin',(4.736201471607,4.54870147160695,2.20000000000001));
#12949=CARTESIAN_POINT('Origin',(4.736201471607,4.95,2.20000000000001));
#12950=CARTESIAN_POINT('Origin',(2.50989993406848,-5.14999999999996,2.3));
#12951=CARTESIAN_POINT('Origin',(-0.05,4.89842541528951E-17,2.28000000000001));
#12952=CARTESIAN_POINT('',(-0.0499999999999981,1.5,2.28000000000001));
#12953=CARTESIAN_POINT('Origin',(-0.05,4.89842541528951E-17,2.28000000000001));
#12954=CARTESIAN_POINT('Origin',(-0.05,4.89842541528951E-17,2.2));
#12955=CARTESIAN_POINT('',(-0.0500000000000018,-1.5,2.22));
#12956=CARTESIAN_POINT('Origin',(-0.05,4.89842541528951E-17,2.22));
#12957=CARTESIAN_POINT('Origin',(-0.05,4.89842541528951E-17,2.22));
#12958=CARTESIAN_POINT('',(-0.0500000000000021,-1.48,2.2));
#12959=CARTESIAN_POINT('Origin',(-0.05,4.89842541528951E-17,2.2));
#12960=CARTESIAN_POINT('Origin',(-0.05,4.89842541528951E-17,2.2));
#12961=CARTESIAN_POINT('Origin',(-4.23750000000032,-4.59999999999986,0.));
#12962=CARTESIAN_POINT('',(-4.23750000000032,2.19999999999941,0.));
#12963=CARTESIAN_POINT('',(-4.23750000000032,2.19999999999941,0.5));
#12964=CARTESIAN_POINT('',(-4.23750000000032,2.19999999999941,0.));
#12965=CARTESIAN_POINT('',(-4.23750000000032,-4.59999999999986,0.5));
#12966=CARTESIAN_POINT('',(-4.23750000000032,-2.59999999999988,0.5));
#12967=CARTESIAN_POINT('',(-4.23750000000032,-4.59999999999986,0.));
#12968=CARTESIAN_POINT('',(-4.23750000000032,-4.59999999999983,0.));
#12969=CARTESIAN_POINT('',(-4.23750000000032,-2.59999999999988,0.));
#12970=CARTESIAN_POINT('Origin',(-3.93750000000032,-4.59999999999986,0.));
#12971=CARTESIAN_POINT('',(-5.83750000000032,-4.59999999999969,0.5));
#12972=CARTESIAN_POINT('',(-5.83750000000032,-4.59999999999969,0.5));
#12973=CARTESIAN_POINT('',(-5.83750000000032,-4.59999999999969,0.));
#12974=CARTESIAN_POINT('',(-5.83750000000032,-4.59999999999969,0.));
#12975=CARTESIAN_POINT('',(-5.83750000000032,-4.59999999999969,0.));
#12976=CARTESIAN_POINT('Origin',(-4.9506578947373,-0.599999999999902,0.5));
#12977=CARTESIAN_POINT('',(-5.83750000000032,2.20000000000192,0.5));
#12978=CARTESIAN_POINT('',(-4.59407894736881,2.19999999999941,0.5));
#12979=CARTESIAN_POINT('',(-5.83750000000032,1.40000000000208,0.5));
#12980=CARTESIAN_POINT('',(-5.83750000000032,2.20000000000192,0.5));
#12981=CARTESIAN_POINT('',(-4.63750000000215,1.40000000000173,0.5));
#12982=CARTESIAN_POINT('',(-5.83750000000032,1.40000000000208,0.5));
#12983=CARTESIAN_POINT('',(-4.63750000000203,1.00000000000119,0.5));
#12984=CARTESIAN_POINT('',(-4.63750000000215,1.40000000000173,0.5));
#12985=CARTESIAN_POINT('',(-5.83750000000032,1.00000000000119,0.5));
#12986=CARTESIAN_POINT('',(-4.63750000000203,1.00000000000119,0.5));
#12987=CARTESIAN_POINT('',(-5.83750000000032,0.200000000001803,0.5));
#12988=CARTESIAN_POINT('',(-5.83750000000032,1.00000000000119,0.5));
#12989=CARTESIAN_POINT('',(-4.63750000000181,0.200000000001461,0.5));
#12990=CARTESIAN_POINT('',(-5.83750000000032,0.200000000001803,0.5));
#12991=CARTESIAN_POINT('',(-4.63750000000181,-0.19999999999863,0.5));
#12992=CARTESIAN_POINT('',(-4.63750000000181,0.200000000001461,0.5));
#12993=CARTESIAN_POINT('',(-5.83750000000032,-0.19999999999897,0.5));
#12994=CARTESIAN_POINT('',(-4.63750000000181,-0.19999999999863,0.5));
#12995=CARTESIAN_POINT('',(-5.83750000000032,-0.999999999999152,0.5));
#12996=CARTESIAN_POINT('',(-5.83750000000032,-0.19999999999897,0.5));
#12997=CARTESIAN_POINT('',(-4.63750000000158,-0.999999999998812,0.5));
#12998=CARTESIAN_POINT('',(-5.83750000000032,-0.999999999999152,0.5));
#12999=CARTESIAN_POINT('',(-4.63750000000158,-1.39999999999936,0.5));
#13000=CARTESIAN_POINT('',(-4.63750000000158,-0.999999999998812,0.5));
#13001=CARTESIAN_POINT('',(-5.83750000000032,-1.39999999999936,0.5));
#13002=CARTESIAN_POINT('',(-4.63750000000158,-1.39999999999936,0.5));
#13003=CARTESIAN_POINT('',(-5.83750000000032,-2.19999999999982,0.5));
#13004=CARTESIAN_POINT('',(-5.83750000000032,-1.39999999999936,0.5));
#13005=CARTESIAN_POINT('',(-4.63750000000135,-2.19999999999908,0.5));
#13006=CARTESIAN_POINT('',(-5.83750000000032,-2.19999999999982,0.5));
#13007=CARTESIAN_POINT('',(-4.63750000000113,-2.60000000000008,0.5));
#13008=CARTESIAN_POINT('',(-4.63750000000135,-2.19999999999908,0.5));
#13009=CARTESIAN_POINT('',(-5.83750000000032,-2.60000000000008,0.5));
#13010=CARTESIAN_POINT('',(-4.63750000000113,-2.60000000000008,0.5));
#13011=CARTESIAN_POINT('',(-5.83750000000032,-3.39999999999936,0.5));
#13012=CARTESIAN_POINT('',(-5.83750000000032,-2.60000000000008,0.5));
#13013=CARTESIAN_POINT('',(-4.63750000000101,-3.39999999999936,0.5));
#13014=CARTESIAN_POINT('',(-5.83750000000032,-3.39999999999936,0.5));
#13015=CARTESIAN_POINT('',(-4.6375000000009,-3.7999999999999,0.5));
#13016=CARTESIAN_POINT('',(-4.63750000000101,-3.39999999999936,0.5));
#13017=CARTESIAN_POINT('',(-5.83750000000032,-3.7999999999999,0.5));
#13018=CARTESIAN_POINT('',(-4.6375000000009,-3.7999999999999,0.5));
#13019=CARTESIAN_POINT('',(-5.83750000000032,-3.7999999999999,0.5));
#13020=CARTESIAN_POINT('Origin',(-5.69410254037875,-4.37499999999936,0.0500000000000227));
#13021=CARTESIAN_POINT('',(-5.69410254037875,-4.42499999999936,0.0500000000000227));
#13022=CARTESIAN_POINT('',(-5.69410254037875,-4.37499999999936,0.100000000000023));
#13023=CARTESIAN_POINT('Origin',(-5.69410254037875,-4.37499999999936,0.0500000000000227));
#13024=CARTESIAN_POINT('',(-5.65080127018954,-4.37499999999936,0.0750000000000365));
#13025=CARTESIAN_POINT('Origin',(-5.69410254037875,-4.37499999999936,0.0500000000000227));
#13026=CARTESIAN_POINT('Origin',(-5.69410254037875,-4.37499999999936,0.0500000000000228));
#13027=CARTESIAN_POINT('Origin',(-5.69410254037875,-4.02499999999936,0.0500000000000227));
#13028=CARTESIAN_POINT('',(-5.69410254037875,-3.97499999999936,0.0500000000000227));
#13029=CARTESIAN_POINT('',(-5.65080127018954,-4.02499999999936,0.0750000000000365));
#13030=CARTESIAN_POINT('Origin',(-5.69410254037875,-4.02499999999936,0.0500000000000229));
#13031=CARTESIAN_POINT('',(-5.69410254037875,-4.02499999999936,0.100000000000023));
#13032=CARTESIAN_POINT('Origin',(-5.69410254037875,-4.02499999999936,0.0500000000000227));
#13033=CARTESIAN_POINT('Origin',(-5.69410254037875,-4.02499999999936,0.0500000000000227));
#13034=CARTESIAN_POINT('Origin',(-5.69410254037875,-3.97499999999936,0.0500000000000227));
#13035=CARTESIAN_POINT('',(-5.69410254037875,-3.97499999999936,0.100000000000023));
#13036=CARTESIAN_POINT('',(-5.65080127018954,-3.97499999999936,0.0750000000000365));
#13037=CARTESIAN_POINT('Origin',(-5.88632021354046,-4.02499999999936,0.0500000000000227));
#13038=CARTESIAN_POINT('',(-5.83750000000032,-4.02499999999936,0.100000000000023));
#13039=CARTESIAN_POINT('',(-5.83750000000032,-3.97499999999936,0.0500000000000227));
#13040=CARTESIAN_POINT('Origin',(-5.83750000000032,-4.02499999999936,0.0500000000000227));
#13041=CARTESIAN_POINT('',(-5.88632021354046,-3.97499999999936,0.0500000000000227));
#13042=CARTESIAN_POINT('',(-5.88632021354046,-4.02499999999936,0.100000000000023));
#13043=CARTESIAN_POINT('Origin',(-5.71016786519641,-4.02499999999936,0.0778259588242839));
#13044=CARTESIAN_POINT('',(-5.66523502691924,-3.97499999999936,0.));
#13045=CARTESIAN_POINT('',(-5.60750000000026,-4.02499999999936,0.));
#13046=CARTESIAN_POINT('Origin',(-5.66523502691924,-4.02499999999936,0.));
#13047=CARTESIAN_POINT('',(-5.6668665950072,-4.02499999999936,0.102825958824298));
#13048=CARTESIAN_POINT('',(-5.71016786519641,-3.97499999999936,0.0778259588242839));
#13049=CARTESIAN_POINT('Origin',(-5.71016786519641,-4.37499999999936,0.0778259588242837));
#13050=CARTESIAN_POINT('',(-5.60750000000026,-4.37499999999936,0.));
#13051=CARTESIAN_POINT('',(-5.66523502691924,-4.42499999999936,0.));
#13052=CARTESIAN_POINT('Origin',(-5.66523502691924,-4.37499999999936,0.));
#13053=CARTESIAN_POINT('',(-5.71016786519641,-4.42499999999936,0.0778259588242837));
#13054=CARTESIAN_POINT('',(-5.6668665950072,-4.37499999999936,0.102825958824297));
#13055=CARTESIAN_POINT('Origin',(-5.88632021354046,-4.37499999999936,0.0500000000000227));
#13056=CARTESIAN_POINT('',(-5.83750000000032,-4.42499999999936,0.0500000000000227));
#13057=CARTESIAN_POINT('',(-5.83750000000032,-4.37499999999936,0.100000000000023));
#13058=CARTESIAN_POINT('Origin',(-5.83750000000032,-4.37499999999936,0.0500000000000227));
#13059=CARTESIAN_POINT('',(-5.88632021354046,-4.37499999999936,0.100000000000023));
#13060=CARTESIAN_POINT('',(-5.88632021354046,-4.42499999999936,0.0500000000000227));
#13061=CARTESIAN_POINT('Origin',(-5.79937667552216,-4.42499999999936,0.0300891732676203));
#13062=CARTESIAN_POINT('',(-5.83750000000032,-4.42499999999936,0.));
#13063=CARTESIAN_POINT('',(-5.37501728512973,-4.42499999999936,0.));
#13064=CARTESIAN_POINT('',(-5.83750000000032,-4.42499999999936,0.0150445866338101));
#13065=CARTESIAN_POINT('Origin',(-5.66523502691928,-3.97499999999936,0.100000000000023));
#13066=CARTESIAN_POINT('',(-5.60750000000026,-2.28749999999963,0.));
#13067=CARTESIAN_POINT('Origin',(-5.69410254037875,-3.17499999999936,0.0500000000000227));
#13068=CARTESIAN_POINT('',(-5.69410254037875,-3.22499999999936,0.0500000000000227));
#13069=CARTESIAN_POINT('',(-5.69410254037875,-3.17499999999936,0.100000000000023));
#13070=CARTESIAN_POINT('Origin',(-5.69410254037875,-3.17499999999936,0.0500000000000227));
#13071=CARTESIAN_POINT('',(-5.65080127018954,-3.17499999999936,0.0750000000000365));
#13072=CARTESIAN_POINT('Origin',(-5.69410254037875,-3.17499999999936,0.0500000000000227));
#13073=CARTESIAN_POINT('Origin',(-5.69410254037875,-3.17499999999936,0.0500000000000228));
#13074=CARTESIAN_POINT('Origin',(-5.69410254037875,-2.82499999999936,0.0500000000000227));
#13075=CARTESIAN_POINT('',(-5.65080127018954,-2.82499999999936,0.0750000000000365));
#13076=CARTESIAN_POINT('',(-5.69410254037875,-2.82499999999936,0.100000000000023));
#13077=CARTESIAN_POINT('Origin',(-5.69410254037875,-2.82499999999936,0.0500000000000227));
#13078=CARTESIAN_POINT('',(-5.69410254037875,-2.77499999999936,0.0500000000000227));
#13079=CARTESIAN_POINT('Origin',(-5.69410254037875,-2.82499999999936,0.0500000000000227));
#13080=CARTESIAN_POINT('Origin',(-5.69410254037875,-2.82499999999936,0.0500000000000229));
#13081=CARTESIAN_POINT('Origin',(-5.88632021354046,-2.82499999999936,0.0500000000000227));
#13082=CARTESIAN_POINT('',(-5.83750000000032,-2.82499999999936,0.100000000000023));
#13083=CARTESIAN_POINT('',(-5.83750000000032,-2.77499999999936,0.0500000000000227));
#13084=CARTESIAN_POINT('Origin',(-5.83750000000032,-2.82499999999936,0.0500000000000227));
#13085=CARTESIAN_POINT('',(-5.88632021354046,-2.77499999999936,0.0500000000000227));
#13086=CARTESIAN_POINT('',(-5.88632021354046,-2.82499999999936,0.100000000000023));
#13087=CARTESIAN_POINT('Origin',(-5.71016786519641,-2.82499999999936,0.0778259588242839));
#13088=CARTESIAN_POINT('',(-5.66523502691923,-2.77499999999936,0.));
#13089=CARTESIAN_POINT('',(-5.60750000000026,-2.82499999999936,0.));
#13090=CARTESIAN_POINT('Origin',(-5.66523502691923,-2.82499999999936,0.));
#13091=CARTESIAN_POINT('',(-5.66686659500719,-2.82499999999936,0.102825958824298));
#13092=CARTESIAN_POINT('',(-5.71016786519641,-2.77499999999936,0.0778259588242839));
#13093=CARTESIAN_POINT('Origin',(-5.69410254037875,-2.77499999999936,0.0500000000000227));
#13094=CARTESIAN_POINT('',(-5.69410254037875,-2.77499999999936,0.100000000000023));
#13095=CARTESIAN_POINT('',(-5.65080127018954,-2.77499999999936,0.0750000000000365));
#13096=CARTESIAN_POINT('Origin',(-5.71016786519641,-3.17499999999936,0.0778259588242837));
#13097=CARTESIAN_POINT('',(-5.60750000000026,-3.17499999999936,0.));
#13098=CARTESIAN_POINT('',(-5.66523502691923,-3.22499999999936,0.));
#13099=CARTESIAN_POINT('Origin',(-5.66523502691923,-3.17499999999936,0.));
#13100=CARTESIAN_POINT('',(-5.71016786519641,-3.22499999999936,0.0778259588242837));
#13101=CARTESIAN_POINT('',(-5.66686659500719,-3.17499999999936,0.102825958824297));
#13102=CARTESIAN_POINT('Origin',(-5.88632021354046,-3.17499999999936,0.0500000000000227));
#13103=CARTESIAN_POINT('',(-5.83750000000032,-3.22499999999936,0.0500000000000227));
#13104=CARTESIAN_POINT('',(-5.83750000000032,-3.17499999999936,0.100000000000023));
#13105=CARTESIAN_POINT('Origin',(-5.83750000000032,-3.17499999999936,0.0500000000000227));
#13106=CARTESIAN_POINT('',(-5.88632021354046,-3.17499999999936,0.100000000000023));
#13107=CARTESIAN_POINT('',(-5.88632021354046,-3.22499999999936,0.0500000000000227));
#13108=CARTESIAN_POINT('Origin',(-5.66523502691928,-2.77499999999936,0.100000000000023));
#13109=CARTESIAN_POINT('',(-5.60750000000026,-1.68749999999963,0.));
#13110=CARTESIAN_POINT('Origin',(-5.79937667552216,-2.77499999999936,0.0300891732676203));
#13111=CARTESIAN_POINT('',(-5.83750000000032,-2.77499999999936,0.));
#13112=CARTESIAN_POINT('',(-5.83750000000032,-2.77499999999936,0.0150445866338101));
#13113=CARTESIAN_POINT('',(-5.37501728512973,-2.77499999999936,0.));
#13114=CARTESIAN_POINT('Origin',(-5.69410254037875,-1.97499999999936,0.0500000000000227));
#13115=CARTESIAN_POINT('',(-5.69410254037875,-2.02499999999936,0.0500000000000227));
#13116=CARTESIAN_POINT('',(-5.69410254037875,-1.97499999999936,0.100000000000023));
#13117=CARTESIAN_POINT('Origin',(-5.69410254037875,-1.97499999999936,0.0500000000000227));
#13118=CARTESIAN_POINT('',(-5.65080127018953,-1.97499999999936,0.0750000000000365));
#13119=CARTESIAN_POINT('Origin',(-5.69410254037875,-1.97499999999936,0.0500000000000227));
#13120=CARTESIAN_POINT('Origin',(-5.69410254037875,-1.97499999999936,0.0500000000000228));
#13121=CARTESIAN_POINT('Origin',(-5.69410254037875,-1.62499999999936,0.0500000000000227));
#13122=CARTESIAN_POINT('',(-5.69410254037875,-1.57499999999936,0.0500000000000227));
#13123=CARTESIAN_POINT('',(-5.65080127018953,-1.62499999999936,0.0750000000000365));
#13124=CARTESIAN_POINT('Origin',(-5.69410254037875,-1.62499999999936,0.0500000000000229));
#13125=CARTESIAN_POINT('',(-5.69410254037875,-1.62499999999936,0.100000000000023));
#13126=CARTESIAN_POINT('Origin',(-5.69410254037875,-1.62499999999936,0.0500000000000227));
#13127=CARTESIAN_POINT('Origin',(-5.69410254037875,-1.62499999999936,0.0500000000000227));
#13128=CARTESIAN_POINT('Origin',(-5.69410254037875,-1.57499999999936,0.0500000000000227));
#13129=CARTESIAN_POINT('',(-5.69410254037875,-1.57499999999936,0.100000000000023));
#13130=CARTESIAN_POINT('',(-5.65080127018953,-1.57499999999936,0.0750000000000365));
#13131=CARTESIAN_POINT('Origin',(-5.88632021354046,-1.62499999999936,0.0500000000000227));
#13132=CARTESIAN_POINT('',(-5.83750000000032,-1.62499999999936,0.100000000000023));
#13133=CARTESIAN_POINT('',(-5.83750000000032,-1.57499999999936,0.0500000000000227));
#13134=CARTESIAN_POINT('Origin',(-5.83750000000032,-1.62499999999936,0.0500000000000227));
#13135=CARTESIAN_POINT('',(-5.88632021354046,-1.57499999999936,0.0500000000000227));
#13136=CARTESIAN_POINT('',(-5.88632021354046,-1.62499999999936,0.100000000000023));
#13137=CARTESIAN_POINT('Origin',(-5.71016786519641,-1.62499999999936,0.0778259588242839));
#13138=CARTESIAN_POINT('',(-5.66523502691923,-1.57499999999936,0.));
#13139=CARTESIAN_POINT('',(-5.60750000000026,-1.62499999999936,0.));
#13140=CARTESIAN_POINT('Origin',(-5.66523502691923,-1.62499999999936,0.));
#13141=CARTESIAN_POINT('',(-5.66686659500719,-1.62499999999936,0.102825958824298));
#13142=CARTESIAN_POINT('',(-5.71016786519641,-1.57499999999936,0.0778259588242839));
#13143=CARTESIAN_POINT('Origin',(-5.71016786519641,-1.97499999999936,0.0778259588242837));
#13144=CARTESIAN_POINT('',(-5.60750000000026,-1.97499999999936,0.));
#13145=CARTESIAN_POINT('',(-5.66523502691923,-2.02499999999936,0.));
#13146=CARTESIAN_POINT('Origin',(-5.66523502691923,-1.97499999999936,0.));
#13147=CARTESIAN_POINT('',(-5.71016786519641,-2.02499999999936,0.0778259588242837));
#13148=CARTESIAN_POINT('',(-5.66686659500719,-1.97499999999936,0.102825958824297));
#13149=CARTESIAN_POINT('Origin',(-5.88632021354046,-1.97499999999936,0.0500000000000227));
#13150=CARTESIAN_POINT('',(-5.83750000000032,-2.02499999999936,0.0500000000000227));
#13151=CARTESIAN_POINT('',(-5.83750000000032,-1.97499999999936,0.100000000000023));
#13152=CARTESIAN_POINT('Origin',(-5.83750000000032,-1.97499999999936,0.0500000000000227));
#13153=CARTESIAN_POINT('',(-5.88632021354046,-1.97499999999936,0.100000000000023));
#13154=CARTESIAN_POINT('',(-5.88632021354046,-2.02499999999936,0.0500000000000227));
#13155=CARTESIAN_POINT('Origin',(-5.79937667552216,-2.02499999999936,0.0300891732676203));
#13156=CARTESIAN_POINT('',(-5.83750000000032,-2.02499999999936,0.));
#13157=CARTESIAN_POINT('',(-5.37501728512973,-2.02499999999936,0.));
#13158=CARTESIAN_POINT('',(-5.83750000000032,-2.02499999999936,0.0150445866338101));
#13159=CARTESIAN_POINT('Origin',(-5.66523502691928,-1.57499999999936,0.100000000000023));
#13160=CARTESIAN_POINT('',(-5.60750000000026,-1.08749999999963,0.));
#13161=CARTESIAN_POINT('Origin',(-5.69410254037875,-0.774999999999357,0.0500000000000227));
#13162=CARTESIAN_POINT('',(-5.69410254037875,-0.824999999999357,0.0500000000000227));
#13163=CARTESIAN_POINT('',(-5.69410254037875,-0.774999999999357,0.100000000000023));
#13164=CARTESIAN_POINT('Origin',(-5.69410254037875,-0.774999999999357,0.0500000000000227));
#13165=CARTESIAN_POINT('',(-5.65080127018953,-0.774999999999357,0.0750000000000365));
#13166=CARTESIAN_POINT('Origin',(-5.69410254037875,-0.774999999999357,0.0500000000000227));
#13167=CARTESIAN_POINT('Origin',(-5.69410254037875,-0.774999999999357,0.0500000000000228));
#13168=CARTESIAN_POINT('Origin',(-5.69410254037875,-0.424999999999357,0.0500000000000227));
#13169=CARTESIAN_POINT('',(-5.65080127018953,-0.424999999999357,0.0750000000000365));
#13170=CARTESIAN_POINT('',(-5.69410254037875,-0.424999999999357,0.100000000000023));
#13171=CARTESIAN_POINT('Origin',(-5.69410254037875,-0.424999999999357,0.0500000000000227));
#13172=CARTESIAN_POINT('',(-5.69410254037875,-0.374999999999356,0.0500000000000227));
#13173=CARTESIAN_POINT('Origin',(-5.69410254037875,-0.424999999999357,0.0500000000000227));
#13174=CARTESIAN_POINT('Origin',(-5.69410254037875,-0.424999999999357,0.0500000000000229));
#13175=CARTESIAN_POINT('Origin',(-5.88632021354046,-0.424999999999356,0.0500000000000227));
#13176=CARTESIAN_POINT('',(-5.83750000000032,-0.424999999999356,0.100000000000023));
#13177=CARTESIAN_POINT('',(-5.83750000000032,-0.374999999999356,0.0500000000000227));
#13178=CARTESIAN_POINT('Origin',(-5.83750000000032,-0.424999999999356,0.0500000000000227));
#13179=CARTESIAN_POINT('',(-5.88632021354046,-0.374999999999356,0.0500000000000227));
#13180=CARTESIAN_POINT('',(-5.88632021354046,-0.424999999999356,0.100000000000023));
#13181=CARTESIAN_POINT('Origin',(-5.71016786519641,-0.424999999999357,0.0778259588242839));
#13182=CARTESIAN_POINT('',(-5.66523502691923,-0.374999999999356,0.));
#13183=CARTESIAN_POINT('',(-5.60750000000026,-0.424999999999357,0.));
#13184=CARTESIAN_POINT('Origin',(-5.66523502691923,-0.424999999999357,0.));
#13185=CARTESIAN_POINT('',(-5.66686659500719,-0.424999999999357,0.102825958824298));
#13186=CARTESIAN_POINT('',(-5.71016786519641,-0.374999999999356,0.0778259588242839));
#13187=CARTESIAN_POINT('Origin',(-5.69410254037875,-0.374999999999356,0.0500000000000227));
#13188=CARTESIAN_POINT('',(-5.69410254037875,-0.374999999999356,0.100000000000023));
#13189=CARTESIAN_POINT('',(-5.65080127018953,-0.374999999999356,0.0750000000000365));
#13190=CARTESIAN_POINT('Origin',(-5.71016786519641,-0.774999999999357,0.0778259588242837));
#13191=CARTESIAN_POINT('',(-5.60750000000026,-0.774999999999357,0.));
#13192=CARTESIAN_POINT('',(-5.66523502691923,-0.824999999999357,0.));
#13193=CARTESIAN_POINT('Origin',(-5.66523502691923,-0.774999999999357,0.));
#13194=CARTESIAN_POINT('',(-5.71016786519641,-0.824999999999357,0.0778259588242837));
#13195=CARTESIAN_POINT('',(-5.66686659500719,-0.774999999999357,0.102825958824297));
#13196=CARTESIAN_POINT('Origin',(-5.88632021354046,-0.774999999999356,0.0500000000000227));
#13197=CARTESIAN_POINT('',(-5.83750000000032,-0.824999999999356,0.0500000000000227));
#13198=CARTESIAN_POINT('',(-5.83750000000032,-0.774999999999356,0.100000000000023));
#13199=CARTESIAN_POINT('Origin',(-5.83750000000032,-0.774999999999356,0.0500000000000227));
#13200=CARTESIAN_POINT('',(-5.88632021354046,-0.774999999999356,0.100000000000023));
#13201=CARTESIAN_POINT('',(-5.88632021354046,-0.824999999999356,0.0500000000000227));
#13202=CARTESIAN_POINT('Origin',(-5.66523502691928,-0.374999999999356,0.100000000000023));
#13203=CARTESIAN_POINT('',(-5.60750000000026,-0.487499999999629,0.));
#13204=CARTESIAN_POINT('Origin',(-5.79937667552216,-0.374999999999356,0.0300891732676203));
#13205=CARTESIAN_POINT('',(-5.83750000000032,-0.374999999999356,0.));
#13206=CARTESIAN_POINT('',(-5.83750000000032,-0.374999999999356,0.0150445866338101));
#13207=CARTESIAN_POINT('',(-5.37501728512973,-0.374999999999357,0.));
#13208=CARTESIAN_POINT('Origin',(-5.69410254037875,0.425000000000643,0.0500000000000227));
#13209=CARTESIAN_POINT('',(-5.69410254037875,0.375000000000644,0.0500000000000227));
#13210=CARTESIAN_POINT('',(-5.69410254037875,0.425000000000643,0.100000000000023));
#13211=CARTESIAN_POINT('Origin',(-5.69410254037875,0.425000000000643,0.0500000000000227));
#13212=CARTESIAN_POINT('',(-5.65080127018953,0.425000000000643,0.0750000000000365));
#13213=CARTESIAN_POINT('Origin',(-5.69410254037875,0.425000000000643,0.0500000000000227));
#13214=CARTESIAN_POINT('Origin',(-5.69410254037875,0.425000000000643,0.0500000000000228));
#13215=CARTESIAN_POINT('Origin',(-5.69410254037875,0.775000000000644,0.0500000000000227));
#13216=CARTESIAN_POINT('',(-5.69410254037875,0.825000000000643,0.0500000000000227));
#13217=CARTESIAN_POINT('',(-5.65080127018953,0.775000000000644,0.0750000000000365));
#13218=CARTESIAN_POINT('Origin',(-5.69410254037875,0.775000000000644,0.0500000000000229));
#13219=CARTESIAN_POINT('',(-5.69410254037875,0.775000000000644,0.100000000000023));
#13220=CARTESIAN_POINT('Origin',(-5.69410254037875,0.775000000000644,0.0500000000000227));
#13221=CARTESIAN_POINT('Origin',(-5.69410254037875,0.775000000000644,0.0500000000000227));
#13222=CARTESIAN_POINT('Origin',(-5.69410254037875,0.825000000000643,0.0500000000000227));
#13223=CARTESIAN_POINT('',(-5.69410254037875,0.825000000000643,0.100000000000023));
#13224=CARTESIAN_POINT('',(-5.65080127018953,0.825000000000643,0.0750000000000365));
#13225=CARTESIAN_POINT('Origin',(-5.88632021354046,0.775000000000644,0.0500000000000227));
#13226=CARTESIAN_POINT('',(-5.83750000000032,0.775000000000644,0.100000000000023));
#13227=CARTESIAN_POINT('',(-5.83750000000032,0.825000000000644,0.0500000000000227));
#13228=CARTESIAN_POINT('Origin',(-5.83750000000032,0.775000000000644,0.0500000000000227));
#13229=CARTESIAN_POINT('',(-5.88632021354046,0.825000000000644,0.0500000000000227));
#13230=CARTESIAN_POINT('',(-5.88632021354046,0.775000000000644,0.100000000000023));
#13231=CARTESIAN_POINT('Origin',(-5.71016786519641,0.775000000000644,0.0778259588242839));
#13232=CARTESIAN_POINT('',(-5.66523502691923,0.825000000000643,0.));
#13233=CARTESIAN_POINT('',(-5.60750000000026,0.775000000000644,0.));
#13234=CARTESIAN_POINT('Origin',(-5.66523502691923,0.775000000000644,0.));
#13235=CARTESIAN_POINT('',(-5.66686659500719,0.775000000000644,0.102825958824298));
#13236=CARTESIAN_POINT('',(-5.71016786519641,0.825000000000643,0.0778259588242839));
#13237=CARTESIAN_POINT('Origin',(-5.71016786519641,0.425000000000643,0.0778259588242837));
#13238=CARTESIAN_POINT('',(-5.60750000000026,0.425000000000643,0.));
#13239=CARTESIAN_POINT('',(-5.66523502691923,0.375000000000644,0.));
#13240=CARTESIAN_POINT('Origin',(-5.66523502691923,0.425000000000643,0.));
#13241=CARTESIAN_POINT('',(-5.71016786519641,0.375000000000644,0.0778259588242837));
#13242=CARTESIAN_POINT('',(-5.66686659500719,0.425000000000643,0.102825958824297));
#13243=CARTESIAN_POINT('Origin',(-5.88632021354046,0.425000000000643,0.0500000000000227));
#13244=CARTESIAN_POINT('',(-5.83750000000032,0.375000000000644,0.0500000000000227));
#13245=CARTESIAN_POINT('',(-5.83750000000032,0.425000000000643,0.100000000000023));
#13246=CARTESIAN_POINT('Origin',(-5.83750000000032,0.425000000000643,0.0500000000000227));
#13247=CARTESIAN_POINT('',(-5.88632021354046,0.425000000000643,0.100000000000023));
#13248=CARTESIAN_POINT('',(-5.88632021354046,0.375000000000644,0.0500000000000227));
#13249=CARTESIAN_POINT('Origin',(-5.79937667552216,0.375000000000644,0.0300891732676203));
#13250=CARTESIAN_POINT('',(-5.83750000000032,0.375000000000644,0.));
#13251=CARTESIAN_POINT('',(-5.37501728512973,0.375000000000643,0.));
#13252=CARTESIAN_POINT('',(-5.83750000000032,0.375000000000644,0.0150445866338101));
#13253=CARTESIAN_POINT('Origin',(-5.66523502691928,0.825000000000643,0.100000000000023));
#13254=CARTESIAN_POINT('',(-5.60750000000026,0.112500000000372,0.));
#13255=CARTESIAN_POINT('Origin',(-5.69410254037875,1.62500000000064,0.0500000000000227));
#13256=CARTESIAN_POINT('',(-5.69410254037875,1.57500000000064,0.0500000000000227));
#13257=CARTESIAN_POINT('',(-5.69410254037875,1.62500000000064,0.100000000000023));
#13258=CARTESIAN_POINT('Origin',(-5.69410254037875,1.62500000000064,0.0500000000000227));
#13259=CARTESIAN_POINT('',(-5.65080127018953,1.62500000000064,0.0750000000000365));
#13260=CARTESIAN_POINT('Origin',(-5.69410254037875,1.62500000000064,0.0500000000000227));
#13261=CARTESIAN_POINT('Origin',(-5.69410254037875,1.62500000000064,0.0500000000000228));
#13262=CARTESIAN_POINT('Origin',(-5.69410254037875,1.97500000000064,0.0500000000000227));
#13263=CARTESIAN_POINT('',(-5.65080127018953,1.97500000000064,0.0750000000000365));
#13264=CARTESIAN_POINT('',(-5.69410254037875,1.97500000000064,0.100000000000023));
#13265=CARTESIAN_POINT('Origin',(-5.69410254037875,1.97500000000064,0.0500000000000227));
#13266=CARTESIAN_POINT('',(-5.69410254037875,2.02500000000064,0.0500000000000227));
#13267=CARTESIAN_POINT('Origin',(-5.69410254037875,1.97500000000064,0.0500000000000227));
#13268=CARTESIAN_POINT('Origin',(-5.69410254037875,1.97500000000064,0.0500000000000229));
#13269=CARTESIAN_POINT('Origin',(-5.88632021354046,1.97500000000064,0.0500000000000227));
#13270=CARTESIAN_POINT('',(-5.83750000000032,1.97500000000064,0.100000000000023));
#13271=CARTESIAN_POINT('',(-5.83750000000032,2.02500000000064,0.0500000000000227));
#13272=CARTESIAN_POINT('Origin',(-5.83750000000032,1.97500000000064,0.0500000000000227));
#13273=CARTESIAN_POINT('',(-5.88632021354046,2.02500000000064,0.0500000000000227));
#13274=CARTESIAN_POINT('',(-5.88632021354046,1.97500000000064,0.100000000000023));
#13275=CARTESIAN_POINT('Origin',(-5.7101678651964,1.97500000000064,0.0778259588242839));
#13276=CARTESIAN_POINT('',(-5.66523502691923,2.02500000000064,0.));
#13277=CARTESIAN_POINT('',(-5.60750000000026,1.97500000000064,0.));
#13278=CARTESIAN_POINT('Origin',(-5.66523502691923,1.97500000000064,0.));
#13279=CARTESIAN_POINT('',(-5.66686659500719,1.97500000000064,0.102825958824298));
#13280=CARTESIAN_POINT('',(-5.7101678651964,2.02500000000064,0.0778259588242839));
#13281=CARTESIAN_POINT('Origin',(-5.69410254037875,2.02500000000064,0.0500000000000227));
#13282=CARTESIAN_POINT('',(-5.69410254037875,2.02500000000064,0.100000000000023));
#13283=CARTESIAN_POINT('',(-5.65080127018953,2.02500000000064,0.0750000000000365));
#13284=CARTESIAN_POINT('Origin',(-5.7101678651964,1.62500000000064,0.0778259588242837));
#13285=CARTESIAN_POINT('',(-5.60750000000026,1.62500000000064,0.));
#13286=CARTESIAN_POINT('',(-5.66523502691923,1.57500000000064,0.));
#13287=CARTESIAN_POINT('Origin',(-5.66523502691923,1.62500000000064,0.));
#13288=CARTESIAN_POINT('',(-5.7101678651964,1.57500000000064,0.0778259588242837));
#13289=CARTESIAN_POINT('',(-5.66686659500719,1.62500000000064,0.102825958824297));
#13290=CARTESIAN_POINT('Origin',(-5.88632021354046,1.62500000000064,0.0500000000000227));
#13291=CARTESIAN_POINT('',(-5.83750000000032,1.57500000000064,0.0500000000000227));
#13292=CARTESIAN_POINT('',(-5.83750000000032,1.62500000000064,0.100000000000023));
#13293=CARTESIAN_POINT('Origin',(-5.83750000000032,1.62500000000064,0.0500000000000227));
#13294=CARTESIAN_POINT('',(-5.88632021354046,1.62500000000064,0.100000000000023));
#13295=CARTESIAN_POINT('',(-5.88632021354046,1.57500000000064,0.0500000000000227));
#13296=CARTESIAN_POINT('Origin',(-5.66523502691927,2.02500000000064,0.100000000000023));
#13297=CARTESIAN_POINT('',(-5.60750000000026,0.712500000000371,0.));
#13298=CARTESIAN_POINT('Origin',(-5.79937667552216,2.02500000000064,0.0300891732676203));
#13299=CARTESIAN_POINT('',(-5.83750000000032,2.02500000000064,0.));
#13300=CARTESIAN_POINT('',(-5.83750000000032,2.02500000000064,0.0150445866338101));
#13301=CARTESIAN_POINT('',(-5.37501728512973,2.02500000000064,0.));
#13302=CARTESIAN_POINT('Origin',(-5.97326375155876,-2.77499999999936,0.100000000000023));
#13303=CARTESIAN_POINT('',(-5.83750000000032,-3.08749999999936,0.100000000000023));
#13304=CARTESIAN_POINT('Origin',(-5.79937667552216,-3.22499999999936,0.0300891732676203));
#13305=CARTESIAN_POINT('',(-5.83750000000032,-3.22499999999936,0.));
#13306=CARTESIAN_POINT('',(-5.37501728512973,-3.22499999999936,0.));
#13307=CARTESIAN_POINT('',(-5.83750000000032,-3.22499999999936,0.0150445866338101));
#13308=CARTESIAN_POINT('Origin',(-5.97326375155876,-0.374999999999356,0.100000000000023));
#13309=CARTESIAN_POINT('',(-5.83750000000032,-0.687499999999254,0.100000000000023));
#13310=CARTESIAN_POINT('Origin',(-5.79937667552216,-0.824999999999356,0.0300891732676203));
#13311=CARTESIAN_POINT('',(-5.83750000000032,-0.824999999999356,0.));
#13312=CARTESIAN_POINT('',(-5.37501728512973,-0.824999999999357,0.));
#13313=CARTESIAN_POINT('',(-5.83750000000032,-0.824999999999356,0.0150445866338101));
#13314=CARTESIAN_POINT('Origin',(-5.97326375155876,2.02500000000064,0.100000000000023));
#13315=CARTESIAN_POINT('',(-5.83750000000032,1.71250000000136,0.100000000000023));
#13316=CARTESIAN_POINT('Origin',(-5.79937667552216,1.57500000000064,0.0300891732676203));
#13317=CARTESIAN_POINT('',(-5.83750000000032,1.57500000000064,0.));
#13318=CARTESIAN_POINT('',(-5.37501728512973,1.57500000000064,0.));
#13319=CARTESIAN_POINT('',(-5.83750000000032,1.57500000000064,0.0150445866338101));
#13320=CARTESIAN_POINT('Origin',(-5.97326375155876,0.825000000000644,0.100000000000023));
#13321=CARTESIAN_POINT('',(-5.83750000000032,0.512500000001224,0.100000000000023));
#13322=CARTESIAN_POINT('Origin',(-5.79937667552216,0.825000000000644,0.0300891732676203));
#13323=CARTESIAN_POINT('',(-5.83750000000032,0.825000000000644,0.));
#13324=CARTESIAN_POINT('',(-5.83750000000032,0.825000000000644,0.0150445866338101));
#13325=CARTESIAN_POINT('',(-5.37501728512973,0.825000000000643,0.));
#13326=CARTESIAN_POINT('Origin',(-5.97326375155876,-1.57499999999936,0.100000000000023));
#13327=CARTESIAN_POINT('',(-5.83750000000032,-1.88749999999959,0.100000000000023));
#13328=CARTESIAN_POINT('Origin',(-5.79937667552216,-1.57499999999936,0.0300891732676203));
#13329=CARTESIAN_POINT('',(-5.83750000000032,-1.57499999999936,0.));
#13330=CARTESIAN_POINT('',(-5.83750000000032,-1.57499999999936,0.0150445866338101));
#13331=CARTESIAN_POINT('',(-5.37501728512973,-1.57499999999936,0.));
#13332=CARTESIAN_POINT('Origin',(-5.97326375155877,-3.97499999999936,0.100000000000023));
#13333=CARTESIAN_POINT('',(-5.83750000000032,-4.28749999999952,0.100000000000023));
#13334=CARTESIAN_POINT('Origin',(-5.79937667552216,-3.97499999999936,0.0300891732676203));
#13335=CARTESIAN_POINT('',(-5.83750000000032,-3.97499999999936,0.));
#13336=CARTESIAN_POINT('',(-5.83750000000032,-3.97499999999936,0.0150445866338101));
#13337=CARTESIAN_POINT('',(-5.37501728512973,-3.97499999999936,0.));
#13338=CARTESIAN_POINT('Origin',(-5.83750000000032,-3.39999999999936,0.));
#13339=CARTESIAN_POINT('',(-5.83750000000032,-3.39999999999936,0.));
#13340=CARTESIAN_POINT('',(-5.83750000000032,-2.60000000000008,0.));
#13341=CARTESIAN_POINT('',(-5.83750000000032,-3.39999999999936,0.));
#13342=CARTESIAN_POINT('',(-5.83750000000032,-2.60000000000008,0.));
#13343=CARTESIAN_POINT('',(-5.83750000000032,-2.60000000000008,0.));
#13344=CARTESIAN_POINT('',(-5.83750000000032,-2.60000000000008,0.));
#13345=CARTESIAN_POINT('Origin',(-5.83750000000032,-0.999999999999152,0.));
#13346=CARTESIAN_POINT('',(-5.83750000000032,-0.999999999999152,0.));
#13347=CARTESIAN_POINT('',(-5.83750000000032,-0.19999999999897,0.));
#13348=CARTESIAN_POINT('',(-5.83750000000032,-0.999999999999152,0.));
#13349=CARTESIAN_POINT('',(-5.83750000000032,-0.19999999999897,0.));
#13350=CARTESIAN_POINT('',(-5.83750000000032,-0.19999999999897,0.));
#13351=CARTESIAN_POINT('',(-5.83750000000032,-0.19999999999897,0.));
#13352=CARTESIAN_POINT('Origin',(-5.83750000000032,1.40000000000208,0.));
#13353=CARTESIAN_POINT('',(-5.83750000000032,1.40000000000208,0.));
#13354=CARTESIAN_POINT('',(-5.83750000000032,2.20000000000192,0.));
#13355=CARTESIAN_POINT('',(-5.83750000000032,1.40000000000208,0.));
#13356=CARTESIAN_POINT('',(-5.83750000000032,2.20000000000192,0.));
#13357=CARTESIAN_POINT('',(-5.83750000000032,2.20000000000192,0.));
#13358=CARTESIAN_POINT('',(-5.83750000000032,2.20000000000192,0.));
#13359=CARTESIAN_POINT('Origin',(-5.83750000000032,0.200000000001803,0.));
#13360=CARTESIAN_POINT('',(-5.83750000000032,0.200000000001803,0.));
#13361=CARTESIAN_POINT('',(-5.83750000000032,1.00000000000119,0.));
#13362=CARTESIAN_POINT('',(-5.83750000000032,0.200000000001803,0.));
#13363=CARTESIAN_POINT('',(-5.83750000000032,1.00000000000119,0.));
#13364=CARTESIAN_POINT('',(-5.83750000000032,1.00000000000119,0.));
#13365=CARTESIAN_POINT('',(-5.83750000000032,1.00000000000119,0.));
#13366=CARTESIAN_POINT('Origin',(-5.83750000000032,-2.19999999999982,0.));
#13367=CARTESIAN_POINT('',(-5.83750000000032,-2.19999999999982,0.));
#13368=CARTESIAN_POINT('',(-5.83750000000032,-1.39999999999936,0.));
#13369=CARTESIAN_POINT('',(-5.83750000000032,-2.19999999999982,0.));
#13370=CARTESIAN_POINT('',(-5.83750000000032,-1.39999999999936,0.));
#13371=CARTESIAN_POINT('',(-5.83750000000032,-1.39999999999936,0.));
#13372=CARTESIAN_POINT('',(-5.83750000000032,-1.39999999999936,0.));
#13373=CARTESIAN_POINT('Origin',(-5.83750000000032,-4.59999999999969,0.));
#13374=CARTESIAN_POINT('',(-5.83750000000032,-3.7999999999999,0.));
#13375=CARTESIAN_POINT('',(-5.83750000000032,-3.7999999999999,0.));
#13376=CARTESIAN_POINT('',(-5.83750000000032,-3.7999999999999,0.));
#13377=CARTESIAN_POINT('',(-5.83750000000032,-3.7999999999999,0.));
#13378=CARTESIAN_POINT('Origin',(-5.83750000000032,-0.19999999999897,0.));
#13379=CARTESIAN_POINT('',(-4.63750000000181,-0.19999999999863,0.));
#13380=CARTESIAN_POINT('',(-4.63750000000181,-0.19999999999863,0.));
#13381=CARTESIAN_POINT('',(-4.63750000000181,-0.19999999999863,0.));
#13382=CARTESIAN_POINT('Origin',(-4.63750000000181,-0.19999999999863,0.));
#13383=CARTESIAN_POINT('',(-4.63750000000181,0.200000000001461,0.));
#13384=CARTESIAN_POINT('',(-4.63750000000181,0.200000000001461,0.));
#13385=CARTESIAN_POINT('',(-4.63750000000181,0.200000000001461,0.));
#13386=CARTESIAN_POINT('Origin',(-4.63750000000181,0.200000000001461,0.));
#13387=CARTESIAN_POINT('',(-5.83750000000032,0.200000000001803,0.));
#13388=CARTESIAN_POINT('Origin',(-5.83750000000032,1.00000000000119,0.));
#13389=CARTESIAN_POINT('',(-4.63750000000203,1.00000000000119,0.));
#13390=CARTESIAN_POINT('',(-4.63750000000203,1.00000000000119,0.));
#13391=CARTESIAN_POINT('',(-4.63750000000203,1.00000000000119,0.));
#13392=CARTESIAN_POINT('Origin',(-4.63750000000203,1.00000000000119,0.));
#13393=CARTESIAN_POINT('',(-4.63750000000215,1.40000000000173,0.));
#13394=CARTESIAN_POINT('',(-4.63750000000215,1.40000000000173,0.));
#13395=CARTESIAN_POINT('',(-4.63750000000215,1.40000000000173,0.));
#13396=CARTESIAN_POINT('Origin',(-4.63750000000215,1.40000000000173,0.));
#13397=CARTESIAN_POINT('',(-5.83750000000032,1.40000000000208,0.));
#13398=CARTESIAN_POINT('Origin',(-5.83750000000032,2.20000000000192,0.));
#13399=CARTESIAN_POINT('',(-4.59407894736881,2.19999999999941,0.));
#13400=CARTESIAN_POINT('Origin',(-5.83750000000032,-3.7999999999999,0.));
#13401=CARTESIAN_POINT('',(-4.6375000000009,-3.7999999999999,0.));
#13402=CARTESIAN_POINT('',(-4.6375000000009,-3.7999999999999,0.));
#13403=CARTESIAN_POINT('',(-4.6375000000009,-3.7999999999999,0.));
#13404=CARTESIAN_POINT('Origin',(-4.6375000000009,-3.7999999999999,0.));
#13405=CARTESIAN_POINT('',(-4.63750000000101,-3.39999999999936,0.));
#13406=CARTESIAN_POINT('',(-4.63750000000101,-3.39999999999936,0.));
#13407=CARTESIAN_POINT('',(-4.63750000000101,-3.39999999999936,0.));
#13408=CARTESIAN_POINT('Origin',(-4.63750000000101,-3.39999999999936,0.));
#13409=CARTESIAN_POINT('',(-5.83750000000032,-3.39999999999936,0.));
#13410=CARTESIAN_POINT('Origin',(-5.83750000000032,-2.60000000000008,0.));
#13411=CARTESIAN_POINT('',(-4.63750000000113,-2.60000000000008,0.));
#13412=CARTESIAN_POINT('',(-4.63750000000113,-2.60000000000008,0.));
#13413=CARTESIAN_POINT('',(-4.63750000000113,-2.60000000000008,0.));
#13414=CARTESIAN_POINT('Origin',(-4.63750000000113,-2.60000000000008,0.));
#13415=CARTESIAN_POINT('',(-4.63750000000135,-2.19999999999908,0.));
#13416=CARTESIAN_POINT('',(-4.63750000000135,-2.19999999999908,0.));
#13417=CARTESIAN_POINT('',(-4.63750000000135,-2.19999999999908,0.));
#13418=CARTESIAN_POINT('Origin',(-4.63750000000135,-2.19999999999908,0.));
#13419=CARTESIAN_POINT('',(-5.83750000000032,-2.19999999999982,0.));
#13420=CARTESIAN_POINT('Origin',(-5.83750000000032,-1.39999999999936,0.));
#13421=CARTESIAN_POINT('',(-4.63750000000158,-1.39999999999936,0.));
#13422=CARTESIAN_POINT('',(-4.63750000000158,-1.39999999999936,0.));
#13423=CARTESIAN_POINT('',(-4.63750000000158,-1.39999999999936,0.));
#13424=CARTESIAN_POINT('Origin',(-4.63750000000158,-1.39999999999936,0.));
#13425=CARTESIAN_POINT('',(-4.63750000000158,-0.999999999998812,0.));
#13426=CARTESIAN_POINT('',(-4.63750000000158,-0.999999999998812,0.));
#13427=CARTESIAN_POINT('',(-4.63750000000158,-0.999999999998812,0.));
#13428=CARTESIAN_POINT('Origin',(-4.63750000000158,-0.999999999998812,0.));
#13429=CARTESIAN_POINT('',(-5.83750000000032,-0.999999999999152,0.));
#13430=CARTESIAN_POINT('Origin',(-4.9506578947373,-0.599999999999902,0.));
#13431=CARTESIAN_POINT('Origin',(-5.83750000000031,3.39999999999991,0.));
#13432=CARTESIAN_POINT('',(-4.23750000000032,3.39999999999991,0.5));
#13433=CARTESIAN_POINT('',(-4.23750000000032,3.39999999999991,0.));
#13434=CARTESIAN_POINT('',(-4.23750000000032,3.39999999999991,0.));
#13435=CARTESIAN_POINT('',(-5.83750000000031,3.39999999999991,0.));
#13436=CARTESIAN_POINT('',(-3.93750000000031,3.39999999999991,0.));
#13437=CARTESIAN_POINT('',(-5.83750000000031,3.39999999999991,0.5));
#13438=CARTESIAN_POINT('',(-5.83750000000031,3.39999999999991,0.));
#13439=CARTESIAN_POINT('',(-3.93750000000031,3.39999999999991,0.5));
#13440=CARTESIAN_POINT('Origin',(-4.63750000000249,2.60000000000246,0.));
#13441=CARTESIAN_POINT('',(-4.23750000000032,2.59999999999996,0.5));
#13442=CARTESIAN_POINT('',(-5.83750000000031,2.60000000000212,0.5));
#13443=CARTESIAN_POINT('',(-5.83750000000031,2.60000000000212,0.5));
#13444=CARTESIAN_POINT('',(-5.83750000000031,2.60000000000212,0.));
#13445=CARTESIAN_POINT('',(-5.83750000000031,2.60000000000212,0.));
#13446=CARTESIAN_POINT('',(-4.23750000000032,2.59999999999996,0.));
#13447=CARTESIAN_POINT('',(-5.83750000000031,2.60000000000212,0.));
#13448=CARTESIAN_POINT('',(-4.23750000000032,2.59999999999996,0.));
#13449=CARTESIAN_POINT('Origin',(-5.83750000000031,2.60000000000212,0.));
#13450=CARTESIAN_POINT('',(-5.83750000000031,3.22500000000064,0.));
#13451=CARTESIAN_POINT('',(-5.83750000000031,3.22500000000064,0.0500000000000227));
#13452=CARTESIAN_POINT('',(-5.83750000000031,3.22500000000064,0.0150445866338101));
#13453=CARTESIAN_POINT('',(-5.83750000000031,3.17500000000064,0.100000000000023));
#13454=CARTESIAN_POINT('Origin',(-5.83750000000031,3.17500000000064,0.0500000000000227));
#13455=CARTESIAN_POINT('',(-5.83750000000031,2.82500000000064,0.100000000000023));
#13456=CARTESIAN_POINT('',(-5.83750000000031,2.91250000000138,0.100000000000023));
#13457=CARTESIAN_POINT('',(-5.83750000000031,2.77500000000064,0.0500000000000227));
#13458=CARTESIAN_POINT('Origin',(-5.83750000000031,2.82500000000064,0.0500000000000227));
#13459=CARTESIAN_POINT('',(-5.83750000000031,2.77500000000064,0.));
#13460=CARTESIAN_POINT('',(-5.83750000000031,2.77500000000064,0.0150445866338101));
#13461=CARTESIAN_POINT('',(-5.83750000000031,3.39999999999991,0.));
#13462=CARTESIAN_POINT('',(-5.83750000000031,3.39999999999991,0.5));
#13463=CARTESIAN_POINT('',(-5.83750000000031,3.39999999999991,0.));
#13464=CARTESIAN_POINT('Origin',(-5.79937667552216,3.22500000000064,0.0300891732676203));
#13465=CARTESIAN_POINT('',(-5.69410254037874,3.22500000000064,0.0500000000000227));
#13466=CARTESIAN_POINT('',(-5.88632021354046,3.22500000000064,0.0500000000000227));
#13467=CARTESIAN_POINT('',(-5.66523502691923,3.22500000000064,0.));
#13468=CARTESIAN_POINT('',(-5.37501728512972,3.22500000000064,0.));
#13469=CARTESIAN_POINT('',(-5.7101678651964,3.22500000000064,0.0778259588242839));
#13470=CARTESIAN_POINT('Origin',(-5.97326375155876,3.22500000000064,0.100000000000023));
#13471=CARTESIAN_POINT('',(-5.69410254037874,2.82500000000064,0.100000000000023));
#13472=CARTESIAN_POINT('',(-5.88632021354046,2.82500000000064,0.100000000000023));
#13473=CARTESIAN_POINT('',(-5.69410254037874,3.17500000000064,0.100000000000023));
#13474=CARTESIAN_POINT('',(-5.88632021354046,3.17500000000064,0.100000000000023));
#13475=CARTESIAN_POINT('',(-5.69410254037874,3.22500000000064,0.100000000000023));
#13476=CARTESIAN_POINT('Origin',(-5.66523502691927,3.22500000000064,0.100000000000023));
#13477=CARTESIAN_POINT('',(-5.65080127018953,2.82500000000064,0.0750000000000365));
#13478=CARTESIAN_POINT('',(-5.60750000000025,2.82500000000064,0.));
#13479=CARTESIAN_POINT('',(-5.66686659500719,2.82500000000064,0.102825958824297));
#13480=CARTESIAN_POINT('',(-5.65080127018953,3.17500000000064,0.0750000000000365));
#13481=CARTESIAN_POINT('',(-5.65080127018953,3.22500000000064,0.0750000000000365));
#13482=CARTESIAN_POINT('',(-5.60750000000025,3.17500000000064,0.));
#13483=CARTESIAN_POINT('',(-5.66686659500719,3.17500000000064,0.102825958824298));
#13484=CARTESIAN_POINT('',(-5.60750000000026,1.31250000000037,0.));
#13485=CARTESIAN_POINT('Origin',(-5.79937667552215,2.77500000000064,0.0300891732676203));
#13486=CARTESIAN_POINT('',(-5.69410254037874,2.77500000000064,0.0500000000000227));
#13487=CARTESIAN_POINT('',(-5.88632021354046,2.77500000000064,0.0500000000000227));
#13488=CARTESIAN_POINT('',(-5.66523502691923,2.77500000000064,0.));
#13489=CARTESIAN_POINT('',(-5.7101678651964,2.77500000000064,0.0778259588242837));
#13490=CARTESIAN_POINT('',(-5.37501728512972,2.77500000000064,0.));
#13491=CARTESIAN_POINT('Origin',(-5.88632021354046,2.82500000000064,0.0500000000000227));
#13492=CARTESIAN_POINT('Origin',(-5.69410254037874,2.82500000000064,0.0500000000000227));
#13493=CARTESIAN_POINT('Origin',(-5.7101678651964,2.82500000000064,0.0778259588242837));
#13494=CARTESIAN_POINT('Origin',(-5.66523502691923,2.82500000000064,0.));
#13495=CARTESIAN_POINT('Origin',(-5.69410254037874,2.82500000000064,0.0500000000000228));
#13496=CARTESIAN_POINT('Origin',(-5.7101678651964,3.17500000000064,0.0778259588242839));
#13497=CARTESIAN_POINT('Origin',(-5.66523502691923,3.17500000000064,0.));
#13498=CARTESIAN_POINT('Origin',(-5.69410254037874,3.17500000000064,0.0500000000000229));
#13499=CARTESIAN_POINT('Origin',(-5.88632021354046,3.17500000000064,0.0500000000000227));
#13500=CARTESIAN_POINT('Origin',(-5.69410254037874,3.17500000000064,0.0500000000000227));
#13501=CARTESIAN_POINT('Origin',(-5.69410254037874,3.22500000000064,0.0500000000000227));
#13502=CARTESIAN_POINT('Origin',(-5.69410254037874,2.82500000000064,0.0500000000000227));
#13503=CARTESIAN_POINT('Origin',(-5.69410254037874,3.17500000000064,0.0500000000000227));
#13504=CARTESIAN_POINT('Origin',(-5.69410254037874,3.17500000000064,0.0500000000000227));
#13505=CARTESIAN_POINT('Origin',(-5.69410254037874,2.82500000000064,0.0500000000000227));
#13506=CARTESIAN_POINT('Origin',(-4.9506578947373,-0.599999999999902,0.5));
#13507=CARTESIAN_POINT('',(-4.23750000000032,-2.59999999999988,0.5));
#13508=CARTESIAN_POINT('Origin',(-4.23750000000032,-4.59999999999986,0.));
#13509=CARTESIAN_POINT('',(-4.23750000000032,-2.59999999999988,0.));
#13510=CARTESIAN_POINT('Origin',(-4.9506578947373,-0.599999999999902,0.));
#13511=CARTESIAN_POINT('Origin',(-4.88750000000031,4.19999999999973,0.5));
#13512=CARTESIAN_POINT('',(-4.23750000000032,3.79999999999964,0.5));
#13513=CARTESIAN_POINT('',(-4.23750000000032,4.59999999999982,0.5));
#13514=CARTESIAN_POINT('',(-4.23750000000032,-0.200000000000064,0.5));
#13515=CARTESIAN_POINT('',(-5.83750000000032,4.59999999999982,0.5));
#13516=CARTESIAN_POINT('',(-3.93750000000031,4.59999999999982,0.5));
#13517=CARTESIAN_POINT('',(-5.83750000000032,3.79999999999964,0.5));
#13518=CARTESIAN_POINT('',(-5.83750000000032,4.59999999999982,0.5));
#13519=CARTESIAN_POINT('',(-5.83750000000032,3.79999999999964,0.5));
#13520=CARTESIAN_POINT('Origin',(-3.93750000000031,3.79999999999964,0.));
#13521=CARTESIAN_POINT('',(-4.23750000000032,3.79999999999964,0.));
#13522=CARTESIAN_POINT('',(-4.23750000000032,3.79999999999964,0.));
#13523=CARTESIAN_POINT('',(-5.83750000000032,3.79999999999964,0.));
#13524=CARTESIAN_POINT('',(-5.83750000000032,3.79999999999964,0.));
#13525=CARTESIAN_POINT('',(-5.83750000000032,3.79999999999964,0.));
#13526=CARTESIAN_POINT('Origin',(-5.83750000000032,3.79999999999964,0.));
#13527=CARTESIAN_POINT('',(-5.83750000000032,4.42500000000064,0.));
#13528=CARTESIAN_POINT('',(-5.83750000000032,4.42500000000064,0.0500000000000227));
#13529=CARTESIAN_POINT('',(-5.83750000000032,4.42500000000064,0.0150445866338101));
#13530=CARTESIAN_POINT('',(-5.83750000000032,4.37500000000064,0.100000000000023));
#13531=CARTESIAN_POINT('Origin',(-5.83750000000032,4.37500000000064,0.0500000000000227));
#13532=CARTESIAN_POINT('',(-5.83750000000032,4.02500000000064,0.100000000000023));
#13533=CARTESIAN_POINT('',(-5.83750000000032,4.11250000000014,0.100000000000023));
#13534=CARTESIAN_POINT('',(-5.83750000000032,3.97500000000064,0.0500000000000227));
#13535=CARTESIAN_POINT('Origin',(-5.83750000000032,4.02500000000064,0.0500000000000227));
#13536=CARTESIAN_POINT('',(-5.83750000000032,3.97500000000064,0.));
#13537=CARTESIAN_POINT('',(-5.83750000000032,3.97500000000064,0.0150445866338101));
#13538=CARTESIAN_POINT('',(-5.83750000000032,4.59999999999982,0.));
#13539=CARTESIAN_POINT('',(-5.83750000000032,4.59999999999982,0.));
#13540=CARTESIAN_POINT('',(-5.83750000000032,4.59999999999982,0.));
#13541=CARTESIAN_POINT('',(-5.83750000000032,4.59999999999982,0.));
#13542=CARTESIAN_POINT('Origin',(-5.79937667552216,4.42500000000064,0.0300891732676203));
#13543=CARTESIAN_POINT('',(-5.69410254037875,4.42500000000064,0.0500000000000227));
#13544=CARTESIAN_POINT('',(-5.88632021354046,4.42500000000064,0.0500000000000227));
#13545=CARTESIAN_POINT('',(-5.66523502691923,4.42500000000064,0.));
#13546=CARTESIAN_POINT('',(-5.34343833776124,4.42500000000064,0.));
#13547=CARTESIAN_POINT('',(-5.7101678651964,4.42500000000064,0.0778259588242839));
#13548=CARTESIAN_POINT('Origin',(-5.97326375155876,4.42500000000064,0.100000000000023));
#13549=CARTESIAN_POINT('',(-5.69410254037875,4.02500000000064,0.100000000000023));
#13550=CARTESIAN_POINT('',(-5.88632021354046,4.02500000000064,0.100000000000023));
#13551=CARTESIAN_POINT('',(-5.69410254037875,4.37500000000064,0.100000000000023));
#13552=CARTESIAN_POINT('',(-5.88632021354046,4.37500000000064,0.100000000000023));
#13553=CARTESIAN_POINT('',(-5.69410254037875,4.42500000000064,0.100000000000023));
#13554=CARTESIAN_POINT('Origin',(-5.66523502691928,4.42500000000064,0.100000000000023));
#13555=CARTESIAN_POINT('',(-5.65080127018953,4.02500000000064,0.0750000000000365));
#13556=CARTESIAN_POINT('',(-5.60750000000026,4.02500000000064,-1.38777878078145E-17));
#13557=CARTESIAN_POINT('',(-5.66686659500719,4.02500000000064,0.102825958824297));
#13558=CARTESIAN_POINT('',(-5.65080127018953,4.37500000000064,0.0750000000000365));
#13559=CARTESIAN_POINT('',(-5.65080127018953,4.42500000000064,0.0750000000000365));
#13560=CARTESIAN_POINT('',(-5.60750000000026,4.37500000000064,-1.38777878078145E-17));
#13561=CARTESIAN_POINT('',(-5.66686659500719,4.37500000000064,0.102825958824298));
#13562=CARTESIAN_POINT('',(-5.60750000000026,4.31250000000019,-1.38777878078145E-17));
#13563=CARTESIAN_POINT('Origin',(-5.79937667552216,3.97500000000064,0.0300891732676203));
#13564=CARTESIAN_POINT('',(-5.69410254037875,3.97500000000064,0.0500000000000227));
#13565=CARTESIAN_POINT('',(-5.88632021354046,3.97500000000064,0.0500000000000227));
#13566=CARTESIAN_POINT('',(-5.66523502691923,3.97500000000064,0.));
#13567=CARTESIAN_POINT('',(-5.7101678651964,3.97500000000064,0.0778259588242837));
#13568=CARTESIAN_POINT('',(-5.34343833776124,3.97500000000064,0.));
#13569=CARTESIAN_POINT('Origin',(-5.7101678651964,4.37500000000064,0.0778259588242839));
#13570=CARTESIAN_POINT('Origin',(-5.66523502691923,4.37500000000064,0.));
#13571=CARTESIAN_POINT('Origin',(-5.69410254037875,4.37500000000064,0.0500000000000229));
#13572=CARTESIAN_POINT('Origin',(-5.88632021354046,4.37500000000064,0.0500000000000227));
#13573=CARTESIAN_POINT('Origin',(-5.69410254037875,4.37500000000064,0.0500000000000227));
#13574=CARTESIAN_POINT('Origin',(-5.7101678651964,4.02500000000064,0.0778259588242837));
#13575=CARTESIAN_POINT('Origin',(-5.66523502691923,4.02500000000064,0.));
#13576=CARTESIAN_POINT('Origin',(-5.69410254037875,4.02500000000064,0.0500000000000228));
#13577=CARTESIAN_POINT('Origin',(-5.69410254037875,4.42500000000064,0.0500000000000227));
#13578=CARTESIAN_POINT('Origin',(-5.69410254037875,4.02500000000064,0.0500000000000227));
#13579=CARTESIAN_POINT('Origin',(-5.69410254037875,4.37500000000064,0.0500000000000227));
#13580=CARTESIAN_POINT('Origin',(-5.88632021354046,4.02500000000064,0.0500000000000227));
#13581=CARTESIAN_POINT('Origin',(-5.69410254037875,4.02500000000064,0.0500000000000227));
#13582=CARTESIAN_POINT('Origin',(-5.69410254037875,4.02500000000064,0.0500000000000227));
#13583=CARTESIAN_POINT('Origin',(-5.69410254037875,4.37500000000064,0.0500000000000227));
#13584=CARTESIAN_POINT('Origin',(-4.88750000000031,4.19999999999973,0.));
#13585=CARTESIAN_POINT('',(-4.23750000000032,4.59999999999982,0.));
#13586=CARTESIAN_POINT('',(-4.23750000000032,-0.200000000000064,0.));
#13587=CARTESIAN_POINT('',(-3.93750000000031,4.59999999999982,0.));
#13588=CARTESIAN_POINT('Origin',(-5.83750000000032,4.59999999999982,0.));
#13589=CARTESIAN_POINT('',(-4.23750000000032,4.59999999999982,0.));
#13590=CARTESIAN_POINT('Origin',(-4.23750000000032,-4.59999999999986,0.));
#13591=CARTESIAN_POINT('Origin',(5.19249999999846,3.75,0.));
#13592=CARTESIAN_POINT('',(5.19249999999846,3.75,0.03));
#13593=CARTESIAN_POINT('',(1.24249999999819,3.75,0.03));
#13594=CARTESIAN_POINT('',(5.19249999999846,3.75,0.03));
#13595=CARTESIAN_POINT('',(5.19249999999846,3.75,0.));
#13596=CARTESIAN_POINT('',(5.19249999999846,3.75,0.));
#13597=CARTESIAN_POINT('',(1.24249999999819,3.75,0.));
#13598=CARTESIAN_POINT('',(3.83216012896188,3.75,0.));
#13599=CARTESIAN_POINT('',(1.24249999999819,3.75,0.));
#13600=CARTESIAN_POINT('Origin',(1.24249999999819,3.75,0.));
#13601=CARTESIAN_POINT('',(1.24249999999819,4.35000000000082,0.03));
#13602=CARTESIAN_POINT('',(1.24249999999819,3.75,0.03));
#13603=CARTESIAN_POINT('',(1.24249999999819,4.35000000000082,0.));
#13604=CARTESIAN_POINT('',(1.24249999999819,1.87499999999997,0.));
#13605=CARTESIAN_POINT('',(1.24249999999819,4.35000000000082,0.));
#13606=CARTESIAN_POINT('Origin',(1.24249999999819,4.35000000000082,0.));
#13607=CARTESIAN_POINT('',(-0.0575000000019901,4.35000000000082,0.03));
#13608=CARTESIAN_POINT('',(1.24249999999819,4.35000000000082,0.03));
#13609=CARTESIAN_POINT('',(-0.0575000000019901,4.35000000000082,0.));
#13610=CARTESIAN_POINT('',(1.85716012896174,4.35000000000082,0.));
#13611=CARTESIAN_POINT('',(-0.0575000000019901,4.35000000000082,0.));
#13612=CARTESIAN_POINT('Origin',(-0.0575000000019901,4.35000000000082,0.));
#13613=CARTESIAN_POINT('',(-0.0575000000019906,3.74999999999955,0.03));
#13614=CARTESIAN_POINT('',(-0.0575000000019901,4.35000000000082,0.03));
#13615=CARTESIAN_POINT('',(-0.0575000000019906,3.74999999999955,0.));
#13616=CARTESIAN_POINT('',(-0.0575000000019921,2.17500000000038,0.));
#13617=CARTESIAN_POINT('',(-0.0575000000019906,3.74999999999955,0.));
#13618=CARTESIAN_POINT('Origin',(-0.0575000000019906,3.74999999999955,0.));
#13619=CARTESIAN_POINT('',(-0.812500000001645,3.75,0.03));
#13620=CARTESIAN_POINT('',(-0.0575000000019906,3.74999999999955,0.03));
#13621=CARTESIAN_POINT('',(-0.812500000001645,3.75,0.));
#13622=CARTESIAN_POINT('',(1.20716012896278,3.74999999999878,0.));
#13623=CARTESIAN_POINT('',(-0.812500000001645,3.75,0.));
#13624=CARTESIAN_POINT('Origin',(-0.812500000001645,3.75,0.));
#13625=CARTESIAN_POINT('',(-0.812500000001538,-3.75000000000046,0.03));
#13626=CARTESIAN_POINT('',(-0.812500000001645,3.75,0.03));
#13627=CARTESIAN_POINT('',(-0.812500000001538,-3.75000000000046,0.));
#13628=CARTESIAN_POINT('',(-0.812500000001618,1.87499999999995,0.));
#13629=CARTESIAN_POINT('',(-0.812500000001538,-3.75000000000046,0.));
#13630=CARTESIAN_POINT('Origin',(-0.812500000001538,-3.75000000000046,0.));
#13631=CARTESIAN_POINT('',(-0.0575000000017701,-3.75000000000046,0.03));
#13632=CARTESIAN_POINT('',(-0.812500000001538,-3.75000000000046,0.03));
#13633=CARTESIAN_POINT('',(-0.0575000000017701,-3.75000000000046,0.));
#13634=CARTESIAN_POINT('',(0.82966012896187,-3.75000000000046,0.));
#13635=CARTESIAN_POINT('',(-0.0575000000017701,-3.75000000000046,0.));
#13636=CARTESIAN_POINT('Origin',(-0.0575000000017701,-3.75000000000046,
0.));
#13637=CARTESIAN_POINT('',(-0.0575000000017707,-4.35000000000127,0.03));
#13638=CARTESIAN_POINT('',(-0.0575000000017701,-3.75000000000046,0.03));
#13639=CARTESIAN_POINT('',(-0.0575000000017707,-4.35000000000127,0.));
#13640=CARTESIAN_POINT('',(-0.0575000000017684,-1.87500000000025,0.));
#13641=CARTESIAN_POINT('',(-0.0575000000017707,-4.35000000000127,0.));
#13642=CARTESIAN_POINT('Origin',(-0.0575000000017707,-4.35000000000127,
0.));
#13643=CARTESIAN_POINT('',(1.2424999999983,-4.35000000000127,0.03));
#13644=CARTESIAN_POINT('',(-0.0575000000017707,-4.35000000000127,0.03));
#13645=CARTESIAN_POINT('',(1.2424999999983,-4.35000000000127,0.));
#13646=CARTESIAN_POINT('',(1.20716012896175,-4.35000000000127,0.));
#13647=CARTESIAN_POINT('',(1.2424999999983,-4.35000000000127,0.));
#13648=CARTESIAN_POINT('Origin',(1.2424999999983,-4.35000000000127,0.));
#13649=CARTESIAN_POINT('',(1.2424999999983,-3.75000000000046,0.03));
#13650=CARTESIAN_POINT('',(1.2424999999983,-4.35000000000127,0.03));
#13651=CARTESIAN_POINT('',(1.2424999999983,-3.75000000000046,0.));
#13652=CARTESIAN_POINT('',(1.2424999999983,-2.17500000000066,0.));
#13653=CARTESIAN_POINT('',(1.2424999999983,-3.75000000000046,0.));
#13654=CARTESIAN_POINT('Origin',(1.2424999999983,-3.75000000000046,0.));
#13655=CARTESIAN_POINT('',(5.19249999999866,-3.75000000000046,0.03));
#13656=CARTESIAN_POINT('',(1.2424999999983,-3.75000000000046,0.03));
#13657=CARTESIAN_POINT('',(5.19249999999866,-3.75000000000046,0.));
#13658=CARTESIAN_POINT('',(1.85716012896179,-3.75000000000046,0.));
#13659=CARTESIAN_POINT('',(5.19249999999866,-3.75000000000046,0.));
#13660=CARTESIAN_POINT('Origin',(0.932588789044243,-1.99697484327791E-13,
0.03));
#13661=CARTESIAN_POINT('',(5.19249999999868,-4.25000000000046,0.03));
#13662=CARTESIAN_POINT('',(5.19249999999866,-3.75000000000046,0.03));
#13663=CARTESIAN_POINT('',(4.9174999999995,-4.25000000000046,0.03));
#13664=CARTESIAN_POINT('',(3.06254439452146,-4.25000000000046,0.03));
#13665=CARTESIAN_POINT('',(4.9174999999995,-4.15000000000055,0.03));
#13666=CARTESIAN_POINT('',(4.91749999999951,-2.12500000000033,0.03));
#13667=CARTESIAN_POINT('',(2.54749999999825,-4.15000000000055,0.03));
#13668=CARTESIAN_POINT('',(2.92504439452187,-4.15000000000055,0.03));
#13669=CARTESIAN_POINT('',(2.54749999999825,-4.25000000000137,0.03));
#13670=CARTESIAN_POINT('',(2.54749999999825,-2.07500000000037,0.03));
#13671=CARTESIAN_POINT('',(2.24749999999829,-4.25000000000136,0.03));
#13672=CARTESIAN_POINT('',(1.74004439452124,-4.25000000000136,0.03));
#13673=CARTESIAN_POINT('',(2.24749999999829,-4.73000000000093,0.03));
#13674=CARTESIAN_POINT('',(2.2474999999983,-2.12500000000078,0.03));
#13675=CARTESIAN_POINT('',(-1.00750000000125,-4.73000000000138,0.03));
#13676=CARTESIAN_POINT('',(1.5900443945216,-4.73000000000102,0.03));
#13677=CARTESIAN_POINT('',(-1.00750000000125,-4.25000000000136,0.03));
#13678=CARTESIAN_POINT('',(-1.00750000000125,-2.36500000000079,0.03));
#13679=CARTESIAN_POINT('',(-1.31250000000074,-4.25000000000102,0.03));
#13680=CARTESIAN_POINT('',(-0.0374556054808808,-4.25000000000245,0.03));
#13681=CARTESIAN_POINT('',(-1.31250000000073,4.25000000000045,0.03));
#13682=CARTESIAN_POINT('',(-1.31250000000074,-2.12500000000061,0.03));
#13683=CARTESIAN_POINT('',(-1.00750000000124,4.25000000000045,0.03));
#13684=CARTESIAN_POINT('',(-0.189955605478244,4.25000000000045,0.03));
#13685=CARTESIAN_POINT('',(-1.00750000000124,4.73000000000138,0.03));
#13686=CARTESIAN_POINT('',(-1.00750000000124,2.12500000000013,0.03));
#13687=CARTESIAN_POINT('',(2.2474999999983,4.73000000000093,0.03));
#13688=CARTESIAN_POINT('',(-0.0374556054781659,4.73000000000125,0.03));
#13689=CARTESIAN_POINT('',(2.2474999999983,4.25000000000136,0.03));
#13690=CARTESIAN_POINT('',(2.2474999999983,2.36500000000036,0.03));
#13691=CARTESIAN_POINT('',(2.54749999999757,4.25000000000136,0.03));
#13692=CARTESIAN_POINT('',(1.59004439452127,4.25000000000136,0.03));
#13693=CARTESIAN_POINT('',(2.54749999999769,4.15000000000054,0.03));
#13694=CARTESIAN_POINT('',(2.54749999999999,2.1250000000015,0.03));
#13695=CARTESIAN_POINT('',(4.91749999999951,4.15000000000054,0.03));
#13696=CARTESIAN_POINT('',(1.74004439452097,4.15000000000055,0.03));
#13697=CARTESIAN_POINT('',(4.91749999999951,4.24999999999954,0.03));
#13698=CARTESIAN_POINT('',(4.91749999999951,2.07500000000017,0.03));
#13699=CARTESIAN_POINT('',(5.19249999999869,4.24999999999954,0.03));
#13700=CARTESIAN_POINT('',(2.92504439452188,4.24999999999954,0.03));
#13701=CARTESIAN_POINT('',(5.19249999999869,4.24999999999954,0.03));
#13702=CARTESIAN_POINT('Origin',(4.9174999999995,-4.25000000000046,0.));
#13703=CARTESIAN_POINT('',(4.9174999999995,-4.25000000000046,0.5));
#13704=CARTESIAN_POINT('',(4.9174999999995,-4.25000000000046,0.));
#13705=CARTESIAN_POINT('',(4.9174999999995,-4.15000000000055,0.5));
#13706=CARTESIAN_POINT('',(4.9174999999995,-4.25000000000046,0.5));
#13707=CARTESIAN_POINT('',(4.9174999999995,-4.15000000000055,0.));
#13708=CARTESIAN_POINT('Origin',(5.19249999999868,-4.25000000000046,0.));
#13709=CARTESIAN_POINT('',(5.19249999999868,-4.25000000000046,0.5));
#13710=CARTESIAN_POINT('',(5.19249999999868,-4.25000000000046,0.));
#13711=CARTESIAN_POINT('',(5.19249999999868,-4.25000000000046,0.5));
#13712=CARTESIAN_POINT('Origin',(2.47182025792528,-5.48132944588831E-14,
0.));
#13713=CARTESIAN_POINT('',(5.19249999999868,-4.90000000000009,0.));
#13714=CARTESIAN_POINT('',(5.19249999999868,-4.90000000000009,0.));
#13715=CARTESIAN_POINT('',(5.19249999999869,4.90000000000009,0.));
#13716=CARTESIAN_POINT('',(5.19249999999772,2.12499999999912,0.));
#13717=CARTESIAN_POINT('',(5.83750000000021,4.89999999999963,0.));
#13718=CARTESIAN_POINT('',(5.19249999999869,4.90000000000009,0.));
#13719=CARTESIAN_POINT('',(5.83750000000021,3.69999999999981,0.));
#13720=CARTESIAN_POINT('',(5.83750000000021,4.89999999999963,0.));
#13721=CARTESIAN_POINT('',(5.58749999999958,3.69999999999981,0.));
#13722=CARTESIAN_POINT('',(5.83750000000021,3.69999999999981,0.));
#13723=CARTESIAN_POINT('',(5.58749999999958,0.599999999999904,0.));
#13724=CARTESIAN_POINT('',(5.58749999999958,3.69999999999981,0.));
#13725=CARTESIAN_POINT('',(5.8375000000002,0.599999999999904,0.));
#13726=CARTESIAN_POINT('',(5.58749999999958,0.599999999999904,0.));
#13727=CARTESIAN_POINT('',(5.8375000000002,-0.599999999999914,0.));
#13728=CARTESIAN_POINT('',(5.8375000000002,0.599999999999904,0.));
#13729=CARTESIAN_POINT('',(5.58749999999958,-0.599999999999914,0.));
#13730=CARTESIAN_POINT('',(5.8375000000002,-0.599999999999914,0.));
#13731=CARTESIAN_POINT('',(5.58749999999958,-3.69999999999982,0.));
#13732=CARTESIAN_POINT('',(5.58749999999958,-0.599999999999914,0.));
#13733=CARTESIAN_POINT('',(5.8375000000002,-3.69999999999982,0.));
#13734=CARTESIAN_POINT('',(5.58749999999958,-3.69999999999982,0.));
#13735=CARTESIAN_POINT('',(5.8375000000002,-4.90000000000009,0.));
#13736=CARTESIAN_POINT('',(5.8375000000002,-3.69999999999982,0.));
#13737=CARTESIAN_POINT('',(5.8375000000002,-4.90000000000009,0.));
#13738=CARTESIAN_POINT('Origin',(5.58749999999958,-3.69999999999982,0.));
#13739=CARTESIAN_POINT('',(5.58749999999958,-3.69999999999982,0.5));
#13740=CARTESIAN_POINT('',(5.8375000000002,-3.69999999999982,0.5));
#13741=CARTESIAN_POINT('',(5.58749999999958,-3.69999999999982,0.5));
#13742=CARTESIAN_POINT('',(5.8375000000002,-3.69999999999982,0.));
#13743=CARTESIAN_POINT('',(5.58749999999958,-3.69999999999982,0.));
#13744=CARTESIAN_POINT('Origin',(5.8375000000002,-3.69999999999982,0.));
#13745=CARTESIAN_POINT('',(5.8375000000002,-4.90000000000009,0.5));
#13746=CARTESIAN_POINT('',(5.8375000000002,-3.69999999999982,0.5));
#13747=CARTESIAN_POINT('',(5.8375000000002,-4.90000000000009,0.));
#13748=CARTESIAN_POINT('Origin',(5.8375000000002,-4.90000000000009,0.));
#13749=CARTESIAN_POINT('',(5.19249999999868,-4.90000000000009,0.5));
#13750=CARTESIAN_POINT('',(5.8375000000002,-4.90000000000009,0.5));
#13751=CARTESIAN_POINT('',(5.19249999999868,-4.90000000000009,0.));
#13752=CARTESIAN_POINT('Origin',(5.19249999999868,-4.90000000000009,0.));
#13753=CARTESIAN_POINT('',(5.19249999999868,-4.90000000000009,0.5));
#13754=CARTESIAN_POINT('Origin',(4.9174999999995,-4.15000000000055,0.));
#13755=CARTESIAN_POINT('',(2.54749999999825,-4.15000000000055,0.5));
#13756=CARTESIAN_POINT('',(4.9174999999995,-4.15000000000055,0.5));
#13757=CARTESIAN_POINT('',(2.54749999999825,-4.15000000000055,0.));
#13758=CARTESIAN_POINT('Origin',(2.54749999999825,-4.15000000000055,0.));
#13759=CARTESIAN_POINT('',(2.54749999999825,-4.25000000000137,0.5));
#13760=CARTESIAN_POINT('',(2.54749999999825,-4.15000000000055,0.5));
#13761=CARTESIAN_POINT('',(2.54749999999825,-4.25000000000137,0.));
#13762=CARTESIAN_POINT('Origin',(2.54749999999825,-4.25000000000137,0.));
#13763=CARTESIAN_POINT('',(2.24749999999829,-4.25000000000136,0.5));
#13764=CARTESIAN_POINT('',(2.54749999999825,-4.25000000000137,0.5));
#13765=CARTESIAN_POINT('',(2.24749999999829,-4.25000000000136,0.));
#13766=CARTESIAN_POINT('Origin',(2.24749999999829,-4.25000000000136,0.));
#13767=CARTESIAN_POINT('',(2.24749999999829,-4.73000000000093,0.5));
#13768=CARTESIAN_POINT('',(2.24749999999829,-4.25000000000136,0.5));
#13769=CARTESIAN_POINT('',(2.24749999999829,-4.73000000000093,0.));
#13770=CARTESIAN_POINT('Origin',(2.24749999999829,-4.73000000000093,0.));
#13771=CARTESIAN_POINT('',(-1.00750000000125,-4.73000000000138,0.5));
#13772=CARTESIAN_POINT('',(2.24749999999829,-4.73000000000093,0.5));
#13773=CARTESIAN_POINT('',(-1.00750000000125,-4.73000000000138,0.));
#13774=CARTESIAN_POINT('Origin',(-1.00750000000125,-4.73000000000138,0.));
#13775=CARTESIAN_POINT('',(-1.00750000000125,-4.25000000000136,0.5));
#13776=CARTESIAN_POINT('',(-1.00750000000125,-4.73000000000138,0.5));
#13777=CARTESIAN_POINT('',(-1.00750000000125,-4.25000000000136,0.));
#13778=CARTESIAN_POINT('Origin',(-1.00750000000125,-4.25000000000136,0.));
#13779=CARTESIAN_POINT('',(-1.31250000000074,-4.25000000000102,0.5));
#13780=CARTESIAN_POINT('',(-1.00750000000125,-4.25000000000136,0.5));
#13781=CARTESIAN_POINT('',(-1.31250000000074,-4.25000000000102,0.));
#13782=CARTESIAN_POINT('Origin',(-1.31250000000074,-4.25000000000102,0.));
#13783=CARTESIAN_POINT('',(-1.31250000000073,4.25000000000045,0.5));
#13784=CARTESIAN_POINT('',(-1.31250000000074,-4.25000000000102,0.5));
#13785=CARTESIAN_POINT('',(-1.31250000000073,4.25000000000045,0.));
#13786=CARTESIAN_POINT('Origin',(-1.31250000000073,4.25000000000045,0.));
#13787=CARTESIAN_POINT('',(-1.00750000000124,4.25000000000045,0.5));
#13788=CARTESIAN_POINT('',(-1.31250000000073,4.25000000000045,0.5));
#13789=CARTESIAN_POINT('',(-1.00750000000124,4.25000000000045,0.));
#13790=CARTESIAN_POINT('Origin',(-1.00750000000124,4.25000000000045,0.));
#13791=CARTESIAN_POINT('',(-1.00750000000124,4.73000000000138,0.5));
#13792=CARTESIAN_POINT('',(-1.00750000000124,4.25000000000045,0.5));
#13793=CARTESIAN_POINT('',(-1.00750000000124,4.73000000000138,0.));
#13794=CARTESIAN_POINT('Origin',(-1.00750000000124,4.73000000000138,0.));
#13795=CARTESIAN_POINT('',(2.2474999999983,4.73000000000093,0.5));
#13796=CARTESIAN_POINT('',(-1.00750000000124,4.73000000000138,0.5));
#13797=CARTESIAN_POINT('',(2.2474999999983,4.73000000000093,0.));
#13798=CARTESIAN_POINT('Origin',(2.2474999999983,4.73000000000093,0.));
#13799=CARTESIAN_POINT('',(2.2474999999983,4.25000000000136,0.5));
#13800=CARTESIAN_POINT('',(2.2474999999983,4.73000000000093,0.5));
#13801=CARTESIAN_POINT('',(2.2474999999983,4.25000000000136,0.));
#13802=CARTESIAN_POINT('Origin',(2.2474999999983,4.25000000000136,0.));
#13803=CARTESIAN_POINT('',(2.54749999999757,4.25000000000136,0.5));
#13804=CARTESIAN_POINT('',(2.2474999999983,4.25000000000136,0.5));
#13805=CARTESIAN_POINT('',(2.54749999999757,4.25000000000136,0.));
#13806=CARTESIAN_POINT('Origin',(2.54749999999757,4.25000000000136,0.));
#13807=CARTESIAN_POINT('',(2.54749999999769,4.15000000000054,0.5));
#13808=CARTESIAN_POINT('',(2.54749999999757,4.25000000000136,0.5));
#13809=CARTESIAN_POINT('',(2.54749999999769,4.15000000000054,0.));
#13810=CARTESIAN_POINT('Origin',(2.54749999999769,4.15000000000054,0.));
#13811=CARTESIAN_POINT('',(4.91749999999951,4.15000000000054,0.5));
#13812=CARTESIAN_POINT('',(2.54749999999769,4.15000000000054,0.5));
#13813=CARTESIAN_POINT('',(4.91749999999951,4.15000000000054,0.));
#13814=CARTESIAN_POINT('Origin',(4.91749999999951,4.15000000000054,0.));
#13815=CARTESIAN_POINT('',(4.91749999999951,4.24999999999954,0.5));
#13816=CARTESIAN_POINT('',(4.91749999999951,4.15000000000054,0.5));
#13817=CARTESIAN_POINT('',(4.91749999999951,4.24999999999954,0.));
#13818=CARTESIAN_POINT('Origin',(4.91749999999951,4.24999999999954,0.));
#13819=CARTESIAN_POINT('',(5.19249999999869,4.24999999999954,0.5));
#13820=CARTESIAN_POINT('',(4.91749999999951,4.24999999999954,0.5));
#13821=CARTESIAN_POINT('',(5.19249999999869,4.24999999999954,0.));
#13822=CARTESIAN_POINT('Origin',(5.19249999999869,4.24999999999954,0.));
#13823=CARTESIAN_POINT('',(5.19249999999869,4.90000000000009,0.5));
#13824=CARTESIAN_POINT('',(5.19249999999869,4.24999999999954,0.5));
#13825=CARTESIAN_POINT('',(5.19249999999869,4.90000000000009,0.));
#13826=CARTESIAN_POINT('Origin',(5.19249999999869,4.90000000000009,0.));
#13827=CARTESIAN_POINT('',(5.83750000000021,4.89999999999963,0.5));
#13828=CARTESIAN_POINT('',(5.19249999999869,4.90000000000009,0.5));
#13829=CARTESIAN_POINT('',(5.83750000000021,4.89999999999963,0.));
#13830=CARTESIAN_POINT('Origin',(5.83750000000021,4.89999999999963,0.));
#13831=CARTESIAN_POINT('',(5.83750000000021,3.69999999999981,0.5));
#13832=CARTESIAN_POINT('',(5.83750000000021,4.89999999999963,0.5));
#13833=CARTESIAN_POINT('',(5.83750000000021,3.69999999999981,0.));
#13834=CARTESIAN_POINT('Origin',(5.83750000000021,3.69999999999981,0.));
#13835=CARTESIAN_POINT('',(5.58749999999958,3.69999999999981,0.5));
#13836=CARTESIAN_POINT('',(5.83750000000021,3.69999999999981,0.5));
#13837=CARTESIAN_POINT('',(5.58749999999958,3.69999999999981,0.));
#13838=CARTESIAN_POINT('Origin',(5.58749999999958,3.69999999999981,0.));
#13839=CARTESIAN_POINT('',(5.58749999999958,0.599999999999904,0.5));
#13840=CARTESIAN_POINT('',(5.58749999999958,3.69999999999981,0.5));
#13841=CARTESIAN_POINT('',(5.58749999999958,0.599999999999904,0.));
#13842=CARTESIAN_POINT('Origin',(5.58749999999958,0.599999999999904,0.));
#13843=CARTESIAN_POINT('',(5.8375000000002,0.599999999999904,0.5));
#13844=CARTESIAN_POINT('',(5.58749999999958,0.599999999999904,0.5));
#13845=CARTESIAN_POINT('',(5.8375000000002,0.599999999999904,0.));
#13846=CARTESIAN_POINT('Origin',(5.8375000000002,0.599999999999904,0.));
#13847=CARTESIAN_POINT('',(5.8375000000002,-0.599999999999914,0.5));
#13848=CARTESIAN_POINT('',(5.8375000000002,0.599999999999904,0.5));
#13849=CARTESIAN_POINT('',(5.8375000000002,-0.599999999999914,0.));
#13850=CARTESIAN_POINT('Origin',(5.8375000000002,-0.599999999999914,0.));
#13851=CARTESIAN_POINT('',(5.58749999999958,-0.599999999999914,0.5));
#13852=CARTESIAN_POINT('',(5.8375000000002,-0.599999999999914,0.5));
#13853=CARTESIAN_POINT('',(5.58749999999958,-0.599999999999914,0.));
#13854=CARTESIAN_POINT('Origin',(5.58749999999958,-0.599999999999914,0.));
#13855=CARTESIAN_POINT('',(5.58749999999958,-0.599999999999914,0.5));
#13856=CARTESIAN_POINT('Origin',(2.47182025792528,-5.45027789566833E-14,
0.5));
#13857=UNCERTAINTY_MEASURE_WITH_UNIT(LENGTH_MEASURE(0.01),#13861,
'DISTANCE_ACCURACY_VALUE',
'Maximum model space distance between geometric entities at asserted c
onnectivities');
#13858=UNCERTAINTY_MEASURE_WITH_UNIT(LENGTH_MEASURE(0.01),#13861,
'DISTANCE_ACCURACY_VALUE',
'Maximum model space distance between geometric entities at asserted c
onnectivities');
#13859=(
GEOMETRIC_REPRESENTATION_CONTEXT(3)
GLOBAL_UNCERTAINTY_ASSIGNED_CONTEXT((#13857))
GLOBAL_UNIT_ASSIGNED_CONTEXT((#13861,#13863,#13862))
REPRESENTATION_CONTEXT('','3D')
);
#13860=(
GEOMETRIC_REPRESENTATION_CONTEXT(3)
GLOBAL_UNCERTAINTY_ASSIGNED_CONTEXT((#13858))
GLOBAL_UNIT_ASSIGNED_CONTEXT((#13861,#13863,#13862))
REPRESENTATION_CONTEXT('','3D')
);
#13861=(
LENGTH_UNIT()
NAMED_UNIT(*)
SI_UNIT(.MILLI.,.METRE.)
);
#13862=(
NAMED_UNIT(*)
SI_UNIT($,.STERADIAN.)
SOLID_ANGLE_UNIT()
);
#13863=(
NAMED_UNIT(*)
PLANE_ANGLE_UNIT()
SI_UNIT($,.RADIAN.)
);
#13864=SHAPE_DEFINITION_REPRESENTATION(#13865,#13866);
#13865=PRODUCT_DEFINITION_SHAPE('',$,#13868);
#13866=SHAPE_REPRESENTATION('',(#8073),#13859);
#13867=PRODUCT_DEFINITION_CONTEXT('part definition',#13872,'design');
#13868=PRODUCT_DEFINITION('Product','Product',#13869,#13867);
#13869=PRODUCT_DEFINITION_FORMATION('',$,#13874);
#13870=PRODUCT_RELATED_PRODUCT_CATEGORY('Product','Product',(#13874));
#13871=APPLICATION_PROTOCOL_DEFINITION('international standard',
'automotive_design',2009,#13872);
#13872=APPLICATION_CONTEXT(
'Core Data for Automotive Mechanical Design Process');
#13873=PRODUCT_CONTEXT('part definition',#13872,'mechanical');
#13874=PRODUCT('Product','Product',$,(#13873));
#13875=PRESENTATION_STYLE_ASSIGNMENT((#13878));
#13876=PRESENTATION_STYLE_ASSIGNMENT((#13879));
#13877=PRESENTATION_STYLE_ASSIGNMENT((#13880));
#13878=SURFACE_STYLE_USAGE(.BOTH.,#13881);
#13879=SURFACE_STYLE_USAGE(.BOTH.,#13882);
#13880=SURFACE_STYLE_USAGE(.BOTH.,#13883);
#13881=SURFACE_SIDE_STYLE('',(#13884));
#13882=SURFACE_SIDE_STYLE('',(#13885));
#13883=SURFACE_SIDE_STYLE('',(#13886));
#13884=SURFACE_STYLE_FILL_AREA(#13887);
#13885=SURFACE_STYLE_FILL_AREA(#13888);
#13886=SURFACE_STYLE_FILL_AREA(#13889);
#13887=FILL_AREA_STYLE('',(#13890));
#13888=FILL_AREA_STYLE('',(#13891));
#13889=FILL_AREA_STYLE('',(#13892));
#13890=FILL_AREA_STYLE_COLOUR('',#13893);
#13891=FILL_AREA_STYLE_COLOUR('',#13894);
#13892=FILL_AREA_STYLE_COLOUR('',#13895);
#13893=COLOUR_RGB('',1.,1.,1.);
#13894=COLOUR_RGB('',0.329411764705882,0.329411764705882,0.329411764705882);
#13895=COLOUR_RGB('',0.866666666666667,0.866666666666667,0.866666666666667);
ENDSEC;
END-ISO-10303-21;
