ISO-10303-21;
HEADER;
/* Generated by software containing ST-Developer
 * from STEP Tools, Inc. (www.steptools.com) 
 */
/* OPTION: using custom schema-name function */

FILE_DESCRIPTION(
/* description */ (''),
/* implementation_level */ '2;1');

FILE_NAME(
/* name */ '436500213wbm000_02_214.stp',
/* time_stamp */ '2024-04-18T14:48:58+05:00',
/* author */ (''),
/* organization */ (''),
/* preprocessor_version */ 'ST-DEVELOPER v16.7',
/* originating_system */ 'SIEMENS PLM Software NX 1919',
/* authorisation */ '');

FILE_SCHEMA (('AUTOMOTIVE_DESIGN { 1 0 10303 214 3 1 1 1 }'));
ENDSEC;

DATA;
#10=SHAPE_REPRESENTATION_RELATIONSHIP('None',
'relationship between 436500213wbm000_02-None and 436500213wbm000_02-N
one',#22,#11);
#11=ADVANCED_BREP_SHAPE_REPRESENTATION('436500213wbm000_02-None',(#32),
#3874);
#12=SHAPE_DEFINITION_REPRESENTATION(#13,#22);
#13=PRODUCT_DEFINITION_SHAPE('','',#14);
#14=PRODUCT_DEFINITION(' ','',#16,#15);
#15=PRODUCT_DEFINITION_CONTEXT('part definition',#21,'design');
#16=PRODUCT_DEFINITION_FORMATION_WITH_SPECIFIED_SOURCE(' ',' ',#18,
 .NOT_KNOWN.);
#17=PRODUCT_RELATED_PRODUCT_CATEGORY('part','',(#18));
#18=PRODUCT('436500213wbm000_02','436500213wbm000_02',' ',(#19));
#19=PRODUCT_CONTEXT(' ',#21,'mechanical');
#20=APPLICATION_PROTOCOL_DEFINITION('international standard',
'automotive_design',2010,#21);
#21=APPLICATION_CONTEXT(
'core data for automotive mechanical design processes');
#22=SHAPE_REPRESENTATION('436500213wbm000_02-None',(#2413),#3874);
#23=PRESENTATION_LAYER_ASSIGNMENT('1','Layer 1',(#32));
#24=STYLED_ITEM('',(#25),#32);
#25=PRESENTATION_STYLE_ASSIGNMENT((#26));
#26=SURFACE_STYLE_USAGE(.BOTH.,#27);
#27=SURFACE_SIDE_STYLE('',(#28));
#28=SURFACE_STYLE_FILL_AREA(#29);
#29=FILL_AREA_STYLE('',(#30));
#30=FILL_AREA_STYLE_COLOUR('',#31);
#31=COLOUR_RGB('Medium Steel',0.596063172350652,0.666666666666667,0.686259250782025);
#32=MANIFOLD_SOLID_BREP('',#33);
#33=CLOSED_SHELL('',(#203,#204,#205,#206,#207,#208,#209,#210,#211,#212,
#213,#214,#215,#216,#217,#218,#219,#220,#221,#222,#223,#224,#225,#226,#227,
#228,#229,#230,#231,#232,#233,#234,#235,#236,#237,#238,#239,#240,#241,#242,
#243,#244,#245,#246,#247,#248,#249,#250,#251,#252,#253,#254,#255,#256,#257,
#258,#259,#260,#261,#262,#263,#264,#265,#266,#267,#268,#269,#270,#271,#272,
#273,#274,#275,#276,#277,#278,#279,#280,#281,#282,#283,#284,#285,#286,#287,
#288,#289,#290,#291,#292,#293,#294,#295,#296,#297,#298,#299,#300,#301,#302,
#303,#304,#305,#306,#307,#308,#309,#310,#311,#312,#313,#314,#315,#316,#317,
#318,#319,#320,#321,#322,#323,#324,#325,#326,#327,#328));
#34=CYLINDRICAL_SURFACE('',#2485,0.38);
#35=CYLINDRICAL_SURFACE('',#2486,0.38);
#36=CYLINDRICAL_SURFACE('',#2494,0.880000000000001);
#37=CYLINDRICAL_SURFACE('',#2496,0.320000000000005);
#38=CYLINDRICAL_SURFACE('',#2510,0.38);
#39=CYLINDRICAL_SURFACE('',#2511,0.38);
#40=CYLINDRICAL_SURFACE('',#2519,0.880000000000001);
#41=CYLINDRICAL_SURFACE('',#2521,0.320000000000005);
#42=CYLINDRICAL_SURFACE('',#2528,0.199999999999999);
#43=CYLINDRICAL_SURFACE('',#2533,0.649999999999999);
#44=CYLINDRICAL_SURFACE('',#2539,0.199999999999999);
#45=CYLINDRICAL_SURFACE('',#2542,0.649999999999999);
#46=CYLINDRICAL_SURFACE('',#2553,0.6572);
#47=CYLINDRICAL_SURFACE('',#2556,0.2072);
#48=CYLINDRICAL_SURFACE('',#2563,0.6572);
#49=CYLINDRICAL_SURFACE('',#2569,0.2072);
#50=CIRCLE('',#2479,0.38);
#51=CIRCLE('',#2480,0.38);
#52=CIRCLE('',#2482,0.38);
#53=CIRCLE('',#2483,0.38);
#54=CIRCLE('',#2488,0.880000000000001);
#55=CIRCLE('',#2489,0.320000000000005);
#56=CIRCLE('',#2491,0.320000000000005);
#57=CIRCLE('',#2492,0.880000000000001);
#58=CIRCLE('',#2504,0.38);
#59=CIRCLE('',#2505,0.38);
#60=CIRCLE('',#2507,0.38);
#61=CIRCLE('',#2508,0.38);
#62=CIRCLE('',#2513,0.880000000000001);
#63=CIRCLE('',#2514,0.320000000000005);
#64=CIRCLE('',#2516,0.320000000000005);
#65=CIRCLE('',#2517,0.880000000000001);
#66=CIRCLE('',#2526,0.199999999999999);
#67=CIRCLE('',#2527,0.199999999999999);
#68=CIRCLE('',#2531,0.649999999999999);
#69=CIRCLE('',#2532,0.649999999999999);
#70=CIRCLE('',#2537,0.199999999999999);
#71=CIRCLE('',#2538,0.199999999999999);
#72=CIRCLE('',#2540,0.649999999999999);
#73=CIRCLE('',#2541,0.649999999999999);
#74=CIRCLE('',#2551,0.6572);
#75=CIRCLE('',#2552,0.6572);
#76=CIRCLE('',#2554,0.2072);
#77=CIRCLE('',#2555,0.2072);
#78=CIRCLE('',#2561,0.6572);
#79=CIRCLE('',#2562,0.6572);
#80=CIRCLE('',#2567,0.2072);
#81=CIRCLE('',#2568,0.2072);
#82=FACE_OUTER_BOUND('',#454,.T.);
#83=FACE_OUTER_BOUND('',#455,.T.);
#84=FACE_OUTER_BOUND('',#456,.T.);
#85=FACE_OUTER_BOUND('',#457,.T.);
#86=FACE_OUTER_BOUND('',#458,.T.);
#87=FACE_OUTER_BOUND('',#459,.T.);
#88=FACE_OUTER_BOUND('',#460,.T.);
#89=FACE_OUTER_BOUND('',#461,.T.);
#90=FACE_OUTER_BOUND('',#462,.T.);
#91=FACE_OUTER_BOUND('',#463,.T.);
#92=FACE_OUTER_BOUND('',#469,.T.);
#93=FACE_OUTER_BOUND('',#470,.T.);
#94=FACE_OUTER_BOUND('',#471,.T.);
#95=FACE_OUTER_BOUND('',#472,.T.);
#96=FACE_OUTER_BOUND('',#473,.T.);
#97=FACE_OUTER_BOUND('',#474,.T.);
#98=FACE_OUTER_BOUND('',#475,.T.);
#99=FACE_OUTER_BOUND('',#476,.T.);
#100=FACE_OUTER_BOUND('',#477,.T.);
#101=FACE_OUTER_BOUND('',#478,.T.);
#102=FACE_OUTER_BOUND('',#479,.T.);
#103=FACE_OUTER_BOUND('',#480,.T.);
#104=FACE_OUTER_BOUND('',#481,.T.);
#105=FACE_OUTER_BOUND('',#482,.T.);
#106=FACE_OUTER_BOUND('',#483,.T.);
#107=FACE_OUTER_BOUND('',#484,.T.);
#108=FACE_OUTER_BOUND('',#485,.T.);
#109=FACE_OUTER_BOUND('',#486,.T.);
#110=FACE_OUTER_BOUND('',#487,.T.);
#111=FACE_OUTER_BOUND('',#488,.T.);
#112=FACE_OUTER_BOUND('',#489,.T.);
#113=FACE_OUTER_BOUND('',#490,.T.);
#114=FACE_OUTER_BOUND('',#491,.T.);
#115=FACE_OUTER_BOUND('',#492,.T.);
#116=FACE_OUTER_BOUND('',#493,.T.);
#117=FACE_OUTER_BOUND('',#494,.T.);
#118=FACE_OUTER_BOUND('',#495,.T.);
#119=FACE_OUTER_BOUND('',#496,.T.);
#120=FACE_OUTER_BOUND('',#497,.T.);
#121=FACE_OUTER_BOUND('',#498,.T.);
#122=FACE_OUTER_BOUND('',#499,.T.);
#123=FACE_OUTER_BOUND('',#500,.T.);
#124=FACE_OUTER_BOUND('',#501,.T.);
#125=FACE_OUTER_BOUND('',#504,.T.);
#126=FACE_OUTER_BOUND('',#505,.T.);
#127=FACE_OUTER_BOUND('',#506,.T.);
#128=FACE_OUTER_BOUND('',#507,.T.);
#129=FACE_OUTER_BOUND('',#510,.T.);
#130=FACE_OUTER_BOUND('',#511,.T.);
#131=FACE_OUTER_BOUND('',#512,.T.);
#132=FACE_OUTER_BOUND('',#513,.T.);
#133=FACE_OUTER_BOUND('',#514,.T.);
#134=FACE_OUTER_BOUND('',#515,.T.);
#135=FACE_OUTER_BOUND('',#516,.T.);
#136=FACE_OUTER_BOUND('',#517,.T.);
#137=FACE_OUTER_BOUND('',#518,.T.);
#138=FACE_OUTER_BOUND('',#519,.T.);
#139=FACE_OUTER_BOUND('',#520,.T.);
#140=FACE_OUTER_BOUND('',#521,.T.);
#141=FACE_OUTER_BOUND('',#522,.T.);
#142=FACE_OUTER_BOUND('',#523,.T.);
#143=FACE_OUTER_BOUND('',#524,.T.);
#144=FACE_OUTER_BOUND('',#525,.T.);
#145=FACE_OUTER_BOUND('',#526,.T.);
#146=FACE_OUTER_BOUND('',#527,.T.);
#147=FACE_OUTER_BOUND('',#528,.T.);
#148=FACE_OUTER_BOUND('',#529,.T.);
#149=FACE_OUTER_BOUND('',#530,.T.);
#150=FACE_OUTER_BOUND('',#531,.T.);
#151=FACE_OUTER_BOUND('',#532,.T.);
#152=FACE_OUTER_BOUND('',#533,.T.);
#153=FACE_OUTER_BOUND('',#534,.T.);
#154=FACE_OUTER_BOUND('',#535,.T.);
#155=FACE_OUTER_BOUND('',#536,.T.);
#156=FACE_OUTER_BOUND('',#537,.T.);
#157=FACE_OUTER_BOUND('',#538,.T.);
#158=FACE_OUTER_BOUND('',#539,.T.);
#159=FACE_OUTER_BOUND('',#540,.T.);
#160=FACE_OUTER_BOUND('',#541,.T.);
#161=FACE_OUTER_BOUND('',#542,.T.);
#162=FACE_OUTER_BOUND('',#543,.T.);
#163=FACE_OUTER_BOUND('',#544,.T.);
#164=FACE_OUTER_BOUND('',#545,.T.);
#165=FACE_OUTER_BOUND('',#546,.T.);
#166=FACE_OUTER_BOUND('',#547,.T.);
#167=FACE_OUTER_BOUND('',#548,.T.);
#168=FACE_OUTER_BOUND('',#549,.T.);
#169=FACE_OUTER_BOUND('',#550,.T.);
#170=FACE_OUTER_BOUND('',#551,.T.);
#171=FACE_OUTER_BOUND('',#552,.T.);
#172=FACE_OUTER_BOUND('',#553,.T.);
#173=FACE_OUTER_BOUND('',#554,.T.);
#174=FACE_OUTER_BOUND('',#555,.T.);
#175=FACE_OUTER_BOUND('',#556,.T.);
#176=FACE_OUTER_BOUND('',#557,.T.);
#177=FACE_OUTER_BOUND('',#558,.T.);
#178=FACE_OUTER_BOUND('',#559,.T.);
#179=FACE_OUTER_BOUND('',#560,.T.);
#180=FACE_OUTER_BOUND('',#561,.T.);
#181=FACE_OUTER_BOUND('',#562,.T.);
#182=FACE_OUTER_BOUND('',#563,.T.);
#183=FACE_OUTER_BOUND('',#564,.T.);
#184=FACE_OUTER_BOUND('',#565,.T.);
#185=FACE_OUTER_BOUND('',#566,.T.);
#186=FACE_OUTER_BOUND('',#567,.T.);
#187=FACE_OUTER_BOUND('',#568,.T.);
#188=FACE_OUTER_BOUND('',#569,.T.);
#189=FACE_OUTER_BOUND('',#570,.T.);
#190=FACE_OUTER_BOUND('',#571,.T.);
#191=FACE_OUTER_BOUND('',#572,.T.);
#192=FACE_OUTER_BOUND('',#573,.T.);
#193=FACE_OUTER_BOUND('',#574,.T.);
#194=FACE_OUTER_BOUND('',#575,.T.);
#195=FACE_OUTER_BOUND('',#576,.T.);
#196=FACE_OUTER_BOUND('',#577,.T.);
#197=FACE_OUTER_BOUND('',#578,.T.);
#198=FACE_OUTER_BOUND('',#579,.T.);
#199=FACE_OUTER_BOUND('',#580,.T.);
#200=FACE_OUTER_BOUND('',#581,.T.);
#201=FACE_OUTER_BOUND('',#582,.T.);
#202=FACE_OUTER_BOUND('',#583,.T.);
#203=ADVANCED_FACE('',(#439,#440,#441),#329,.T.);
#204=ADVANCED_FACE('',(#82),#330,.F.);
#205=ADVANCED_FACE('',(#83),#331,.F.);
#206=ADVANCED_FACE('',(#84),#332,.F.);
#207=ADVANCED_FACE('',(#85),#333,.F.);
#208=ADVANCED_FACE('',(#86),#334,.F.);
#209=ADVANCED_FACE('',(#87),#335,.F.);
#210=ADVANCED_FACE('',(#88),#336,.T.);
#211=ADVANCED_FACE('',(#89),#337,.T.);
#212=ADVANCED_FACE('',(#90),#338,.T.);
#213=ADVANCED_FACE('',(#91),#339,.T.);
#214=ADVANCED_FACE('',(#442,#443,#444),#340,.T.);
#215=ADVANCED_FACE('',(#445,#446),#341,.T.);
#216=ADVANCED_FACE('',(#92),#342,.F.);
#217=ADVANCED_FACE('',(#93),#343,.F.);
#218=ADVANCED_FACE('',(#94),#344,.F.);
#219=ADVANCED_FACE('',(#95),#345,.F.);
#220=ADVANCED_FACE('',(#96),#346,.F.);
#221=ADVANCED_FACE('',(#97),#347,.T.);
#222=ADVANCED_FACE('',(#98),#348,.T.);
#223=ADVANCED_FACE('',(#99),#349,.T.);
#224=ADVANCED_FACE('',(#100),#350,.T.);
#225=ADVANCED_FACE('',(#101),#351,.T.);
#226=ADVANCED_FACE('',(#102),#352,.T.);
#227=ADVANCED_FACE('',(#103),#353,.F.);
#228=ADVANCED_FACE('',(#104),#354,.T.);
#229=ADVANCED_FACE('',(#105),#355,.T.);
#230=ADVANCED_FACE('',(#106),#356,.T.);
#231=ADVANCED_FACE('',(#107),#357,.F.);
#232=ADVANCED_FACE('',(#108),#358,.T.);
#233=ADVANCED_FACE('',(#109),#359,.T.);
#234=ADVANCED_FACE('',(#110),#360,.T.);
#235=ADVANCED_FACE('',(#111),#361,.F.);
#236=ADVANCED_FACE('',(#112),#362,.F.);
#237=ADVANCED_FACE('',(#113),#363,.F.);
#238=ADVANCED_FACE('',(#114),#364,.F.);
#239=ADVANCED_FACE('',(#115),#365,.T.);
#240=ADVANCED_FACE('',(#116),#366,.F.);
#241=ADVANCED_FACE('',(#117),#367,.F.);
#242=ADVANCED_FACE('',(#118),#368,.F.);
#243=ADVANCED_FACE('',(#119),#369,.F.);
#244=ADVANCED_FACE('',(#120),#370,.F.);
#245=ADVANCED_FACE('',(#121),#371,.F.);
#246=ADVANCED_FACE('',(#122),#372,.F.);
#247=ADVANCED_FACE('',(#123),#373,.F.);
#248=ADVANCED_FACE('',(#124),#374,.F.);
#249=ADVANCED_FACE('',(#447,#448),#375,.T.);
#250=ADVANCED_FACE('',(#125),#376,.F.);
#251=ADVANCED_FACE('',(#126),#377,.F.);
#252=ADVANCED_FACE('',(#127),#378,.F.);
#253=ADVANCED_FACE('',(#128),#379,.F.);
#254=ADVANCED_FACE('',(#449,#450),#380,.T.);
#255=ADVANCED_FACE('',(#129),#381,.T.);
#256=ADVANCED_FACE('',(#130),#382,.T.);
#257=ADVANCED_FACE('',(#131),#383,.T.);
#258=ADVANCED_FACE('',(#132),#384,.F.);
#259=ADVANCED_FACE('',(#133),#385,.T.);
#260=ADVANCED_FACE('',(#134),#386,.T.);
#261=ADVANCED_FACE('',(#135),#387,.T.);
#262=ADVANCED_FACE('',(#136),#388,.T.);
#263=ADVANCED_FACE('',(#137),#389,.F.);
#264=ADVANCED_FACE('',(#138),#390,.T.);
#265=ADVANCED_FACE('',(#139),#391,.F.);
#266=ADVANCED_FACE('',(#140),#392,.F.);
#267=ADVANCED_FACE('',(#141),#393,.F.);
#268=ADVANCED_FACE('',(#142),#394,.T.);
#269=ADVANCED_FACE('',(#143),#395,.F.);
#270=ADVANCED_FACE('',(#144),#34,.T.);
#271=ADVANCED_FACE('',(#145),#35,.T.);
#272=ADVANCED_FACE('',(#146),#396,.F.);
#273=ADVANCED_FACE('',(#147),#397,.T.);
#274=ADVANCED_FACE('',(#148),#398,.F.);
#275=ADVANCED_FACE('',(#149),#36,.T.);
#276=ADVANCED_FACE('',(#150),#399,.F.);
#277=ADVANCED_FACE('',(#151),#37,.T.);
#278=ADVANCED_FACE('',(#152),#400,.F.);
#279=ADVANCED_FACE('',(#153),#401,.T.);
#280=ADVANCED_FACE('',(#154),#402,.F.);
#281=ADVANCED_FACE('',(#155),#403,.F.);
#282=ADVANCED_FACE('',(#156),#404,.F.);
#283=ADVANCED_FACE('',(#157),#405,.F.);
#284=ADVANCED_FACE('',(#158),#406,.F.);
#285=ADVANCED_FACE('',(#159),#407,.T.);
#286=ADVANCED_FACE('',(#160),#408,.F.);
#287=ADVANCED_FACE('',(#161),#38,.T.);
#288=ADVANCED_FACE('',(#162),#39,.T.);
#289=ADVANCED_FACE('',(#163),#409,.F.);
#290=ADVANCED_FACE('',(#164),#410,.T.);
#291=ADVANCED_FACE('',(#165),#411,.F.);
#292=ADVANCED_FACE('',(#166),#40,.T.);
#293=ADVANCED_FACE('',(#167),#412,.F.);
#294=ADVANCED_FACE('',(#168),#41,.T.);
#295=ADVANCED_FACE('',(#169),#413,.F.);
#296=ADVANCED_FACE('',(#170),#414,.T.);
#297=ADVANCED_FACE('',(#171),#415,.F.);
#298=ADVANCED_FACE('',(#172),#416,.F.);
#299=ADVANCED_FACE('',(#173),#42,.F.);
#300=ADVANCED_FACE('',(#174),#417,.T.);
#301=ADVANCED_FACE('',(#175),#418,.T.);
#302=ADVANCED_FACE('',(#176),#43,.T.);
#303=ADVANCED_FACE('',(#177),#419,.T.);
#304=ADVANCED_FACE('',(#178),#420,.F.);
#305=ADVANCED_FACE('',(#179),#421,.T.);
#306=ADVANCED_FACE('',(#180),#44,.F.);
#307=ADVANCED_FACE('',(#181),#45,.T.);
#308=ADVANCED_FACE('',(#182),#422,.T.);
#309=ADVANCED_FACE('',(#183),#423,.T.);
#310=ADVANCED_FACE('',(#184),#424,.T.);
#311=ADVANCED_FACE('',(#185),#425,.F.);
#312=ADVANCED_FACE('',(#186),#426,.T.);
#313=ADVANCED_FACE('',(#187),#427,.T.);
#314=ADVANCED_FACE('',(#188),#428,.T.);
#315=ADVANCED_FACE('',(#189),#429,.T.);
#316=ADVANCED_FACE('',(#190),#46,.T.);
#317=ADVANCED_FACE('',(#191),#47,.F.);
#318=ADVANCED_FACE('',(#192),#430,.T.);
#319=ADVANCED_FACE('',(#193),#431,.F.);
#320=ADVANCED_FACE('',(#194),#432,.T.);
#321=ADVANCED_FACE('',(#195),#433,.T.);
#322=ADVANCED_FACE('',(#196),#48,.T.);
#323=ADVANCED_FACE('',(#197),#434,.T.);
#324=ADVANCED_FACE('',(#198),#435,.T.);
#325=ADVANCED_FACE('',(#199),#436,.T.);
#326=ADVANCED_FACE('',(#200),#49,.F.);
#327=ADVANCED_FACE('',(#201),#437,.F.);
#328=ADVANCED_FACE('',(#202),#438,.T.);
#329=PLANE('',#2414);
#330=PLANE('',#2415);
#331=PLANE('',#2416);
#332=PLANE('',#2417);
#333=PLANE('',#2418);
#334=PLANE('',#2419);
#335=PLANE('',#2420);
#336=PLANE('',#2421);
#337=PLANE('',#2422);
#338=PLANE('',#2423);
#339=PLANE('',#2424);
#340=PLANE('',#2425);
#341=PLANE('',#2426);
#342=PLANE('',#2427);
#343=PLANE('',#2428);
#344=PLANE('',#2429);
#345=PLANE('',#2430);
#346=PLANE('',#2431);
#347=PLANE('',#2432);
#348=PLANE('',#2433);
#349=PLANE('',#2434);
#350=PLANE('',#2435);
#351=PLANE('',#2436);
#352=PLANE('',#2437);
#353=PLANE('',#2438);
#354=PLANE('',#2439);
#355=PLANE('',#2440);
#356=PLANE('',#2441);
#357=PLANE('',#2442);
#358=PLANE('',#2443);
#359=PLANE('',#2444);
#360=PLANE('',#2445);
#361=PLANE('',#2446);
#362=PLANE('',#2447);
#363=PLANE('',#2448);
#364=PLANE('',#2449);
#365=PLANE('',#2450);
#366=PLANE('',#2451);
#367=PLANE('',#2452);
#368=PLANE('',#2453);
#369=PLANE('',#2454);
#370=PLANE('',#2455);
#371=PLANE('',#2456);
#372=PLANE('',#2457);
#373=PLANE('',#2458);
#374=PLANE('',#2459);
#375=PLANE('',#2460);
#376=PLANE('',#2461);
#377=PLANE('',#2462);
#378=PLANE('',#2463);
#379=PLANE('',#2464);
#380=PLANE('',#2465);
#381=PLANE('',#2466);
#382=PLANE('',#2467);
#383=PLANE('',#2468);
#384=PLANE('',#2469);
#385=PLANE('',#2470);
#386=PLANE('',#2471);
#387=PLANE('',#2472);
#388=PLANE('',#2473);
#389=PLANE('',#2474);
#390=PLANE('',#2475);
#391=PLANE('',#2476);
#392=PLANE('',#2477);
#393=PLANE('',#2478);
#394=PLANE('',#2481);
#395=PLANE('',#2484);
#396=PLANE('',#2487);
#397=PLANE('',#2490);
#398=PLANE('',#2493);
#399=PLANE('',#2495);
#400=PLANE('',#2497);
#401=PLANE('',#2498);
#402=PLANE('',#2499);
#403=PLANE('',#2500);
#404=PLANE('',#2501);
#405=PLANE('',#2502);
#406=PLANE('',#2503);
#407=PLANE('',#2506);
#408=PLANE('',#2509);
#409=PLANE('',#2512);
#410=PLANE('',#2515);
#411=PLANE('',#2518);
#412=PLANE('',#2520);
#413=PLANE('',#2522);
#414=PLANE('',#2523);
#415=PLANE('',#2524);
#416=PLANE('',#2525);
#417=PLANE('',#2529);
#418=PLANE('',#2530);
#419=PLANE('',#2534);
#420=PLANE('',#2535);
#421=PLANE('',#2536);
#422=PLANE('',#2543);
#423=PLANE('',#2544);
#424=PLANE('',#2545);
#425=PLANE('',#2546);
#426=PLANE('',#2547);
#427=PLANE('',#2548);
#428=PLANE('',#2549);
#429=PLANE('',#2550);
#430=PLANE('',#2557);
#431=PLANE('',#2558);
#432=PLANE('',#2559);
#433=PLANE('',#2560);
#434=PLANE('',#2564);
#435=PLANE('',#2565);
#436=PLANE('',#2566);
#437=PLANE('',#2570);
#438=PLANE('',#2571);
#439=FACE_BOUND('',#451,.T.);
#440=FACE_BOUND('',#452,.T.);
#441=FACE_BOUND('',#453,.T.);
#442=FACE_BOUND('',#464,.T.);
#443=FACE_BOUND('',#465,.T.);
#444=FACE_BOUND('',#466,.T.);
#445=FACE_BOUND('',#467,.T.);
#446=FACE_BOUND('',#468,.T.);
#447=FACE_BOUND('',#502,.T.);
#448=FACE_BOUND('',#503,.T.);
#449=FACE_BOUND('',#508,.T.);
#450=FACE_BOUND('',#509,.T.);
#451=EDGE_LOOP('',(#584,#585,#586,#587));
#452=EDGE_LOOP('',(#588,#589,#590,#591));
#453=EDGE_LOOP('',(#592,#593,#594,#595,#596,#597,#598,#599,#600,#601,#602,
#603,#604,#605,#606,#607,#608,#609,#610,#611,#612,#613,#614,#615,#616,#617,
#618,#619,#620,#621,#622,#623,#624,#625,#626,#627));
#454=EDGE_LOOP('',(#628,#629,#630,#631,#632,#633,#634,#635,#636,#637,#638,
#639));
#455=EDGE_LOOP('',(#640,#641,#642,#643));
#456=EDGE_LOOP('',(#644,#645,#646,#647,#648,#649,#650,#651,#652,#653,#654,
#655));
#457=EDGE_LOOP('',(#656,#657,#658,#659));
#458=EDGE_LOOP('',(#660,#661,#662,#663));
#459=EDGE_LOOP('',(#664,#665,#666,#667));
#460=EDGE_LOOP('',(#668,#669,#670,#671,#672,#673,#674,#675));
#461=EDGE_LOOP('',(#676,#677,#678,#679,#680,#681,#682,#683));
#462=EDGE_LOOP('',(#684,#685,#686,#687));
#463=EDGE_LOOP('',(#688,#689,#690,#691));
#464=EDGE_LOOP('',(#692,#693,#694,#695));
#465=EDGE_LOOP('',(#696,#697,#698,#699,#700));
#466=EDGE_LOOP('',(#701,#702,#703,#704,#705,#706,#707,#708));
#467=EDGE_LOOP('',(#709,#710,#711,#712,#713,#714));
#468=EDGE_LOOP('',(#715,#716,#717,#718));
#469=EDGE_LOOP('',(#719,#720,#721,#722,#723,#724,#725,#726,#727,#728,#729,
#730,#731,#732,#733,#734));
#470=EDGE_LOOP('',(#735,#736,#737,#738));
#471=EDGE_LOOP('',(#739,#740,#741,#742));
#472=EDGE_LOOP('',(#743,#744,#745,#746));
#473=EDGE_LOOP('',(#747,#748,#749,#750));
#474=EDGE_LOOP('',(#751,#752,#753,#754));
#475=EDGE_LOOP('',(#755,#756,#757,#758,#759,#760,#761));
#476=EDGE_LOOP('',(#762,#763,#764,#765,#766,#767,#768));
#477=EDGE_LOOP('',(#769,#770,#771,#772));
#478=EDGE_LOOP('',(#773,#774,#775,#776));
#479=EDGE_LOOP('',(#777,#778,#779));
#480=EDGE_LOOP('',(#780,#781,#782));
#481=EDGE_LOOP('',(#783,#784,#785,#786));
#482=EDGE_LOOP('',(#787,#788,#789,#790));
#483=EDGE_LOOP('',(#791,#792,#793));
#484=EDGE_LOOP('',(#794,#795,#796));
#485=EDGE_LOOP('',(#797,#798,#799,#800));
#486=EDGE_LOOP('',(#801,#802,#803,#804,#805,#806,#807));
#487=EDGE_LOOP('',(#808,#809,#810,#811));
#488=EDGE_LOOP('',(#812,#813,#814,#815,#816));
#489=EDGE_LOOP('',(#817,#818,#819,#820));
#490=EDGE_LOOP('',(#821,#822,#823,#824));
#491=EDGE_LOOP('',(#825,#826,#827,#828,#829,#830,#831));
#492=EDGE_LOOP('',(#832,#833,#834,#835,#836));
#493=EDGE_LOOP('',(#837,#838,#839,#840));
#494=EDGE_LOOP('',(#841,#842,#843,#844));
#495=EDGE_LOOP('',(#845,#846,#847,#848));
#496=EDGE_LOOP('',(#849,#850,#851,#852));
#497=EDGE_LOOP('',(#853,#854,#855,#856));
#498=EDGE_LOOP('',(#857,#858,#859,#860));
#499=EDGE_LOOP('',(#861,#862,#863,#864));
#500=EDGE_LOOP('',(#865,#866,#867,#868));
#501=EDGE_LOOP('',(#869,#870,#871,#872));
#502=EDGE_LOOP('',(#873,#874,#875,#876));
#503=EDGE_LOOP('',(#877,#878,#879,#880,#881));
#504=EDGE_LOOP('',(#882,#883,#884,#885));
#505=EDGE_LOOP('',(#886,#887,#888,#889));
#506=EDGE_LOOP('',(#890,#891,#892,#893));
#507=EDGE_LOOP('',(#894,#895,#896,#897));
#508=EDGE_LOOP('',(#898,#899,#900,#901));
#509=EDGE_LOOP('',(#902,#903,#904,#905));
#510=EDGE_LOOP('',(#906,#907,#908,#909));
#511=EDGE_LOOP('',(#910,#911,#912,#913));
#512=EDGE_LOOP('',(#914,#915,#916,#917));
#513=EDGE_LOOP('',(#918,#919,#920,#921));
#514=EDGE_LOOP('',(#922,#923,#924,#925));
#515=EDGE_LOOP('',(#926,#927,#928,#929));
#516=EDGE_LOOP('',(#930,#931,#932,#933));
#517=EDGE_LOOP('',(#934,#935,#936,#937));
#518=EDGE_LOOP('',(#938,#939,#940,#941));
#519=EDGE_LOOP('',(#942,#943,#944,#945));
#520=EDGE_LOOP('',(#946,#947,#948,#949));
#521=EDGE_LOOP('',(#950,#951,#952,#953));
#522=EDGE_LOOP('',(#954,#955,#956,#957));
#523=EDGE_LOOP('',(#958,#959,#960,#961,#962,#963));
#524=EDGE_LOOP('',(#964,#965,#966,#967,#968,#969));
#525=EDGE_LOOP('',(#970,#971,#972,#973));
#526=EDGE_LOOP('',(#974,#975,#976,#977));
#527=EDGE_LOOP('',(#978,#979,#980,#981));
#528=EDGE_LOOP('',(#982,#983,#984,#985,#986,#987));
#529=EDGE_LOOP('',(#988,#989,#990,#991,#992,#993));
#530=EDGE_LOOP('',(#994,#995,#996,#997));
#531=EDGE_LOOP('',(#998,#999,#1000,#1001));
#532=EDGE_LOOP('',(#1002,#1003,#1004,#1005));
#533=EDGE_LOOP('',(#1006,#1007,#1008,#1009));
#534=EDGE_LOOP('',(#1010,#1011,#1012,#1013));
#535=EDGE_LOOP('',(#1014,#1015,#1016,#1017));
#536=EDGE_LOOP('',(#1018,#1019,#1020,#1021));
#537=EDGE_LOOP('',(#1022,#1023,#1024,#1025));
#538=EDGE_LOOP('',(#1026,#1027,#1028,#1029));
#539=EDGE_LOOP('',(#1030,#1031,#1032,#1033));
#540=EDGE_LOOP('',(#1034,#1035,#1036,#1037,#1038,#1039));
#541=EDGE_LOOP('',(#1040,#1041,#1042,#1043,#1044,#1045));
#542=EDGE_LOOP('',(#1046,#1047,#1048,#1049));
#543=EDGE_LOOP('',(#1050,#1051,#1052,#1053));
#544=EDGE_LOOP('',(#1054,#1055,#1056,#1057));
#545=EDGE_LOOP('',(#1058,#1059,#1060,#1061,#1062,#1063));
#546=EDGE_LOOP('',(#1064,#1065,#1066,#1067,#1068,#1069));
#547=EDGE_LOOP('',(#1070,#1071,#1072,#1073));
#548=EDGE_LOOP('',(#1074,#1075,#1076,#1077));
#549=EDGE_LOOP('',(#1078,#1079,#1080,#1081));
#550=EDGE_LOOP('',(#1082,#1083,#1084,#1085));
#551=EDGE_LOOP('',(#1086,#1087,#1088,#1089));
#552=EDGE_LOOP('',(#1090,#1091,#1092,#1093));
#553=EDGE_LOOP('',(#1094,#1095,#1096,#1097));
#554=EDGE_LOOP('',(#1098,#1099,#1100,#1101));
#555=EDGE_LOOP('',(#1102,#1103,#1104,#1105));
#556=EDGE_LOOP('',(#1106,#1107,#1108,#1109));
#557=EDGE_LOOP('',(#1110,#1111,#1112,#1113));
#558=EDGE_LOOP('',(#1114,#1115,#1116,#1117));
#559=EDGE_LOOP('',(#1118,#1119,#1120,#1121,#1122,#1123,#1124,#1125));
#560=EDGE_LOOP('',(#1126,#1127,#1128,#1129,#1130,#1131,#1132,#1133));
#561=EDGE_LOOP('',(#1134,#1135,#1136,#1137));
#562=EDGE_LOOP('',(#1138,#1139,#1140,#1141));
#563=EDGE_LOOP('',(#1142,#1143,#1144,#1145));
#564=EDGE_LOOP('',(#1146,#1147,#1148,#1149));
#565=EDGE_LOOP('',(#1150,#1151,#1152,#1153));
#566=EDGE_LOOP('',(#1154,#1155,#1156,#1157,#1158,#1159,#1160,#1161));
#567=EDGE_LOOP('',(#1162,#1163,#1164,#1165,#1166,#1167,#1168,#1169));
#568=EDGE_LOOP('',(#1170,#1171,#1172,#1173));
#569=EDGE_LOOP('',(#1174,#1175,#1176,#1177));
#570=EDGE_LOOP('',(#1178,#1179,#1180,#1181));
#571=EDGE_LOOP('',(#1182,#1183,#1184,#1185));
#572=EDGE_LOOP('',(#1186,#1187,#1188,#1189));
#573=EDGE_LOOP('',(#1190,#1191,#1192,#1193));
#574=EDGE_LOOP('',(#1194,#1195,#1196,#1197,#1198,#1199,#1200,#1201,#1202));
#575=EDGE_LOOP('',(#1203,#1204,#1205,#1206,#1207,#1208,#1209,#1210,#1211));
#576=EDGE_LOOP('',(#1212,#1213,#1214,#1215));
#577=EDGE_LOOP('',(#1216,#1217,#1218,#1219));
#578=EDGE_LOOP('',(#1220,#1221,#1222,#1223));
#579=EDGE_LOOP('',(#1224,#1225,#1226,#1227));
#580=EDGE_LOOP('',(#1228,#1229,#1230,#1231));
#581=EDGE_LOOP('',(#1232,#1233,#1234,#1235));
#582=EDGE_LOOP('',(#1236,#1237,#1238,#1239,#1240,#1241,#1242,#1243,#1244));
#583=EDGE_LOOP('',(#1245,#1246,#1247,#1248,#1249,#1250,#1251,#1252,#1253));
#584=ORIENTED_EDGE('',*,*,#1472,.F.);
#585=ORIENTED_EDGE('',*,*,#1473,.F.);
#586=ORIENTED_EDGE('',*,*,#1474,.T.);
#587=ORIENTED_EDGE('',*,*,#1475,.T.);
#588=ORIENTED_EDGE('',*,*,#1476,.F.);
#589=ORIENTED_EDGE('',*,*,#1477,.F.);
#590=ORIENTED_EDGE('',*,*,#1478,.T.);
#591=ORIENTED_EDGE('',*,*,#1479,.T.);
#592=ORIENTED_EDGE('',*,*,#1480,.T.);
#593=ORIENTED_EDGE('',*,*,#1481,.T.);
#594=ORIENTED_EDGE('',*,*,#1482,.F.);
#595=ORIENTED_EDGE('',*,*,#1483,.F.);
#596=ORIENTED_EDGE('',*,*,#1484,.T.);
#597=ORIENTED_EDGE('',*,*,#1485,.T.);
#598=ORIENTED_EDGE('',*,*,#1486,.F.);
#599=ORIENTED_EDGE('',*,*,#1487,.T.);
#600=ORIENTED_EDGE('',*,*,#1488,.F.);
#601=ORIENTED_EDGE('',*,*,#1489,.F.);
#602=ORIENTED_EDGE('',*,*,#1490,.F.);
#603=ORIENTED_EDGE('',*,*,#1491,.T.);
#604=ORIENTED_EDGE('',*,*,#1492,.F.);
#605=ORIENTED_EDGE('',*,*,#1493,.F.);
#606=ORIENTED_EDGE('',*,*,#1494,.F.);
#607=ORIENTED_EDGE('',*,*,#1495,.T.);
#608=ORIENTED_EDGE('',*,*,#1496,.F.);
#609=ORIENTED_EDGE('',*,*,#1497,.T.);
#610=ORIENTED_EDGE('',*,*,#1498,.T.);
#611=ORIENTED_EDGE('',*,*,#1499,.T.);
#612=ORIENTED_EDGE('',*,*,#1500,.T.);
#613=ORIENTED_EDGE('',*,*,#1501,.T.);
#614=ORIENTED_EDGE('',*,*,#1502,.T.);
#615=ORIENTED_EDGE('',*,*,#1503,.F.);
#616=ORIENTED_EDGE('',*,*,#1504,.T.);
#617=ORIENTED_EDGE('',*,*,#1505,.T.);
#618=ORIENTED_EDGE('',*,*,#1506,.T.);
#619=ORIENTED_EDGE('',*,*,#1507,.F.);
#620=ORIENTED_EDGE('',*,*,#1508,.T.);
#621=ORIENTED_EDGE('',*,*,#1509,.F.);
#622=ORIENTED_EDGE('',*,*,#1510,.F.);
#623=ORIENTED_EDGE('',*,*,#1511,.F.);
#624=ORIENTED_EDGE('',*,*,#1512,.T.);
#625=ORIENTED_EDGE('',*,*,#1513,.T.);
#626=ORIENTED_EDGE('',*,*,#1514,.F.);
#627=ORIENTED_EDGE('',*,*,#1515,.F.);
#628=ORIENTED_EDGE('',*,*,#1516,.F.);
#629=ORIENTED_EDGE('',*,*,#1517,.T.);
#630=ORIENTED_EDGE('',*,*,#1518,.T.);
#631=ORIENTED_EDGE('',*,*,#1519,.T.);
#632=ORIENTED_EDGE('',*,*,#1520,.F.);
#633=ORIENTED_EDGE('',*,*,#1521,.T.);
#634=ORIENTED_EDGE('',*,*,#1522,.T.);
#635=ORIENTED_EDGE('',*,*,#1523,.F.);
#636=ORIENTED_EDGE('',*,*,#1524,.T.);
#637=ORIENTED_EDGE('',*,*,#1525,.T.);
#638=ORIENTED_EDGE('',*,*,#1526,.T.);
#639=ORIENTED_EDGE('',*,*,#1527,.T.);
#640=ORIENTED_EDGE('',*,*,#1528,.F.);
#641=ORIENTED_EDGE('',*,*,#1480,.F.);
#642=ORIENTED_EDGE('',*,*,#1529,.T.);
#643=ORIENTED_EDGE('',*,*,#1517,.F.);
#644=ORIENTED_EDGE('',*,*,#1530,.F.);
#645=ORIENTED_EDGE('',*,*,#1531,.T.);
#646=ORIENTED_EDGE('',*,*,#1532,.T.);
#647=ORIENTED_EDGE('',*,*,#1533,.F.);
#648=ORIENTED_EDGE('',*,*,#1534,.T.);
#649=ORIENTED_EDGE('',*,*,#1535,.T.);
#650=ORIENTED_EDGE('',*,*,#1536,.T.);
#651=ORIENTED_EDGE('',*,*,#1537,.F.);
#652=ORIENTED_EDGE('',*,*,#1538,.F.);
#653=ORIENTED_EDGE('',*,*,#1539,.T.);
#654=ORIENTED_EDGE('',*,*,#1540,.T.);
#655=ORIENTED_EDGE('',*,*,#1541,.F.);
#656=ORIENTED_EDGE('',*,*,#1542,.F.);
#657=ORIENTED_EDGE('',*,*,#1541,.T.);
#658=ORIENTED_EDGE('',*,*,#1543,.T.);
#659=ORIENTED_EDGE('',*,*,#1492,.T.);
#660=ORIENTED_EDGE('',*,*,#1544,.F.);
#661=ORIENTED_EDGE('',*,*,#1512,.F.);
#662=ORIENTED_EDGE('',*,*,#1545,.T.);
#663=ORIENTED_EDGE('',*,*,#1521,.F.);
#664=ORIENTED_EDGE('',*,*,#1546,.F.);
#665=ORIENTED_EDGE('',*,*,#1537,.T.);
#666=ORIENTED_EDGE('',*,*,#1547,.T.);
#667=ORIENTED_EDGE('',*,*,#1496,.T.);
#668=ORIENTED_EDGE('',*,*,#1548,.F.);
#669=ORIENTED_EDGE('',*,*,#1549,.T.);
#670=ORIENTED_EDGE('',*,*,#1550,.F.);
#671=ORIENTED_EDGE('',*,*,#1551,.T.);
#672=ORIENTED_EDGE('',*,*,#1552,.T.);
#673=ORIENTED_EDGE('',*,*,#1553,.T.);
#674=ORIENTED_EDGE('',*,*,#1554,.T.);
#675=ORIENTED_EDGE('',*,*,#1555,.T.);
#676=ORIENTED_EDGE('',*,*,#1556,.F.);
#677=ORIENTED_EDGE('',*,*,#1557,.T.);
#678=ORIENTED_EDGE('',*,*,#1558,.F.);
#679=ORIENTED_EDGE('',*,*,#1559,.F.);
#680=ORIENTED_EDGE('',*,*,#1560,.F.);
#681=ORIENTED_EDGE('',*,*,#1561,.F.);
#682=ORIENTED_EDGE('',*,*,#1562,.T.);
#683=ORIENTED_EDGE('',*,*,#1563,.T.);
#684=ORIENTED_EDGE('',*,*,#1560,.T.);
#685=ORIENTED_EDGE('',*,*,#1564,.T.);
#686=ORIENTED_EDGE('',*,*,#1565,.F.);
#687=ORIENTED_EDGE('',*,*,#1566,.T.);
#688=ORIENTED_EDGE('',*,*,#1567,.T.);
#689=ORIENTED_EDGE('',*,*,#1568,.T.);
#690=ORIENTED_EDGE('',*,*,#1553,.F.);
#691=ORIENTED_EDGE('',*,*,#1569,.T.);
#692=ORIENTED_EDGE('',*,*,#1570,.F.);
#693=ORIENTED_EDGE('',*,*,#1571,.F.);
#694=ORIENTED_EDGE('',*,*,#1572,.F.);
#695=ORIENTED_EDGE('',*,*,#1573,.F.);
#696=ORIENTED_EDGE('',*,*,#1574,.F.);
#697=ORIENTED_EDGE('',*,*,#1575,.F.);
#698=ORIENTED_EDGE('',*,*,#1576,.F.);
#699=ORIENTED_EDGE('',*,*,#1577,.F.);
#700=ORIENTED_EDGE('',*,*,#1578,.F.);
#701=ORIENTED_EDGE('',*,*,#1567,.F.);
#702=ORIENTED_EDGE('',*,*,#1579,.T.);
#703=ORIENTED_EDGE('',*,*,#1565,.T.);
#704=ORIENTED_EDGE('',*,*,#1580,.T.);
#705=ORIENTED_EDGE('',*,*,#1581,.T.);
#706=ORIENTED_EDGE('',*,*,#1486,.T.);
#707=ORIENTED_EDGE('',*,*,#1582,.F.);
#708=ORIENTED_EDGE('',*,*,#1583,.F.);
#709=ORIENTED_EDGE('',*,*,#1569,.F.);
#710=ORIENTED_EDGE('',*,*,#1552,.F.);
#711=ORIENTED_EDGE('',*,*,#1584,.T.);
#712=ORIENTED_EDGE('',*,*,#1561,.T.);
#713=ORIENTED_EDGE('',*,*,#1566,.F.);
#714=ORIENTED_EDGE('',*,*,#1579,.F.);
#715=ORIENTED_EDGE('',*,*,#1585,.T.);
#716=ORIENTED_EDGE('',*,*,#1586,.T.);
#717=ORIENTED_EDGE('',*,*,#1587,.F.);
#718=ORIENTED_EDGE('',*,*,#1588,.F.);
#719=ORIENTED_EDGE('',*,*,#1504,.F.);
#720=ORIENTED_EDGE('',*,*,#1589,.T.);
#721=ORIENTED_EDGE('',*,*,#1590,.F.);
#722=ORIENTED_EDGE('',*,*,#1591,.F.);
#723=ORIENTED_EDGE('',*,*,#1500,.F.);
#724=ORIENTED_EDGE('',*,*,#1592,.T.);
#725=ORIENTED_EDGE('',*,*,#1593,.T.);
#726=ORIENTED_EDGE('',*,*,#1562,.F.);
#727=ORIENTED_EDGE('',*,*,#1584,.F.);
#728=ORIENTED_EDGE('',*,*,#1551,.F.);
#729=ORIENTED_EDGE('',*,*,#1594,.F.);
#730=ORIENTED_EDGE('',*,*,#1595,.F.);
#731=ORIENTED_EDGE('',*,*,#1508,.F.);
#732=ORIENTED_EDGE('',*,*,#1596,.T.);
#733=ORIENTED_EDGE('',*,*,#1597,.F.);
#734=ORIENTED_EDGE('',*,*,#1598,.F.);
#735=ORIENTED_EDGE('',*,*,#1599,.T.);
#736=ORIENTED_EDGE('',*,*,#1585,.F.);
#737=ORIENTED_EDGE('',*,*,#1600,.F.);
#738=ORIENTED_EDGE('',*,*,#1601,.T.);
#739=ORIENTED_EDGE('',*,*,#1602,.T.);
#740=ORIENTED_EDGE('',*,*,#1603,.F.);
#741=ORIENTED_EDGE('',*,*,#1604,.F.);
#742=ORIENTED_EDGE('',*,*,#1587,.T.);
#743=ORIENTED_EDGE('',*,*,#1605,.T.);
#744=ORIENTED_EDGE('',*,*,#1601,.F.);
#745=ORIENTED_EDGE('',*,*,#1606,.F.);
#746=ORIENTED_EDGE('',*,*,#1603,.T.);
#747=ORIENTED_EDGE('',*,*,#1600,.T.);
#748=ORIENTED_EDGE('',*,*,#1588,.T.);
#749=ORIENTED_EDGE('',*,*,#1604,.T.);
#750=ORIENTED_EDGE('',*,*,#1606,.T.);
#751=ORIENTED_EDGE('',*,*,#1599,.F.);
#752=ORIENTED_EDGE('',*,*,#1605,.F.);
#753=ORIENTED_EDGE('',*,*,#1602,.F.);
#754=ORIENTED_EDGE('',*,*,#1586,.F.);
#755=ORIENTED_EDGE('',*,*,#1607,.F.);
#756=ORIENTED_EDGE('',*,*,#1487,.F.);
#757=ORIENTED_EDGE('',*,*,#1581,.F.);
#758=ORIENTED_EDGE('',*,*,#1608,.F.);
#759=ORIENTED_EDGE('',*,*,#1558,.T.);
#760=ORIENTED_EDGE('',*,*,#1609,.F.);
#761=ORIENTED_EDGE('',*,*,#1534,.F.);
#762=ORIENTED_EDGE('',*,*,#1610,.F.);
#763=ORIENTED_EDGE('',*,*,#1524,.F.);
#764=ORIENTED_EDGE('',*,*,#1611,.F.);
#765=ORIENTED_EDGE('',*,*,#1555,.F.);
#766=ORIENTED_EDGE('',*,*,#1612,.F.);
#767=ORIENTED_EDGE('',*,*,#1582,.T.);
#768=ORIENTED_EDGE('',*,*,#1485,.F.);
#769=ORIENTED_EDGE('',*,*,#1613,.T.);
#770=ORIENTED_EDGE('',*,*,#1614,.T.);
#771=ORIENTED_EDGE('',*,*,#1615,.F.);
#772=ORIENTED_EDGE('',*,*,#1583,.T.);
#773=ORIENTED_EDGE('',*,*,#1616,.T.);
#774=ORIENTED_EDGE('',*,*,#1554,.F.);
#775=ORIENTED_EDGE('',*,*,#1617,.F.);
#776=ORIENTED_EDGE('',*,*,#1614,.F.);
#777=ORIENTED_EDGE('',*,*,#1615,.T.);
#778=ORIENTED_EDGE('',*,*,#1617,.T.);
#779=ORIENTED_EDGE('',*,*,#1568,.F.);
#780=ORIENTED_EDGE('',*,*,#1613,.F.);
#781=ORIENTED_EDGE('',*,*,#1612,.T.);
#782=ORIENTED_EDGE('',*,*,#1616,.F.);
#783=ORIENTED_EDGE('',*,*,#1618,.T.);
#784=ORIENTED_EDGE('',*,*,#1580,.F.);
#785=ORIENTED_EDGE('',*,*,#1619,.F.);
#786=ORIENTED_EDGE('',*,*,#1620,.F.);
#787=ORIENTED_EDGE('',*,*,#1621,.T.);
#788=ORIENTED_EDGE('',*,*,#1620,.T.);
#789=ORIENTED_EDGE('',*,*,#1622,.F.);
#790=ORIENTED_EDGE('',*,*,#1559,.T.);
#791=ORIENTED_EDGE('',*,*,#1564,.F.);
#792=ORIENTED_EDGE('',*,*,#1622,.T.);
#793=ORIENTED_EDGE('',*,*,#1619,.T.);
#794=ORIENTED_EDGE('',*,*,#1608,.T.);
#795=ORIENTED_EDGE('',*,*,#1618,.F.);
#796=ORIENTED_EDGE('',*,*,#1621,.F.);
#797=ORIENTED_EDGE('',*,*,#1510,.T.);
#798=ORIENTED_EDGE('',*,*,#1623,.T.);
#799=ORIENTED_EDGE('',*,*,#1624,.F.);
#800=ORIENTED_EDGE('',*,*,#1625,.F.);
#801=ORIENTED_EDGE('',*,*,#1549,.F.);
#802=ORIENTED_EDGE('',*,*,#1626,.F.);
#803=ORIENTED_EDGE('',*,*,#1522,.F.);
#804=ORIENTED_EDGE('',*,*,#1545,.F.);
#805=ORIENTED_EDGE('',*,*,#1511,.T.);
#806=ORIENTED_EDGE('',*,*,#1625,.T.);
#807=ORIENTED_EDGE('',*,*,#1627,.F.);
#808=ORIENTED_EDGE('',*,*,#1509,.T.);
#809=ORIENTED_EDGE('',*,*,#1595,.T.);
#810=ORIENTED_EDGE('',*,*,#1628,.F.);
#811=ORIENTED_EDGE('',*,*,#1623,.F.);
#812=ORIENTED_EDGE('',*,*,#1624,.T.);
#813=ORIENTED_EDGE('',*,*,#1628,.T.);
#814=ORIENTED_EDGE('',*,*,#1594,.T.);
#815=ORIENTED_EDGE('',*,*,#1550,.T.);
#816=ORIENTED_EDGE('',*,*,#1627,.T.);
#817=ORIENTED_EDGE('',*,*,#1499,.F.);
#818=ORIENTED_EDGE('',*,*,#1629,.T.);
#819=ORIENTED_EDGE('',*,*,#1630,.T.);
#820=ORIENTED_EDGE('',*,*,#1592,.F.);
#821=ORIENTED_EDGE('',*,*,#1498,.F.);
#822=ORIENTED_EDGE('',*,*,#1631,.T.);
#823=ORIENTED_EDGE('',*,*,#1632,.T.);
#824=ORIENTED_EDGE('',*,*,#1629,.F.);
#825=ORIENTED_EDGE('',*,*,#1631,.F.);
#826=ORIENTED_EDGE('',*,*,#1497,.F.);
#827=ORIENTED_EDGE('',*,*,#1547,.F.);
#828=ORIENTED_EDGE('',*,*,#1536,.F.);
#829=ORIENTED_EDGE('',*,*,#1633,.F.);
#830=ORIENTED_EDGE('',*,*,#1556,.T.);
#831=ORIENTED_EDGE('',*,*,#1634,.T.);
#832=ORIENTED_EDGE('',*,*,#1563,.F.);
#833=ORIENTED_EDGE('',*,*,#1593,.F.);
#834=ORIENTED_EDGE('',*,*,#1630,.F.);
#835=ORIENTED_EDGE('',*,*,#1632,.F.);
#836=ORIENTED_EDGE('',*,*,#1634,.F.);
#837=ORIENTED_EDGE('',*,*,#1484,.F.);
#838=ORIENTED_EDGE('',*,*,#1635,.T.);
#839=ORIENTED_EDGE('',*,*,#1525,.F.);
#840=ORIENTED_EDGE('',*,*,#1610,.T.);
#841=ORIENTED_EDGE('',*,*,#1611,.T.);
#842=ORIENTED_EDGE('',*,*,#1523,.T.);
#843=ORIENTED_EDGE('',*,*,#1626,.T.);
#844=ORIENTED_EDGE('',*,*,#1548,.T.);
#845=ORIENTED_EDGE('',*,*,#1533,.T.);
#846=ORIENTED_EDGE('',*,*,#1636,.T.);
#847=ORIENTED_EDGE('',*,*,#1488,.T.);
#848=ORIENTED_EDGE('',*,*,#1607,.T.);
#849=ORIENTED_EDGE('',*,*,#1609,.T.);
#850=ORIENTED_EDGE('',*,*,#1557,.F.);
#851=ORIENTED_EDGE('',*,*,#1633,.T.);
#852=ORIENTED_EDGE('',*,*,#1535,.F.);
#853=ORIENTED_EDGE('',*,*,#1574,.T.);
#854=ORIENTED_EDGE('',*,*,#1637,.T.);
#855=ORIENTED_EDGE('',*,*,#1638,.T.);
#856=ORIENTED_EDGE('',*,*,#1639,.F.);
#857=ORIENTED_EDGE('',*,*,#1578,.T.);
#858=ORIENTED_EDGE('',*,*,#1640,.T.);
#859=ORIENTED_EDGE('',*,*,#1641,.T.);
#860=ORIENTED_EDGE('',*,*,#1637,.F.);
#861=ORIENTED_EDGE('',*,*,#1577,.T.);
#862=ORIENTED_EDGE('',*,*,#1642,.T.);
#863=ORIENTED_EDGE('',*,*,#1643,.T.);
#864=ORIENTED_EDGE('',*,*,#1640,.F.);
#865=ORIENTED_EDGE('',*,*,#1576,.T.);
#866=ORIENTED_EDGE('',*,*,#1644,.T.);
#867=ORIENTED_EDGE('',*,*,#1645,.T.);
#868=ORIENTED_EDGE('',*,*,#1642,.F.);
#869=ORIENTED_EDGE('',*,*,#1575,.T.);
#870=ORIENTED_EDGE('',*,*,#1639,.T.);
#871=ORIENTED_EDGE('',*,*,#1646,.T.);
#872=ORIENTED_EDGE('',*,*,#1644,.F.);
#873=ORIENTED_EDGE('',*,*,#1647,.F.);
#874=ORIENTED_EDGE('',*,*,#1648,.T.);
#875=ORIENTED_EDGE('',*,*,#1649,.T.);
#876=ORIENTED_EDGE('',*,*,#1650,.T.);
#877=ORIENTED_EDGE('',*,*,#1638,.F.);
#878=ORIENTED_EDGE('',*,*,#1641,.F.);
#879=ORIENTED_EDGE('',*,*,#1643,.F.);
#880=ORIENTED_EDGE('',*,*,#1645,.F.);
#881=ORIENTED_EDGE('',*,*,#1646,.F.);
#882=ORIENTED_EDGE('',*,*,#1570,.T.);
#883=ORIENTED_EDGE('',*,*,#1651,.T.);
#884=ORIENTED_EDGE('',*,*,#1652,.T.);
#885=ORIENTED_EDGE('',*,*,#1653,.F.);
#886=ORIENTED_EDGE('',*,*,#1573,.T.);
#887=ORIENTED_EDGE('',*,*,#1654,.T.);
#888=ORIENTED_EDGE('',*,*,#1655,.T.);
#889=ORIENTED_EDGE('',*,*,#1651,.F.);
#890=ORIENTED_EDGE('',*,*,#1572,.T.);
#891=ORIENTED_EDGE('',*,*,#1656,.T.);
#892=ORIENTED_EDGE('',*,*,#1657,.T.);
#893=ORIENTED_EDGE('',*,*,#1654,.F.);
#894=ORIENTED_EDGE('',*,*,#1571,.T.);
#895=ORIENTED_EDGE('',*,*,#1653,.T.);
#896=ORIENTED_EDGE('',*,*,#1658,.T.);
#897=ORIENTED_EDGE('',*,*,#1656,.F.);
#898=ORIENTED_EDGE('',*,*,#1659,.F.);
#899=ORIENTED_EDGE('',*,*,#1660,.T.);
#900=ORIENTED_EDGE('',*,*,#1661,.T.);
#901=ORIENTED_EDGE('',*,*,#1662,.T.);
#902=ORIENTED_EDGE('',*,*,#1652,.F.);
#903=ORIENTED_EDGE('',*,*,#1655,.F.);
#904=ORIENTED_EDGE('',*,*,#1657,.F.);
#905=ORIENTED_EDGE('',*,*,#1658,.F.);
#906=ORIENTED_EDGE('',*,*,#1663,.T.);
#907=ORIENTED_EDGE('',*,*,#1477,.T.);
#908=ORIENTED_EDGE('',*,*,#1664,.F.);
#909=ORIENTED_EDGE('',*,*,#1665,.F.);
#910=ORIENTED_EDGE('',*,*,#1666,.T.);
#911=ORIENTED_EDGE('',*,*,#1665,.T.);
#912=ORIENTED_EDGE('',*,*,#1667,.F.);
#913=ORIENTED_EDGE('',*,*,#1668,.F.);
#914=ORIENTED_EDGE('',*,*,#1669,.T.);
#915=ORIENTED_EDGE('',*,*,#1668,.T.);
#916=ORIENTED_EDGE('',*,*,#1670,.F.);
#917=ORIENTED_EDGE('',*,*,#1479,.F.);
#918=ORIENTED_EDGE('',*,*,#1664,.T.);
#919=ORIENTED_EDGE('',*,*,#1476,.T.);
#920=ORIENTED_EDGE('',*,*,#1670,.T.);
#921=ORIENTED_EDGE('',*,*,#1667,.T.);
#922=ORIENTED_EDGE('',*,*,#1663,.F.);
#923=ORIENTED_EDGE('',*,*,#1666,.F.);
#924=ORIENTED_EDGE('',*,*,#1669,.F.);
#925=ORIENTED_EDGE('',*,*,#1478,.F.);
#926=ORIENTED_EDGE('',*,*,#1671,.T.);
#927=ORIENTED_EDGE('',*,*,#1473,.T.);
#928=ORIENTED_EDGE('',*,*,#1672,.F.);
#929=ORIENTED_EDGE('',*,*,#1673,.F.);
#930=ORIENTED_EDGE('',*,*,#1674,.T.);
#931=ORIENTED_EDGE('',*,*,#1673,.T.);
#932=ORIENTED_EDGE('',*,*,#1675,.F.);
#933=ORIENTED_EDGE('',*,*,#1676,.F.);
#934=ORIENTED_EDGE('',*,*,#1677,.T.);
#935=ORIENTED_EDGE('',*,*,#1676,.T.);
#936=ORIENTED_EDGE('',*,*,#1678,.F.);
#937=ORIENTED_EDGE('',*,*,#1475,.F.);
#938=ORIENTED_EDGE('',*,*,#1672,.T.);
#939=ORIENTED_EDGE('',*,*,#1472,.T.);
#940=ORIENTED_EDGE('',*,*,#1678,.T.);
#941=ORIENTED_EDGE('',*,*,#1675,.T.);
#942=ORIENTED_EDGE('',*,*,#1671,.F.);
#943=ORIENTED_EDGE('',*,*,#1674,.F.);
#944=ORIENTED_EDGE('',*,*,#1677,.F.);
#945=ORIENTED_EDGE('',*,*,#1474,.F.);
#946=ORIENTED_EDGE('',*,*,#1679,.T.);
#947=ORIENTED_EDGE('',*,*,#1680,.T.);
#948=ORIENTED_EDGE('',*,*,#1681,.F.);
#949=ORIENTED_EDGE('',*,*,#1682,.T.);
#950=ORIENTED_EDGE('',*,*,#1683,.T.);
#951=ORIENTED_EDGE('',*,*,#1684,.T.);
#952=ORIENTED_EDGE('',*,*,#1685,.T.);
#953=ORIENTED_EDGE('',*,*,#1686,.T.);
#954=ORIENTED_EDGE('',*,*,#1687,.F.);
#955=ORIENTED_EDGE('',*,*,#1688,.T.);
#956=ORIENTED_EDGE('',*,*,#1689,.T.);
#957=ORIENTED_EDGE('',*,*,#1690,.F.);
#958=ORIENTED_EDGE('',*,*,#1681,.T.);
#959=ORIENTED_EDGE('',*,*,#1691,.T.);
#960=ORIENTED_EDGE('',*,*,#1687,.T.);
#961=ORIENTED_EDGE('',*,*,#1692,.T.);
#962=ORIENTED_EDGE('',*,*,#1647,.T.);
#963=ORIENTED_EDGE('',*,*,#1693,.T.);
#964=ORIENTED_EDGE('',*,*,#1689,.F.);
#965=ORIENTED_EDGE('',*,*,#1694,.T.);
#966=ORIENTED_EDGE('',*,*,#1679,.F.);
#967=ORIENTED_EDGE('',*,*,#1695,.F.);
#968=ORIENTED_EDGE('',*,*,#1649,.F.);
#969=ORIENTED_EDGE('',*,*,#1696,.F.);
#970=ORIENTED_EDGE('',*,*,#1650,.F.);
#971=ORIENTED_EDGE('',*,*,#1695,.T.);
#972=ORIENTED_EDGE('',*,*,#1682,.F.);
#973=ORIENTED_EDGE('',*,*,#1693,.F.);
#974=ORIENTED_EDGE('',*,*,#1648,.F.);
#975=ORIENTED_EDGE('',*,*,#1692,.F.);
#976=ORIENTED_EDGE('',*,*,#1690,.T.);
#977=ORIENTED_EDGE('',*,*,#1696,.T.);
#978=ORIENTED_EDGE('',*,*,#1697,.T.);
#979=ORIENTED_EDGE('',*,*,#1597,.T.);
#980=ORIENTED_EDGE('',*,*,#1698,.F.);
#981=ORIENTED_EDGE('',*,*,#1699,.T.);
#982=ORIENTED_EDGE('',*,*,#1596,.F.);
#983=ORIENTED_EDGE('',*,*,#1507,.T.);
#984=ORIENTED_EDGE('',*,*,#1700,.T.);
#985=ORIENTED_EDGE('',*,*,#1701,.T.);
#986=ORIENTED_EDGE('',*,*,#1702,.T.);
#987=ORIENTED_EDGE('',*,*,#1698,.T.);
#988=ORIENTED_EDGE('',*,*,#1505,.F.);
#989=ORIENTED_EDGE('',*,*,#1598,.T.);
#990=ORIENTED_EDGE('',*,*,#1697,.F.);
#991=ORIENTED_EDGE('',*,*,#1703,.F.);
#992=ORIENTED_EDGE('',*,*,#1704,.F.);
#993=ORIENTED_EDGE('',*,*,#1705,.F.);
#994=ORIENTED_EDGE('',*,*,#1506,.F.);
#995=ORIENTED_EDGE('',*,*,#1705,.T.);
#996=ORIENTED_EDGE('',*,*,#1706,.F.);
#997=ORIENTED_EDGE('',*,*,#1700,.F.);
#998=ORIENTED_EDGE('',*,*,#1704,.T.);
#999=ORIENTED_EDGE('',*,*,#1707,.F.);
#1000=ORIENTED_EDGE('',*,*,#1701,.F.);
#1001=ORIENTED_EDGE('',*,*,#1706,.T.);
#1002=ORIENTED_EDGE('',*,*,#1703,.T.);
#1003=ORIENTED_EDGE('',*,*,#1699,.F.);
#1004=ORIENTED_EDGE('',*,*,#1702,.F.);
#1005=ORIENTED_EDGE('',*,*,#1707,.T.);
#1006=ORIENTED_EDGE('',*,*,#1708,.F.);
#1007=ORIENTED_EDGE('',*,*,#1688,.F.);
#1008=ORIENTED_EDGE('',*,*,#1709,.F.);
#1009=ORIENTED_EDGE('',*,*,#1686,.F.);
#1010=ORIENTED_EDGE('',*,*,#1709,.T.);
#1011=ORIENTED_EDGE('',*,*,#1691,.F.);
#1012=ORIENTED_EDGE('',*,*,#1710,.F.);
#1013=ORIENTED_EDGE('',*,*,#1683,.F.);
#1014=ORIENTED_EDGE('',*,*,#1708,.T.);
#1015=ORIENTED_EDGE('',*,*,#1685,.F.);
#1016=ORIENTED_EDGE('',*,*,#1711,.F.);
#1017=ORIENTED_EDGE('',*,*,#1694,.F.);
#1018=ORIENTED_EDGE('',*,*,#1710,.T.);
#1019=ORIENTED_EDGE('',*,*,#1680,.F.);
#1020=ORIENTED_EDGE('',*,*,#1711,.T.);
#1021=ORIENTED_EDGE('',*,*,#1684,.F.);
#1022=ORIENTED_EDGE('',*,*,#1712,.T.);
#1023=ORIENTED_EDGE('',*,*,#1713,.T.);
#1024=ORIENTED_EDGE('',*,*,#1714,.F.);
#1025=ORIENTED_EDGE('',*,*,#1715,.T.);
#1026=ORIENTED_EDGE('',*,*,#1716,.T.);
#1027=ORIENTED_EDGE('',*,*,#1717,.T.);
#1028=ORIENTED_EDGE('',*,*,#1718,.T.);
#1029=ORIENTED_EDGE('',*,*,#1719,.T.);
#1030=ORIENTED_EDGE('',*,*,#1720,.F.);
#1031=ORIENTED_EDGE('',*,*,#1721,.T.);
#1032=ORIENTED_EDGE('',*,*,#1722,.T.);
#1033=ORIENTED_EDGE('',*,*,#1723,.F.);
#1034=ORIENTED_EDGE('',*,*,#1714,.T.);
#1035=ORIENTED_EDGE('',*,*,#1724,.T.);
#1036=ORIENTED_EDGE('',*,*,#1720,.T.);
#1037=ORIENTED_EDGE('',*,*,#1725,.T.);
#1038=ORIENTED_EDGE('',*,*,#1659,.T.);
#1039=ORIENTED_EDGE('',*,*,#1726,.T.);
#1040=ORIENTED_EDGE('',*,*,#1722,.F.);
#1041=ORIENTED_EDGE('',*,*,#1727,.T.);
#1042=ORIENTED_EDGE('',*,*,#1712,.F.);
#1043=ORIENTED_EDGE('',*,*,#1728,.F.);
#1044=ORIENTED_EDGE('',*,*,#1661,.F.);
#1045=ORIENTED_EDGE('',*,*,#1729,.F.);
#1046=ORIENTED_EDGE('',*,*,#1662,.F.);
#1047=ORIENTED_EDGE('',*,*,#1728,.T.);
#1048=ORIENTED_EDGE('',*,*,#1715,.F.);
#1049=ORIENTED_EDGE('',*,*,#1726,.F.);
#1050=ORIENTED_EDGE('',*,*,#1660,.F.);
#1051=ORIENTED_EDGE('',*,*,#1725,.F.);
#1052=ORIENTED_EDGE('',*,*,#1723,.T.);
#1053=ORIENTED_EDGE('',*,*,#1729,.T.);
#1054=ORIENTED_EDGE('',*,*,#1730,.T.);
#1055=ORIENTED_EDGE('',*,*,#1590,.T.);
#1056=ORIENTED_EDGE('',*,*,#1731,.F.);
#1057=ORIENTED_EDGE('',*,*,#1732,.T.);
#1058=ORIENTED_EDGE('',*,*,#1589,.F.);
#1059=ORIENTED_EDGE('',*,*,#1503,.T.);
#1060=ORIENTED_EDGE('',*,*,#1733,.T.);
#1061=ORIENTED_EDGE('',*,*,#1734,.T.);
#1062=ORIENTED_EDGE('',*,*,#1735,.T.);
#1063=ORIENTED_EDGE('',*,*,#1731,.T.);
#1064=ORIENTED_EDGE('',*,*,#1501,.F.);
#1065=ORIENTED_EDGE('',*,*,#1591,.T.);
#1066=ORIENTED_EDGE('',*,*,#1730,.F.);
#1067=ORIENTED_EDGE('',*,*,#1736,.F.);
#1068=ORIENTED_EDGE('',*,*,#1737,.F.);
#1069=ORIENTED_EDGE('',*,*,#1738,.F.);
#1070=ORIENTED_EDGE('',*,*,#1502,.F.);
#1071=ORIENTED_EDGE('',*,*,#1738,.T.);
#1072=ORIENTED_EDGE('',*,*,#1739,.F.);
#1073=ORIENTED_EDGE('',*,*,#1733,.F.);
#1074=ORIENTED_EDGE('',*,*,#1737,.T.);
#1075=ORIENTED_EDGE('',*,*,#1740,.F.);
#1076=ORIENTED_EDGE('',*,*,#1734,.F.);
#1077=ORIENTED_EDGE('',*,*,#1739,.T.);
#1078=ORIENTED_EDGE('',*,*,#1736,.T.);
#1079=ORIENTED_EDGE('',*,*,#1732,.F.);
#1080=ORIENTED_EDGE('',*,*,#1735,.F.);
#1081=ORIENTED_EDGE('',*,*,#1740,.T.);
#1082=ORIENTED_EDGE('',*,*,#1741,.F.);
#1083=ORIENTED_EDGE('',*,*,#1721,.F.);
#1084=ORIENTED_EDGE('',*,*,#1742,.F.);
#1085=ORIENTED_EDGE('',*,*,#1719,.F.);
#1086=ORIENTED_EDGE('',*,*,#1742,.T.);
#1087=ORIENTED_EDGE('',*,*,#1724,.F.);
#1088=ORIENTED_EDGE('',*,*,#1743,.F.);
#1089=ORIENTED_EDGE('',*,*,#1716,.F.);
#1090=ORIENTED_EDGE('',*,*,#1741,.T.);
#1091=ORIENTED_EDGE('',*,*,#1718,.F.);
#1092=ORIENTED_EDGE('',*,*,#1744,.F.);
#1093=ORIENTED_EDGE('',*,*,#1727,.F.);
#1094=ORIENTED_EDGE('',*,*,#1743,.T.);
#1095=ORIENTED_EDGE('',*,*,#1713,.F.);
#1096=ORIENTED_EDGE('',*,*,#1744,.T.);
#1097=ORIENTED_EDGE('',*,*,#1717,.F.);
#1098=ORIENTED_EDGE('',*,*,#1539,.F.);
#1099=ORIENTED_EDGE('',*,*,#1745,.T.);
#1100=ORIENTED_EDGE('',*,*,#1746,.T.);
#1101=ORIENTED_EDGE('',*,*,#1747,.F.);
#1102=ORIENTED_EDGE('',*,*,#1748,.F.);
#1103=ORIENTED_EDGE('',*,*,#1749,.F.);
#1104=ORIENTED_EDGE('',*,*,#1750,.T.);
#1105=ORIENTED_EDGE('',*,*,#1751,.T.);
#1106=ORIENTED_EDGE('',*,*,#1752,.F.);
#1107=ORIENTED_EDGE('',*,*,#1751,.F.);
#1108=ORIENTED_EDGE('',*,*,#1753,.T.);
#1109=ORIENTED_EDGE('',*,*,#1754,.T.);
#1110=ORIENTED_EDGE('',*,*,#1755,.T.);
#1111=ORIENTED_EDGE('',*,*,#1494,.T.);
#1112=ORIENTED_EDGE('',*,*,#1756,.F.);
#1113=ORIENTED_EDGE('',*,*,#1754,.F.);
#1114=ORIENTED_EDGE('',*,*,#1757,.F.);
#1115=ORIENTED_EDGE('',*,*,#1746,.F.);
#1116=ORIENTED_EDGE('',*,*,#1758,.T.);
#1117=ORIENTED_EDGE('',*,*,#1749,.T.);
#1118=ORIENTED_EDGE('',*,*,#1495,.F.);
#1119=ORIENTED_EDGE('',*,*,#1755,.F.);
#1120=ORIENTED_EDGE('',*,*,#1753,.F.);
#1121=ORIENTED_EDGE('',*,*,#1750,.F.);
#1122=ORIENTED_EDGE('',*,*,#1758,.F.);
#1123=ORIENTED_EDGE('',*,*,#1745,.F.);
#1124=ORIENTED_EDGE('',*,*,#1538,.T.);
#1125=ORIENTED_EDGE('',*,*,#1546,.T.);
#1126=ORIENTED_EDGE('',*,*,#1756,.T.);
#1127=ORIENTED_EDGE('',*,*,#1493,.T.);
#1128=ORIENTED_EDGE('',*,*,#1543,.F.);
#1129=ORIENTED_EDGE('',*,*,#1540,.F.);
#1130=ORIENTED_EDGE('',*,*,#1747,.T.);
#1131=ORIENTED_EDGE('',*,*,#1757,.T.);
#1132=ORIENTED_EDGE('',*,*,#1748,.T.);
#1133=ORIENTED_EDGE('',*,*,#1752,.T.);
#1134=ORIENTED_EDGE('',*,*,#1519,.F.);
#1135=ORIENTED_EDGE('',*,*,#1759,.T.);
#1136=ORIENTED_EDGE('',*,*,#1760,.T.);
#1137=ORIENTED_EDGE('',*,*,#1761,.F.);
#1138=ORIENTED_EDGE('',*,*,#1762,.T.);
#1139=ORIENTED_EDGE('',*,*,#1514,.T.);
#1140=ORIENTED_EDGE('',*,*,#1763,.F.);
#1141=ORIENTED_EDGE('',*,*,#1764,.F.);
#1142=ORIENTED_EDGE('',*,*,#1765,.T.);
#1143=ORIENTED_EDGE('',*,*,#1764,.T.);
#1144=ORIENTED_EDGE('',*,*,#1766,.F.);
#1145=ORIENTED_EDGE('',*,*,#1767,.F.);
#1146=ORIENTED_EDGE('',*,*,#1768,.T.);
#1147=ORIENTED_EDGE('',*,*,#1767,.T.);
#1148=ORIENTED_EDGE('',*,*,#1769,.F.);
#1149=ORIENTED_EDGE('',*,*,#1770,.F.);
#1150=ORIENTED_EDGE('',*,*,#1771,.T.);
#1151=ORIENTED_EDGE('',*,*,#1770,.T.);
#1152=ORIENTED_EDGE('',*,*,#1772,.F.);
#1153=ORIENTED_EDGE('',*,*,#1760,.F.);
#1154=ORIENTED_EDGE('',*,*,#1513,.F.);
#1155=ORIENTED_EDGE('',*,*,#1544,.T.);
#1156=ORIENTED_EDGE('',*,*,#1520,.T.);
#1157=ORIENTED_EDGE('',*,*,#1761,.T.);
#1158=ORIENTED_EDGE('',*,*,#1772,.T.);
#1159=ORIENTED_EDGE('',*,*,#1769,.T.);
#1160=ORIENTED_EDGE('',*,*,#1766,.T.);
#1161=ORIENTED_EDGE('',*,*,#1763,.T.);
#1162=ORIENTED_EDGE('',*,*,#1529,.F.);
#1163=ORIENTED_EDGE('',*,*,#1515,.T.);
#1164=ORIENTED_EDGE('',*,*,#1762,.F.);
#1165=ORIENTED_EDGE('',*,*,#1765,.F.);
#1166=ORIENTED_EDGE('',*,*,#1768,.F.);
#1167=ORIENTED_EDGE('',*,*,#1771,.F.);
#1168=ORIENTED_EDGE('',*,*,#1759,.F.);
#1169=ORIENTED_EDGE('',*,*,#1518,.F.);
#1170=ORIENTED_EDGE('',*,*,#1531,.F.);
#1171=ORIENTED_EDGE('',*,*,#1773,.T.);
#1172=ORIENTED_EDGE('',*,*,#1774,.T.);
#1173=ORIENTED_EDGE('',*,*,#1775,.F.);
#1174=ORIENTED_EDGE('',*,*,#1776,.F.);
#1175=ORIENTED_EDGE('',*,*,#1777,.F.);
#1176=ORIENTED_EDGE('',*,*,#1778,.T.);
#1177=ORIENTED_EDGE('',*,*,#1779,.T.);
#1178=ORIENTED_EDGE('',*,*,#1780,.F.);
#1179=ORIENTED_EDGE('',*,*,#1779,.F.);
#1180=ORIENTED_EDGE('',*,*,#1781,.T.);
#1181=ORIENTED_EDGE('',*,*,#1782,.T.);
#1182=ORIENTED_EDGE('',*,*,#1783,.T.);
#1183=ORIENTED_EDGE('',*,*,#1490,.T.);
#1184=ORIENTED_EDGE('',*,*,#1784,.F.);
#1185=ORIENTED_EDGE('',*,*,#1782,.F.);
#1186=ORIENTED_EDGE('',*,*,#1785,.F.);
#1187=ORIENTED_EDGE('',*,*,#1774,.F.);
#1188=ORIENTED_EDGE('',*,*,#1786,.T.);
#1189=ORIENTED_EDGE('',*,*,#1787,.T.);
#1190=ORIENTED_EDGE('',*,*,#1788,.F.);
#1191=ORIENTED_EDGE('',*,*,#1787,.F.);
#1192=ORIENTED_EDGE('',*,*,#1789,.T.);
#1193=ORIENTED_EDGE('',*,*,#1777,.T.);
#1194=ORIENTED_EDGE('',*,*,#1491,.F.);
#1195=ORIENTED_EDGE('',*,*,#1783,.F.);
#1196=ORIENTED_EDGE('',*,*,#1781,.F.);
#1197=ORIENTED_EDGE('',*,*,#1778,.F.);
#1198=ORIENTED_EDGE('',*,*,#1789,.F.);
#1199=ORIENTED_EDGE('',*,*,#1786,.F.);
#1200=ORIENTED_EDGE('',*,*,#1773,.F.);
#1201=ORIENTED_EDGE('',*,*,#1530,.T.);
#1202=ORIENTED_EDGE('',*,*,#1542,.T.);
#1203=ORIENTED_EDGE('',*,*,#1784,.T.);
#1204=ORIENTED_EDGE('',*,*,#1489,.T.);
#1205=ORIENTED_EDGE('',*,*,#1636,.F.);
#1206=ORIENTED_EDGE('',*,*,#1532,.F.);
#1207=ORIENTED_EDGE('',*,*,#1775,.T.);
#1208=ORIENTED_EDGE('',*,*,#1785,.T.);
#1209=ORIENTED_EDGE('',*,*,#1788,.T.);
#1210=ORIENTED_EDGE('',*,*,#1776,.T.);
#1211=ORIENTED_EDGE('',*,*,#1780,.T.);
#1212=ORIENTED_EDGE('',*,*,#1527,.F.);
#1213=ORIENTED_EDGE('',*,*,#1790,.F.);
#1214=ORIENTED_EDGE('',*,*,#1791,.F.);
#1215=ORIENTED_EDGE('',*,*,#1792,.T.);
#1216=ORIENTED_EDGE('',*,*,#1793,.F.);
#1217=ORIENTED_EDGE('',*,*,#1482,.T.);
#1218=ORIENTED_EDGE('',*,*,#1794,.T.);
#1219=ORIENTED_EDGE('',*,*,#1795,.T.);
#1220=ORIENTED_EDGE('',*,*,#1796,.F.);
#1221=ORIENTED_EDGE('',*,*,#1795,.F.);
#1222=ORIENTED_EDGE('',*,*,#1797,.T.);
#1223=ORIENTED_EDGE('',*,*,#1798,.T.);
#1224=ORIENTED_EDGE('',*,*,#1799,.F.);
#1225=ORIENTED_EDGE('',*,*,#1798,.F.);
#1226=ORIENTED_EDGE('',*,*,#1800,.T.);
#1227=ORIENTED_EDGE('',*,*,#1801,.T.);
#1228=ORIENTED_EDGE('',*,*,#1802,.F.);
#1229=ORIENTED_EDGE('',*,*,#1801,.F.);
#1230=ORIENTED_EDGE('',*,*,#1803,.T.);
#1231=ORIENTED_EDGE('',*,*,#1804,.T.);
#1232=ORIENTED_EDGE('',*,*,#1805,.F.);
#1233=ORIENTED_EDGE('',*,*,#1804,.F.);
#1234=ORIENTED_EDGE('',*,*,#1806,.T.);
#1235=ORIENTED_EDGE('',*,*,#1791,.T.);
#1236=ORIENTED_EDGE('',*,*,#1481,.F.);
#1237=ORIENTED_EDGE('',*,*,#1528,.T.);
#1238=ORIENTED_EDGE('',*,*,#1516,.T.);
#1239=ORIENTED_EDGE('',*,*,#1792,.F.);
#1240=ORIENTED_EDGE('',*,*,#1806,.F.);
#1241=ORIENTED_EDGE('',*,*,#1803,.F.);
#1242=ORIENTED_EDGE('',*,*,#1800,.F.);
#1243=ORIENTED_EDGE('',*,*,#1797,.F.);
#1244=ORIENTED_EDGE('',*,*,#1794,.F.);
#1245=ORIENTED_EDGE('',*,*,#1635,.F.);
#1246=ORIENTED_EDGE('',*,*,#1483,.T.);
#1247=ORIENTED_EDGE('',*,*,#1793,.T.);
#1248=ORIENTED_EDGE('',*,*,#1796,.T.);
#1249=ORIENTED_EDGE('',*,*,#1799,.T.);
#1250=ORIENTED_EDGE('',*,*,#1802,.T.);
#1251=ORIENTED_EDGE('',*,*,#1805,.T.);
#1252=ORIENTED_EDGE('',*,*,#1790,.T.);
#1253=ORIENTED_EDGE('',*,*,#1526,.F.);
#1254=VERTEX_POINT('',#3195);
#1255=VERTEX_POINT('',#3196);
#1256=VERTEX_POINT('',#3198);
#1257=VERTEX_POINT('',#3200);
#1258=VERTEX_POINT('',#3203);
#1259=VERTEX_POINT('',#3204);
#1260=VERTEX_POINT('',#3206);
#1261=VERTEX_POINT('',#3208);
#1262=VERTEX_POINT('',#3211);
#1263=VERTEX_POINT('',#3212);
#1264=VERTEX_POINT('',#3214);
#1265=VERTEX_POINT('',#3216);
#1266=VERTEX_POINT('',#3218);
#1267=VERTEX_POINT('',#3220);
#1268=VERTEX_POINT('',#3222);
#1269=VERTEX_POINT('',#3224);
#1270=VERTEX_POINT('',#3226);
#1271=VERTEX_POINT('',#3228);
#1272=VERTEX_POINT('',#3230);
#1273=VERTEX_POINT('',#3232);
#1274=VERTEX_POINT('',#3234);
#1275=VERTEX_POINT('',#3236);
#1276=VERTEX_POINT('',#3238);
#1277=VERTEX_POINT('',#3240);
#1278=VERTEX_POINT('',#3242);
#1279=VERTEX_POINT('',#3244);
#1280=VERTEX_POINT('',#3246);
#1281=VERTEX_POINT('',#3248);
#1282=VERTEX_POINT('',#3250);
#1283=VERTEX_POINT('',#3252);
#1284=VERTEX_POINT('',#3254);
#1285=VERTEX_POINT('',#3256);
#1286=VERTEX_POINT('',#3258);
#1287=VERTEX_POINT('',#3260);
#1288=VERTEX_POINT('',#3262);
#1289=VERTEX_POINT('',#3264);
#1290=VERTEX_POINT('',#3266);
#1291=VERTEX_POINT('',#3268);
#1292=VERTEX_POINT('',#3270);
#1293=VERTEX_POINT('',#3272);
#1294=VERTEX_POINT('',#3274);
#1295=VERTEX_POINT('',#3276);
#1296=VERTEX_POINT('',#3278);
#1297=VERTEX_POINT('',#3280);
#1298=VERTEX_POINT('',#3284);
#1299=VERTEX_POINT('',#3285);
#1300=VERTEX_POINT('',#3287);
#1301=VERTEX_POINT('',#3289);
#1302=VERTEX_POINT('',#3291);
#1303=VERTEX_POINT('',#3293);
#1304=VERTEX_POINT('',#3295);
#1305=VERTEX_POINT('',#3297);
#1306=VERTEX_POINT('',#3299);
#1307=VERTEX_POINT('',#3301);
#1308=VERTEX_POINT('',#3303);
#1309=VERTEX_POINT('',#3305);
#1310=VERTEX_POINT('',#3312);
#1311=VERTEX_POINT('',#3313);
#1312=VERTEX_POINT('',#3315);
#1313=VERTEX_POINT('',#3317);
#1314=VERTEX_POINT('',#3319);
#1315=VERTEX_POINT('',#3321);
#1316=VERTEX_POINT('',#3323);
#1317=VERTEX_POINT('',#3325);
#1318=VERTEX_POINT('',#3327);
#1319=VERTEX_POINT('',#3329);
#1320=VERTEX_POINT('',#3331);
#1321=VERTEX_POINT('',#3333);
#1322=VERTEX_POINT('',#3346);
#1323=VERTEX_POINT('',#3347);
#1324=VERTEX_POINT('',#3349);
#1325=VERTEX_POINT('',#3351);
#1326=VERTEX_POINT('',#3353);
#1327=VERTEX_POINT('',#3355);
#1328=VERTEX_POINT('',#3357);
#1329=VERTEX_POINT('',#3359);
#1330=VERTEX_POINT('',#3363);
#1331=VERTEX_POINT('',#3364);
#1332=VERTEX_POINT('',#3366);
#1333=VERTEX_POINT('',#3368);
#1334=VERTEX_POINT('',#3370);
#1335=VERTEX_POINT('',#3372);
#1336=VERTEX_POINT('',#3374);
#1337=VERTEX_POINT('',#3376);
#1338=VERTEX_POINT('',#3380);
#1339=VERTEX_POINT('',#3382);
#1340=VERTEX_POINT('',#3386);
#1341=VERTEX_POINT('',#3387);
#1342=VERTEX_POINT('',#3392);
#1343=VERTEX_POINT('',#3393);
#1344=VERTEX_POINT('',#3395);
#1345=VERTEX_POINT('',#3397);
#1346=VERTEX_POINT('',#3400);
#1347=VERTEX_POINT('',#3401);
#1348=VERTEX_POINT('',#3403);
#1349=VERTEX_POINT('',#3405);
#1350=VERTEX_POINT('',#3407);
#1351=VERTEX_POINT('',#3411);
#1352=VERTEX_POINT('',#3414);
#1353=VERTEX_POINT('',#3419);
#1354=VERTEX_POINT('',#3420);
#1355=VERTEX_POINT('',#3422);
#1356=VERTEX_POINT('',#3424);
#1357=VERTEX_POINT('',#3428);
#1358=VERTEX_POINT('',#3430);
#1359=VERTEX_POINT('',#3433);
#1360=VERTEX_POINT('',#3436);
#1361=VERTEX_POINT('',#3439);
#1362=VERTEX_POINT('',#3441);
#1363=VERTEX_POINT('',#3445);
#1364=VERTEX_POINT('',#3447);
#1365=VERTEX_POINT('',#3451);
#1366=VERTEX_POINT('',#3453);
#1367=VERTEX_POINT('',#3470);
#1368=VERTEX_POINT('',#3472);
#1369=VERTEX_POINT('',#3481);
#1370=VERTEX_POINT('',#3483);
#1371=VERTEX_POINT('',#3492);
#1372=VERTEX_POINT('',#3494);
#1373=VERTEX_POINT('',#3504);
#1374=VERTEX_POINT('',#3508);
#1375=VERTEX_POINT('',#3522);
#1376=VERTEX_POINT('',#3524);
#1377=VERTEX_POINT('',#3528);
#1378=VERTEX_POINT('',#3532);
#1379=VERTEX_POINT('',#3536);
#1380=VERTEX_POINT('',#3542);
#1381=VERTEX_POINT('',#3543);
#1382=VERTEX_POINT('',#3545);
#1383=VERTEX_POINT('',#3547);
#1384=VERTEX_POINT('',#3551);
#1385=VERTEX_POINT('',#3553);
#1386=VERTEX_POINT('',#3557);
#1387=VERTEX_POINT('',#3561);
#1388=VERTEX_POINT('',#3567);
#1389=VERTEX_POINT('',#3568);
#1390=VERTEX_POINT('',#3570);
#1391=VERTEX_POINT('',#3572);
#1392=VERTEX_POINT('',#3576);
#1393=VERTEX_POINT('',#3578);
#1394=VERTEX_POINT('',#3582);
#1395=VERTEX_POINT('',#3584);
#1396=VERTEX_POINT('',#3593);
#1397=VERTEX_POINT('',#3595);
#1398=VERTEX_POINT('',#3599);
#1399=VERTEX_POINT('',#3601);
#1400=VERTEX_POINT('',#3610);
#1401=VERTEX_POINT('',#3611);
#1402=VERTEX_POINT('',#3613);
#1403=VERTEX_POINT('',#3615);
#1404=VERTEX_POINT('',#3619);
#1405=VERTEX_POINT('',#3620);
#1406=VERTEX_POINT('',#3622);
#1407=VERTEX_POINT('',#3624);
#1408=VERTEX_POINT('',#3628);
#1409=VERTEX_POINT('',#3629);
#1410=VERTEX_POINT('',#3631);
#1411=VERTEX_POINT('',#3633);
#1412=VERTEX_POINT('',#3647);
#1413=VERTEX_POINT('',#3649);
#1414=VERTEX_POINT('',#3653);
#1415=VERTEX_POINT('',#3655);
#1416=VERTEX_POINT('',#3659);
#1417=VERTEX_POINT('',#3661);
#1418=VERTEX_POINT('',#3678);
#1419=VERTEX_POINT('',#3679);
#1420=VERTEX_POINT('',#3681);
#1421=VERTEX_POINT('',#3683);
#1422=VERTEX_POINT('',#3687);
#1423=VERTEX_POINT('',#3688);
#1424=VERTEX_POINT('',#3690);
#1425=VERTEX_POINT('',#3692);
#1426=VERTEX_POINT('',#3696);
#1427=VERTEX_POINT('',#3697);
#1428=VERTEX_POINT('',#3699);
#1429=VERTEX_POINT('',#3701);
#1430=VERTEX_POINT('',#3715);
#1431=VERTEX_POINT('',#3717);
#1432=VERTEX_POINT('',#3721);
#1433=VERTEX_POINT('',#3723);
#1434=VERTEX_POINT('',#3727);
#1435=VERTEX_POINT('',#3729);
#1436=VERTEX_POINT('',#3746);
#1437=VERTEX_POINT('',#3748);
#1438=VERTEX_POINT('',#3752);
#1439=VERTEX_POINT('',#3753);
#1440=VERTEX_POINT('',#3755);
#1441=VERTEX_POINT('',#3757);
#1442=VERTEX_POINT('',#3761);
#1443=VERTEX_POINT('',#3763);
#1444=VERTEX_POINT('',#3775);
#1445=VERTEX_POINT('',#3777);
#1446=VERTEX_POINT('',#3781);
#1447=VERTEX_POINT('',#3783);
#1448=VERTEX_POINT('',#3787);
#1449=VERTEX_POINT('',#3789);
#1450=VERTEX_POINT('',#3793);
#1451=VERTEX_POINT('',#3795);
#1452=VERTEX_POINT('',#3804);
#1453=VERTEX_POINT('',#3806);
#1454=VERTEX_POINT('',#3810);
#1455=VERTEX_POINT('',#3811);
#1456=VERTEX_POINT('',#3813);
#1457=VERTEX_POINT('',#3815);
#1458=VERTEX_POINT('',#3819);
#1459=VERTEX_POINT('',#3821);
#1460=VERTEX_POINT('',#3828);
#1461=VERTEX_POINT('',#3830);
#1462=VERTEX_POINT('',#3839);
#1463=VERTEX_POINT('',#3841);
#1464=VERTEX_POINT('',#3845);
#1465=VERTEX_POINT('',#3847);
#1466=VERTEX_POINT('',#3851);
#1467=VERTEX_POINT('',#3853);
#1468=VERTEX_POINT('',#3857);
#1469=VERTEX_POINT('',#3859);
#1470=VERTEX_POINT('',#3863);
#1471=VERTEX_POINT('',#3865);
#1472=EDGE_CURVE('',#1254,#1255,#1807,.T.);
#1473=EDGE_CURVE('',#1256,#1254,#1808,.T.);
#1474=EDGE_CURVE('',#1256,#1257,#1809,.T.);
#1475=EDGE_CURVE('',#1257,#1255,#1810,.T.);
#1476=EDGE_CURVE('',#1258,#1259,#1811,.T.);
#1477=EDGE_CURVE('',#1260,#1258,#1812,.T.);
#1478=EDGE_CURVE('',#1260,#1261,#1813,.T.);
#1479=EDGE_CURVE('',#1261,#1259,#1814,.T.);
#1480=EDGE_CURVE('',#1262,#1263,#1815,.T.);
#1481=EDGE_CURVE('',#1263,#1264,#1816,.T.);
#1482=EDGE_CURVE('',#1265,#1264,#1817,.T.);
#1483=EDGE_CURVE('',#1266,#1265,#1818,.T.);
#1484=EDGE_CURVE('',#1266,#1267,#1819,.T.);
#1485=EDGE_CURVE('',#1267,#1268,#1820,.T.);
#1486=EDGE_CURVE('',#1269,#1268,#1821,.T.);
#1487=EDGE_CURVE('',#1269,#1270,#1822,.T.);
#1488=EDGE_CURVE('',#1271,#1270,#1823,.T.);
#1489=EDGE_CURVE('',#1272,#1271,#1824,.T.);
#1490=EDGE_CURVE('',#1273,#1272,#1825,.T.);
#1491=EDGE_CURVE('',#1273,#1274,#1826,.T.);
#1492=EDGE_CURVE('',#1275,#1274,#1827,.T.);
#1493=EDGE_CURVE('',#1276,#1275,#1828,.T.);
#1494=EDGE_CURVE('',#1277,#1276,#1829,.T.);
#1495=EDGE_CURVE('',#1277,#1278,#1830,.T.);
#1496=EDGE_CURVE('',#1279,#1278,#1831,.T.);
#1497=EDGE_CURVE('',#1279,#1280,#1832,.T.);
#1498=EDGE_CURVE('',#1280,#1281,#1833,.T.);
#1499=EDGE_CURVE('',#1281,#1282,#1834,.T.);
#1500=EDGE_CURVE('',#1282,#1283,#1835,.T.);
#1501=EDGE_CURVE('',#1283,#1284,#1836,.T.);
#1502=EDGE_CURVE('',#1284,#1285,#1837,.T.);
#1503=EDGE_CURVE('',#1286,#1285,#1838,.T.);
#1504=EDGE_CURVE('',#1286,#1287,#1839,.T.);
#1505=EDGE_CURVE('',#1287,#1288,#1840,.T.);
#1506=EDGE_CURVE('',#1288,#1289,#1841,.T.);
#1507=EDGE_CURVE('',#1290,#1289,#1842,.T.);
#1508=EDGE_CURVE('',#1290,#1291,#1843,.T.);
#1509=EDGE_CURVE('',#1292,#1291,#1844,.T.);
#1510=EDGE_CURVE('',#1293,#1292,#1845,.T.);
#1511=EDGE_CURVE('',#1294,#1293,#1846,.T.);
#1512=EDGE_CURVE('',#1294,#1295,#1847,.T.);
#1513=EDGE_CURVE('',#1295,#1296,#1848,.T.);
#1514=EDGE_CURVE('',#1297,#1296,#1849,.T.);
#1515=EDGE_CURVE('',#1262,#1297,#1850,.T.);
#1516=EDGE_CURVE('',#1298,#1299,#1851,.T.);
#1517=EDGE_CURVE('',#1298,#1300,#1852,.T.);
#1518=EDGE_CURVE('',#1300,#1301,#1853,.T.);
#1519=EDGE_CURVE('',#1301,#1302,#1854,.T.);
#1520=EDGE_CURVE('',#1303,#1302,#1855,.T.);
#1521=EDGE_CURVE('',#1303,#1304,#1856,.T.);
#1522=EDGE_CURVE('',#1304,#1305,#1857,.T.);
#1523=EDGE_CURVE('',#1306,#1305,#1858,.T.);
#1524=EDGE_CURVE('',#1306,#1307,#1859,.T.);
#1525=EDGE_CURVE('',#1307,#1308,#1860,.T.);
#1526=EDGE_CURVE('',#1308,#1309,#1861,.T.);
#1527=EDGE_CURVE('',#1309,#1299,#1862,.T.);
#1528=EDGE_CURVE('',#1263,#1298,#1863,.T.);
#1529=EDGE_CURVE('',#1262,#1300,#1864,.T.);
#1530=EDGE_CURVE('',#1310,#1311,#1865,.T.);
#1531=EDGE_CURVE('',#1310,#1312,#1866,.T.);
#1532=EDGE_CURVE('',#1312,#1313,#1867,.T.);
#1533=EDGE_CURVE('',#1314,#1313,#1868,.T.);
#1534=EDGE_CURVE('',#1314,#1315,#1869,.T.);
#1535=EDGE_CURVE('',#1315,#1316,#1870,.T.);
#1536=EDGE_CURVE('',#1316,#1317,#1871,.T.);
#1537=EDGE_CURVE('',#1318,#1317,#1872,.T.);
#1538=EDGE_CURVE('',#1319,#1318,#1873,.T.);
#1539=EDGE_CURVE('',#1319,#1320,#1874,.T.);
#1540=EDGE_CURVE('',#1320,#1321,#1875,.T.);
#1541=EDGE_CURVE('',#1311,#1321,#1876,.T.);
#1542=EDGE_CURVE('',#1311,#1274,#1877,.T.);
#1543=EDGE_CURVE('',#1321,#1275,#1878,.T.);
#1544=EDGE_CURVE('',#1295,#1303,#1879,.T.);
#1545=EDGE_CURVE('',#1294,#1304,#1880,.T.);
#1546=EDGE_CURVE('',#1318,#1278,#1881,.T.);
#1547=EDGE_CURVE('',#1317,#1279,#1882,.T.);
#1548=EDGE_CURVE('',#1322,#1323,#1883,.T.);
#1549=EDGE_CURVE('',#1322,#1324,#1884,.T.);
#1550=EDGE_CURVE('',#1325,#1324,#1885,.T.);
#1551=EDGE_CURVE('',#1325,#1326,#1886,.T.);
#1552=EDGE_CURVE('',#1326,#1327,#1887,.T.);
#1553=EDGE_CURVE('',#1327,#1328,#1888,.T.);
#1554=EDGE_CURVE('',#1328,#1329,#1889,.T.);
#1555=EDGE_CURVE('',#1329,#1323,#1890,.T.);
#1556=EDGE_CURVE('',#1330,#1331,#1891,.T.);
#1557=EDGE_CURVE('',#1330,#1332,#1892,.T.);
#1558=EDGE_CURVE('',#1333,#1332,#1893,.T.);
#1559=EDGE_CURVE('',#1334,#1333,#1894,.T.);
#1560=EDGE_CURVE('',#1335,#1334,#1895,.T.);
#1561=EDGE_CURVE('',#1336,#1335,#1896,.T.);
#1562=EDGE_CURVE('',#1336,#1337,#1897,.T.);
#1563=EDGE_CURVE('',#1337,#1331,#1898,.T.);
#1564=EDGE_CURVE('',#1334,#1338,#1899,.T.);
#1565=EDGE_CURVE('',#1339,#1338,#1900,.T.);
#1566=EDGE_CURVE('',#1339,#1335,#1901,.T.);
#1567=EDGE_CURVE('',#1340,#1341,#1902,.T.);
#1568=EDGE_CURVE('',#1341,#1328,#1903,.T.);
#1569=EDGE_CURVE('',#1327,#1340,#1904,.T.);
#1570=EDGE_CURVE('',#1342,#1343,#1905,.T.);
#1571=EDGE_CURVE('',#1344,#1342,#1906,.T.);
#1572=EDGE_CURVE('',#1345,#1344,#1907,.T.);
#1573=EDGE_CURVE('',#1343,#1345,#1908,.T.);
#1574=EDGE_CURVE('',#1346,#1347,#1909,.T.);
#1575=EDGE_CURVE('',#1348,#1346,#1910,.T.);
#1576=EDGE_CURVE('',#1349,#1348,#1911,.T.);
#1577=EDGE_CURVE('',#1350,#1349,#1912,.T.);
#1578=EDGE_CURVE('',#1347,#1350,#1913,.T.);
#1579=EDGE_CURVE('',#1340,#1339,#1914,.T.);
#1580=EDGE_CURVE('',#1338,#1351,#1915,.T.);
#1581=EDGE_CURVE('',#1351,#1269,#1916,.T.);
#1582=EDGE_CURVE('',#1352,#1268,#1917,.T.);
#1583=EDGE_CURVE('',#1341,#1352,#1918,.T.);
#1584=EDGE_CURVE('',#1326,#1336,#1919,.T.);
#1585=EDGE_CURVE('',#1353,#1354,#1920,.T.);
#1586=EDGE_CURVE('',#1354,#1355,#1921,.T.);
#1587=EDGE_CURVE('',#1356,#1355,#1922,.T.);
#1588=EDGE_CURVE('',#1353,#1356,#1923,.T.);
#1589=EDGE_CURVE('',#1286,#1357,#1924,.T.);
#1590=EDGE_CURVE('',#1358,#1357,#1925,.T.);
#1591=EDGE_CURVE('',#1283,#1358,#1926,.T.);
#1592=EDGE_CURVE('',#1282,#1359,#1927,.T.);
#1593=EDGE_CURVE('',#1359,#1337,#1928,.T.);
#1594=EDGE_CURVE('',#1360,#1325,#1929,.T.);
#1595=EDGE_CURVE('',#1291,#1360,#1930,.T.);
#1596=EDGE_CURVE('',#1290,#1361,#1931,.T.);
#1597=EDGE_CURVE('',#1362,#1361,#1932,.T.);
#1598=EDGE_CURVE('',#1287,#1362,#1933,.T.);
#1599=EDGE_CURVE('',#1363,#1354,#1934,.T.);
#1600=EDGE_CURVE('',#1364,#1353,#1935,.T.);
#1601=EDGE_CURVE('',#1364,#1363,#1936,.T.);
#1602=EDGE_CURVE('',#1355,#1365,#1937,.T.);
#1603=EDGE_CURVE('',#1366,#1365,#1938,.T.);
#1604=EDGE_CURVE('',#1356,#1366,#1939,.T.);
#1605=EDGE_CURVE('',#1365,#1363,#1940,.T.);
#1606=EDGE_CURVE('',#1366,#1364,#1941,.T.);
#1607=EDGE_CURVE('',#1270,#1314,#1942,.T.);
#1608=EDGE_CURVE('',#1333,#1351,#1943,.T.);
#1609=EDGE_CURVE('',#1315,#1332,#1944,.T.);
#1610=EDGE_CURVE('',#1307,#1267,#1945,.T.);
#1611=EDGE_CURVE('',#1323,#1306,#1946,.T.);
#1612=EDGE_CURVE('',#1352,#1329,#1947,.T.);
#1613=EDGE_CURVE('',#1352,#1367,#1948,.T.);
#1614=EDGE_CURVE('',#1367,#1368,#1949,.T.);
#1615=EDGE_CURVE('',#1341,#1368,#1950,.T.);
#1616=EDGE_CURVE('',#1367,#1329,#1951,.T.);
#1617=EDGE_CURVE('',#1368,#1328,#1952,.T.);
#1618=EDGE_CURVE('',#1369,#1351,#1953,.T.);
#1619=EDGE_CURVE('',#1370,#1338,#1954,.T.);
#1620=EDGE_CURVE('',#1369,#1370,#1955,.T.);
#1621=EDGE_CURVE('',#1333,#1369,#1956,.T.);
#1622=EDGE_CURVE('',#1334,#1370,#1957,.T.);
#1623=EDGE_CURVE('',#1292,#1371,#1958,.T.);
#1624=EDGE_CURVE('',#1372,#1371,#1959,.T.);
#1625=EDGE_CURVE('',#1293,#1372,#1960,.T.);
#1626=EDGE_CURVE('',#1305,#1322,#1961,.T.);
#1627=EDGE_CURVE('',#1324,#1372,#1962,.T.);
#1628=EDGE_CURVE('',#1371,#1360,#1963,.T.);
#1629=EDGE_CURVE('',#1281,#1373,#1964,.T.);
#1630=EDGE_CURVE('',#1373,#1359,#1965,.T.);
#1631=EDGE_CURVE('',#1280,#1374,#1966,.T.);
#1632=EDGE_CURVE('',#1374,#1373,#1967,.T.);
#1633=EDGE_CURVE('',#1330,#1316,#1968,.T.);
#1634=EDGE_CURVE('',#1331,#1374,#1969,.T.);
#1635=EDGE_CURVE('',#1266,#1308,#1970,.T.);
#1636=EDGE_CURVE('',#1313,#1271,#1971,.T.);
#1637=EDGE_CURVE('',#1347,#1375,#1972,.T.);
#1638=EDGE_CURVE('',#1375,#1376,#1973,.T.);
#1639=EDGE_CURVE('',#1346,#1376,#1974,.T.);
#1640=EDGE_CURVE('',#1350,#1377,#1975,.T.);
#1641=EDGE_CURVE('',#1377,#1375,#1976,.T.);
#1642=EDGE_CURVE('',#1349,#1378,#1977,.T.);
#1643=EDGE_CURVE('',#1378,#1377,#1978,.T.);
#1644=EDGE_CURVE('',#1348,#1379,#1979,.T.);
#1645=EDGE_CURVE('',#1379,#1378,#1980,.T.);
#1646=EDGE_CURVE('',#1376,#1379,#1981,.T.);
#1647=EDGE_CURVE('',#1380,#1381,#1982,.T.);
#1648=EDGE_CURVE('',#1380,#1382,#1983,.T.);
#1649=EDGE_CURVE('',#1382,#1383,#1984,.T.);
#1650=EDGE_CURVE('',#1383,#1381,#1985,.T.);
#1651=EDGE_CURVE('',#1343,#1384,#1986,.T.);
#1652=EDGE_CURVE('',#1384,#1385,#1987,.T.);
#1653=EDGE_CURVE('',#1342,#1385,#1988,.T.);
#1654=EDGE_CURVE('',#1345,#1386,#1989,.T.);
#1655=EDGE_CURVE('',#1386,#1384,#1990,.T.);
#1656=EDGE_CURVE('',#1344,#1387,#1991,.T.);
#1657=EDGE_CURVE('',#1387,#1386,#1992,.T.);
#1658=EDGE_CURVE('',#1385,#1387,#1993,.T.);
#1659=EDGE_CURVE('',#1388,#1389,#1994,.T.);
#1660=EDGE_CURVE('',#1388,#1390,#1995,.T.);
#1661=EDGE_CURVE('',#1390,#1391,#1996,.T.);
#1662=EDGE_CURVE('',#1391,#1389,#1997,.T.);
#1663=EDGE_CURVE('',#1392,#1260,#1998,.T.);
#1664=EDGE_CURVE('',#1393,#1258,#1999,.T.);
#1665=EDGE_CURVE('',#1392,#1393,#2000,.T.);
#1666=EDGE_CURVE('',#1394,#1392,#2001,.T.);
#1667=EDGE_CURVE('',#1395,#1393,#2002,.T.);
#1668=EDGE_CURVE('',#1394,#1395,#2003,.T.);
#1669=EDGE_CURVE('',#1261,#1394,#2004,.T.);
#1670=EDGE_CURVE('',#1259,#1395,#2005,.T.);
#1671=EDGE_CURVE('',#1396,#1256,#2006,.T.);
#1672=EDGE_CURVE('',#1397,#1254,#2007,.T.);
#1673=EDGE_CURVE('',#1396,#1397,#2008,.T.);
#1674=EDGE_CURVE('',#1398,#1396,#2009,.T.);
#1675=EDGE_CURVE('',#1399,#1397,#2010,.T.);
#1676=EDGE_CURVE('',#1398,#1399,#2011,.T.);
#1677=EDGE_CURVE('',#1257,#1398,#2012,.T.);
#1678=EDGE_CURVE('',#1255,#1399,#2013,.T.);
#1679=EDGE_CURVE('',#1400,#1401,#2014,.T.);
#1680=EDGE_CURVE('',#1401,#1402,#2015,.T.);
#1681=EDGE_CURVE('',#1403,#1402,#2016,.T.);
#1682=EDGE_CURVE('',#1403,#1400,#2017,.T.);
#1683=EDGE_CURVE('',#1404,#1405,#2018,.T.);
#1684=EDGE_CURVE('',#1405,#1406,#2019,.T.);
#1685=EDGE_CURVE('',#1406,#1407,#2020,.T.);
#1686=EDGE_CURVE('',#1407,#1404,#2021,.T.);
#1687=EDGE_CURVE('',#1408,#1409,#2022,.T.);
#1688=EDGE_CURVE('',#1408,#1410,#2023,.T.);
#1689=EDGE_CURVE('',#1410,#1411,#2024,.T.);
#1690=EDGE_CURVE('',#1409,#1411,#2025,.T.);
#1691=EDGE_CURVE('',#1402,#1408,#2026,.T.);
#1692=EDGE_CURVE('',#1409,#1380,#50,.T.);
#1693=EDGE_CURVE('',#1381,#1403,#51,.T.);
#1694=EDGE_CURVE('',#1410,#1401,#2027,.T.);
#1695=EDGE_CURVE('',#1383,#1400,#52,.T.);
#1696=EDGE_CURVE('',#1411,#1382,#53,.T.);
#1697=EDGE_CURVE('',#1412,#1362,#2028,.T.);
#1698=EDGE_CURVE('',#1413,#1361,#2029,.T.);
#1699=EDGE_CURVE('',#1413,#1412,#2030,.T.);
#1700=EDGE_CURVE('',#1289,#1414,#54,.T.);
#1701=EDGE_CURVE('',#1414,#1415,#2031,.T.);
#1702=EDGE_CURVE('',#1415,#1413,#55,.T.);
#1703=EDGE_CURVE('',#1416,#1412,#56,.T.);
#1704=EDGE_CURVE('',#1417,#1416,#2032,.T.);
#1705=EDGE_CURVE('',#1288,#1417,#57,.T.);
#1706=EDGE_CURVE('',#1414,#1417,#2033,.T.);
#1707=EDGE_CURVE('',#1415,#1416,#2034,.T.);
#1708=EDGE_CURVE('',#1410,#1407,#2035,.T.);
#1709=EDGE_CURVE('',#1404,#1408,#2036,.T.);
#1710=EDGE_CURVE('',#1405,#1402,#2037,.T.);
#1711=EDGE_CURVE('',#1401,#1406,#2038,.T.);
#1712=EDGE_CURVE('',#1418,#1419,#2039,.T.);
#1713=EDGE_CURVE('',#1419,#1420,#2040,.T.);
#1714=EDGE_CURVE('',#1421,#1420,#2041,.T.);
#1715=EDGE_CURVE('',#1421,#1418,#2042,.T.);
#1716=EDGE_CURVE('',#1422,#1423,#2043,.T.);
#1717=EDGE_CURVE('',#1423,#1424,#2044,.T.);
#1718=EDGE_CURVE('',#1424,#1425,#2045,.T.);
#1719=EDGE_CURVE('',#1425,#1422,#2046,.T.);
#1720=EDGE_CURVE('',#1426,#1427,#2047,.T.);
#1721=EDGE_CURVE('',#1426,#1428,#2048,.T.);
#1722=EDGE_CURVE('',#1428,#1429,#2049,.T.);
#1723=EDGE_CURVE('',#1427,#1429,#2050,.T.);
#1724=EDGE_CURVE('',#1420,#1426,#2051,.T.);
#1725=EDGE_CURVE('',#1427,#1388,#58,.T.);
#1726=EDGE_CURVE('',#1389,#1421,#59,.T.);
#1727=EDGE_CURVE('',#1428,#1419,#2052,.T.);
#1728=EDGE_CURVE('',#1391,#1418,#60,.T.);
#1729=EDGE_CURVE('',#1429,#1390,#61,.T.);
#1730=EDGE_CURVE('',#1430,#1358,#2053,.T.);
#1731=EDGE_CURVE('',#1431,#1357,#2054,.T.);
#1732=EDGE_CURVE('',#1431,#1430,#2055,.T.);
#1733=EDGE_CURVE('',#1285,#1432,#62,.T.);
#1734=EDGE_CURVE('',#1432,#1433,#2056,.T.);
#1735=EDGE_CURVE('',#1433,#1431,#63,.T.);
#1736=EDGE_CURVE('',#1434,#1430,#64,.T.);
#1737=EDGE_CURVE('',#1435,#1434,#2057,.T.);
#1738=EDGE_CURVE('',#1284,#1435,#65,.T.);
#1739=EDGE_CURVE('',#1432,#1435,#2058,.T.);
#1740=EDGE_CURVE('',#1433,#1434,#2059,.T.);
#1741=EDGE_CURVE('',#1428,#1425,#2060,.T.);
#1742=EDGE_CURVE('',#1422,#1426,#2061,.T.);
#1743=EDGE_CURVE('',#1423,#1420,#2062,.T.);
#1744=EDGE_CURVE('',#1419,#1424,#2063,.T.);
#1745=EDGE_CURVE('',#1319,#1436,#66,.T.);
#1746=EDGE_CURVE('',#1436,#1437,#2064,.T.);
#1747=EDGE_CURVE('',#1320,#1437,#67,.T.);
#1748=EDGE_CURVE('',#1438,#1439,#2065,.T.);
#1749=EDGE_CURVE('',#1440,#1438,#2066,.T.);
#1750=EDGE_CURVE('',#1440,#1441,#2067,.T.);
#1751=EDGE_CURVE('',#1441,#1439,#2068,.T.);
#1752=EDGE_CURVE('',#1439,#1442,#2069,.T.);
#1753=EDGE_CURVE('',#1441,#1443,#2070,.T.);
#1754=EDGE_CURVE('',#1443,#1442,#2071,.T.);
#1755=EDGE_CURVE('',#1443,#1277,#68,.T.);
#1756=EDGE_CURVE('',#1442,#1276,#69,.T.);
#1757=EDGE_CURVE('',#1437,#1438,#2072,.T.);
#1758=EDGE_CURVE('',#1436,#1440,#2073,.T.);
#1759=EDGE_CURVE('',#1301,#1444,#70,.T.);
#1760=EDGE_CURVE('',#1444,#1445,#2074,.T.);
#1761=EDGE_CURVE('',#1302,#1445,#71,.T.);
#1762=EDGE_CURVE('',#1446,#1297,#72,.T.);
#1763=EDGE_CURVE('',#1447,#1296,#73,.T.);
#1764=EDGE_CURVE('',#1446,#1447,#2075,.T.);
#1765=EDGE_CURVE('',#1448,#1446,#2076,.T.);
#1766=EDGE_CURVE('',#1449,#1447,#2077,.T.);
#1767=EDGE_CURVE('',#1448,#1449,#2078,.T.);
#1768=EDGE_CURVE('',#1450,#1448,#2079,.T.);
#1769=EDGE_CURVE('',#1451,#1449,#2080,.T.);
#1770=EDGE_CURVE('',#1450,#1451,#2081,.T.);
#1771=EDGE_CURVE('',#1444,#1450,#2082,.T.);
#1772=EDGE_CURVE('',#1445,#1451,#2083,.T.);
#1773=EDGE_CURVE('',#1310,#1452,#2084,.T.);
#1774=EDGE_CURVE('',#1452,#1453,#2085,.T.);
#1775=EDGE_CURVE('',#1312,#1453,#2086,.T.);
#1776=EDGE_CURVE('',#1454,#1455,#2087,.T.);
#1777=EDGE_CURVE('',#1456,#1454,#2088,.T.);
#1778=EDGE_CURVE('',#1456,#1457,#2089,.T.);
#1779=EDGE_CURVE('',#1457,#1455,#2090,.T.);
#1780=EDGE_CURVE('',#1455,#1458,#2091,.T.);
#1781=EDGE_CURVE('',#1457,#1459,#2092,.T.);
#1782=EDGE_CURVE('',#1459,#1458,#2093,.T.);
#1783=EDGE_CURVE('',#1459,#1273,#74,.T.);
#1784=EDGE_CURVE('',#1458,#1272,#75,.T.);
#1785=EDGE_CURVE('',#1453,#1460,#76,.T.);
#1786=EDGE_CURVE('',#1452,#1461,#77,.T.);
#1787=EDGE_CURVE('',#1461,#1460,#2094,.T.);
#1788=EDGE_CURVE('',#1460,#1454,#2095,.T.);
#1789=EDGE_CURVE('',#1461,#1456,#2096,.T.);
#1790=EDGE_CURVE('',#1462,#1309,#2097,.T.);
#1791=EDGE_CURVE('',#1463,#1462,#2098,.T.);
#1792=EDGE_CURVE('',#1463,#1299,#2099,.T.);
#1793=EDGE_CURVE('',#1265,#1464,#78,.T.);
#1794=EDGE_CURVE('',#1264,#1465,#79,.T.);
#1795=EDGE_CURVE('',#1465,#1464,#2100,.T.);
#1796=EDGE_CURVE('',#1464,#1466,#2101,.T.);
#1797=EDGE_CURVE('',#1465,#1467,#2102,.T.);
#1798=EDGE_CURVE('',#1467,#1466,#2103,.T.);
#1799=EDGE_CURVE('',#1466,#1468,#2104,.T.);
#1800=EDGE_CURVE('',#1467,#1469,#2105,.T.);
#1801=EDGE_CURVE('',#1469,#1468,#2106,.T.);
#1802=EDGE_CURVE('',#1468,#1470,#2107,.T.);
#1803=EDGE_CURVE('',#1469,#1471,#2108,.T.);
#1804=EDGE_CURVE('',#1471,#1470,#2109,.T.);
#1805=EDGE_CURVE('',#1470,#1462,#80,.T.);
#1806=EDGE_CURVE('',#1471,#1463,#81,.T.);
#1807=LINE('',#3194,#2110);
#1808=LINE('',#3197,#2111);
#1809=LINE('',#3199,#2112);
#1810=LINE('',#3201,#2113);
#1811=LINE('',#3202,#2114);
#1812=LINE('',#3205,#2115);
#1813=LINE('',#3207,#2116);
#1814=LINE('',#3209,#2117);
#1815=LINE('',#3210,#2118);
#1816=LINE('',#3213,#2119);
#1817=LINE('',#3215,#2120);
#1818=LINE('',#3217,#2121);
#1819=LINE('',#3219,#2122);
#1820=LINE('',#3221,#2123);
#1821=LINE('',#3223,#2124);
#1822=LINE('',#3225,#2125);
#1823=LINE('',#3227,#2126);
#1824=LINE('',#3229,#2127);
#1825=LINE('',#3231,#2128);
#1826=LINE('',#3233,#2129);
#1827=LINE('',#3235,#2130);
#1828=LINE('',#3237,#2131);
#1829=LINE('',#3239,#2132);
#1830=LINE('',#3241,#2133);
#1831=LINE('',#3243,#2134);
#1832=LINE('',#3245,#2135);
#1833=LINE('',#3247,#2136);
#1834=LINE('',#3249,#2137);
#1835=LINE('',#3251,#2138);
#1836=LINE('',#3253,#2139);
#1837=LINE('',#3255,#2140);
#1838=LINE('',#3257,#2141);
#1839=LINE('',#3259,#2142);
#1840=LINE('',#3261,#2143);
#1841=LINE('',#3263,#2144);
#1842=LINE('',#3265,#2145);
#1843=LINE('',#3267,#2146);
#1844=LINE('',#3269,#2147);
#1845=LINE('',#3271,#2148);
#1846=LINE('',#3273,#2149);
#1847=LINE('',#3275,#2150);
#1848=LINE('',#3277,#2151);
#1849=LINE('',#3279,#2152);
#1850=LINE('',#3281,#2153);
#1851=LINE('',#3283,#2154);
#1852=LINE('',#3286,#2155);
#1853=LINE('',#3288,#2156);
#1854=LINE('',#3290,#2157);
#1855=LINE('',#3292,#2158);
#1856=LINE('',#3294,#2159);
#1857=LINE('',#3296,#2160);
#1858=LINE('',#3298,#2161);
#1859=LINE('',#3300,#2162);
#1860=LINE('',#3302,#2163);
#1861=LINE('',#3304,#2164);
#1862=LINE('',#3306,#2165);
#1863=LINE('',#3308,#2166);
#1864=LINE('',#3309,#2167);
#1865=LINE('',#3311,#2168);
#1866=LINE('',#3314,#2169);
#1867=LINE('',#3316,#2170);
#1868=LINE('',#3318,#2171);
#1869=LINE('',#3320,#2172);
#1870=LINE('',#3322,#2173);
#1871=LINE('',#3324,#2174);
#1872=LINE('',#3326,#2175);
#1873=LINE('',#3328,#2176);
#1874=LINE('',#3330,#2177);
#1875=LINE('',#3332,#2178);
#1876=LINE('',#3334,#2179);
#1877=LINE('',#3336,#2180);
#1878=LINE('',#3337,#2181);
#1879=LINE('',#3339,#2182);
#1880=LINE('',#3340,#2183);
#1881=LINE('',#3342,#2184);
#1882=LINE('',#3343,#2185);
#1883=LINE('',#3345,#2186);
#1884=LINE('',#3348,#2187);
#1885=LINE('',#3350,#2188);
#1886=LINE('',#3352,#2189);
#1887=LINE('',#3354,#2190);
#1888=LINE('',#3356,#2191);
#1889=LINE('',#3358,#2192);
#1890=LINE('',#3360,#2193);
#1891=LINE('',#3362,#2194);
#1892=LINE('',#3365,#2195);
#1893=LINE('',#3367,#2196);
#1894=LINE('',#3369,#2197);
#1895=LINE('',#3371,#2198);
#1896=LINE('',#3373,#2199);
#1897=LINE('',#3375,#2200);
#1898=LINE('',#3377,#2201);
#1899=LINE('',#3379,#2202);
#1900=LINE('',#3381,#2203);
#1901=LINE('',#3383,#2204);
#1902=LINE('',#3385,#2205);
#1903=LINE('',#3388,#2206);
#1904=LINE('',#3389,#2207);
#1905=LINE('',#3391,#2208);
#1906=LINE('',#3394,#2209);
#1907=LINE('',#3396,#2210);
#1908=LINE('',#3398,#2211);
#1909=LINE('',#3399,#2212);
#1910=LINE('',#3402,#2213);
#1911=LINE('',#3404,#2214);
#1912=LINE('',#3406,#2215);
#1913=LINE('',#3408,#2216);
#1914=LINE('',#3409,#2217);
#1915=LINE('',#3410,#2218);
#1916=LINE('',#3412,#2219);
#1917=LINE('',#3413,#2220);
#1918=LINE('',#3415,#2221);
#1919=LINE('',#3417,#2222);
#1920=LINE('',#3418,#2223);
#1921=LINE('',#3421,#2224);
#1922=LINE('',#3423,#2225);
#1923=LINE('',#3425,#2226);
#1924=LINE('',#3427,#2227);
#1925=LINE('',#3429,#2228);
#1926=LINE('',#3431,#2229);
#1927=LINE('',#3432,#2230);
#1928=LINE('',#3434,#2231);
#1929=LINE('',#3435,#2232);
#1930=LINE('',#3437,#2233);
#1931=LINE('',#3438,#2234);
#1932=LINE('',#3440,#2235);
#1933=LINE('',#3442,#2236);
#1934=LINE('',#3444,#2237);
#1935=LINE('',#3446,#2238);
#1936=LINE('',#3448,#2239);
#1937=LINE('',#3450,#2240);
#1938=LINE('',#3452,#2241);
#1939=LINE('',#3454,#2242);
#1940=LINE('',#3456,#2243);
#1941=LINE('',#3457,#2244);
#1942=LINE('',#3461,#2245);
#1943=LINE('',#3462,#2246);
#1944=LINE('',#3463,#2247);
#1945=LINE('',#3465,#2248);
#1946=LINE('',#3466,#2249);
#1947=LINE('',#3467,#2250);
#1948=LINE('',#3469,#2251);
#1949=LINE('',#3471,#2252);
#1950=LINE('',#3473,#2253);
#1951=LINE('',#3475,#2254);
#1952=LINE('',#3476,#2255);
#1953=LINE('',#3480,#2256);
#1954=LINE('',#3482,#2257);
#1955=LINE('',#3484,#2258);
#1956=LINE('',#3486,#2259);
#1957=LINE('',#3487,#2260);
#1958=LINE('',#3491,#2261);
#1959=LINE('',#3493,#2262);
#1960=LINE('',#3495,#2263);
#1961=LINE('',#3497,#2264);
#1962=LINE('',#3498,#2265);
#1963=LINE('',#3500,#2266);
#1964=LINE('',#3503,#2267);
#1965=LINE('',#3505,#2268);
#1966=LINE('',#3507,#2269);
#1967=LINE('',#3509,#2270);
#1968=LINE('',#3511,#2271);
#1969=LINE('',#3512,#2272);
#1970=LINE('',#3515,#2273);
#1971=LINE('',#3518,#2274);
#1972=LINE('',#3521,#2275);
#1973=LINE('',#3523,#2276);
#1974=LINE('',#3525,#2277);
#1975=LINE('',#3527,#2278);
#1976=LINE('',#3529,#2279);
#1977=LINE('',#3531,#2280);
#1978=LINE('',#3533,#2281);
#1979=LINE('',#3535,#2282);
#1980=LINE('',#3537,#2283);
#1981=LINE('',#3539,#2284);
#1982=LINE('',#3541,#2285);
#1983=LINE('',#3544,#2286);
#1984=LINE('',#3546,#2287);
#1985=LINE('',#3548,#2288);
#1986=LINE('',#3550,#2289);
#1987=LINE('',#3552,#2290);
#1988=LINE('',#3554,#2291);
#1989=LINE('',#3556,#2292);
#1990=LINE('',#3558,#2293);
#1991=LINE('',#3560,#2294);
#1992=LINE('',#3562,#2295);
#1993=LINE('',#3564,#2296);
#1994=LINE('',#3566,#2297);
#1995=LINE('',#3569,#2298);
#1996=LINE('',#3571,#2299);
#1997=LINE('',#3573,#2300);
#1998=LINE('',#3575,#2301);
#1999=LINE('',#3577,#2302);
#2000=LINE('',#3579,#2303);
#2001=LINE('',#3581,#2304);
#2002=LINE('',#3583,#2305);
#2003=LINE('',#3585,#2306);
#2004=LINE('',#3587,#2307);
#2005=LINE('',#3588,#2308);
#2006=LINE('',#3592,#2309);
#2007=LINE('',#3594,#2310);
#2008=LINE('',#3596,#2311);
#2009=LINE('',#3598,#2312);
#2010=LINE('',#3600,#2313);
#2011=LINE('',#3602,#2314);
#2012=LINE('',#3604,#2315);
#2013=LINE('',#3605,#2316);
#2014=LINE('',#3609,#2317);
#2015=LINE('',#3612,#2318);
#2016=LINE('',#3614,#2319);
#2017=LINE('',#3616,#2320);
#2018=LINE('',#3618,#2321);
#2019=LINE('',#3621,#2322);
#2020=LINE('',#3623,#2323);
#2021=LINE('',#3625,#2324);
#2022=LINE('',#3627,#2325);
#2023=LINE('',#3630,#2326);
#2024=LINE('',#3632,#2327);
#2025=LINE('',#3634,#2328);
#2026=LINE('',#3636,#2329);
#2027=LINE('',#3640,#2330);
#2028=LINE('',#3646,#2331);
#2029=LINE('',#3648,#2332);
#2030=LINE('',#3650,#2333);
#2031=LINE('',#3654,#2334);
#2032=LINE('',#3660,#2335);
#2033=LINE('',#3664,#2336);
#2034=LINE('',#3666,#2337);
#2035=LINE('',#3669,#2338);
#2036=LINE('',#3670,#2339);
#2037=LINE('',#3672,#2340);
#2038=LINE('',#3674,#2341);
#2039=LINE('',#3677,#2342);
#2040=LINE('',#3680,#2343);
#2041=LINE('',#3682,#2344);
#2042=LINE('',#3684,#2345);
#2043=LINE('',#3686,#2346);
#2044=LINE('',#3689,#2347);
#2045=LINE('',#3691,#2348);
#2046=LINE('',#3693,#2349);
#2047=LINE('',#3695,#2350);
#2048=LINE('',#3698,#2351);
#2049=LINE('',#3700,#2352);
#2050=LINE('',#3702,#2353);
#2051=LINE('',#3704,#2354);
#2052=LINE('',#3708,#2355);
#2053=LINE('',#3714,#2356);
#2054=LINE('',#3716,#2357);
#2055=LINE('',#3718,#2358);
#2056=LINE('',#3722,#2359);
#2057=LINE('',#3728,#2360);
#2058=LINE('',#3732,#2361);
#2059=LINE('',#3734,#2362);
#2060=LINE('',#3737,#2363);
#2061=LINE('',#3738,#2364);
#2062=LINE('',#3740,#2365);
#2063=LINE('',#3742,#2366);
#2064=LINE('',#3747,#2367);
#2065=LINE('',#3751,#2368);
#2066=LINE('',#3754,#2369);
#2067=LINE('',#3756,#2370);
#2068=LINE('',#3758,#2371);
#2069=LINE('',#3760,#2372);
#2070=LINE('',#3762,#2373);
#2071=LINE('',#3764,#2374);
#2072=LINE('',#3769,#2375);
#2073=LINE('',#3770,#2376);
#2074=LINE('',#3776,#2377);
#2075=LINE('',#3784,#2378);
#2076=LINE('',#3786,#2379);
#2077=LINE('',#3788,#2380);
#2078=LINE('',#3790,#2381);
#2079=LINE('',#3792,#2382);
#2080=LINE('',#3794,#2383);
#2081=LINE('',#3796,#2384);
#2082=LINE('',#3798,#2385);
#2083=LINE('',#3799,#2386);
#2084=LINE('',#3803,#2387);
#2085=LINE('',#3805,#2388);
#2086=LINE('',#3807,#2389);
#2087=LINE('',#3809,#2390);
#2088=LINE('',#3812,#2391);
#2089=LINE('',#3814,#2392);
#2090=LINE('',#3816,#2393);
#2091=LINE('',#3818,#2394);
#2092=LINE('',#3820,#2395);
#2093=LINE('',#3822,#2396);
#2094=LINE('',#3831,#2397);
#2095=LINE('',#3833,#2398);
#2096=LINE('',#3834,#2399);
#2097=LINE('',#3838,#2400);
#2098=LINE('',#3840,#2401);
#2099=LINE('',#3842,#2402);
#2100=LINE('',#3848,#2403);
#2101=LINE('',#3850,#2404);
#2102=LINE('',#3852,#2405);
#2103=LINE('',#3854,#2406);
#2104=LINE('',#3856,#2407);
#2105=LINE('',#3858,#2408);
#2106=LINE('',#3860,#2409);
#2107=LINE('',#3862,#2410);
#2108=LINE('',#3864,#2411);
#2109=LINE('',#3866,#2412);
#2110=VECTOR('',#2574,1.);
#2111=VECTOR('',#2575,1.);
#2112=VECTOR('',#2576,1.);
#2113=VECTOR('',#2577,1.);
#2114=VECTOR('',#2578,1.);
#2115=VECTOR('',#2579,1.);
#2116=VECTOR('',#2580,1.);
#2117=VECTOR('',#2581,1.);
#2118=VECTOR('',#2582,1.);
#2119=VECTOR('',#2583,1.);
#2120=VECTOR('',#2584,1.);
#2121=VECTOR('',#2585,1.);
#2122=VECTOR('',#2586,1.);
#2123=VECTOR('',#2587,1.);
#2124=VECTOR('',#2588,1.);
#2125=VECTOR('',#2589,1.);
#2126=VECTOR('',#2590,1.);
#2127=VECTOR('',#2591,1.);
#2128=VECTOR('',#2592,1.);
#2129=VECTOR('',#2593,1.);
#2130=VECTOR('',#2594,1.);
#2131=VECTOR('',#2595,1.);
#2132=VECTOR('',#2596,1.);
#2133=VECTOR('',#2597,1.);
#2134=VECTOR('',#2598,1.);
#2135=VECTOR('',#2599,1.);
#2136=VECTOR('',#2600,1.);
#2137=VECTOR('',#2601,1.);
#2138=VECTOR('',#2602,1.);
#2139=VECTOR('',#2603,1.);
#2140=VECTOR('',#2604,1.);
#2141=VECTOR('',#2605,1.);
#2142=VECTOR('',#2606,1.);
#2143=VECTOR('',#2607,1.);
#2144=VECTOR('',#2608,1.);
#2145=VECTOR('',#2609,1.);
#2146=VECTOR('',#2610,1.);
#2147=VECTOR('',#2611,1.);
#2148=VECTOR('',#2612,1.);
#2149=VECTOR('',#2613,1.);
#2150=VECTOR('',#2614,1.);
#2151=VECTOR('',#2615,1.);
#2152=VECTOR('',#2616,1.);
#2153=VECTOR('',#2617,1.);
#2154=VECTOR('',#2620,1.);
#2155=VECTOR('',#2621,1.);
#2156=VECTOR('',#2622,1.);
#2157=VECTOR('',#2623,1.);
#2158=VECTOR('',#2624,1.);
#2159=VECTOR('',#2625,1.);
#2160=VECTOR('',#2626,1.);
#2161=VECTOR('',#2627,1.);
#2162=VECTOR('',#2628,1.);
#2163=VECTOR('',#2629,1.);
#2164=VECTOR('',#2630,1.);
#2165=VECTOR('',#2631,1.);
#2166=VECTOR('',#2634,1.);
#2167=VECTOR('',#2635,1.);
#2168=VECTOR('',#2638,1.);
#2169=VECTOR('',#2639,1.);
#2170=VECTOR('',#2640,1.);
#2171=VECTOR('',#2641,1.);
#2172=VECTOR('',#2642,1.);
#2173=VECTOR('',#2643,1.);
#2174=VECTOR('',#2644,1.);
#2175=VECTOR('',#2645,1.);
#2176=VECTOR('',#2646,1.);
#2177=VECTOR('',#2647,1.);
#2178=VECTOR('',#2648,1.);
#2179=VECTOR('',#2649,1.);
#2180=VECTOR('',#2652,1.);
#2181=VECTOR('',#2653,1.);
#2182=VECTOR('',#2656,1.);
#2183=VECTOR('',#2657,1.);
#2184=VECTOR('',#2660,1.);
#2185=VECTOR('',#2661,1.);
#2186=VECTOR('',#2664,1.);
#2187=VECTOR('',#2665,1.);
#2188=VECTOR('',#2666,1.);
#2189=VECTOR('',#2667,1.);
#2190=VECTOR('',#2668,1.);
#2191=VECTOR('',#2669,1.);
#2192=VECTOR('',#2670,1.);
#2193=VECTOR('',#2671,1.);
#2194=VECTOR('',#2674,1.);
#2195=VECTOR('',#2675,1.);
#2196=VECTOR('',#2676,1.);
#2197=VECTOR('',#2677,1.);
#2198=VECTOR('',#2678,1.);
#2199=VECTOR('',#2679,1.);
#2200=VECTOR('',#2680,1.);
#2201=VECTOR('',#2681,1.);
#2202=VECTOR('',#2684,1.);
#2203=VECTOR('',#2685,1.);
#2204=VECTOR('',#2686,1.);
#2205=VECTOR('',#2689,1.);
#2206=VECTOR('',#2690,1.);
#2207=VECTOR('',#2691,1.);
#2208=VECTOR('',#2694,1.);
#2209=VECTOR('',#2695,1.);
#2210=VECTOR('',#2696,1.);
#2211=VECTOR('',#2697,1.);
#2212=VECTOR('',#2698,1.);
#2213=VECTOR('',#2699,1.);
#2214=VECTOR('',#2700,1.);
#2215=VECTOR('',#2701,1.);
#2216=VECTOR('',#2702,1.);
#2217=VECTOR('',#2703,1.);
#2218=VECTOR('',#2704,1.);
#2219=VECTOR('',#2705,1.);
#2220=VECTOR('',#2706,1.);
#2221=VECTOR('',#2707,1.);
#2222=VECTOR('',#2710,1.);
#2223=VECTOR('',#2711,1.);
#2224=VECTOR('',#2712,1.);
#2225=VECTOR('',#2713,1.);
#2226=VECTOR('',#2714,1.);
#2227=VECTOR('',#2717,1.);
#2228=VECTOR('',#2718,1.);
#2229=VECTOR('',#2719,1.);
#2230=VECTOR('',#2720,1.);
#2231=VECTOR('',#2721,1.);
#2232=VECTOR('',#2722,1.);
#2233=VECTOR('',#2723,1.);
#2234=VECTOR('',#2724,1.);
#2235=VECTOR('',#2725,1.);
#2236=VECTOR('',#2726,1.);
#2237=VECTOR('',#2729,1.);
#2238=VECTOR('',#2730,1.);
#2239=VECTOR('',#2731,1.);
#2240=VECTOR('',#2734,1.);
#2241=VECTOR('',#2735,1.);
#2242=VECTOR('',#2736,1.);
#2243=VECTOR('',#2739,1.);
#2244=VECTOR('',#2740,1.);
#2245=VECTOR('',#2747,1.);
#2246=VECTOR('',#2748,1.);
#2247=VECTOR('',#2749,1.);
#2248=VECTOR('',#2752,1.);
#2249=VECTOR('',#2753,1.);
#2250=VECTOR('',#2754,1.);
#2251=VECTOR('',#2757,1.);
#2252=VECTOR('',#2758,1.);
#2253=VECTOR('',#2759,1.);
#2254=VECTOR('',#2762,1.);
#2255=VECTOR('',#2763,1.);
#2256=VECTOR('',#2770,1.);
#2257=VECTOR('',#2771,1.);
#2258=VECTOR('',#2772,1.);
#2259=VECTOR('',#2775,1.);
#2260=VECTOR('',#2776,1.);
#2261=VECTOR('',#2783,1.);
#2262=VECTOR('',#2784,1.);
#2263=VECTOR('',#2785,1.);
#2264=VECTOR('',#2788,1.);
#2265=VECTOR('',#2789,1.);
#2266=VECTOR('',#2792,1.);
#2267=VECTOR('',#2797,1.);
#2268=VECTOR('',#2798,1.);
#2269=VECTOR('',#2801,1.);
#2270=VECTOR('',#2802,1.);
#2271=VECTOR('',#2805,1.);
#2272=VECTOR('',#2806,1.);
#2273=VECTOR('',#2811,1.);
#2274=VECTOR('',#2816,1.);
#2275=VECTOR('',#2821,1.);
#2276=VECTOR('',#2822,1.);
#2277=VECTOR('',#2823,1.);
#2278=VECTOR('',#2826,1.);
#2279=VECTOR('',#2827,1.);
#2280=VECTOR('',#2830,1.);
#2281=VECTOR('',#2831,1.);
#2282=VECTOR('',#2834,1.);
#2283=VECTOR('',#2835,1.);
#2284=VECTOR('',#2838,1.);
#2285=VECTOR('',#2841,1.);
#2286=VECTOR('',#2842,1.);
#2287=VECTOR('',#2843,1.);
#2288=VECTOR('',#2844,1.);
#2289=VECTOR('',#2847,1.);
#2290=VECTOR('',#2848,1.);
#2291=VECTOR('',#2849,1.);
#2292=VECTOR('',#2852,1.);
#2293=VECTOR('',#2853,1.);
#2294=VECTOR('',#2856,1.);
#2295=VECTOR('',#2857,1.);
#2296=VECTOR('',#2860,1.);
#2297=VECTOR('',#2863,1.);
#2298=VECTOR('',#2864,1.);
#2299=VECTOR('',#2865,1.);
#2300=VECTOR('',#2866,1.);
#2301=VECTOR('',#2869,1.);
#2302=VECTOR('',#2870,1.);
#2303=VECTOR('',#2871,1.);
#2304=VECTOR('',#2874,1.);
#2305=VECTOR('',#2875,1.);
#2306=VECTOR('',#2876,1.);
#2307=VECTOR('',#2879,1.);
#2308=VECTOR('',#2880,1.);
#2309=VECTOR('',#2887,1.);
#2310=VECTOR('',#2888,1.);
#2311=VECTOR('',#2889,1.);
#2312=VECTOR('',#2892,1.);
#2313=VECTOR('',#2893,1.);
#2314=VECTOR('',#2894,1.);
#2315=VECTOR('',#2897,1.);
#2316=VECTOR('',#2898,1.);
#2317=VECTOR('',#2905,1.);
#2318=VECTOR('',#2906,1.);
#2319=VECTOR('',#2907,1.);
#2320=VECTOR('',#2908,1.);
#2321=VECTOR('',#2911,1.);
#2322=VECTOR('',#2912,1.);
#2323=VECTOR('',#2913,1.);
#2324=VECTOR('',#2914,1.);
#2325=VECTOR('',#2917,1.);
#2326=VECTOR('',#2918,1.);
#2327=VECTOR('',#2919,1.);
#2328=VECTOR('',#2920,1.);
#2329=VECTOR('',#2923,1.);
#2330=VECTOR('',#2930,1.);
#2331=VECTOR('',#2941,1.);
#2332=VECTOR('',#2942,1.);
#2333=VECTOR('',#2943,1.);
#2334=VECTOR('',#2948,1.);
#2335=VECTOR('',#2955,1.);
#2336=VECTOR('',#2960,1.);
#2337=VECTOR('',#2963,1.);
#2338=VECTOR('',#2968,1.);
#2339=VECTOR('',#2969,1.);
#2340=VECTOR('',#2972,1.);
#2341=VECTOR('',#2975,1.);
#2342=VECTOR('',#2980,1.);
#2343=VECTOR('',#2981,1.);
#2344=VECTOR('',#2982,1.);
#2345=VECTOR('',#2983,1.);
#2346=VECTOR('',#2986,1.);
#2347=VECTOR('',#2987,1.);
#2348=VECTOR('',#2988,1.);
#2349=VECTOR('',#2989,1.);
#2350=VECTOR('',#2992,1.);
#2351=VECTOR('',#2993,1.);
#2352=VECTOR('',#2994,1.);
#2353=VECTOR('',#2995,1.);
#2354=VECTOR('',#2998,1.);
#2355=VECTOR('',#3005,1.);
#2356=VECTOR('',#3016,1.);
#2357=VECTOR('',#3017,1.);
#2358=VECTOR('',#3018,1.);
#2359=VECTOR('',#3023,1.);
#2360=VECTOR('',#3030,1.);
#2361=VECTOR('',#3035,1.);
#2362=VECTOR('',#3038,1.);
#2363=VECTOR('',#3043,1.);
#2364=VECTOR('',#3044,1.);
#2365=VECTOR('',#3047,1.);
#2366=VECTOR('',#3050,1.);
#2367=VECTOR('',#3057,1.);
#2368=VECTOR('',#3062,1.);
#2369=VECTOR('',#3063,1.);
#2370=VECTOR('',#3064,1.);
#2371=VECTOR('',#3065,1.);
#2372=VECTOR('',#3068,1.);
#2373=VECTOR('',#3069,1.);
#2374=VECTOR('',#3070,1.);
#2375=VECTOR('',#3079,1.);
#2376=VECTOR('',#3080,1.);
#2377=VECTOR('',#3089,1.);
#2378=VECTOR('',#3098,1.);
#2379=VECTOR('',#3101,1.);
#2380=VECTOR('',#3102,1.);
#2381=VECTOR('',#3103,1.);
#2382=VECTOR('',#3106,1.);
#2383=VECTOR('',#3107,1.);
#2384=VECTOR('',#3108,1.);
#2385=VECTOR('',#3111,1.);
#2386=VECTOR('',#3112,1.);
#2387=VECTOR('',#3119,1.);
#2388=VECTOR('',#3120,1.);
#2389=VECTOR('',#3121,1.);
#2390=VECTOR('',#3124,1.);
#2391=VECTOR('',#3125,1.);
#2392=VECTOR('',#3126,1.);
#2393=VECTOR('',#3127,1.);
#2394=VECTOR('',#3130,1.);
#2395=VECTOR('',#3131,1.);
#2396=VECTOR('',#3132,1.);
#2397=VECTOR('',#3145,1.);
#2398=VECTOR('',#3148,1.);
#2399=VECTOR('',#3149,1.);
#2400=VECTOR('',#3156,1.);
#2401=VECTOR('',#3157,1.);
#2402=VECTOR('',#3158,1.);
#2403=VECTOR('',#3165,1.);
#2404=VECTOR('',#3168,1.);
#2405=VECTOR('',#3169,1.);
#2406=VECTOR('',#3170,1.);
#2407=VECTOR('',#3173,1.);
#2408=VECTOR('',#3174,1.);
#2409=VECTOR('',#3175,1.);
#2410=VECTOR('',#3178,1.);
#2411=VECTOR('',#3179,1.);
#2412=VECTOR('',#3180,1.);
#2413=AXIS2_PLACEMENT_3D('',#3193,#2572,#2573);
#2414=AXIS2_PLACEMENT_3D('',#3282,#2618,#2619);
#2415=AXIS2_PLACEMENT_3D('',#3307,#2632,#2633);
#2416=AXIS2_PLACEMENT_3D('',#3310,#2636,#2637);
#2417=AXIS2_PLACEMENT_3D('',#3335,#2650,#2651);
#2418=AXIS2_PLACEMENT_3D('',#3338,#2654,#2655);
#2419=AXIS2_PLACEMENT_3D('',#3341,#2658,#2659);
#2420=AXIS2_PLACEMENT_3D('',#3344,#2662,#2663);
#2421=AXIS2_PLACEMENT_3D('',#3361,#2672,#2673);
#2422=AXIS2_PLACEMENT_3D('',#3378,#2682,#2683);
#2423=AXIS2_PLACEMENT_3D('',#3384,#2687,#2688);
#2424=AXIS2_PLACEMENT_3D('',#3390,#2692,#2693);
#2425=AXIS2_PLACEMENT_3D('',#3416,#2708,#2709);
#2426=AXIS2_PLACEMENT_3D('',#3426,#2715,#2716);
#2427=AXIS2_PLACEMENT_3D('',#3443,#2727,#2728);
#2428=AXIS2_PLACEMENT_3D('',#3449,#2732,#2733);
#2429=AXIS2_PLACEMENT_3D('',#3455,#2737,#2738);
#2430=AXIS2_PLACEMENT_3D('',#3458,#2741,#2742);
#2431=AXIS2_PLACEMENT_3D('',#3459,#2743,#2744);
#2432=AXIS2_PLACEMENT_3D('',#3460,#2745,#2746);
#2433=AXIS2_PLACEMENT_3D('',#3464,#2750,#2751);
#2434=AXIS2_PLACEMENT_3D('',#3468,#2755,#2756);
#2435=AXIS2_PLACEMENT_3D('',#3474,#2760,#2761);
#2436=AXIS2_PLACEMENT_3D('',#3477,#2764,#2765);
#2437=AXIS2_PLACEMENT_3D('',#3478,#2766,#2767);
#2438=AXIS2_PLACEMENT_3D('',#3479,#2768,#2769);
#2439=AXIS2_PLACEMENT_3D('',#3485,#2773,#2774);
#2440=AXIS2_PLACEMENT_3D('',#3488,#2777,#2778);
#2441=AXIS2_PLACEMENT_3D('',#3489,#2779,#2780);
#2442=AXIS2_PLACEMENT_3D('',#3490,#2781,#2782);
#2443=AXIS2_PLACEMENT_3D('',#3496,#2786,#2787);
#2444=AXIS2_PLACEMENT_3D('',#3499,#2790,#2791);
#2445=AXIS2_PLACEMENT_3D('',#3501,#2793,#2794);
#2446=AXIS2_PLACEMENT_3D('',#3502,#2795,#2796);
#2447=AXIS2_PLACEMENT_3D('',#3506,#2799,#2800);
#2448=AXIS2_PLACEMENT_3D('',#3510,#2803,#2804);
#2449=AXIS2_PLACEMENT_3D('',#3513,#2807,#2808);
#2450=AXIS2_PLACEMENT_3D('',#3514,#2809,#2810);
#2451=AXIS2_PLACEMENT_3D('',#3516,#2812,#2813);
#2452=AXIS2_PLACEMENT_3D('',#3517,#2814,#2815);
#2453=AXIS2_PLACEMENT_3D('',#3519,#2817,#2818);
#2454=AXIS2_PLACEMENT_3D('',#3520,#2819,#2820);
#2455=AXIS2_PLACEMENT_3D('',#3526,#2824,#2825);
#2456=AXIS2_PLACEMENT_3D('',#3530,#2828,#2829);
#2457=AXIS2_PLACEMENT_3D('',#3534,#2832,#2833);
#2458=AXIS2_PLACEMENT_3D('',#3538,#2836,#2837);
#2459=AXIS2_PLACEMENT_3D('',#3540,#2839,#2840);
#2460=AXIS2_PLACEMENT_3D('',#3549,#2845,#2846);
#2461=AXIS2_PLACEMENT_3D('',#3555,#2850,#2851);
#2462=AXIS2_PLACEMENT_3D('',#3559,#2854,#2855);
#2463=AXIS2_PLACEMENT_3D('',#3563,#2858,#2859);
#2464=AXIS2_PLACEMENT_3D('',#3565,#2861,#2862);
#2465=AXIS2_PLACEMENT_3D('',#3574,#2867,#2868);
#2466=AXIS2_PLACEMENT_3D('',#3580,#2872,#2873);
#2467=AXIS2_PLACEMENT_3D('',#3586,#2877,#2878);
#2468=AXIS2_PLACEMENT_3D('',#3589,#2881,#2882);
#2469=AXIS2_PLACEMENT_3D('',#3590,#2883,#2884);
#2470=AXIS2_PLACEMENT_3D('',#3591,#2885,#2886);
#2471=AXIS2_PLACEMENT_3D('',#3597,#2890,#2891);
#2472=AXIS2_PLACEMENT_3D('',#3603,#2895,#2896);
#2473=AXIS2_PLACEMENT_3D('',#3606,#2899,#2900);
#2474=AXIS2_PLACEMENT_3D('',#3607,#2901,#2902);
#2475=AXIS2_PLACEMENT_3D('',#3608,#2903,#2904);
#2476=AXIS2_PLACEMENT_3D('',#3617,#2909,#2910);
#2477=AXIS2_PLACEMENT_3D('',#3626,#2915,#2916);
#2478=AXIS2_PLACEMENT_3D('',#3635,#2921,#2922);
#2479=AXIS2_PLACEMENT_3D('',#3637,#2924,#2925);
#2480=AXIS2_PLACEMENT_3D('',#3638,#2926,#2927);
#2481=AXIS2_PLACEMENT_3D('',#3639,#2928,#2929);
#2482=AXIS2_PLACEMENT_3D('',#3641,#2931,#2932);
#2483=AXIS2_PLACEMENT_3D('',#3642,#2933,#2934);
#2484=AXIS2_PLACEMENT_3D('',#3643,#2935,#2936);
#2485=AXIS2_PLACEMENT_3D('',#3644,#2937,#2938);
#2486=AXIS2_PLACEMENT_3D('',#3645,#2939,#2940);
#2487=AXIS2_PLACEMENT_3D('',#3651,#2944,#2945);
#2488=AXIS2_PLACEMENT_3D('',#3652,#2946,#2947);
#2489=AXIS2_PLACEMENT_3D('',#3656,#2949,#2950);
#2490=AXIS2_PLACEMENT_3D('',#3657,#2951,#2952);
#2491=AXIS2_PLACEMENT_3D('',#3658,#2953,#2954);
#2492=AXIS2_PLACEMENT_3D('',#3662,#2956,#2957);
#2493=AXIS2_PLACEMENT_3D('',#3663,#2958,#2959);
#2494=AXIS2_PLACEMENT_3D('',#3665,#2961,#2962);
#2495=AXIS2_PLACEMENT_3D('',#3667,#2964,#2965);
#2496=AXIS2_PLACEMENT_3D('',#3668,#2966,#2967);
#2497=AXIS2_PLACEMENT_3D('',#3671,#2970,#2971);
#2498=AXIS2_PLACEMENT_3D('',#3673,#2973,#2974);
#2499=AXIS2_PLACEMENT_3D('',#3675,#2976,#2977);
#2500=AXIS2_PLACEMENT_3D('',#3676,#2978,#2979);
#2501=AXIS2_PLACEMENT_3D('',#3685,#2984,#2985);
#2502=AXIS2_PLACEMENT_3D('',#3694,#2990,#2991);
#2503=AXIS2_PLACEMENT_3D('',#3703,#2996,#2997);
#2504=AXIS2_PLACEMENT_3D('',#3705,#2999,#3000);
#2505=AXIS2_PLACEMENT_3D('',#3706,#3001,#3002);
#2506=AXIS2_PLACEMENT_3D('',#3707,#3003,#3004);
#2507=AXIS2_PLACEMENT_3D('',#3709,#3006,#3007);
#2508=AXIS2_PLACEMENT_3D('',#3710,#3008,#3009);
#2509=AXIS2_PLACEMENT_3D('',#3711,#3010,#3011);
#2510=AXIS2_PLACEMENT_3D('',#3712,#3012,#3013);
#2511=AXIS2_PLACEMENT_3D('',#3713,#3014,#3015);
#2512=AXIS2_PLACEMENT_3D('',#3719,#3019,#3020);
#2513=AXIS2_PLACEMENT_3D('',#3720,#3021,#3022);
#2514=AXIS2_PLACEMENT_3D('',#3724,#3024,#3025);
#2515=AXIS2_PLACEMENT_3D('',#3725,#3026,#3027);
#2516=AXIS2_PLACEMENT_3D('',#3726,#3028,#3029);
#2517=AXIS2_PLACEMENT_3D('',#3730,#3031,#3032);
#2518=AXIS2_PLACEMENT_3D('',#3731,#3033,#3034);
#2519=AXIS2_PLACEMENT_3D('',#3733,#3036,#3037);
#2520=AXIS2_PLACEMENT_3D('',#3735,#3039,#3040);
#2521=AXIS2_PLACEMENT_3D('',#3736,#3041,#3042);
#2522=AXIS2_PLACEMENT_3D('',#3739,#3045,#3046);
#2523=AXIS2_PLACEMENT_3D('',#3741,#3048,#3049);
#2524=AXIS2_PLACEMENT_3D('',#3743,#3051,#3052);
#2525=AXIS2_PLACEMENT_3D('',#3744,#3053,#3054);
#2526=AXIS2_PLACEMENT_3D('',#3745,#3055,#3056);
#2527=AXIS2_PLACEMENT_3D('',#3749,#3058,#3059);
#2528=AXIS2_PLACEMENT_3D('',#3750,#3060,#3061);
#2529=AXIS2_PLACEMENT_3D('',#3759,#3066,#3067);
#2530=AXIS2_PLACEMENT_3D('',#3765,#3071,#3072);
#2531=AXIS2_PLACEMENT_3D('',#3766,#3073,#3074);
#2532=AXIS2_PLACEMENT_3D('',#3767,#3075,#3076);
#2533=AXIS2_PLACEMENT_3D('',#3768,#3077,#3078);
#2534=AXIS2_PLACEMENT_3D('',#3771,#3081,#3082);
#2535=AXIS2_PLACEMENT_3D('',#3772,#3083,#3084);
#2536=AXIS2_PLACEMENT_3D('',#3773,#3085,#3086);
#2537=AXIS2_PLACEMENT_3D('',#3774,#3087,#3088);
#2538=AXIS2_PLACEMENT_3D('',#3778,#3090,#3091);
#2539=AXIS2_PLACEMENT_3D('',#3779,#3092,#3093);
#2540=AXIS2_PLACEMENT_3D('',#3780,#3094,#3095);
#2541=AXIS2_PLACEMENT_3D('',#3782,#3096,#3097);
#2542=AXIS2_PLACEMENT_3D('',#3785,#3099,#3100);
#2543=AXIS2_PLACEMENT_3D('',#3791,#3104,#3105);
#2544=AXIS2_PLACEMENT_3D('',#3797,#3109,#3110);
#2545=AXIS2_PLACEMENT_3D('',#3800,#3113,#3114);
#2546=AXIS2_PLACEMENT_3D('',#3801,#3115,#3116);
#2547=AXIS2_PLACEMENT_3D('',#3802,#3117,#3118);
#2548=AXIS2_PLACEMENT_3D('',#3808,#3122,#3123);
#2549=AXIS2_PLACEMENT_3D('',#3817,#3128,#3129);
#2550=AXIS2_PLACEMENT_3D('',#3823,#3133,#3134);
#2551=AXIS2_PLACEMENT_3D('',#3824,#3135,#3136);
#2552=AXIS2_PLACEMENT_3D('',#3825,#3137,#3138);
#2553=AXIS2_PLACEMENT_3D('',#3826,#3139,#3140);
#2554=AXIS2_PLACEMENT_3D('',#3827,#3141,#3142);
#2555=AXIS2_PLACEMENT_3D('',#3829,#3143,#3144);
#2556=AXIS2_PLACEMENT_3D('',#3832,#3146,#3147);
#2557=AXIS2_PLACEMENT_3D('',#3835,#3150,#3151);
#2558=AXIS2_PLACEMENT_3D('',#3836,#3152,#3153);
#2559=AXIS2_PLACEMENT_3D('',#3837,#3154,#3155);
#2560=AXIS2_PLACEMENT_3D('',#3843,#3159,#3160);
#2561=AXIS2_PLACEMENT_3D('',#3844,#3161,#3162);
#2562=AXIS2_PLACEMENT_3D('',#3846,#3163,#3164);
#2563=AXIS2_PLACEMENT_3D('',#3849,#3166,#3167);
#2564=AXIS2_PLACEMENT_3D('',#3855,#3171,#3172);
#2565=AXIS2_PLACEMENT_3D('',#3861,#3176,#3177);
#2566=AXIS2_PLACEMENT_3D('',#3867,#3181,#3182);
#2567=AXIS2_PLACEMENT_3D('',#3868,#3183,#3184);
#2568=AXIS2_PLACEMENT_3D('',#3869,#3185,#3186);
#2569=AXIS2_PLACEMENT_3D('',#3870,#3187,#3188);
#2570=AXIS2_PLACEMENT_3D('',#3871,#3189,#3190);
#2571=AXIS2_PLACEMENT_3D('',#3872,#3191,#3192);
#2572=DIRECTION('',(0.,0.,1.));
#2573=DIRECTION('',(1.,0.,0.));
#2574=DIRECTION('',(1.,0.,-9.95799250102961E-17));
#2575=DIRECTION('',(0.,1.,0.));
#2576=DIRECTION('',(1.,0.,-9.95799250102961E-17));
#2577=DIRECTION('',(0.,1.,0.));
#2578=DIRECTION('',(1.,0.,9.95799250102961E-17));
#2579=DIRECTION('',(0.,1.,0.));
#2580=DIRECTION('',(1.,0.,9.95799250102961E-17));
#2581=DIRECTION('',(0.,1.,0.));
#2582=DIRECTION('',(0.,-1.,0.));
#2583=DIRECTION('',(-1.,0.,0.));
#2584=DIRECTION('',(0.,1.,0.));
#2585=DIRECTION('',(-1.,0.,0.));
#2586=DIRECTION('',(0.,-1.,0.));
#2587=DIRECTION('',(-0.642787609686539,-0.766044443118978,0.));
#2588=DIRECTION('',(1.,0.,0.));
#2589=DIRECTION('',(-0.642787609686539,0.766044443118978,0.));
#2590=DIRECTION('',(0.,-1.,0.));
#2591=DIRECTION('',(-1.,0.,0.));
#2592=DIRECTION('',(0.,-1.,0.));
#2593=DIRECTION('',(-1.,0.,0.));
#2594=DIRECTION('',(0.,-1.,0.));
#2595=DIRECTION('',(-1.,0.,0.));
#2596=DIRECTION('',(0.,-1.,0.));
#2597=DIRECTION('',(-1.,0.,0.));
#2598=DIRECTION('',(0.,-1.,0.));
#2599=DIRECTION('',(-1.,0.,-1.44294358956948E-17));
#2600=DIRECTION('',(0.,1.,0.));
#2601=DIRECTION('',(-0.707106781186542,0.707106781186553,0.));
#2602=DIRECTION('',(1.,0.,0.));
#2603=DIRECTION('',(0.,-1.,0.));
#2604=DIRECTION('',(1.,0.,0.));
#2605=DIRECTION('',(0.,-1.,0.));
#2606=DIRECTION('',(1.,0.,0.));
#2607=DIRECTION('',(0.,-1.,0.));
#2608=DIRECTION('',(1.,0.,0.));
#2609=DIRECTION('',(0.,-1.,0.));
#2610=DIRECTION('',(1.,0.,0.));
#2611=DIRECTION('',(0.707106781186544,0.707106781186551,0.));
#2612=DIRECTION('',(0.,1.,0.));
#2613=DIRECTION('',(1.,0.,-1.44294358956948E-17));
#2614=DIRECTION('',(0.,-1.,0.));
#2615=DIRECTION('',(-1.,0.,0.));
#2616=DIRECTION('',(0.,1.,0.));
#2617=DIRECTION('',(-1.,0.,0.));
#2618=DIRECTION('',(0.,0.,-1.));
#2619=DIRECTION('',(-1.,0.,0.));
#2620=DIRECTION('',(1.,0.,0.));
#2621=DIRECTION('',(0.,1.,0.));
#2622=DIRECTION('',(1.,0.,0.));
#2623=DIRECTION('',(0.,1.,0.));
#2624=DIRECTION('',(1.,0.,0.));
#2625=DIRECTION('',(0.,1.,0.));
#2626=DIRECTION('',(1.,0.,0.));
#2627=DIRECTION('',(0.,1.,0.));
#2628=DIRECTION('',(-0.64278760968654,-0.766044443118978,0.));
#2629=DIRECTION('',(0.,1.,0.));
#2630=DIRECTION('',(1.,0.,0.));
#2631=DIRECTION('',(0.,1.,0.));
#2632=DIRECTION('',(0.,0.,1.));
#2633=DIRECTION('',(1.,0.,0.));
#2634=DIRECTION('',(0.,0.,1.));
#2635=DIRECTION('',(0.,0.,1.));
#2636=DIRECTION('',(-1.,0.,0.));
#2637=DIRECTION('',(0.,0.,1.));
#2638=DIRECTION('',(1.,0.,0.));
#2639=DIRECTION('',(0.,-1.,0.));
#2640=DIRECTION('',(1.,0.,0.));
#2641=DIRECTION('',(0.,1.,0.));
#2642=DIRECTION('',(-0.64278760968654,0.766044443118978,0.));
#2643=DIRECTION('',(0.,1.,0.));
#2644=DIRECTION('',(1.,0.,0.));
#2645=DIRECTION('',(0.,1.,0.));
#2646=DIRECTION('',(1.,0.,0.));
#2647=DIRECTION('',(0.,-1.,0.));
#2648=DIRECTION('',(1.,0.,0.));
#2649=DIRECTION('',(0.,1.,0.));
#2650=DIRECTION('',(0.,0.,1.));
#2651=DIRECTION('',(1.,0.,0.));
#2652=DIRECTION('',(0.,0.,-1.));
#2653=DIRECTION('',(0.,0.,-1.));
#2654=DIRECTION('',(1.,0.,0.));
#2655=DIRECTION('',(0.,0.,-1.));
#2656=DIRECTION('',(0.,0.,1.));
#2657=DIRECTION('',(0.,0.,1.));
#2658=DIRECTION('',(-1.,0.,0.));
#2659=DIRECTION('',(0.,0.,1.));
#2660=DIRECTION('',(0.,0.,-1.));
#2661=DIRECTION('',(0.,0.,-1.));
#2662=DIRECTION('',(1.,0.,0.));
#2663=DIRECTION('',(0.,0.,-1.));
#2664=DIRECTION('',(0.,-1.,0.));
#2665=DIRECTION('',(0.,0.,-1.));
#2666=DIRECTION('',(9.37688365392867E-16,-1.,0.));
#2667=DIRECTION('',(0.,0.,1.));
#2668=DIRECTION('',(0.,-1.,0.));
#2669=DIRECTION('',(0.,0.,-1.));
#2670=DIRECTION('',(0.,0.,-1.));
#2671=DIRECTION('',(0.,0.,-1.));
#2672=DIRECTION('',(1.,0.,0.));
#2673=DIRECTION('',(0.,0.,-1.));
#2674=DIRECTION('',(0.,0.,-1.));
#2675=DIRECTION('',(0.,-1.,0.));
#2676=DIRECTION('',(0.,0.,-1.));
#2677=DIRECTION('',(0.,0.,-1.));
#2678=DIRECTION('',(0.,0.,-1.));
#2679=DIRECTION('',(0.,-1.,0.));
#2680=DIRECTION('',(0.,0.,-1.));
#2681=DIRECTION('',(0.,-1.,0.));
#2682=DIRECTION('',(-1.,0.,0.));
#2683=DIRECTION('',(0.,0.,1.));
#2684=DIRECTION('',(0.642787609686539,-0.766044443118978,0.));
#2685=DIRECTION('',(0.,0.,-1.));
#2686=DIRECTION('',(-0.64278760968654,0.766044443118978,-4.33312988312276E-16));
#2687=DIRECTION('',(-0.766044443118978,-0.642787609686539,0.));
#2688=DIRECTION('',(0.64278760968654,-0.766044443118978,0.));
#2689=DIRECTION('',(0.,0.,-1.));
#2690=DIRECTION('',(0.642787609686539,0.766044443118978,0.));
#2691=DIRECTION('',(-0.64278760968654,-0.766044443118978,-4.33312988312276E-16));
#2692=DIRECTION('',(0.766044443118978,-0.642787609686539,0.));
#2693=DIRECTION('',(0.64278760968654,0.766044443118978,0.));
#2694=DIRECTION('',(3.41480999208033E-16,0.,-1.));
#2695=DIRECTION('',(-1.,0.,-1.70740499604017E-16));
#2696=DIRECTION('',(0.,0.,1.));
#2697=DIRECTION('',(1.,0.,1.70740499604017E-16));
#2698=DIRECTION('',(0.,0.,-1.));
#2699=DIRECTION('',(-1.,0.,-1.70740499604017E-16));
#2700=DIRECTION('',(0.,0.,1.));
#2701=DIRECTION('',(1.,0.,0.));
#2702=DIRECTION('',(0.707106781186547,0.,-0.707106781186548));
#2703=DIRECTION('',(-1.,0.,-6.74115340405495E-16));
#2704=DIRECTION('',(0.,0.,-1.));
#2705=DIRECTION('',(0.,0.,-1.));
#2706=DIRECTION('',(0.,0.,-1.));
#2707=DIRECTION('',(0.,0.,-1.));
#2708=DIRECTION('',(0.,-1.,0.));
#2709=DIRECTION('',(0.,0.,-1.));
#2710=DIRECTION('',(-1.,0.,-6.74115340405495E-16));
#2711=DIRECTION('',(-1.,0.,0.));
#2712=DIRECTION('',(0.,1.,-2.6992585207108E-15));
#2713=DIRECTION('',(-1.,0.,0.));
#2714=DIRECTION('',(0.,1.,-2.6992585207108E-15));
#2715=DIRECTION('',(-6.74115340405495E-16,0.,1.));
#2716=DIRECTION('',(1.,0.,6.7394007041699E-16));
#2717=DIRECTION('',(0.,0.,1.));
#2718=DIRECTION('',(1.,0.,0.));
#2719=DIRECTION('',(0.,0.,1.));
#2720=DIRECTION('',(0.,0.,-1.));
#2721=DIRECTION('',(-1.,0.,0.));
#2722=DIRECTION('',(1.,0.,0.));
#2723=DIRECTION('',(0.,0.,-1.));
#2724=DIRECTION('',(0.,0.,1.));
#2725=DIRECTION('',(1.,0.,0.));
#2726=DIRECTION('',(0.,0.,1.));
#2727=DIRECTION('',(0.,-1.,0.));
#2728=DIRECTION('',(0.,0.,-1.));
#2729=DIRECTION('',(0.,-0.810421678379293,-0.585846996418766));
#2730=DIRECTION('',(0.,-0.810421678379293,-0.585846996418766));
#2731=DIRECTION('',(-1.,0.,0.));
#2732=DIRECTION('',(0.,0.585846996418766,-0.810421678379293));
#2733=DIRECTION('',(0.,0.810421678379293,0.585846996418766));
#2734=DIRECTION('',(0.,0.,1.));
#2735=DIRECTION('',(-1.,0.,0.));
#2736=DIRECTION('',(0.,0.,1.));
#2737=DIRECTION('',(0.,-1.,0.));
#2738=DIRECTION('',(0.,0.,-1.));
#2739=DIRECTION('',(0.,-1.,-1.15648231731787E-15));
#2740=DIRECTION('',(0.,-1.,-1.15648231731787E-15));
#2741=DIRECTION('',(0.,1.15648231731787E-15,-1.));
#2742=DIRECTION('',(0.,1.,1.15619319673854E-15));
#2743=DIRECTION('',(-1.,0.,0.));
#2744=DIRECTION('',(0.,0.,1.));
#2745=DIRECTION('',(-1.,0.,0.));
#2746=DIRECTION('',(0.,0.,1.));
#2747=DIRECTION('',(0.,0.,1.));
#2748=DIRECTION('',(0.642787609686539,-0.766044443118978,0.));
#2749=DIRECTION('',(-0.608243751871341,0.724876676465651,0.323408939619156));
#2750=DIRECTION('',(-0.766044443118978,-0.642787609686539,0.));
#2751=DIRECTION('',(0.64278760968654,-0.766044443118978,0.));
#2752=DIRECTION('',(0.,0.,-1.));
#2753=DIRECTION('',(-0.608243751871341,-0.724876676465651,-0.323408939619156));
#2754=DIRECTION('',(0.642787609686539,0.766044443118978,0.));
#2755=DIRECTION('',(0.766044443118978,-0.642787609686539,0.));
#2756=DIRECTION('',(0.64278760968654,0.766044443118978,0.));
#2757=DIRECTION('',(0.,1.,0.));
#2758=DIRECTION('',(0.,0.,1.));
#2759=DIRECTION('',(0.,1.,0.));
#2760=DIRECTION('',(1.,0.,0.));
#2761=DIRECTION('',(0.,0.,-1.));
#2762=DIRECTION('',(1.,-1.54886024640786E-16,0.));
#2763=DIRECTION('',(1.,-1.54886024640786E-16,0.));
#2764=DIRECTION('',(-1.54886024640786E-16,-1.,0.));
#2765=DIRECTION('',(1.,-1.5482407023093E-16,0.));
#2766=DIRECTION('',(0.,0.,-1.));
#2767=DIRECTION('',(-1.,0.,0.));
#2768=DIRECTION('',(0.,0.,-1.));
#2769=DIRECTION('',(-1.,0.,0.));
#2770=DIRECTION('',(0.,-1.,0.));
#2771=DIRECTION('',(0.,-1.,0.));
#2772=DIRECTION('',(0.,0.,1.));
#2773=DIRECTION('',(-1.,0.,0.));
#2774=DIRECTION('',(0.,0.,1.));
#2775=DIRECTION('',(1.,1.54886024640786E-16,0.));
#2776=DIRECTION('',(1.,1.54886024640786E-16,0.));
#2777=DIRECTION('',(1.54886024640786E-16,-1.,0.));
#2778=DIRECTION('',(1.,1.5482407023093E-16,0.));
#2779=DIRECTION('',(0.,0.,-1.));
#2780=DIRECTION('',(-1.,0.,0.));
#2781=DIRECTION('',(0.,0.,-1.));
#2782=DIRECTION('',(-1.,0.,0.));
#2783=DIRECTION('',(0.,0.,-1.));
#2784=DIRECTION('',(0.,1.,0.));
#2785=DIRECTION('',(0.,0.,-1.));
#2786=DIRECTION('',(-1.,0.,0.));
#2787=DIRECTION('',(0.,0.,1.));
#2788=DIRECTION('',(0.882947592858927,0.,0.46947156278589));
#2789=DIRECTION('',(-1.,0.,0.));
#2790=DIRECTION('',(0.,-1.,0.));
#2791=DIRECTION('',(0.,0.,-1.));
#2792=DIRECTION('',(0.707106781186544,0.707106781186551,0.));
#2793=DIRECTION('',(-0.707106781186551,0.707106781186544,0.));
#2794=DIRECTION('',(-0.707106781186544,-0.707106781186551,0.));
#2795=DIRECTION('',(0.,0.,1.));
#2796=DIRECTION('',(1.,0.,0.));
#2797=DIRECTION('',(0.,0.,-1.));
#2798=DIRECTION('',(-0.707106781186542,0.707106781186553,0.));
#2799=DIRECTION('',(-0.707106781186553,-0.707106781186542,0.));
#2800=DIRECTION('',(0.707106781186542,-0.707106781186553,0.));
#2801=DIRECTION('',(0.,0.,-1.));
#2802=DIRECTION('',(0.,1.,0.));
#2803=DIRECTION('',(-1.,0.,0.));
#2804=DIRECTION('',(0.,0.,1.));
#2805=DIRECTION('',(0.882947592858927,0.,-0.46947156278589));
#2806=DIRECTION('',(1.,0.,0.));
#2807=DIRECTION('',(0.,1.,0.));
#2808=DIRECTION('',(0.,0.,1.));
#2809=DIRECTION('',(0.,0.,-1.));
#2810=DIRECTION('',(-1.,0.,0.));
#2811=DIRECTION('',(0.,0.,1.));
#2812=DIRECTION('',(-1.,0.,0.));
#2813=DIRECTION('',(0.,0.,1.));
#2814=DIRECTION('',(-0.46947156278589,0.,0.882947592858927));
#2815=DIRECTION('',(0.882947592858927,0.,0.46947156278589));
#2816=DIRECTION('',(0.,0.,-1.));
#2817=DIRECTION('',(1.,0.,0.));
#2818=DIRECTION('',(0.,0.,-1.));
#2819=DIRECTION('',(0.46947156278589,0.,0.882947592858927));
#2820=DIRECTION('',(0.882947592858927,0.,-0.46947156278589));
#2821=DIRECTION('',(0.,1.,0.));
#2822=DIRECTION('',(0.,0.,1.));
#2823=DIRECTION('',(0.,1.,0.));
#2824=DIRECTION('',(-1.,0.,0.));
#2825=DIRECTION('',(0.,0.,1.));
#2826=DIRECTION('',(0.,1.,0.));
#2827=DIRECTION('',(-0.707106781186547,0.,0.707106781186548));
#2828=DIRECTION('',(-0.707106781186548,0.,-0.707106781186547));
#2829=DIRECTION('',(-0.707106781186547,0.,0.707106781186548));
#2830=DIRECTION('',(0.,1.,0.));
#2831=DIRECTION('',(-1.,0.,0.));
#2832=DIRECTION('',(0.,0.,-1.));
#2833=DIRECTION('',(-1.,0.,0.));
#2834=DIRECTION('',(0.,1.,0.));
#2835=DIRECTION('',(0.,0.,-1.));
#2836=DIRECTION('',(1.,0.,0.));
#2837=DIRECTION('',(0.,0.,-1.));
#2838=DIRECTION('',(1.,0.,1.70740499604017E-16));
#2839=DIRECTION('',(-1.70740499604017E-16,0.,1.));
#2840=DIRECTION('',(1.,0.,1.70870262383715E-16));
#2841=DIRECTION('',(0.,0.,1.));
#2842=DIRECTION('',(-1.,0.,0.));
#2843=DIRECTION('',(0.,0.,1.));
#2844=DIRECTION('',(1.,0.,0.));
#2845=DIRECTION('',(0.,-1.,0.));
#2846=DIRECTION('',(0.,0.,-1.));
#2847=DIRECTION('',(0.,1.,0.));
#2848=DIRECTION('',(-3.41480999208033E-16,0.,1.));
#2849=DIRECTION('',(0.,1.,0.));
#2850=DIRECTION('',(-1.,0.,-3.41480999208033E-16));
#2851=DIRECTION('',(-3.41306843898437E-16,0.,1.));
#2852=DIRECTION('',(0.,1.,0.));
#2853=DIRECTION('',(-1.,0.,-1.70740499604017E-16));
#2854=DIRECTION('',(1.70740499604017E-16,0.,-1.));
#2855=DIRECTION('',(-1.,0.,-1.70761842166467E-16));
#2856=DIRECTION('',(0.,1.,0.));
#2857=DIRECTION('',(0.,0.,-1.));
#2858=DIRECTION('',(1.,0.,0.));
#2859=DIRECTION('',(0.,0.,-1.));
#2860=DIRECTION('',(1.,0.,1.70740499604017E-16));
#2861=DIRECTION('',(-1.70740499604017E-16,0.,1.));
#2862=DIRECTION('',(1.,0.,1.70870262383715E-16));
#2863=DIRECTION('',(0.,0.,1.));
#2864=DIRECTION('',(-1.,0.,0.));
#2865=DIRECTION('',(0.,0.,1.));
#2866=DIRECTION('',(1.,0.,0.));
#2867=DIRECTION('',(0.,-1.,0.));
#2868=DIRECTION('',(0.,0.,-1.));
#2869=DIRECTION('',(0.,0.,1.));
#2870=DIRECTION('',(0.,0.,1.));
#2871=DIRECTION('',(0.,1.,0.));
#2872=DIRECTION('',(-1.,0.,0.));
#2873=DIRECTION('',(0.,0.,1.));
#2874=DIRECTION('',(-1.,0.,0.));
#2875=DIRECTION('',(-1.,0.,0.));
#2876=DIRECTION('',(0.,1.,0.));
#2877=DIRECTION('',(0.,0.,-1.));
#2878=DIRECTION('',(-1.,0.,0.));
#2879=DIRECTION('',(0.,0.,-1.));
#2880=DIRECTION('',(0.,0.,-1.));
#2881=DIRECTION('',(1.,0.,0.));
#2882=DIRECTION('',(0.,0.,-1.));
#2883=DIRECTION('',(0.,-1.,0.));
#2884=DIRECTION('',(0.,0.,-1.));
#2885=DIRECTION('',(0.,-1.,0.));
#2886=DIRECTION('',(0.,0.,-1.));
#2887=DIRECTION('',(0.,0.,1.));
#2888=DIRECTION('',(0.,0.,1.));
#2889=DIRECTION('',(0.,1.,0.));
#2890=DIRECTION('',(-1.,0.,0.));
#2891=DIRECTION('',(0.,0.,1.));
#2892=DIRECTION('',(-1.,0.,0.));
#2893=DIRECTION('',(-1.,0.,0.));
#2894=DIRECTION('',(0.,1.,0.));
#2895=DIRECTION('',(0.,0.,-1.));
#2896=DIRECTION('',(-1.,0.,0.));
#2897=DIRECTION('',(0.,0.,-1.));
#2898=DIRECTION('',(0.,0.,-1.));
#2899=DIRECTION('',(1.,0.,0.));
#2900=DIRECTION('',(0.,0.,-1.));
#2901=DIRECTION('',(0.,-1.,0.));
#2902=DIRECTION('',(0.,0.,-1.));
#2903=DIRECTION('',(0.,-1.,0.));
#2904=DIRECTION('',(0.,0.,-1.));
#2905=DIRECTION('',(0.,-1.,-2.22224071040957E-15));
#2906=DIRECTION('',(1.,0.,0.));
#2907=DIRECTION('',(0.,-1.,-2.22224071040957E-15));
#2908=DIRECTION('',(-1.,0.,0.));
#2909=DIRECTION('',(0.,2.22224071040957E-15,-1.));
#2910=DIRECTION('',(0.,1.,2.22218077272629E-15));
#2911=DIRECTION('',(0.,0.,1.));
#2912=DIRECTION('',(-1.,0.,0.));
#2913=DIRECTION('',(0.,0.,-1.));
#2914=DIRECTION('',(1.,0.,0.));
#2915=DIRECTION('',(0.,1.,0.));
#2916=DIRECTION('',(0.,0.,1.));
#2917=DIRECTION('',(0.,1.,1.88890460384825E-15));
#2918=DIRECTION('',(-1.,0.,0.));
#2919=DIRECTION('',(0.,1.,1.88890460384825E-15));
#2920=DIRECTION('',(-1.,0.,0.));
#2921=DIRECTION('',(0.,-1.88890460384825E-15,1.));
#2922=DIRECTION('',(0.,-1.,-1.88889702490425E-15));
#2923=DIRECTION('',(0.,0.,-1.));
#2924=DIRECTION('',(1.,0.,0.));
#2925=DIRECTION('',(0.,0.999999999999999,0.));
#2926=DIRECTION('',(1.,0.,0.));
#2927=DIRECTION('',(0.,0.999999999999999,0.));
#2928=DIRECTION('',(1.,0.,0.));
#2929=DIRECTION('',(0.,0.,-1.));
#2930=DIRECTION('',(0.,0.,1.));
#2931=DIRECTION('',(1.,0.,0.));
#2932=DIRECTION('',(0.,0.999999999999999,0.));
#2933=DIRECTION('',(1.,0.,0.));
#2934=DIRECTION('',(0.,0.999999999999999,0.));
#2935=DIRECTION('',(1.,0.,0.));
#2936=DIRECTION('',(0.,0.,-1.));
#2937=DIRECTION('',(-1.,0.,0.));
#2938=DIRECTION('',(0.,0.,0.999999999999999));
#2939=DIRECTION('',(-1.,0.,0.));
#2940=DIRECTION('',(0.,0.,0.999999999999999));
#2941=DIRECTION('',(0.,-1.,-4.31060024047995E-15));
#2942=DIRECTION('',(0.,-1.,-4.31060024047995E-15));
#2943=DIRECTION('',(-1.,0.,0.));
#2944=DIRECTION('',(0.,4.31060024047995E-15,-1.));
#2945=DIRECTION('',(0.,1.,4.31059810242218E-15));
#2946=DIRECTION('',(1.,0.,0.));
#2947=DIRECTION('',(0.,1.,-6.1602396163949E-17));
#2948=DIRECTION('',(0.,1.,5.55653613398828E-15));
#2949=DIRECTION('',(1.,0.,0.));
#2950=DIRECTION('',(0.,0.999999999999999,0.));
#2951=DIRECTION('',(1.,0.,0.));
#2952=DIRECTION('',(0.,0.,-1.));
#2953=DIRECTION('',(1.,0.,0.));
#2954=DIRECTION('',(0.,0.999999999999999,0.));
#2955=DIRECTION('',(0.,1.,5.55653613398828E-15));
#2956=DIRECTION('',(1.,0.,0.));
#2957=DIRECTION('',(0.,1.,-6.1602396163949E-17));
#2958=DIRECTION('',(1.,0.,0.));
#2959=DIRECTION('',(0.,0.,-1.));
#2960=DIRECTION('',(-1.,0.,0.));
#2961=DIRECTION('',(-1.,0.,0.));
#2962=DIRECTION('',(0.,0.,1.));
#2963=DIRECTION('',(-1.,0.,0.));
#2964=DIRECTION('',(0.,-5.55653613398828E-15,1.));
#2965=DIRECTION('',(0.,-1.,-5.55653613398821E-15));
#2966=DIRECTION('',(-1.,0.,0.));
#2967=DIRECTION('',(0.,0.,1.));
#2968=DIRECTION('',(0.245599354379008,-0.937742989447124,0.245599354379007));
#2969=DIRECTION('',(0.245599354379009,0.937742989447124,-0.245599354379007));
#2970=DIRECTION('',(0.,0.253359391837682,0.967372223380246));
#2971=DIRECTION('',(-1.,0.,0.));
#2972=DIRECTION('',(0.245599354379008,0.937742989447123,0.245599354379011));
#2973=DIRECTION('',(0.967372223380245,-0.253359391837683,0.));
#2974=DIRECTION('',(0.,0.,1.));
#2975=DIRECTION('',(0.245599354379008,-0.937742989447123,-0.245599354379011));
#2976=DIRECTION('',(0.967372223380245,0.253359391837683,0.));
#2977=DIRECTION('',(0.,0.,-1.));
#2978=DIRECTION('',(0.,0.253359391837685,-0.967372223380245));
#2979=DIRECTION('',(-1.,0.,0.));
#2980=DIRECTION('',(0.,-1.,-2.22224071040957E-15));
#2981=DIRECTION('',(1.,0.,0.));
#2982=DIRECTION('',(0.,-1.,-2.22224071040957E-15));
#2983=DIRECTION('',(-1.,0.,0.));
#2984=DIRECTION('',(0.,2.22224071040957E-15,-1.));
#2985=DIRECTION('',(0.,1.,2.22218077272629E-15));
#2986=DIRECTION('',(0.,0.,1.));
#2987=DIRECTION('',(-1.,0.,0.));
#2988=DIRECTION('',(0.,0.,-1.));
#2989=DIRECTION('',(1.,0.,0.));
#2990=DIRECTION('',(0.,1.,0.));
#2991=DIRECTION('',(0.,0.,1.));
#2992=DIRECTION('',(0.,1.,1.88890460384825E-15));
#2993=DIRECTION('',(-1.,0.,0.));
#2994=DIRECTION('',(0.,1.,1.88890460384825E-15));
#2995=DIRECTION('',(-1.,0.,0.));
#2996=DIRECTION('',(0.,-1.88890460384825E-15,1.));
#2997=DIRECTION('',(0.,-1.,-1.88889702490425E-15));
#2998=DIRECTION('',(0.,0.,-1.));
#2999=DIRECTION('',(1.,0.,0.));
#3000=DIRECTION('',(0.,0.999999999999999,0.));
#3001=DIRECTION('',(1.,0.,0.));
#3002=DIRECTION('',(0.,0.999999999999999,0.));
#3003=DIRECTION('',(1.,0.,0.));
#3004=DIRECTION('',(0.,0.,-1.));
#3005=DIRECTION('',(0.,0.,1.));
#3006=DIRECTION('',(1.,0.,0.));
#3007=DIRECTION('',(0.,0.999999999999999,0.));
#3008=DIRECTION('',(1.,0.,0.));
#3009=DIRECTION('',(0.,0.999999999999999,0.));
#3010=DIRECTION('',(1.,0.,0.));
#3011=DIRECTION('',(0.,0.,-1.));
#3012=DIRECTION('',(-1.,0.,0.));
#3013=DIRECTION('',(0.,0.,0.999999999999999));
#3014=DIRECTION('',(-1.,0.,0.));
#3015=DIRECTION('',(0.,0.,0.999999999999999));
#3016=DIRECTION('',(0.,-1.,-4.31060024047995E-15));
#3017=DIRECTION('',(0.,-1.,-4.31060024047995E-15));
#3018=DIRECTION('',(-1.,0.,0.));
#3019=DIRECTION('',(0.,4.31060024047995E-15,-1.));
#3020=DIRECTION('',(0.,1.,4.31059810242218E-15));
#3021=DIRECTION('',(1.,0.,0.));
#3022=DIRECTION('',(0.,1.,-6.1602396163949E-17));
#3023=DIRECTION('',(0.,1.,5.55653613398828E-15));
#3024=DIRECTION('',(1.,0.,0.));
#3025=DIRECTION('',(0.,0.999999999999999,0.));
#3026=DIRECTION('',(1.,0.,0.));
#3027=DIRECTION('',(0.,0.,-1.));
#3028=DIRECTION('',(1.,0.,0.));
#3029=DIRECTION('',(0.,0.999999999999999,0.));
#3030=DIRECTION('',(0.,1.,5.55653613398828E-15));
#3031=DIRECTION('',(1.,0.,0.));
#3032=DIRECTION('',(0.,1.,-6.1602396163949E-17));
#3033=DIRECTION('',(1.,0.,0.));
#3034=DIRECTION('',(0.,0.,-1.));
#3035=DIRECTION('',(-1.,0.,0.));
#3036=DIRECTION('',(-1.,0.,0.));
#3037=DIRECTION('',(0.,0.,1.));
#3038=DIRECTION('',(-1.,0.,0.));
#3039=DIRECTION('',(0.,-5.55653613398828E-15,1.));
#3040=DIRECTION('',(0.,-1.,-5.55653613398821E-15));
#3041=DIRECTION('',(-1.,0.,0.));
#3042=DIRECTION('',(0.,0.,1.));
#3043=DIRECTION('',(0.245599354379008,-0.937742989447124,0.245599354379007));
#3044=DIRECTION('',(0.245599354379009,0.937742989447124,-0.245599354379007));
#3045=DIRECTION('',(0.,0.253359391837682,0.967372223380246));
#3046=DIRECTION('',(-1.,0.,0.));
#3047=DIRECTION('',(0.245599354379008,0.937742989447123,0.245599354379011));
#3048=DIRECTION('',(0.967372223380245,-0.253359391837683,0.));
#3049=DIRECTION('',(0.,0.,1.));
#3050=DIRECTION('',(0.245599354379008,-0.937742989447123,-0.245599354379011));
#3051=DIRECTION('',(0.967372223380245,0.253359391837683,0.));
#3052=DIRECTION('',(0.,0.,-1.));
#3053=DIRECTION('',(0.,0.253359391837685,-0.967372223380245));
#3054=DIRECTION('',(-1.,0.,0.));
#3055=DIRECTION('',(0.,1.,0.));
#3056=DIRECTION('',(-1.,0.,-2.71050543121377E-16));
#3057=DIRECTION('',(0.,-1.,0.));
#3058=DIRECTION('',(0.,1.,0.));
#3059=DIRECTION('',(-1.,0.,-2.71050543121377E-16));
#3060=DIRECTION('',(0.,-1.,0.));
#3061=DIRECTION('',(0.,0.,-1.));
#3062=DIRECTION('',(0.,0.,-1.));
#3063=DIRECTION('',(0.,-1.,0.));
#3064=DIRECTION('',(0.,0.,-1.));
#3065=DIRECTION('',(0.,-1.,0.));
#3066=DIRECTION('',(-1.,0.,0.));
#3067=DIRECTION('',(0.,0.,1.));
#3068=DIRECTION('',(1.,0.,7.25458806589565E-15));
#3069=DIRECTION('',(1.,0.,7.25458806589565E-15));
#3070=DIRECTION('',(0.,-1.,0.));
#3071=DIRECTION('',(7.25458806589565E-15,0.,-1.));
#3072=DIRECTION('',(-1.,0.,-7.25461357653501E-15));
#3073=DIRECTION('',(0.,-1.,0.));
#3074=DIRECTION('',(-1.,0.,1.6680033422854E-16));
#3075=DIRECTION('',(0.,-1.,0.));
#3076=DIRECTION('',(-1.,0.,1.6680033422854E-16));
#3077=DIRECTION('',(0.,-1.,0.));
#3078=DIRECTION('',(0.,0.,-1.));
#3079=DIRECTION('',(-1.,0.,-3.66715440693627E-15));
#3080=DIRECTION('',(-1.,0.,-3.66715440693627E-15));
#3081=DIRECTION('',(-3.66715440693627E-15,0.,1.));
#3082=DIRECTION('',(1.,0.,3.66715121810635E-15));
#3083=DIRECTION('',(0.,-1.,0.));
#3084=DIRECTION('',(0.,0.,-1.));
#3085=DIRECTION('',(0.,-1.,0.));
#3086=DIRECTION('',(0.,0.,-1.));
#3087=DIRECTION('',(0.,-1.,0.));
#3088=DIRECTION('',(1.,0.,0.));
#3089=DIRECTION('',(0.,1.,0.));
#3090=DIRECTION('',(0.,-1.,0.));
#3091=DIRECTION('',(1.,0.,0.));
#3092=DIRECTION('',(0.,-1.,0.));
#3093=DIRECTION('',(0.,0.,-1.));
#3094=DIRECTION('',(0.,1.,0.));
#3095=DIRECTION('',(1.,0.,-8.34001671142698E-17));
#3096=DIRECTION('',(0.,1.,0.));
#3097=DIRECTION('',(1.,0.,-8.34001671142698E-17));
#3098=DIRECTION('',(0.,1.,0.));
#3099=DIRECTION('',(0.,-1.,0.));
#3100=DIRECTION('',(0.,0.,-1.));
#3101=DIRECTION('',(-1.,0.,2.15246019537563E-15));
#3102=DIRECTION('',(-1.,0.,2.15246019537563E-15));
#3103=DIRECTION('',(0.,1.,0.));
#3104=DIRECTION('',(-2.15246019537563E-15,0.,-1.));
#3105=DIRECTION('',(-1.,0.,2.15246657303547E-15));
#3106=DIRECTION('',(0.,0.,-1.));
#3107=DIRECTION('',(0.,0.,-1.));
#3108=DIRECTION('',(0.,1.,0.));
#3109=DIRECTION('',(1.,0.,0.));
#3110=DIRECTION('',(0.,0.,-1.));
#3111=DIRECTION('',(1.,0.,0.));
#3112=DIRECTION('',(1.,0.,0.));
#3113=DIRECTION('',(0.,0.,1.));
#3114=DIRECTION('',(1.,0.,0.));
#3115=DIRECTION('',(0.,-1.,0.));
#3116=DIRECTION('',(0.,0.,-1.));
#3117=DIRECTION('',(0.,-1.,0.));
#3118=DIRECTION('',(0.,0.,-1.));
#3119=DIRECTION('',(0.,0.,-1.));
#3120=DIRECTION('',(0.,-1.,0.));
#3121=DIRECTION('',(0.,0.,-1.));
#3122=DIRECTION('',(-1.,0.,0.));
#3123=DIRECTION('',(0.,0.,1.));
#3124=DIRECTION('',(0.,0.,-1.));
#3125=DIRECTION('',(0.,-1.,0.));
#3126=DIRECTION('',(0.,0.,-1.));
#3127=DIRECTION('',(0.,-1.,0.));
#3128=DIRECTION('',(-1.,0.,0.));
#3129=DIRECTION('',(0.,0.,1.));
#3130=DIRECTION('',(1.,0.,0.));
#3131=DIRECTION('',(1.,0.,0.));
#3132=DIRECTION('',(0.,-1.,0.));
#3133=DIRECTION('',(0.,0.,-1.));
#3134=DIRECTION('',(-1.,0.,0.));
#3135=DIRECTION('',(0.,-1.,0.));
#3136=DIRECTION('',(-1.,0.,1.85594559349695E-16));
#3137=DIRECTION('',(0.,-1.,0.));
#3138=DIRECTION('',(-1.,0.,1.85594559349695E-16));
#3139=DIRECTION('',(0.,-1.,0.));
#3140=DIRECTION('',(0.,0.,-1.));
#3141=DIRECTION('',(0.,1.,0.));
#3142=DIRECTION('',(-1.,0.,-1.9622384878478E-16));
#3143=DIRECTION('',(0.,1.,0.));
#3144=DIRECTION('',(-1.,0.,-1.9622384878478E-16));
#3145=DIRECTION('',(0.,-1.,0.));
#3146=DIRECTION('',(0.,-1.,0.));
#3147=DIRECTION('',(0.,0.,-1.));
#3148=DIRECTION('',(-1.,0.,0.));
#3149=DIRECTION('',(-1.,0.,0.));
#3150=DIRECTION('',(0.,0.,1.));
#3151=DIRECTION('',(1.,0.,0.));
#3152=DIRECTION('',(0.,-1.,0.));
#3153=DIRECTION('',(0.,0.,-1.));
#3154=DIRECTION('',(0.,-1.,0.));
#3155=DIRECTION('',(0.,0.,-1.));
#3156=DIRECTION('',(0.,0.,1.));
#3157=DIRECTION('',(0.,-1.,0.));
#3158=DIRECTION('',(0.,0.,1.));
#3159=DIRECTION('',(1.,0.,0.));
#3160=DIRECTION('',(0.,0.,-1.));
#3161=DIRECTION('',(0.,-1.,0.));
#3162=DIRECTION('',(1.,0.,-6.18648531165649E-17));
#3163=DIRECTION('',(0.,-1.,0.));
#3164=DIRECTION('',(1.,0.,-6.18648531165649E-17));
#3165=DIRECTION('',(0.,-1.,0.));
#3166=DIRECTION('',(0.,-1.,0.));
#3167=DIRECTION('',(0.,0.,-1.));
#3168=DIRECTION('',(1.,0.,0.));
#3169=DIRECTION('',(1.,0.,0.));
#3170=DIRECTION('',(0.,-1.,0.));
#3171=DIRECTION('',(0.,0.,-1.));
#3172=DIRECTION('',(-1.,0.,0.));
#3173=DIRECTION('',(0.,0.,1.));
#3174=DIRECTION('',(0.,0.,1.));
#3175=DIRECTION('',(0.,-1.,0.));
#3176=DIRECTION('',(1.,0.,0.));
#3177=DIRECTION('',(0.,0.,-1.));
#3178=DIRECTION('',(-1.,0.,0.));
#3179=DIRECTION('',(-1.,0.,0.));
#3180=DIRECTION('',(0.,-1.,0.));
#3181=DIRECTION('',(0.,0.,1.));
#3182=DIRECTION('',(1.,0.,0.));
#3183=DIRECTION('',(0.,1.,0.));
#3184=DIRECTION('',(1.,0.,6.54079495949266E-17));
#3185=DIRECTION('',(0.,1.,0.));
#3186=DIRECTION('',(1.,0.,6.54079495949266E-17));
#3187=DIRECTION('',(0.,-1.,0.));
#3188=DIRECTION('',(0.,0.,-1.));
#3189=DIRECTION('',(0.,-1.,0.));
#3190=DIRECTION('',(0.,0.,-1.));
#3191=DIRECTION('',(0.,-1.,0.));
#3192=DIRECTION('',(0.,0.,-1.));
#3193=CARTESIAN_POINT('',(0.,0.,0.));
#3194=CARTESIAN_POINT('',(1.475,8.06,2.05836776437992E-15));
#3195=CARTESIAN_POINT('',(0.474999999999999,8.06,2.95446040294299E-16));
#3196=CARTESIAN_POINT('',(1.475,8.06,2.95446040294299E-16));
#3197=CARTESIAN_POINT('',(0.475,8.06,2.1094237467878E-15));
#3198=CARTESIAN_POINT('',(0.475,1.6,2.1094237467878E-15));
#3199=CARTESIAN_POINT('',(1.475,1.6,2.05836776437992E-15));
#3200=CARTESIAN_POINT('',(1.475,1.6,2.95446040294299E-16));
#3201=CARTESIAN_POINT('',(1.475,8.06,2.05998412772246E-15));
#3202=CARTESIAN_POINT('',(-0.475,8.06,2.15794768939021E-15));
#3203=CARTESIAN_POINT('',(-1.475,8.06,2.95446040294299E-16));
#3204=CARTESIAN_POINT('',(-0.475000000000001,8.06,2.95446040294299E-16));
#3205=CARTESIAN_POINT('',(-1.475,8.06,2.1094237467878E-15));
#3206=CARTESIAN_POINT('',(-1.475,1.6,2.1094237467878E-15));
#3207=CARTESIAN_POINT('',(-0.475,1.6,2.15794768939021E-15));
#3208=CARTESIAN_POINT('',(-0.475,1.6,2.95446040294299E-16));
#3209=CARTESIAN_POINT('',(-0.475,8.06,2.05998412772246E-15));
#3210=CARTESIAN_POINT('',(3.885,79.695,8.40256683676266E-16));
#3211=CARTESIAN_POINT('',(3.885,7.15,8.40256683676266E-16));
#3212=CARTESIAN_POINT('',(3.885,5.25,8.40256683676266E-16));
#3213=CARTESIAN_POINT('',(-4.825,5.25,2.95446040294299E-16));
#3214=CARTESIAN_POINT('',(3.62669713959434,5.25,2.98155597433514E-16));
#3215=CARTESIAN_POINT('',(3.62669713959434,5.25,3.11708124589583E-16));
#3216=CARTESIAN_POINT('',(3.62669713959434,3.95,2.98155597433514E-16));
#3217=CARTESIAN_POINT('',(-4.825,3.95,2.95446040294299E-16));
#3218=CARTESIAN_POINT('',(3.885,3.95,8.40256683676266E-16));
#3219=CARTESIAN_POINT('',(3.885,79.695,8.40256683676266E-16));
#3220=CARTESIAN_POINT('',(3.885,0.548206652593336,8.40256683676266E-16));
#3221=CARTESIAN_POINT('',(4.825,1.66845502963189,0.));
#3222=CARTESIAN_POINT('',(3.425,0.,0.));
#3223=CARTESIAN_POINT('',(-4.825,0.,2.95446040294299E-16));
#3224=CARTESIAN_POINT('',(-3.425,0.,2.95446040294299E-16));
#3225=CARTESIAN_POINT('',(-3.425,0.,0.));
#3226=CARTESIAN_POINT('',(-3.885,0.548206652593336,8.4623093821082E-16));
#3227=CARTESIAN_POINT('',(-3.885,79.695,8.4623093821082E-16));
#3228=CARTESIAN_POINT('',(-3.885,3.95,8.4623093821082E-16));
#3229=CARTESIAN_POINT('',(-4.825,3.95,2.95446040294299E-16));
#3230=CARTESIAN_POINT('',(-3.62669713959434,3.95,2.98155597433514E-16));
#3231=CARTESIAN_POINT('',(-3.62669713959434,5.25,3.11708124589583E-16));
#3232=CARTESIAN_POINT('',(-3.62669713959434,5.25,2.98155597433514E-16));
#3233=CARTESIAN_POINT('',(-4.825,5.25,2.95446040294299E-16));
#3234=CARTESIAN_POINT('',(-3.885,5.25,8.46233030514737E-16));
#3235=CARTESIAN_POINT('',(-3.885,79.695,8.4623093821082E-16));
#3236=CARTESIAN_POINT('',(-3.885,7.15,8.46233030514737E-16));
#3237=CARTESIAN_POINT('',(-4.825,7.15,2.95446040294299E-16));
#3238=CARTESIAN_POINT('',(-3.5050168137989,7.15,2.71050543121376E-16));
#3239=CARTESIAN_POINT('',(-3.5050168137989,7.79,3.79470760369927E-16));
#3240=CARTESIAN_POINT('',(-3.5050168137989,7.79,2.71050543121376E-16));
#3241=CARTESIAN_POINT('',(-4.825,7.79,2.95446040294299E-16));
#3242=CARTESIAN_POINT('',(-3.885,7.79000000000001,8.46233030514737E-16));
#3243=CARTESIAN_POINT('',(-3.885,79.695,8.4623093821082E-16));
#3244=CARTESIAN_POINT('',(-3.885,8.05,8.4623093821082E-16));
#3245=CARTESIAN_POINT('',(-4.825,8.05,8.32667268468867E-16));
#3246=CARTESIAN_POINT('',(-3.89,8.05,8.46158791031342E-16));
#3247=CARTESIAN_POINT('',(-3.89,9.6,0.));
#3248=CARTESIAN_POINT('',(-3.89,9.6,2.95446040294299E-16));
#3249=CARTESIAN_POINT('',(-4.19,9.9,0.));
#3250=CARTESIAN_POINT('',(-4.19,9.9,2.95446040294299E-16));
#3251=CARTESIAN_POINT('',(-4.825,9.9,2.95446040294299E-16));
#3252=CARTESIAN_POINT('',(-1.82,9.9,2.95446040294299E-16));
#3253=CARTESIAN_POINT('',(-1.82,9.9,2.95446040294299E-16));
#3254=CARTESIAN_POINT('',(-1.82,8.75641029632469,2.71050543121376E-16));
#3255=CARTESIAN_POINT('',(-1.18,8.75641029632469,3.79470760369927E-16));
#3256=CARTESIAN_POINT('',(-1.18,8.75641029632469,3.79470760369927E-16));
#3257=CARTESIAN_POINT('',(-1.18,9.9,2.95446040294299E-16));
#3258=CARTESIAN_POINT('',(-1.18,9.9,2.95446040294299E-16));
#3259=CARTESIAN_POINT('',(-4.825,9.9,2.95446040294299E-16));
#3260=CARTESIAN_POINT('',(1.18,9.9,2.95446040294299E-16));
#3261=CARTESIAN_POINT('',(1.18,9.9,2.95446040294299E-16));
#3262=CARTESIAN_POINT('',(1.18,8.75641029632469,2.71050543121376E-16));
#3263=CARTESIAN_POINT('',(1.82,8.75641029632469,3.79470760369927E-16));
#3264=CARTESIAN_POINT('',(1.82,8.75641029632469,3.79470760369927E-16));
#3265=CARTESIAN_POINT('',(1.82,9.9,2.95446040294299E-16));
#3266=CARTESIAN_POINT('',(1.82,9.9,2.95446040294299E-16));
#3267=CARTESIAN_POINT('',(-4.825,9.9,2.95446040294299E-16));
#3268=CARTESIAN_POINT('',(4.19,9.9,0.));
#3269=CARTESIAN_POINT('',(4.19,9.9,0.));
#3270=CARTESIAN_POINT('',(3.89,9.6,0.));
#3271=CARTESIAN_POINT('',(3.89,9.6,0.));
#3272=CARTESIAN_POINT('',(3.89,8.05,8.46158791031342E-16));
#3273=CARTESIAN_POINT('',(3.885,8.05,8.4623093821082E-16));
#3274=CARTESIAN_POINT('',(3.885,8.05,8.40256683676266E-16));
#3275=CARTESIAN_POINT('',(3.885,79.695,8.40256683676266E-16));
#3276=CARTESIAN_POINT('',(3.885,7.79000000000001,8.40256683676266E-16));
#3277=CARTESIAN_POINT('',(-4.825,7.79,2.95446040294299E-16));
#3278=CARTESIAN_POINT('',(3.5050168137989,7.79,2.71050543121376E-16));
#3279=CARTESIAN_POINT('',(3.5050168137989,7.79,3.79470760369927E-16));
#3280=CARTESIAN_POINT('',(3.5050168137989,7.15,2.71050543121376E-16));
#3281=CARTESIAN_POINT('',(-4.825,7.15,2.95446040294299E-16));
#3282=CARTESIAN_POINT('',(-4.825,9.9,2.95446040294299E-16));
#3283=CARTESIAN_POINT('',(4.11032394316839,5.25,0.130000000000001));
#3284=CARTESIAN_POINT('',(3.885,5.25,0.130000000000001));
#3285=CARTESIAN_POINT('',(4.075,5.25,0.130000000000001));
#3286=CARTESIAN_POINT('',(3.885,79.695,0.130000000000001));
#3287=CARTESIAN_POINT('',(3.885,7.15,0.130000000000001));
#3288=CARTESIAN_POINT('',(4.11032394316839,7.15,0.130000000000001));
#3289=CARTESIAN_POINT('',(3.95497086017545,7.15,0.130000000000001));
#3290=CARTESIAN_POINT('',(3.95497086017545,7.79,0.130000000000001));
#3291=CARTESIAN_POINT('',(3.95497086017545,7.79,0.130000000000001));
#3292=CARTESIAN_POINT('',(4.11032394316839,7.79000000000001,0.130000000000001));
#3293=CARTESIAN_POINT('',(3.885,7.79000000000001,0.130000000000001));
#3294=CARTESIAN_POINT('',(3.885,79.695,0.130000000000001));
#3295=CARTESIAN_POINT('',(3.885,8.05,0.130000000000001));
#3296=CARTESIAN_POINT('',(4.11032394316839,8.05,0.130000000000001));
#3297=CARTESIAN_POINT('',(4.11032394316839,8.05,0.130000000000001));
#3298=CARTESIAN_POINT('',(4.11032394316839,79.695,0.130000000000001));
#3299=CARTESIAN_POINT('',(4.11032394316839,0.816737271361763,0.129999999999998));
#3300=CARTESIAN_POINT('',(4.825,1.66845502963189,0.129999999999998));
#3301=CARTESIAN_POINT('',(3.88500000000001,0.54820665259338,0.13));
#3302=CARTESIAN_POINT('',(3.885,79.695,0.130000000000001));
#3303=CARTESIAN_POINT('',(3.885,3.95,0.130000000000001));
#3304=CARTESIAN_POINT('',(4.11032394316839,3.95,0.130000000000001));
#3305=CARTESIAN_POINT('',(4.075,3.95,0.130000000000001));
#3306=CARTESIAN_POINT('',(4.075,79.695,0.130000000000001));
#3307=CARTESIAN_POINT('',(4.11032394316839,79.695,0.130000000000001));
#3308=CARTESIAN_POINT('',(3.885,5.25,0.130000000000001));
#3309=CARTESIAN_POINT('',(3.885,7.15,0.130000000000001));
#3310=CARTESIAN_POINT('',(3.885,79.695,0.130000000000001));
#3311=CARTESIAN_POINT('',(-3.885,5.25,0.130000000000001));
#3312=CARTESIAN_POINT('',(-4.075,5.25,0.130000000000001));
#3313=CARTESIAN_POINT('',(-3.885,5.25,0.130000000000001));
#3314=CARTESIAN_POINT('',(-4.075,79.695,0.130000000000001));
#3315=CARTESIAN_POINT('',(-4.075,3.95,0.130000000000001));
#3316=CARTESIAN_POINT('',(-3.885,3.95,0.130000000000001));
#3317=CARTESIAN_POINT('',(-3.885,3.95,0.130000000000001));
#3318=CARTESIAN_POINT('',(-3.885,79.695,0.130000000000001));
#3319=CARTESIAN_POINT('',(-3.88500000000002,0.548206652593392,0.13));
#3320=CARTESIAN_POINT('',(-3.425,0.,0.129999999999998));
#3321=CARTESIAN_POINT('',(-4.11032394316839,0.816737271361763,0.129999999999997));
#3322=CARTESIAN_POINT('',(-4.11032394316839,79.695,0.130000000000001));
#3323=CARTESIAN_POINT('',(-4.11032394316839,8.05,0.130000000000001));
#3324=CARTESIAN_POINT('',(-3.885,8.05,0.130000000000001));
#3325=CARTESIAN_POINT('',(-3.885,8.05,0.130000000000001));
#3326=CARTESIAN_POINT('',(-3.885,79.695,0.130000000000001));
#3327=CARTESIAN_POINT('',(-3.885,7.79000000000001,0.130000000000001));
#3328=CARTESIAN_POINT('',(-3.885,7.79000000000001,0.130000000000001));
#3329=CARTESIAN_POINT('',(-3.95497086017546,7.79,0.130000000000001));
#3330=CARTESIAN_POINT('',(-3.95497086017546,7.79,0.130000000000001));
#3331=CARTESIAN_POINT('',(-3.95497086017546,7.15,0.130000000000001));
#3332=CARTESIAN_POINT('',(-3.885,7.15,0.130000000000001));
#3333=CARTESIAN_POINT('',(-3.885,7.15,0.130000000000001));
#3334=CARTESIAN_POINT('',(-3.885,79.695,0.130000000000001));
#3335=CARTESIAN_POINT('',(-3.885,79.695,0.130000000000001));
#3336=CARTESIAN_POINT('',(-3.885,5.25,8.32667268468867E-16));
#3337=CARTESIAN_POINT('',(-3.885,7.15,8.32667268468867E-16));
#3338=CARTESIAN_POINT('',(-3.885,79.695,8.32667268468867E-16));
#3339=CARTESIAN_POINT('',(3.885,7.79000000000001,0.130000000000001));
#3340=CARTESIAN_POINT('',(3.885,8.05,0.130000000000001));
#3341=CARTESIAN_POINT('',(3.885,79.695,0.130000000000001));
#3342=CARTESIAN_POINT('',(-3.885,7.79000000000001,8.32667268468867E-16));
#3343=CARTESIAN_POINT('',(-3.885,8.05,8.32667268468867E-16));
#3344=CARTESIAN_POINT('',(-3.885,79.695,8.32667268468867E-16));
#3345=CARTESIAN_POINT('',(4.825,79.695,0.510000000000001));
#3346=CARTESIAN_POINT('',(4.825,8.05,0.510000000000001));
#3347=CARTESIAN_POINT('',(4.825,1.66845502963187,0.509999999999999));
#3348=CARTESIAN_POINT('',(4.825,8.05,-0.51));
#3349=CARTESIAN_POINT('',(4.825,8.05,-0.51));
#3350=CARTESIAN_POINT('',(4.825,8.05,-0.51));
#3351=CARTESIAN_POINT('',(4.825,9.9,-0.51));
#3352=CARTESIAN_POINT('',(4.825,9.9,4.44089209850063E-16));
#3353=CARTESIAN_POINT('',(4.825,9.9,3.86));
#3354=CARTESIAN_POINT('',(4.825,9.9,3.86));
#3355=CARTESIAN_POINT('',(4.825,1.66845502963189,3.86));
#3356=CARTESIAN_POINT('',(4.825,1.66845502963189,38.214));
#3357=CARTESIAN_POINT('',(4.825,1.66845502963189,3.22));
#3358=CARTESIAN_POINT('',(4.825,1.6684550296319,3.22));
#3359=CARTESIAN_POINT('',(4.825,1.6684550296319,1.15));
#3360=CARTESIAN_POINT('',(4.825,1.66845502963189,38.214));
#3361=CARTESIAN_POINT('',(4.825,9.9,4.44089209850063E-16));
#3362=CARTESIAN_POINT('',(-4.825,8.05,-0.51));
#3363=CARTESIAN_POINT('',(-4.825,8.05,0.510000000000001));
#3364=CARTESIAN_POINT('',(-4.825,8.05,-0.51));
#3365=CARTESIAN_POINT('',(-4.825,79.695,0.510000000000001));
#3366=CARTESIAN_POINT('',(-4.82499999999999,1.66845502963186,0.509999999999995));
#3367=CARTESIAN_POINT('',(-4.825,1.66845502963189,38.214));
#3368=CARTESIAN_POINT('',(-4.825,1.6684550296319,1.15));
#3369=CARTESIAN_POINT('',(-4.825,1.6684550296319,3.22));
#3370=CARTESIAN_POINT('',(-4.825,1.6684550296319,3.22));
#3371=CARTESIAN_POINT('',(-4.825,1.66845502963189,38.214));
#3372=CARTESIAN_POINT('',(-4.825,1.66845502963189,3.86));
#3373=CARTESIAN_POINT('',(-4.825,9.9,3.85999999999999));
#3374=CARTESIAN_POINT('',(-4.825,9.9,3.85999999999999));
#3375=CARTESIAN_POINT('',(-4.825,9.9,3.85999999999999));
#3376=CARTESIAN_POINT('',(-4.825,9.9,-0.51));
#3377=CARTESIAN_POINT('',(-4.825,8.05,-0.51));
#3378=CARTESIAN_POINT('',(-4.825,9.9,3.85999999999999));
#3379=CARTESIAN_POINT('',(-4.825,1.6684550296319,3.22));
#3380=CARTESIAN_POINT('',(-3.425,0.,3.22));
#3381=CARTESIAN_POINT('',(-3.425,0.,38.214));
#3382=CARTESIAN_POINT('',(-3.425,0.,3.86));
#3383=CARTESIAN_POINT('',(-3.42499999999999,-1.14033639325656E-14,3.86));
#3384=CARTESIAN_POINT('',(-3.425,0.,38.214));
#3385=CARTESIAN_POINT('',(3.425,0.,38.214));
#3386=CARTESIAN_POINT('',(3.425,0.,3.86));
#3387=CARTESIAN_POINT('',(3.425,0.,3.22));
#3388=CARTESIAN_POINT('',(3.425,0.,3.22));
#3389=CARTESIAN_POINT('',(4.82500000000001,1.66845502963191,3.86));
#3390=CARTESIAN_POINT('',(4.825,1.66845502963189,38.214));
#3391=CARTESIAN_POINT('',(-2.77,0.,3.20000000000002));
#3392=CARTESIAN_POINT('',(-2.77,0.,3.20000000000002));
#3393=CARTESIAN_POINT('',(-2.77,0.,0.660000000000021));
#3394=CARTESIAN_POINT('',(-0.23,0.,3.20000000000002));
#3395=CARTESIAN_POINT('',(-0.23,0.,3.20000000000002));
#3396=CARTESIAN_POINT('',(-0.23,0.,0.660000000000021));
#3397=CARTESIAN_POINT('',(-0.230000000000001,0.,0.660000000000021));
#3398=CARTESIAN_POINT('',(-2.77,0.,0.660000000000021));
#3399=CARTESIAN_POINT('',(0.23,0.,3.20000000000002));
#3400=CARTESIAN_POINT('',(0.23,0.,3.20000000000002));
#3401=CARTESIAN_POINT('',(0.23,0.,1.31000000000002));
#3402=CARTESIAN_POINT('',(2.77,0.,3.20000000000002));
#3403=CARTESIAN_POINT('',(2.77,0.,3.20000000000002));
#3404=CARTESIAN_POINT('',(2.77,0.,0.660000000000019));
#3405=CARTESIAN_POINT('',(2.77,0.,0.660000000000019));
#3406=CARTESIAN_POINT('',(0.879999999999999,0.,0.660000000000019));
#3407=CARTESIAN_POINT('',(0.879999999999999,0.,0.660000000000019));
#3408=CARTESIAN_POINT('',(0.23,0.,1.31000000000002));
#3409=CARTESIAN_POINT('',(4.825,0.,3.86));
#3410=CARTESIAN_POINT('',(-3.425,2.16840434497101E-16,3.22));
#3411=CARTESIAN_POINT('',(-3.425,2.16840434497101E-16,1.15));
#3412=CARTESIAN_POINT('',(-3.425,0.,38.214));
#3413=CARTESIAN_POINT('',(3.425,0.,38.214));
#3414=CARTESIAN_POINT('',(3.425,0.,1.15));
#3415=CARTESIAN_POINT('',(3.425,0.,3.22));
#3416=CARTESIAN_POINT('',(0.,0.,0.));
#3417=CARTESIAN_POINT('',(4.825,9.9,3.86));
#3418=CARTESIAN_POINT('',(1.3,0.54,3.85999999999998));
#3419=CARTESIAN_POINT('',(1.3,0.54,3.85999999999998));
#3420=CARTESIAN_POINT('',(-1.3,0.54,3.85999999999998));
#3421=CARTESIAN_POINT('',(-1.3,0.54,3.85999999999998));
#3422=CARTESIAN_POINT('',(-1.3,2.95,3.85999999999998));
#3423=CARTESIAN_POINT('',(1.3,2.95,3.85999999999998));
#3424=CARTESIAN_POINT('',(1.3,2.95,3.85999999999998));
#3425=CARTESIAN_POINT('',(1.3,0.54,3.85999999999998));
#3426=CARTESIAN_POINT('',(4.825,9.9,3.86));
#3427=CARTESIAN_POINT('',(-1.18,9.9,0.));
#3428=CARTESIAN_POINT('',(-1.18,9.9,0.0700000000000013));
#3429=CARTESIAN_POINT('',(0.,9.9,0.0700000000000013));
#3430=CARTESIAN_POINT('',(-1.82,9.9,0.0700000000000013));
#3431=CARTESIAN_POINT('',(-1.82,9.9,0.));
#3432=CARTESIAN_POINT('',(-4.19,9.9,-0.51));
#3433=CARTESIAN_POINT('',(-4.19,9.9,-0.51));
#3434=CARTESIAN_POINT('',(-4.825,9.9,-0.51));
#3435=CARTESIAN_POINT('',(4.825,9.9,-0.51));
#3436=CARTESIAN_POINT('',(4.19,9.9,-0.51));
#3437=CARTESIAN_POINT('',(4.19,9.9,-0.51));
#3438=CARTESIAN_POINT('',(1.82,9.9,0.));
#3439=CARTESIAN_POINT('',(1.82,9.9,0.0700000000000013));
#3440=CARTESIAN_POINT('',(0.,9.9,0.0700000000000013));
#3441=CARTESIAN_POINT('',(1.18,9.9,0.0700000000000013));
#3442=CARTESIAN_POINT('',(1.18,9.9,0.));
#3443=CARTESIAN_POINT('',(0.,9.9,0.));
#3444=CARTESIAN_POINT('',(-1.3,2.2,5.05999999999998));
#3445=CARTESIAN_POINT('',(-1.3,2.2,5.05999999999998));
#3446=CARTESIAN_POINT('',(1.3,2.2,5.05999999999998));
#3447=CARTESIAN_POINT('',(1.3,2.2,5.05999999999998));
#3448=CARTESIAN_POINT('',(1.3,2.2,5.05999999999998));
#3449=CARTESIAN_POINT('',(1.3,2.2,5.05999999999998));
#3450=CARTESIAN_POINT('',(-1.3,2.95,3.85999999999999));
#3451=CARTESIAN_POINT('',(-1.3,2.95,5.05999999999998));
#3452=CARTESIAN_POINT('',(1.3,2.95,5.05999999999998));
#3453=CARTESIAN_POINT('',(1.3,2.95,5.05999999999998));
#3454=CARTESIAN_POINT('',(1.3,2.95,3.85999999999999));
#3455=CARTESIAN_POINT('',(1.3,2.95,3.85999999999999));
#3456=CARTESIAN_POINT('',(-1.3,2.95,5.05999999999998));
#3457=CARTESIAN_POINT('',(1.3,2.95,5.05999999999998));
#3458=CARTESIAN_POINT('',(1.3,2.95,5.05999999999998));
#3459=CARTESIAN_POINT('',(1.3,0.,0.));
#3460=CARTESIAN_POINT('',(-1.3,0.,0.));
#3461=CARTESIAN_POINT('',(-3.885,0.548206652593338,38.214));
#3462=CARTESIAN_POINT('',(-4.825,1.6684550296319,1.15));
#3463=CARTESIAN_POINT('',(-10.9882398241984,9.01351823214006,3.78705274411793));
#3464=CARTESIAN_POINT('',(-3.425,0.,38.214));
#3465=CARTESIAN_POINT('',(3.885,0.548206652593338,38.214));
#3466=CARTESIAN_POINT('',(12.2418091450826,10.5074639738697,4.45358737527352));
#3467=CARTESIAN_POINT('',(3.425,0.,1.15));
#3468=CARTESIAN_POINT('',(4.825,1.66845502963189,38.214));
#3469=CARTESIAN_POINT('',(3.425,1.6684550296319,1.15));
#3470=CARTESIAN_POINT('',(3.425,1.6684550296319,1.15));
#3471=CARTESIAN_POINT('',(3.425,1.6684550296319,3.22));
#3472=CARTESIAN_POINT('',(3.425,1.6684550296319,3.22));
#3473=CARTESIAN_POINT('',(3.425,1.6684550296319,3.22));
#3474=CARTESIAN_POINT('',(3.425,1.6684550296319,3.22));
#3475=CARTESIAN_POINT('',(4.825,1.6684550296319,1.15));
#3476=CARTESIAN_POINT('',(4.825,1.6684550296319,3.22));
#3477=CARTESIAN_POINT('',(4.825,1.6684550296319,3.22));
#3478=CARTESIAN_POINT('',(0.,0.,3.22));
#3479=CARTESIAN_POINT('',(0.,0.,1.15));
#3480=CARTESIAN_POINT('',(-3.425,0.,1.15));
#3481=CARTESIAN_POINT('',(-3.425,1.6684550296319,1.15));
#3482=CARTESIAN_POINT('',(-3.425,0.,3.22));
#3483=CARTESIAN_POINT('',(-3.425,1.6684550296319,3.22));
#3484=CARTESIAN_POINT('',(-3.425,1.6684550296319,3.22));
#3485=CARTESIAN_POINT('',(-3.425,0.,3.22));
#3486=CARTESIAN_POINT('',(-3.425,1.6684550296319,1.15));
#3487=CARTESIAN_POINT('',(-3.425,1.6684550296319,3.22));
#3488=CARTESIAN_POINT('',(-3.425,1.6684550296319,3.22));
#3489=CARTESIAN_POINT('',(0.,0.,3.22));
#3490=CARTESIAN_POINT('',(0.,0.,1.15));
#3491=CARTESIAN_POINT('',(3.89,9.6,-0.51));
#3492=CARTESIAN_POINT('',(3.89,9.6,-0.51));
#3493=CARTESIAN_POINT('',(3.89,9.6,-0.51));
#3494=CARTESIAN_POINT('',(3.89,8.05,-0.51));
#3495=CARTESIAN_POINT('',(3.89,8.05,-0.51));
#3496=CARTESIAN_POINT('',(3.89,9.6,-0.51));
#3497=CARTESIAN_POINT('',(4.825,8.05,0.510000000000001));
#3498=CARTESIAN_POINT('',(3.89,8.05,-0.51));
#3499=CARTESIAN_POINT('',(3.89,8.05,-0.51));
#3500=CARTESIAN_POINT('',(4.19,9.9,-0.51));
#3501=CARTESIAN_POINT('',(4.19,9.9,-0.51));
#3502=CARTESIAN_POINT('',(0.,0.,-0.51));
#3503=CARTESIAN_POINT('',(-3.89,9.6,-0.51));
#3504=CARTESIAN_POINT('',(-3.89,9.6,-0.51));
#3505=CARTESIAN_POINT('',(-4.19,9.9,-0.51));
#3506=CARTESIAN_POINT('',(-4.19,9.9,-0.51));
#3507=CARTESIAN_POINT('',(-3.89,8.05,-0.51));
#3508=CARTESIAN_POINT('',(-3.89,8.05,-0.51));
#3509=CARTESIAN_POINT('',(-3.89,9.6,-0.51));
#3510=CARTESIAN_POINT('',(-3.89,9.6,-0.51));
#3511=CARTESIAN_POINT('',(-4.11032394316839,8.05,0.130000000000001));
#3512=CARTESIAN_POINT('',(-3.89,8.05,-0.51));
#3513=CARTESIAN_POINT('',(-3.89,8.05,-0.51));
#3514=CARTESIAN_POINT('',(0.,0.,-0.51));
#3515=CARTESIAN_POINT('',(3.885,3.95,0.130000000000001));
#3516=CARTESIAN_POINT('',(3.885,79.695,0.130000000000001));
#3517=CARTESIAN_POINT('',(4.825,79.695,0.510000000000001));
#3518=CARTESIAN_POINT('',(-3.885,3.95,8.32667268468867E-16));
#3519=CARTESIAN_POINT('',(-3.885,79.695,8.32667268468867E-16));
#3520=CARTESIAN_POINT('',(-4.11032394316839,79.695,0.130000000000001));
#3521=CARTESIAN_POINT('',(0.23,6.6,1.31000000000002));
#3522=CARTESIAN_POINT('',(0.23,6.6,1.31000000000002));
#3523=CARTESIAN_POINT('',(0.23,6.6,3.20000000000002));
#3524=CARTESIAN_POINT('',(0.23,6.6,3.20000000000002));
#3525=CARTESIAN_POINT('',(0.23,6.6,3.20000000000002));
#3526=CARTESIAN_POINT('',(0.23,6.6,3.20000000000002));
#3527=CARTESIAN_POINT('',(0.879999999999999,6.6,0.660000000000019));
#3528=CARTESIAN_POINT('',(0.879999999999999,6.6,0.660000000000019));
#3529=CARTESIAN_POINT('',(0.23,6.6,1.31000000000002));
#3530=CARTESIAN_POINT('',(0.23,6.6,1.31000000000002));
#3531=CARTESIAN_POINT('',(2.77,6.6,0.660000000000019));
#3532=CARTESIAN_POINT('',(2.77,6.6,0.660000000000019));
#3533=CARTESIAN_POINT('',(0.879999999999999,6.6,0.660000000000019));
#3534=CARTESIAN_POINT('',(0.879999999999999,6.6,0.660000000000019));
#3535=CARTESIAN_POINT('',(2.77,6.6,3.20000000000002));
#3536=CARTESIAN_POINT('',(2.77,6.6,3.20000000000002));
#3537=CARTESIAN_POINT('',(2.77,6.6,0.660000000000019));
#3538=CARTESIAN_POINT('',(2.77,6.6,0.660000000000019));
#3539=CARTESIAN_POINT('',(2.77,6.6,3.20000000000002));
#3540=CARTESIAN_POINT('',(2.77,6.6,3.20000000000002));
#3541=CARTESIAN_POINT('',(1.82,6.6,0.));
#3542=CARTESIAN_POINT('',(1.82,6.6,1.54330383596304));
#3543=CARTESIAN_POINT('',(1.82,6.6,2.37669616403676));
#3544=CARTESIAN_POINT('',(1.82,6.6,1.54330383596304));
#3545=CARTESIAN_POINT('',(1.18,6.6,1.54330383596304));
#3546=CARTESIAN_POINT('',(1.18,6.6,0.));
#3547=CARTESIAN_POINT('',(1.18,6.6,2.37669616403676));
#3548=CARTESIAN_POINT('',(1.82,6.6,2.37669616403676));
#3549=CARTESIAN_POINT('',(0.,6.6,0.));
#3550=CARTESIAN_POINT('',(-2.77,6.6,0.660000000000021));
#3551=CARTESIAN_POINT('',(-2.77,6.6,0.660000000000021));
#3552=CARTESIAN_POINT('',(-2.77,6.6,3.20000000000002));
#3553=CARTESIAN_POINT('',(-2.77,6.6,3.20000000000002));
#3554=CARTESIAN_POINT('',(-2.77,6.6,3.20000000000002));
#3555=CARTESIAN_POINT('',(-2.77,6.6,3.20000000000002));
#3556=CARTESIAN_POINT('',(-0.230000000000001,6.6,0.660000000000021));
#3557=CARTESIAN_POINT('',(-0.230000000000001,6.6,0.660000000000021));
#3558=CARTESIAN_POINT('',(-2.77,6.6,0.660000000000021));
#3559=CARTESIAN_POINT('',(-2.77,6.6,0.660000000000021));
#3560=CARTESIAN_POINT('',(-0.23,6.6,3.20000000000002));
#3561=CARTESIAN_POINT('',(-0.23,6.6,3.20000000000002));
#3562=CARTESIAN_POINT('',(-0.23,6.6,0.660000000000021));
#3563=CARTESIAN_POINT('',(-0.23,6.6,0.660000000000021));
#3564=CARTESIAN_POINT('',(-0.23,6.6,3.20000000000002));
#3565=CARTESIAN_POINT('',(-0.23,6.6,3.20000000000002));
#3566=CARTESIAN_POINT('',(-1.18,6.6,0.));
#3567=CARTESIAN_POINT('',(-1.18,6.6,1.54330383596304));
#3568=CARTESIAN_POINT('',(-1.18,6.6,2.37669616403676));
#3569=CARTESIAN_POINT('',(-1.18,6.6,1.54330383596304));
#3570=CARTESIAN_POINT('',(-1.82,6.6,1.54330383596304));
#3571=CARTESIAN_POINT('',(-1.82,6.6,0.));
#3572=CARTESIAN_POINT('',(-1.82,6.6,2.37669616403676));
#3573=CARTESIAN_POINT('',(-1.18,6.6,2.37669616403676));
#3574=CARTESIAN_POINT('',(0.,6.6,0.));
#3575=CARTESIAN_POINT('',(-1.475,1.6,2.1094237467878E-15));
#3576=CARTESIAN_POINT('',(-1.475,1.6,-0.509999999999998));
#3577=CARTESIAN_POINT('',(-1.475,8.06,2.1094237467878E-15));
#3578=CARTESIAN_POINT('',(-1.475,8.06,-0.509999999999998));
#3579=CARTESIAN_POINT('',(-1.475,8.06,-0.509999999999998));
#3580=CARTESIAN_POINT('',(-1.475,8.06,2.1094237467878E-15));
#3581=CARTESIAN_POINT('',(-1.475,1.6,-0.509999999999998));
#3582=CARTESIAN_POINT('',(-0.475,1.6,-0.509999999999998));
#3583=CARTESIAN_POINT('',(-1.475,8.06,-0.509999999999998));
#3584=CARTESIAN_POINT('',(-0.475,8.06,-0.509999999999998));
#3585=CARTESIAN_POINT('',(-0.475,8.06,-0.509999999999998));
#3586=CARTESIAN_POINT('',(-1.475,8.06,-0.509999999999998));
#3587=CARTESIAN_POINT('',(-0.475,1.6,-0.509999999999998));
#3588=CARTESIAN_POINT('',(-0.475,8.06,-0.509999999999998));
#3589=CARTESIAN_POINT('',(-0.475,8.06,-0.509999999999998));
#3590=CARTESIAN_POINT('',(0.,8.06,0.));
#3591=CARTESIAN_POINT('',(0.,1.6,0.));
#3592=CARTESIAN_POINT('',(0.475,1.6,2.1094237467878E-15));
#3593=CARTESIAN_POINT('',(0.475,1.6,-0.509999999999998));
#3594=CARTESIAN_POINT('',(0.475,8.06,2.1094237467878E-15));
#3595=CARTESIAN_POINT('',(0.475,8.06,-0.509999999999998));
#3596=CARTESIAN_POINT('',(0.475,8.06,-0.509999999999998));
#3597=CARTESIAN_POINT('',(0.475,8.06,2.1094237467878E-15));
#3598=CARTESIAN_POINT('',(0.475,1.6,-0.509999999999998));
#3599=CARTESIAN_POINT('',(1.475,1.6,-0.509999999999998));
#3600=CARTESIAN_POINT('',(0.475,8.06,-0.509999999999998));
#3601=CARTESIAN_POINT('',(1.475,8.06,-0.509999999999998));
#3602=CARTESIAN_POINT('',(1.475,8.06,-0.509999999999998));
#3603=CARTESIAN_POINT('',(0.475,8.06,-0.509999999999998));
#3604=CARTESIAN_POINT('',(1.475,1.6,-0.509999999999998));
#3605=CARTESIAN_POINT('',(1.475,8.06,-0.509999999999998));
#3606=CARTESIAN_POINT('',(1.475,8.06,-0.509999999999998));
#3607=CARTESIAN_POINT('',(0.,8.06,0.));
#3608=CARTESIAN_POINT('',(0.,1.6,0.));
#3609=CARTESIAN_POINT('',(1.18,6.3930953484267,2.28000000000001));
#3610=CARTESIAN_POINT('',(1.18,6.3930953484267,2.28000000000001));
#3611=CARTESIAN_POINT('',(1.18,3.33,2.28000000000001));
#3612=CARTESIAN_POINT('',(1.82,3.33,2.28000000000001));
#3613=CARTESIAN_POINT('',(1.82,3.33,2.28000000000001));
#3614=CARTESIAN_POINT('',(1.82,6.3930953484267,2.28000000000001));
#3615=CARTESIAN_POINT('',(1.82,6.3930953484267,2.28000000000001));
#3616=CARTESIAN_POINT('',(1.82,6.3930953484267,2.28000000000001));
#3617=CARTESIAN_POINT('',(1.82,6.3930953484267,2.28000000000001));
#3618=CARTESIAN_POINT('',(1.6,2.49,2.28));
#3619=CARTESIAN_POINT('',(1.6,2.49,1.86));
#3620=CARTESIAN_POINT('',(1.6,2.49,2.06));
#3621=CARTESIAN_POINT('',(1.82,2.49,2.06));
#3622=CARTESIAN_POINT('',(1.4,2.49,2.06));
#3623=CARTESIAN_POINT('',(1.4,2.49,2.28));
#3624=CARTESIAN_POINT('',(1.4,2.49,1.86));
#3625=CARTESIAN_POINT('',(1.82,2.49,1.86));
#3626=CARTESIAN_POINT('',(1.82,2.49,2.28));
#3627=CARTESIAN_POINT('',(1.82,2.49,1.64));
#3628=CARTESIAN_POINT('',(1.82,3.33,1.64000000000001));
#3629=CARTESIAN_POINT('',(1.82,6.39309534842645,1.64000000000001));
#3630=CARTESIAN_POINT('',(1.82,3.33,1.64000000000001));
#3631=CARTESIAN_POINT('',(1.18,3.33,1.64000000000001));
#3632=CARTESIAN_POINT('',(1.18,2.49,1.64));
#3633=CARTESIAN_POINT('',(1.18,6.39309534842645,1.64000000000001));
#3634=CARTESIAN_POINT('',(1.82,6.39309534842645,1.64000000000001));
#3635=CARTESIAN_POINT('',(1.82,2.49,1.64));
#3636=CARTESIAN_POINT('',(1.82,3.33,1.64));
#3637=CARTESIAN_POINT('',(1.82,6.65,1.91999999999978));
#3638=CARTESIAN_POINT('',(1.82,6.65,2.00000000000001));
#3639=CARTESIAN_POINT('',(1.82,6.65,1.91999999999978));
#3640=CARTESIAN_POINT('',(1.18,3.33,1.91999999999978));
#3641=CARTESIAN_POINT('',(1.18,6.65,2.00000000000001));
#3642=CARTESIAN_POINT('',(1.18,6.65,1.91999999999978));
#3643=CARTESIAN_POINT('',(1.18,6.65,1.91999999999978));
#3644=CARTESIAN_POINT('',(1.82,6.65,2.00000000000001));
#3645=CARTESIAN_POINT('',(1.82,6.65,1.91999999999978));
#3646=CARTESIAN_POINT('',(1.18,10.38,0.0700000000000034));
#3647=CARTESIAN_POINT('',(1.18,10.38,0.0700000000000132));
#3648=CARTESIAN_POINT('',(1.82,10.38,0.0700000000000034));
#3649=CARTESIAN_POINT('',(1.82,10.38,0.0700000000000132));
#3650=CARTESIAN_POINT('',(1.82,10.38,0.0700000000000132));
#3651=CARTESIAN_POINT('',(1.82,10.38,0.0700000000000034));
#3652=CARTESIAN_POINT('',(1.82,9.58,0.310000000000012));
#3653=CARTESIAN_POINT('',(1.82,9.58000000000001,-0.569999999999989));
#3654=CARTESIAN_POINT('',(1.82,9.58000000000001,-0.570000000000001));
#3655=CARTESIAN_POINT('',(1.82,10.38,-0.569999999999996));
#3656=CARTESIAN_POINT('',(1.82,10.38,-0.249999999999992));
#3657=CARTESIAN_POINT('',(1.82,6.65,1.91999999999978));
#3658=CARTESIAN_POINT('',(1.18,10.38,-0.249999999999992));
#3659=CARTESIAN_POINT('',(1.18,10.38,-0.569999999999996));
#3660=CARTESIAN_POINT('',(1.18,9.58000000000001,-0.570000000000001));
#3661=CARTESIAN_POINT('',(1.18,9.58000000000001,-0.569999999999989));
#3662=CARTESIAN_POINT('',(1.18,9.58,0.310000000000012));
#3663=CARTESIAN_POINT('',(1.18,6.65,1.91999999999978));
#3664=CARTESIAN_POINT('',(1.82,9.58000000000001,-0.569999999999989));
#3665=CARTESIAN_POINT('',(1.82,9.58,0.310000000000012));
#3666=CARTESIAN_POINT('',(1.82,10.38,-0.569999999999996));
#3667=CARTESIAN_POINT('',(1.82,9.58000000000001,-0.570000000000001));
#3668=CARTESIAN_POINT('',(1.82,10.38,-0.249999999999992));
#3669=CARTESIAN_POINT('',(1.42533399800598,2.39327018943171,1.88533399800599));
#3670=CARTESIAN_POINT('',(1.82,3.33,1.64000000000001));
#3671=CARTESIAN_POINT('',(1.82,3.33,1.64000000000001));
#3672=CARTESIAN_POINT('',(1.79828514456629,3.24708873379855,2.25828514456629));
#3673=CARTESIAN_POINT('',(1.82,3.33,1.91999999999978));
#3674=CARTESIAN_POINT('',(1.38672981056829,2.54066799601196,2.07327018943171));
#3675=CARTESIAN_POINT('',(1.4,2.49,2.28));
#3676=CARTESIAN_POINT('',(1.82,2.49,2.06));
#3677=CARTESIAN_POINT('',(-1.82,6.3930953484267,2.28000000000001));
#3678=CARTESIAN_POINT('',(-1.82,6.3930953484267,2.28000000000001));
#3679=CARTESIAN_POINT('',(-1.82,3.33,2.28000000000001));
#3680=CARTESIAN_POINT('',(-1.18,3.33,2.28000000000001));
#3681=CARTESIAN_POINT('',(-1.18,3.33,2.28000000000001));
#3682=CARTESIAN_POINT('',(-1.18,6.3930953484267,2.28000000000001));
#3683=CARTESIAN_POINT('',(-1.18,6.3930953484267,2.28000000000001));
#3684=CARTESIAN_POINT('',(-1.18,6.3930953484267,2.28000000000001));
#3685=CARTESIAN_POINT('',(-1.18,6.3930953484267,2.28000000000001));
#3686=CARTESIAN_POINT('',(-1.4,2.49,2.28));
#3687=CARTESIAN_POINT('',(-1.4,2.49,1.86));
#3688=CARTESIAN_POINT('',(-1.4,2.49,2.06));
#3689=CARTESIAN_POINT('',(-1.18,2.49,2.06));
#3690=CARTESIAN_POINT('',(-1.6,2.49,2.06));
#3691=CARTESIAN_POINT('',(-1.6,2.49,2.28));
#3692=CARTESIAN_POINT('',(-1.6,2.49,1.86));
#3693=CARTESIAN_POINT('',(-1.18,2.49,1.86));
#3694=CARTESIAN_POINT('',(-1.18,2.49,2.28));
#3695=CARTESIAN_POINT('',(-1.18,2.49,1.64));
#3696=CARTESIAN_POINT('',(-1.18,3.33,1.64000000000001));
#3697=CARTESIAN_POINT('',(-1.18,6.39309534842645,1.64000000000001));
#3698=CARTESIAN_POINT('',(-1.18,3.33,1.64000000000001));
#3699=CARTESIAN_POINT('',(-1.82,3.33,1.64000000000001));
#3700=CARTESIAN_POINT('',(-1.82,2.49,1.64));
#3701=CARTESIAN_POINT('',(-1.82,6.39309534842645,1.64000000000001));
#3702=CARTESIAN_POINT('',(-1.18,6.39309534842645,1.64000000000001));
#3703=CARTESIAN_POINT('',(-1.18,2.49,1.64));
#3704=CARTESIAN_POINT('',(-1.18,3.33,1.64));
#3705=CARTESIAN_POINT('',(-1.18,6.65,1.91999999999978));
#3706=CARTESIAN_POINT('',(-1.18,6.65,2.00000000000001));
#3707=CARTESIAN_POINT('',(-1.18,6.65,1.91999999999978));
#3708=CARTESIAN_POINT('',(-1.82,3.33,1.91999999999978));
#3709=CARTESIAN_POINT('',(-1.82,6.65,2.00000000000001));
#3710=CARTESIAN_POINT('',(-1.82,6.65,1.91999999999978));
#3711=CARTESIAN_POINT('',(-1.82,6.65,1.91999999999978));
#3712=CARTESIAN_POINT('',(-1.18,6.65,2.00000000000001));
#3713=CARTESIAN_POINT('',(-1.18,6.65,1.91999999999978));
#3714=CARTESIAN_POINT('',(-1.82,10.38,0.0700000000000034));
#3715=CARTESIAN_POINT('',(-1.82,10.38,0.0700000000000132));
#3716=CARTESIAN_POINT('',(-1.18,10.38,0.0700000000000034));
#3717=CARTESIAN_POINT('',(-1.18,10.38,0.0700000000000132));
#3718=CARTESIAN_POINT('',(-1.18,10.38,0.0700000000000132));
#3719=CARTESIAN_POINT('',(-1.18,10.38,0.0700000000000034));
#3720=CARTESIAN_POINT('',(-1.18,9.58,0.310000000000012));
#3721=CARTESIAN_POINT('',(-1.18,9.58000000000001,-0.569999999999989));
#3722=CARTESIAN_POINT('',(-1.18,9.58000000000001,-0.570000000000001));
#3723=CARTESIAN_POINT('',(-1.18,10.38,-0.569999999999996));
#3724=CARTESIAN_POINT('',(-1.18,10.38,-0.249999999999992));
#3725=CARTESIAN_POINT('',(-1.18,6.65,1.91999999999978));
#3726=CARTESIAN_POINT('',(-1.82,10.38,-0.249999999999992));
#3727=CARTESIAN_POINT('',(-1.82,10.38,-0.569999999999996));
#3728=CARTESIAN_POINT('',(-1.82,9.58000000000001,-0.570000000000001));
#3729=CARTESIAN_POINT('',(-1.82,9.58000000000001,-0.569999999999989));
#3730=CARTESIAN_POINT('',(-1.82,9.58,0.310000000000012));
#3731=CARTESIAN_POINT('',(-1.82,6.65,1.91999999999978));
#3732=CARTESIAN_POINT('',(-1.18,9.58000000000001,-0.569999999999989));
#3733=CARTESIAN_POINT('',(-1.18,9.58,0.310000000000012));
#3734=CARTESIAN_POINT('',(-1.18,10.38,-0.569999999999996));
#3735=CARTESIAN_POINT('',(-1.18,9.58000000000001,-0.570000000000001));
#3736=CARTESIAN_POINT('',(-1.18,10.38,-0.249999999999992));
#3737=CARTESIAN_POINT('',(-1.57466600199402,2.39327018943171,1.88533399800599));
#3738=CARTESIAN_POINT('',(-1.18,3.33,1.64000000000001));
#3739=CARTESIAN_POINT('',(-1.18,3.33,1.64000000000001));
#3740=CARTESIAN_POINT('',(-1.20171485543371,3.24708873379855,2.25828514456629));
#3741=CARTESIAN_POINT('',(-1.18,3.33,1.91999999999978));
#3742=CARTESIAN_POINT('',(-1.61327018943171,2.54066799601196,2.07327018943171));
#3743=CARTESIAN_POINT('',(-1.6,2.49,2.28));
#3744=CARTESIAN_POINT('',(-1.18,2.49,2.06));
#3745=CARTESIAN_POINT('',(-4.095,7.79,0.272799999999995));
#3746=CARTESIAN_POINT('',(-4.095,7.79,0.0727999999999956));
#3747=CARTESIAN_POINT('',(-4.095,7.79,0.0727999999999956));
#3748=CARTESIAN_POINT('',(-4.095,7.15,0.0727999999999956));
#3749=CARTESIAN_POINT('',(-4.095,7.15,0.272799999999995));
#3750=CARTESIAN_POINT('',(-4.095,7.79,0.272799999999995));
#3751=CARTESIAN_POINT('',(-4.775,7.15,0.0727999999999929));
#3752=CARTESIAN_POINT('',(-4.775,7.15,0.0727999999999929));
#3753=CARTESIAN_POINT('',(-4.775,7.15,-0.377200000000009));
#3754=CARTESIAN_POINT('',(-4.775,7.79,0.0727999999999929));
#3755=CARTESIAN_POINT('',(-4.775,7.79,0.0727999999999929));
#3756=CARTESIAN_POINT('',(-4.775,7.79,0.0727999999999929));
#3757=CARTESIAN_POINT('',(-4.775,7.79,-0.377200000000009));
#3758=CARTESIAN_POINT('',(-4.775,7.79,-0.377200000000009));
#3759=CARTESIAN_POINT('',(-4.775,7.79,0.0727999999999929));
#3760=CARTESIAN_POINT('',(-4.775,7.15,-0.377200000000009));
#3761=CARTESIAN_POINT('',(-4.095,7.15,-0.377200000000004));
#3762=CARTESIAN_POINT('',(-4.775,7.79,-0.377200000000009));
#3763=CARTESIAN_POINT('',(-4.095,7.79,-0.377200000000004));
#3764=CARTESIAN_POINT('',(-4.095,7.79,-0.377200000000004));
#3765=CARTESIAN_POINT('',(-4.775,7.79,-0.377200000000009));
#3766=CARTESIAN_POINT('',(-4.095,7.79,0.272799999999995));
#3767=CARTESIAN_POINT('',(-4.095,7.15,0.272799999999995));
#3768=CARTESIAN_POINT('',(-4.095,7.79,0.272799999999995));
#3769=CARTESIAN_POINT('',(-4.095,7.15,0.0727999999999954));
#3770=CARTESIAN_POINT('',(-4.095,7.79,0.0727999999999954));
#3771=CARTESIAN_POINT('',(-4.095,7.79,0.0727999999999954));
#3772=CARTESIAN_POINT('',(-4.095,7.79,0.272799999999995));
#3773=CARTESIAN_POINT('',(-4.095,7.15,0.272799999999995));
#3774=CARTESIAN_POINT('',(4.095,7.15,0.272799999999995));
#3775=CARTESIAN_POINT('',(4.095,7.15,0.0727999999999954));
#3776=CARTESIAN_POINT('',(4.095,7.79,0.0727999999999954));
#3777=CARTESIAN_POINT('',(4.095,7.79,0.0727999999999954));
#3778=CARTESIAN_POINT('',(4.095,7.79,0.272799999999995));
#3779=CARTESIAN_POINT('',(4.095,7.79,0.272799999999995));
#3780=CARTESIAN_POINT('',(4.095,7.15,0.272799999999994));
#3781=CARTESIAN_POINT('',(4.095,7.15,-0.377200000000004));
#3782=CARTESIAN_POINT('',(4.095,7.79,0.272799999999994));
#3783=CARTESIAN_POINT('',(4.095,7.79,-0.377200000000004));
#3784=CARTESIAN_POINT('',(4.095,7.79,-0.377200000000004));
#3785=CARTESIAN_POINT('',(4.095,7.79,0.272799999999994));
#3786=CARTESIAN_POINT('',(4.095,7.15,-0.377200000000004));
#3787=CARTESIAN_POINT('',(4.775,7.15,-0.377200000000005));
#3788=CARTESIAN_POINT('',(4.095,7.79,-0.377200000000004));
#3789=CARTESIAN_POINT('',(4.775,7.79,-0.377200000000005));
#3790=CARTESIAN_POINT('',(4.775,7.79,-0.377200000000005));
#3791=CARTESIAN_POINT('',(4.095,7.79,-0.377200000000004));
#3792=CARTESIAN_POINT('',(4.775,7.15,-0.377200000000005));
#3793=CARTESIAN_POINT('',(4.775,7.15,0.0727999999999929));
#3794=CARTESIAN_POINT('',(4.775,7.79,-0.377200000000005));
#3795=CARTESIAN_POINT('',(4.775,7.79,0.0727999999999929));
#3796=CARTESIAN_POINT('',(4.775,7.79,0.0727999999999929));
#3797=CARTESIAN_POINT('',(4.775,7.79,-0.377200000000005));
#3798=CARTESIAN_POINT('',(4.775,7.15,0.0727999999999954));
#3799=CARTESIAN_POINT('',(4.775,7.79,0.0727999999999954));
#3800=CARTESIAN_POINT('',(4.775,7.79,0.0727999999999954));
#3801=CARTESIAN_POINT('',(4.095,7.79,0.272799999999994));
#3802=CARTESIAN_POINT('',(4.095,7.15,0.272799999999994));
#3803=CARTESIAN_POINT('',(-4.075,5.25,1.39));
#3804=CARTESIAN_POINT('',(-4.075,5.25,0.0471999999999998));
#3805=CARTESIAN_POINT('',(-4.075,5.25,0.0471999999999998));
#3806=CARTESIAN_POINT('',(-4.075,3.95,0.0471999999999998));
#3807=CARTESIAN_POINT('',(-4.075,3.95,1.39));
#3808=CARTESIAN_POINT('',(-4.075,5.25,1.39));
#3809=CARTESIAN_POINT('',(-6.825,3.95,-0.16));
#3810=CARTESIAN_POINT('',(-6.825,3.95,-0.16));
#3811=CARTESIAN_POINT('',(-6.825,3.95,-0.61));
#3812=CARTESIAN_POINT('',(-6.825,5.25,-0.16));
#3813=CARTESIAN_POINT('',(-6.825,5.25,-0.16));
#3814=CARTESIAN_POINT('',(-6.825,5.25,-0.16));
#3815=CARTESIAN_POINT('',(-6.825,5.25,-0.61));
#3816=CARTESIAN_POINT('',(-6.825,5.25,-0.61));
#3817=CARTESIAN_POINT('',(-6.825,5.25,-0.16));
#3818=CARTESIAN_POINT('',(-6.825,3.95,-0.61));
#3819=CARTESIAN_POINT('',(-4.2822,3.95,-0.61));
#3820=CARTESIAN_POINT('',(-6.825,5.25,-0.61));
#3821=CARTESIAN_POINT('',(-4.2822,5.25,-0.61));
#3822=CARTESIAN_POINT('',(-4.2822,5.25,-0.61));
#3823=CARTESIAN_POINT('',(-6.825,5.25,-0.61));
#3824=CARTESIAN_POINT('',(-4.2822,5.25,0.0471999999999998));
#3825=CARTESIAN_POINT('',(-4.2822,3.95,0.0471999999999998));
#3826=CARTESIAN_POINT('',(-4.2822,5.25,0.0471999999999998));
#3827=CARTESIAN_POINT('',(-4.2822,3.95,0.0471999999999998));
#3828=CARTESIAN_POINT('',(-4.2822,3.95,-0.16));
#3829=CARTESIAN_POINT('',(-4.2822,5.25,0.0471999999999998));
#3830=CARTESIAN_POINT('',(-4.2822,5.25,-0.16));
#3831=CARTESIAN_POINT('',(-4.2822,5.25,-0.16));
#3832=CARTESIAN_POINT('',(-4.2822,5.25,0.0471999999999998));
#3833=CARTESIAN_POINT('',(-4.2822,3.95,-0.16));
#3834=CARTESIAN_POINT('',(-4.2822,5.25,-0.16));
#3835=CARTESIAN_POINT('',(-4.2822,5.25,-0.16));
#3836=CARTESIAN_POINT('',(-4.2822,5.25,0.0471999999999998));
#3837=CARTESIAN_POINT('',(-4.2822,3.95,0.0471999999999998));
#3838=CARTESIAN_POINT('',(4.075,3.95,0.0471999999999999));
#3839=CARTESIAN_POINT('',(4.075,3.95,0.0471999999999999));
#3840=CARTESIAN_POINT('',(4.075,5.25,0.0471999999999999));
#3841=CARTESIAN_POINT('',(4.075,5.25,0.0471999999999999));
#3842=CARTESIAN_POINT('',(4.075,5.25,0.0471999999999999));
#3843=CARTESIAN_POINT('',(4.075,5.25,0.0471999999999999));
#3844=CARTESIAN_POINT('',(4.2822,3.95,0.0471999999999998));
#3845=CARTESIAN_POINT('',(4.2822,3.95,-0.61));
#3846=CARTESIAN_POINT('',(4.2822,5.25,0.0471999999999998));
#3847=CARTESIAN_POINT('',(4.2822,5.25,-0.61));
#3848=CARTESIAN_POINT('',(4.2822,5.25,-0.61));
#3849=CARTESIAN_POINT('',(4.2822,5.25,0.0471999999999998));
#3850=CARTESIAN_POINT('',(4.2822,3.95,-0.61));
#3851=CARTESIAN_POINT('',(6.825,3.95,-0.61));
#3852=CARTESIAN_POINT('',(4.2822,5.25,-0.61));
#3853=CARTESIAN_POINT('',(6.825,5.25,-0.61));
#3854=CARTESIAN_POINT('',(6.825,5.25,-0.61));
#3855=CARTESIAN_POINT('',(4.2822,5.25,-0.61));
#3856=CARTESIAN_POINT('',(6.825,3.95,-0.61));
#3857=CARTESIAN_POINT('',(6.825,3.95,-0.16));
#3858=CARTESIAN_POINT('',(6.825,5.25,-0.61));
#3859=CARTESIAN_POINT('',(6.825,5.25,-0.16));
#3860=CARTESIAN_POINT('',(6.825,5.25,-0.16));
#3861=CARTESIAN_POINT('',(6.825,5.25,-0.61));
#3862=CARTESIAN_POINT('',(6.825,3.95,-0.16));
#3863=CARTESIAN_POINT('',(4.2822,3.95,-0.16));
#3864=CARTESIAN_POINT('',(6.825,5.25,-0.16));
#3865=CARTESIAN_POINT('',(4.2822,5.25,-0.16));
#3866=CARTESIAN_POINT('',(4.2822,5.25,-0.16));
#3867=CARTESIAN_POINT('',(6.825,5.25,-0.16));
#3868=CARTESIAN_POINT('',(4.2822,3.95,0.0471999999999998));
#3869=CARTESIAN_POINT('',(4.2822,5.25,0.0471999999999998));
#3870=CARTESIAN_POINT('',(4.2822,5.25,0.0471999999999998));
#3871=CARTESIAN_POINT('',(4.2822,5.25,0.0471999999999998));
#3872=CARTESIAN_POINT('',(4.2822,3.95,0.0471999999999998));
#3873=MECHANICAL_DESIGN_GEOMETRIC_PRESENTATION_REPRESENTATION('',(#24),
#3874);
#3874=(
GEOMETRIC_REPRESENTATION_CONTEXT(3)
GLOBAL_UNCERTAINTY_ASSIGNED_CONTEXT((#3875))
GLOBAL_UNIT_ASSIGNED_CONTEXT((#3881,#3877,#3876))
REPRESENTATION_CONTEXT('436500213wbm000_02_214',
'TOP_LEVEL_ASSEMBLY_PART')
);
#3875=UNCERTAINTY_MEASURE_WITH_UNIT(LENGTH_MEASURE(2.E-5),#3881,
'DISTANCE_ACCURACY_VALUE','Maximum Tolerance applied to model');
#3876=(
NAMED_UNIT(*)
SI_UNIT($,.STERADIAN.)
SOLID_ANGLE_UNIT()
);
#3877=(
CONVERSION_BASED_UNIT('DEGREE',#3879)
NAMED_UNIT(#3878)
PLANE_ANGLE_UNIT()
);
#3878=DIMENSIONAL_EXPONENTS(0.,0.,0.,0.,0.,0.,0.);
#3879=PLANE_ANGLE_MEASURE_WITH_UNIT(PLANE_ANGLE_MEASURE(0.0174532925),#3880);
#3880=(
NAMED_UNIT(*)
PLANE_ANGLE_UNIT()
SI_UNIT($,.RADIAN.)
);
#3881=(
LENGTH_UNIT()
NAMED_UNIT(*)
SI_UNIT(.MILLI.,.METRE.)
);
ENDSEC;
END-ISO-10303-21;
